{
  "-10": {
    "A": -3.3504972470841334,
    "C": -5.672425341971495,
    "D": -4.672425341971495,
    "E": -2.8650704199138914,
    "F": "-inf",
    "G": -4.087462841250339,
    "H": -4.672425341971495,
    "I": -4.672425341971495,
    "K": -5.672425341971495,
    "L": -5.672425341971495,
    "M": -5.672425341971495,
    "N": -5.672425341971495,
    "P": -4.087462841250339,
    "Q": -3.0874628412503395,
    "R": -5.672425341971495,
    "S": -3.3504972470841334,
    "T": -3.6724253419714956,
    "V": "-inf",
    "W": -5.672425341971495,
    "Y": -3.3504972470841334
  },
  "-9": {
    "A": -3.0874628412503395,
    "C": "-inf",
    "D": "-inf",
    "E": -4.087462841250339,
    "F": -4.672425341971495,
    "G": -3.6724253419714956,
    "H": "-inf",
    "I": -5.672425341971495,
    "K": -4.672425341971495,
    "L": -3.0874628412503395,
    "M": "-inf",
    "N": -5.672425341971495,
    "P": -3.3504972470841334,
    "Q": -5.672425341971495,
    "R": -5.672425341971495,
    "S": -2.6724253419714956,
    "T": -3.0874628412503395,
    "V": -3.3504972470841334,
    "W": "-inf",
    "Y": "-inf"
  },
  "-8": {
    "A": -2.502500340529183,
    "C": -5.672425341971495,
    "D": -4.672425341971495,
    "E": -3.6724253419714956,
    "F": "-inf",
    "G": -4.087462841250339,
    "H": -5.672425341971495,
    "I": -5.672425341971495,
    "K": "-inf",
    "L": -3.3504972470841334,
    "M": -5.672425341971495,
    "N": -5.672425341971495,
    "P": -2.8650704199138914,
    "Q": -4.087462841250339,
    "R": -5.672425341971495,
    "S": -2.6724253419714956,
    "T": -4.087462841250339,
    "V": "-inf",
    "W": "-inf",
    "Y": -5.672425341971495
  },
  "-7": {
    "A": -1.765534746362977,
    "C": -5.672425341971495,
    "D": -5.672425341971495,
    "E": -5.672425341971495,
    "F": "-inf",
    "G": -3.3504972470841334,
    "H": "-inf",
    "I": "-inf",
    "K": -5.672425341971495,
    "L": -4.672425341971495,
    "M": "-inf",
    "N": -5.672425341971495,
    "P": -2.6724253419714956,
    "Q": -5.672425341971495,
    "R": -4.087462841250339,
    "S": -3.0874628412503395,
    "T": -4.087462841250339,
    "V": -4.672425341971495,
    "W": "-inf",
    "Y": -5.672425341971495
  },
  "-6": {
    "A": -4.087462841250339,
    "C": -5.672425341971495,
    "D": "-inf",
    "E": -4.672425341971495,
    "F": -5.672425341971495,
    "G": -4.672425341971495,
    "H": "-inf",
    "I": -5.672425341971495,
    "K": -5.672425341971495,
    "L": -3.6724253419714956,
    "M": -5.672425341971495,
    "N": "-inf",
    "P": -1.6724253419714956,
    "Q": -3.6724253419714956,
    "R": -4.087462841250339,
    "S": -3.3504972470841334,
    "T": -3.3504972470841334,
    "V": "-inf",
    "W": "-inf",
    "Y": -4.672425341971495
  },
  "-5": {
    "A": -1.6724253419714956,
    "C": -4.672425341971495,
    "D": -4.672425341971495,
    "E": -5.672425341971495,
    "F": "-inf",
    "G": -3.6724253419714956,
    "H": -5.672425341971495,
    "I": -5.672425341971495,
    "K": -5.672425341971495,
    "L": -4.672425341971495,
    "M": "-inf",
    "N": -5.672425341971495,
    "P": -3.0874628412503395,
    "Q": -4.672425341971495,
    "R": -5.672425341971495,
    "S": -3.6724253419714956,
    "T": -3.6724253419714956,
    "V": -5.672425341971495,
    "W": "-inf",
    "Y": -4.672425341971495
  },
  "-4": {
    "A": -3.6724253419714956,
    "C": "-inf",
    "D": -4.672425341971495,
    "E": -5.672425341971495,
    "F": "-inf",
    "G": -4.087462841250339,
    "H": "-inf",
    "I": "-inf",
    "K": -5.672425341971495,
    "L": -4.087462841250339,
    "M": "-inf",
    "N": -3.6724253419714956,
    "P": -1.42449782852791,
    "Q": -5.672425341971495,
    "R": -4.672425341971495,
    "S": -3.6724253419714956,
    "T": -3.0874628412503395,
    "V": "-inf",
    "W": "-inf",
    "Y": -5.672425341971495
  },
  "-3": {
    "A": -3.0874628412503395,
    "C": "-inf",
    "D": "-inf",
    "E": -4.672425341971495,
    "F": "-inf",
    "G": -2.6724253419714956,
    "H": "-inf",
    "I": -4.672425341971495,
    "K": -5.672425341971495,
    "L": -4.087462841250339,
    "M": "-inf",
    "N": -5.672425341971495,
    "P": -2.6724253419714956,
    "Q": -4.087462841250339,
    "R": "-inf",
    "S": -2.3504972470841334,
    "T": -4.672425341971495,
    "V": -3.6724253419714956,
    "W": "-inf",
    "Y": -5.672425341971495
  },
  "-2": {
    "A": -3.3504972470841334,
    "C": "-inf",
    "D": -5.672425341971495,
    "E": "-inf",
    "F": "-inf",
    "G": -3.3504972470841334,
    "H": -5.672425341971495,
    "I": -5.672425341971495,
    "K": -3.3504972470841334,
    "L": -4.672425341971495,
    "M": -5.672425341971495,
    "N": -5.672425341971495,
    "P": -2.0874628412503395,
    "Q": -5.672425341971495,
    "R": -5.672425341971495,
    "S": -2.6724253419714956,
    "T": -3.6724253419714956,
    "V": -4.672425341971495,
    "W": "-inf",
    "Y": -5.672425341971495
  },
  "-1": {
    "A": -3.6724253419714956,
    "C": -5.672425341971495,
    "D": -5.672425341971495,
    "E": -5.672425341971495,
    "F": -4.087462841250339,
    "G": -5.672425341971495,
    "H": -4.087462841250339,
    "I": -4.672425341971495,
    "K": -4.672425341971495,
    "L": "-inf",
    "M": -4.672425341971495,
    "N": -4.087462841250339,
    "P": -4.087462841250339,
    "Q": -5.672425341971495,
    "R": -2.8650704199138914,
    "S": -3.6724253419714956,
    "T": -2.0874628412503395,
    "V": "-inf",
    "W": "-inf",
    "Y": -5.672425341971495
  },
  "0": {
    "A": "-inf",
    "C": "-inf",
    "D": "-inf",
    "E": "-inf",
    "F": "-inf",
    "G": "-inf",
    "H": "-inf",
    "I": "-inf",
    "K": "-inf",
    "L": "-inf",
    "M": "-inf",
    "N": "-inf",
    "P": "-inf",
    "Q": "-inf",
    "R": "-inf",
    "S": 0.0,
    "T": "-inf",
    "V": "-inf",
    "W": "-inf",
    "Y": "-inf"
  },
  "+1": {
    "A": -2.3504972470841334,
    "C": "-inf",
    "D": -2.3504972470841334,
    "E": "-inf",
    "F": "-inf",
    "G": -2.0874628412503395,
    "H": "-inf",
    "I": "-inf",
    "K": "-inf",
    "L": "-inf",
    "M": "-inf",
    "N": "-inf",
    "P": "-inf",
    "Q": "-inf",
    "R": "-inf",
    "S": -1.765534746362977,
    "T": -4.672425341971495,
    "V": -5.672425341971495,
    "W": -5.672425341971495,
    "Y": "-inf"
  },
  "+2": {
    "A": -1.0874628412503395,
    "C": -5.672425341971495,
    "D": "-inf",
    "E": "-inf",
    "F": "-inf",
    "G": -1.8650704199138914,
    "H": "-inf",
    "I": "-inf",
    "K": "-inf",
    "L": "-inf",
    "M": "-inf",
    "N": "-inf",
    "P": "-inf",
    "Q": -5.672425341971495,
    "R": -5.672425341971495,
    "S": -2.6724253419714956,
    "T": -4.672425341971495,
    "V": "-inf",
    "W": "-inf",
    "Y": "-inf"
  },
  "+3": {
    "A": -4.672425341971495,
    "C": -5.672425341971495,
    "D": "-inf",
    "E": -5.672425341971495,
    "F": -4.087462841250339,
    "G": -5.672425341971495,
    "H": -5.672425341971495,
    "I": -4.087462841250339,
    "K": -5.672425341971495,
    "L": -5.672425341971495,
    "M": "-inf",
    "N": -4.672425341971495,
    "P": -4.672425341971495,
    "Q": "-inf",
    "R": -4.672425341971495,
    "S": -1.9719856238304034,
    "T": -2.2129937233341983,
    "V": -3.6724253419714956,
    "W": -5.672425341971495,
    "Y": -4.672425341971495
  },
  "+4": {
    "A": -4.087462841250339,
    "C": -4.672425341971495,
    "D": "-inf",
    "E": "-inf",
    "F": "-inf",
    "G": -4.087462841250339,
    "H": -4.087462841250339,
    "I": "-inf",
    "K": -3.3504972470841334,
    "L": -4.672425341971495,
    "M": -4.087462841250339,
    "N": -5.672425341971495,
    "P": -4.672425341971495,
    "Q": "-inf",
    "R": -3.0874628412503395,
    "S": -1.8650704199138914,
    "T": -3.6724253419714956,
    "V": -5.672425341971495,
    "W": -5.672425341971495,
    "Y": -5.672425341971495
  },
  "+5": {
    "A": -3.3504972470841334,
    "C": -4.672425341971495,
    "D": "-inf",
    "E": "-inf",
    "F": -3.0874628412503395,
    "G": -5.672425341971495,
    "H": -5.672425341971495,
    "I": -2.2129937233341983,