{
  "-10": {
    "A": 0.25,
    "C": 0.0,
    "D": 0.0,
    "E": 0.0,
    "F": 0.078125,
    "G": 0.078125,
    "H": 0.0,
    "I": 0.09375,
    "K": 0.0,
    "L": 0.203125,
    "M": 0.046875,
    "N": 0.0,
    "P": 0.03125,
    "Q": 0.0,
    "R": 0.0,
    "S": 0.0625,
    "T": 0.03125,
    "V": 0.125,
    "W": 0.0,
    "Y": 0.0
  },
  "-9": {
    "A": 0.21875,
    "C": 0.015625,
    "D": 0.0,
    "E": 0.0,
    "F": 0.046875,
    "G": 0.046875,
    "H": 0.0,
    "I": 0.046875,
    "K": 0.0,
    "L": 0.265625,
    "M": 0.03125,
    "N": 0.0,
    "P": 0.046875,
    "Q": 0.0,
    "R": 0.0,
    "S": 0.09375,
    "T": 0.046875,
    "V": 0.140625,
    "W": 0.0,
    "Y": 0.0
  },
  "-8": {
    "A": 0.140625,
    "C": 0.046875,
    "D": 0.0,
    "E": 0.0,
    "F": 0.0625,
    "G": 0.046875,
    "H": 0.0,
    "I": 0.109375,
    "K": 0.0,
    "L": 0.34375,
    "M": 0.03125,
    "N": 0.0,
    "P": 0.015625,
    "Q": 0.0,
    "R": 0.0,
    "S": 0.0625,
    "T": 0.03125,
    "V": 0.109375,
    "W": 0.0,
    "Y": 0.0
  },
  "-7": {
    "A": 0.265625,
    "C": 0.03125,
    "D": 0.0,
    "E": 0.0,
    "F": 0.0625,
    "G": 0.078125,
    "H": 0.0,
    "I": 0.0,
    "K": 0.0,
    "L": 0.25,
    "M": 0.03125,
    "N": 0.0,
    "P": 0.015625,
    "Q": 0.0,
    "R": 0.0,
    "S": 0.109375,
    "T": 0.03125,
    "V": 0.109375,
    "W": 0.0,
    "Y": 0.015625
  },
  "-6": {
    "A": 0.3125,
    "C": 0.015625,
    "D": 0.0,
    "E": 0.0,
    "F": 0.015625,
    "G": 0.03125,
    "H": 0.0,
    "I": 0.09375,
    "K": 0.0,
    "L": 0.109375,
    "M": 0.0,
    "N": 0.0,
    "P": 0.015625,
    "Q": 0.015625,
    "R": 0.0,
    "S": 0.109375,
    "T": 0.078125,
    "V": 0.1875,
    "W": 0.015625,
    "Y": 0.0
  },
  "-5": {
    "A": 0.09375,
    "C": 0.046875,
    "D": 0.0,
    "E": 0.0,
    "F": 0.09375,
    "G": 0.078125,
    "H": 0.0,
    "I": 0.03125,
    "K": 0.0,
    "L": 0.34375,
    "M": 0.078125,
    "N": 0.0,
    "P": 0.03125,
    "Q": 0.0,
    "R": 0.0,
    "S": 0.03125,
    "T": 0.09375,
    "V": 0.078125,
    "W": 0.0,
    "Y": 0.0
  },
  "-4": {
    "A": 0.171875,
    "C": 0.0,
    "D": 0.0,
    "E": 0.015625,
    "F": 0.0625,
    "G": 0.0625,
    "H": 0.0,
    "I": 0.015625,
    "K": 0.0,
    "L": 0.234375,
    "M": 0.0625,
    "N": 0.0,
    "P": 0.03125,
    "Q": 0.0,
    "R": 0.0,
    "S": 0.09375,
    "T": 0.09375,
    "V": 0.125,
    "W": 0.03125,
    "Y": 0.0
  },
  "-3": {
    "A": 0.046875,
    "C": 0.015625,
    "D": 0.0,
    "E": 0.0,
    "F": 0.0625,
    "G": 0.03125,
    "H": 0.0,
    "I": 0.0625,
    "K": 0.0,
    "L": 0.640625,
    "M": 0.015625,
    "N": 0.0,
    "P": 0.0,
    "Q": 0.0,
    "R": 0.0,
    "S": 0.0,
    "T": 0.03125,
    "V": 0.09375,
    "W": 0.0,
    "Y": 0.0
  },
  "-2": {
    "A": 0.375,
    "C": 0.0,
    "D": 0.0,
    "E": 0.0,
    "F": 0.046875,
    "G": 0.03125,
    "H": 0.015625,
    "I": 0.078125,
    "K": 0.0,
    "L": 0.03125,
    "M": 0.015625,
    "N": 0.0,
    "P": 0.0,
    "Q": 0.0,
    "R": 0.0,
    "S": 0.15625,
    "T": 0.15625,
    "V": 0.0625,
    "W": 0.015625,
    "Y": 0.015625
  },
  "-1": {
    "A": 0.328125,
    "C": 0.0,
    "D": 0.0,
    "E": 0.0,
    "F": 0.0,
    "G": 0.546875,
    "H": 0.0,
    "I": 0.0,
    "K": 0.0,
    "L": 0.0,
    "M": 0.0,
    "N": 0.0,
    "P": 0.0,
    "Q": 0.0,
    "R": 0.0,
    "S": 0.125,
    "T": 0.0,
    "V": 0.0,
    "W": 0.0,
    "Y": 0.0
  },
  "0": {
    "A": 0.0,
    "C": 1.0,
    "D": 0.0,
    "E": 0.0,
    "F": 0.0,
    "G": 0.0,
    "H": 0.0,
    "I": 0.0,
    "K": 0.0,
    "L": 0.0,
    "M": 0.0,
    "N": 0.0,
    "P": 0.0,
    "Q": 0.0,
    "R": 0.0,
    "S": 0.0,
    "T": 0.0,
    "V": 0.0,
    "W": 0.0,
    "Y": 0.0
  },
  "+1": {
    "A": 0.046875,
    "C": 0.015625,
    "D": 0.078125,
    "E": 0.015625,
    "F": 0.0,
    "G": 0.203125,
    "H": 0.0,
    "I": 0.015625,
    "K": 0.015625,
    "L": 0.0,
    "M": 0.0,
    "N": 0.0625,
    "P": 0.0,
    "Q": 0.046875,
    "R": 0.03125,
    "S": 0.40625,
    "T": 0.046875,
    "V": 0.015625,
    "W": 0.0,
    "Y": 0.0
  },
  "+2": {
    "A": 0.0,
    "C": 0.0,
    "D": 0.046875,
    "E": 0.03125,
    "F": 0.015625,
    "G": 0.09375,
    "H": 0.015625,
    "I": 0.0,
    "K": 0.109375,
    "L": 0.046875,
    "M": 0.0,
    "N": 0.140625,
    "P": 0.09375,
    "Q": 0.015625,
    "R": 0.03125,
    "S": 0.265625,
    "T": 0.0625,
    "V": 0.03125,
    "W": 0.0,
    "Y": 0.0
  },
  "+3": {
    "A": 0.03125,
    "C": 0.0,
    "D": 0.078125,
    "E": 0.03125,
    "F": 0.015625,
    "G": 0.15625,
    "H": 0.015625,
    "I": 0.046875,
    "K": 0.09375,
    "L": 0.015625,
    "M": 0.015625,
    "N": 0.125,
    "P": 0.015625,
    "Q": 0.046875,
    "R": 0.03125,
    "S": 0.15625,
    "T": 0.109375,
    "V": 0.0,
    "W": 0.015625,
    "Y": 0.0
  },
  "+4": {
    "A": 0.046875,
    "C": 0.0,
    "D": 0.09375,
    "E": 0.0625,
    "F": 0.015625,
    "G": 0.0625,
    "H": 0.0625,
    "I": 0.015625,
    "K": 0.09375,
    "L": 0.0,
    "M": 0.0,
    "N": 0.078125,
    "P": 0.078125,
    "Q": 0.0625,
    "R": 0.078125,
    "S": 0.140625,
    "T": 0.046875,
    "V": 0.0625,
    "W": 0.0,
    "Y": 0.0
  },
  "+5": {
    "A": 0.046875,
    "C": 0.0,
    "D": 0.109375,
    "E": 0.078125,
    "F": 0.0,
    "G": 0.078125,
    "H": 0.015625,
    "I": 0.03125,
    "K": 0.078125,
    "L": 0.015625,
    "M": 0.0,
    "N": 0.0625,
    "P": 0.078125,
    "Q": 0.03125,
    "R": 0.046875,
    "S": 0.140625,
    "T": 0.109375,
    "V": 0.03125,
    "W": 0.015625,
    "Y": 0.03125
  },
  "+6": {
    "A": 0.078125,
    "C": 0.015625,
    "D": 0.125,
    "E": 0.09375,
    "F": 0.0625,
    "G": 0.015625,
    "H": 0.015625,
    "I": 0.015625,
    "K": 0.03125,
    "L": 0.046875,
    "M": 0.0,
    "N": 0.09375,
    "P": 0.0625,
    "Q": 0.0625,
    "R": 0.03125,
    "S": 0.078125,
    "T": 0.03125,
    "V": 0.078125,
    "W": 0.0,
    "Y": 0.0625
  },
  "+7": {
    "A": 0.0625,
    "C": 0.015625,
    "D": 0.0625,
    "E": 0.0625,
    "F": 0.015625,
    "G": 0.125,
    "H": 0.0,
    "I": 0.03125,
    "K": 0.03125,
    "L": 0.03125,
    "M": 0.015625,
    "N": 0.0625,
    "P": 0.046875,
    "Q": 0.125,
    "R": 0.0,
    "S": 0.203125,
    "T": 0.046875,
    "V": 0.046875,
    "W": 0.015625,
    "Y": 0.0
  },
  "+8": {
    "A": 0.109375,
    "C": 0.0,
    "D": 0.03125,
    "E": 0.0625,
    "F": 0.015625,
    "G": 0.09375,
    "H": 0.03125,
    "I": 0.0,
    "K": 0.109375,
    "L": 0.03125,
    "M": 0.015625,
    "N": 0.03125,
    "P": 0.078125,
    "Q": 0.0625,
    "R": 0.109375,
    "S": 0.125,
    "T": 0.046875,
    "V": 0.015625,
    "W": 0.0,
    "Y": 0.03125
  },
  "+9": {
    "A": 0.078125,
    "C": 0.03125,
    "D": 0.140625,
    "E": 0.078125,
    "F": 0.0,
    "G": 0.109375,
    "H": 0.015625,
    "I": 0.015625,
    "K": 0.015625,
    "L": 0.046875,
    "M": 0.0,
    "N": 0.03125,
    "P": 0.125,
    "Q": 0.015625,
    "R": 0.078125,
    "S": 0.109375,
    "T": 0.015625,
    "V": 0.0625,
    "W": 0.0,
    "Y": 0.03125
  },
  "+10": {
    "A": 0.046875,
    "C": 0.0,
    "D": 0.03125,
    "E": 0.078125,
    "F": 0.015625,
    "G": 0.078125,
    "H": 0.0,
    "I": 0.015625,
    "K": 0.078125,
    "L": 0.046875,
    "M": 0.0,
    "N": 0.09375,
    "P": 0.078125,
    "Q": 0.046875,
    "R": 0.078125,
    "S": 0.109375,
    "T": 0.046875,
    "V": 0.15625,
    "W": 0.0,
    "Y": 0.0
  }
}