{
  "-10": {
    "A": -3.332204510175204,
    "C": -4.430816798843313,
    "D": -3.332204510175204,
    "E": -1.9459101490553135,
    "F": "-inf",
    "G": -2.8213788864092133,
    "H": -4.430816798843313,
    "I": -3.332204510175204,
    "K": -2.2335922215070942,
    "L": -3.7376696182833684,
    "M": -4.430816798843313,
    "N": -3.044522437723423,
    "P": -2.128231705849268,
    "Q": -2.3513752571634776,
    "R": -4.430816798843313,
    "S": -2.3513752571634776,
    "T": -3.044522437723423,
    "V": -2.4849066497880004,
    "W": "-inf",
    "Y": -4.430816798843313
  },
  "-9": {
    "A": -2.4849066497880004,
    "C": -4.430816798843313,
    "D": -2.4849066497880004,
    "E": -2.4849066497880004,
    "F": -3.044522437723423,
    "G": -1.9459101490553135,
    "H": "-inf",
    "I": -3.7376696182833684,
    "K": -4.430816798843313,
    "L": -4.430816798843313,
    "M": -4.430816798843313,
    "N": -1.9459101490553135,
    "P": -1.9459101490553135,
    "Q": -3.332204510175204,
    "R": -4.430816798843313,
    "S": -2.8213788864092133,
    "T": -3.7376696182833684,
    "V": "-inf",
    "W": -3.7376696182833684,
    "Y": -3.332204510175204
  },
  "-8": {
    "A": -2.8213788864092133,
    "C": -4.430816798843313,
    "D": -3.332204510175204,
    "E": -4.430816798843313,
    "F": -2.8213788864092133,
    "G": -1.9459101490553135,
    "H": "-inf",
    "I": -3.044522437723423,
    "K": -2.3513752571634776,
    "L": -4.430816798843313,
    "M": -4.430816798843313,
    "N": -3.044522437723423,
    "P": -1.791759469228055,
    "Q": -3.7376696182833684,
    "R": -2.4849066497880004,
    "S": -3.044522437723423,
    "T": -3.044522437723423,
    "V": -4.430816798843313,
    "W": "-inf",
    "Y": -2.639057329615259
  },
  "-7": {
    "A": -3.7376696182833684,
    "C": "-inf",
    "D": -3.044522437723423,
    "E": -3.044522437723423,
    "F": -3.044522437723423,
    "G": -2.2335922215070942,
    "H": "-inf",
    "I": -4.430816798843313,
    "K": -1.8658674413817768,
    "L": -3.044522437723423,
    "M": "-inf",
    "N": "-inf",
    "P": -1.486377819676873,
    "Q": -2.639057329615259,
    "R": -3.044522437723423,
    "S": -2.4849066497880004,
    "T": -3.332204510175204,
    "V": -3.332204510175204,
    "W": "-inf",
    "Y": "-inf"
  },
  "-6": {
    "A": -2.4849066497880004,
    "C": -3.7376696182833684,
    "D": -2.4849066497880004,
    "E": -3.044522437723423,
    "F": -3.044522437723423,
    "G": -2.639057329615259,
    "H": "-inf",
    "I": -4.430816798843313,
    "K": -2.2335922215070942,
    "L": -4.430816798843313,
    "M": -3.332204510175204,
    "N": -3.7376696182833684,
    "P": -2.128231705849268,
    "Q": -3.044522437723423,
    "R": -2.639057329615259,
    "S": -3.044522437723423,
    "T": -3.7376696182833684,
    "V": -4.430816798843313,
    "W": -4.430816798843313,
    "Y": -2.2335922215070942
  },
  "-5": {
    "A": -3.044522437723423,
    "C": -3.044522437723423,
    "D": -2.8213788864092133,
    "E": -2.128231705849268,
    "F": -3.332204510175204,
    "G": -2.8213788864092133,
    "H": -4.430816798843313,
    "I": -4.430816798843313,
    "K": -1.8658674413817768,
    "L": -3.332204510175204,
    "M": -3.7376696182833684,
    "N": -4.430816798843313,
    "P": -2.8213788864092133,
    "Q": -2.639057329615259,
    "R": -2.2335922215070942,
    "S": -2.3513752571634776,
    "T": -4.430816798843313,
    "V": -3.7376696182833684,
    "W": "-inf",
    "Y": "-inf"
  },
  "-4": {
    "A": -4.430816798843313,
    "C": -2.2335922215070942,
    "D": -3.7376696182833684,
    "E": -3.7376696182833684,
    "F": -4.430816798843313,
    "G": -3.332204510175204,
    "H": -3.7376696182833684,
    "I": -4.430816798843313,
    "K": -1.3862943611198906,
    "L": -2.8213788864092133,
    "M": -3.044522437723423,
    "N": -3.044522437723423,
    "P": "-inf",
    "Q": -4.430816798843313,
    "R": -3.044522437723423,
    "S": -1.8658674413817768,
    "T": -3.7376696182833684,
    "V": -2.8213788864092133,
    "W": -3.7376696182833684,
    "Y": -3.7376696182833684
  },
  "-3": {
    "A": -3.332204510175204,
    "C": -2.4849066497880004,
    "D": -2.4849066497880004,
    "E": -3.7376696182833684,
    "F": -3.7376696182833684,
    "G": -3.044522437723423,
    "H": -4.430816798843313,
    "I": -3.044522437723423,
    "K": -1.4350845252893227,
    "L": -4.430816798843313,
    "M": "-inf",
    "N": -3.332204510175204,
    "P": -2.2335922215070942,
    "Q": -3.044522437723423,
    "R": -3.044522437723423,
    "S": -2.128231705849268,
    "T": -3.332204510175204,
    "V": "-inf",
    "W": "-inf",
    "Y": "-inf"
  },
  "-2": {
    "A": -3.7376696182833684,
    "C": -1.7227665977411035,
    "D": -3.044522437723423,
    "E": -4.430816798843313,
    "F": -3.7376696182833684,
    "G": -2.4849066497880004,
    "H": "-inf",
    "I": -4.430816798843313,
    "K": -2.8213788864092133,
    "L": -3.332204510175204,
    "M": "-inf",
    "N": -3.7376696182833684,
    "P": -2.639057329615259,
    "Q": -3.332204510175204,
    "R": -2.4849066497880004,
    "S": -1.5976034547870974,
    "T": -2.8213788864092133,
    "V": -4.430816798843313,
    "W": "-inf",
    "Y": -3.332204510175204
  },
  "-1": {
    "A": -2.2335922215070942,
    "C": -2.8213788864092133,
    "D": -2.8213788864092133,
    "E": -3.7376696182833684,
    "F": -3.332204510175204,
    "G": -2.4849066497880004,
    "H": -4.430816798843313,
    "I": -3.7376696182833684,
    "K": -2.2335922215070942,
    "L": -4.430816798843313,
    "M": -3.044522437723423,
    "N": -3.7376696182833684,
    "P": -4.430816798843313,
    "Q": -3.332204510175204,
    "R": -3.044522437723423,
    "S": -1.6582280766035324,
    "T": -3.044522437723423,
    "V": -3.044522437723423,
    "W": -4.430816798843313,
    "Y": -4.430816798843313
  },
  "0": {
    "A": "-inf",
    "C": 0.0,
    "D": "-inf",
    "E": "-inf",
    "F": "-inf",
    "G": "-inf",
    "H": "-inf",
    "I": "-inf",
    "K": "-inf",
    "L": "-inf",
    "M": "-inf",
    "N": "-inf",
    "P": "-inf",
    "Q": "-inf",
    "R": "-inf",
    "S": "-inf",
    "T": "-inf",
    "V": "-inf",
    "W": "-inf",
    "Y": "-inf"
  },
  "+1": {
    "A": -2.8213788864092133,
    "C": -3.7376696182833684,
    "D": -3.332204510175204,
    "E": "-inf",
    "F": "-inf",
    "G": -3.044522437723423,
    "H": -4.430816798843313,
    "I": -3.044522437723423,
    "K": -3.332204510175204,
    "L": -2.2335922215070942,
    "M": "-inf",
    "N": -3.7376696182833684,
    "P": -3.7376696182833684,
    "Q": -2.639057329615259,
    "R": -4.430816798843313,
    "S": -2.128231705849268,
    "T": -2.639057329615259,
    "V": -1.4350845252893227,
    "W": "-inf",
    "Y": -4.430816798843313
  },
  "+2": {
    "A": -3.044522437723423,
    "C": -4.430816798843313,
    "D": -4.430816798843313,
    "E": "-inf",
    "F": "-inf",
    "G": "-inf",
    "H": -4.430816798843313,
    "I": -0.9968295943581673,
    "K": -3.7376696182833684,
    "L": -1.540445040947149,
    "M": -3.7376696182833684,
    "N": -3.332204510175204,
    "P": -3.7376696182833684,
    "Q": -3.044522437723423,
    "R": "-inf",
    "S": "-inf",
    "T": "-inf",
    "V": -2.128231705849268,
    "W": "-inf",
    "Y": "-inf"
  },
  "+3": {
    "A": -2.4849066497880004,
    "C": -3.7376696182833684,
    "D": -4.430816798843313,
    "E": -4.430816798843313,
    "F": -4.430816798843313,
    "G": "-inf",
    "H": -4.430816798843313,
    "I": -4.430816798843313,
    "K": "-inf",
    "L": -1.1349799328389845,
    "M": -1.791759469228055,
    "N": -4.430816798843313,
    "P": -3.7376696182833684,
    "Q": -2.3513752571634776,
    "R": "-inf",
    "S": -2.032921526044943,
    "T": -4.430816798843313,
    "V": "-inf",
    "W": "-inf",
    "Y": "-inf"
  },
  "+4": {
    "A": "-inf",
    "C": "-inf",
    "D": -4.430816798843313,
    "E": "-inf",
    "F": -4.430816798843313,
    "G": -3.7376696182833684,
    "H": -3.332204510175204,
    "I": "-inf",
    "K": "-inf",
    "L": -4.430816798843313,
    "M": "-inf",
    "N": -3.332204510175204,
    "P": -4.430816798843313,