{
  "-10": {
    "A": -2.7118889774093757,
    "C": -4.7494834091537115,
    "D": -3.0673436649428787,
    "E": -2.591260989620761,
    "F": -3.623915310497073,
    "G": -2.7781383629505765,
    "H": -4.159876907534606,
    "I": -2.782715029977988,
    "K": -2.4567830753922077,
    "L": -2.455128815296181,
    "M": -3.7789529083425593,
    "N": -3.2008750575674014,
    "P": -3.0432461133638182,
    "Q": -3.338896355464776,
    "R": -2.748889933824344,
    "S": -2.6886566759161075,
    "T": -3.0983058905468455,
    "V": -2.7033782877414674,
    "W": -5.031715876837928,
    "Y": -3.6133332011665362
  },
  "-9": {
    "A": -2.748889933824344,
    "C": -5.0102096716169635,
    "D": -3.013918498269298,
    "E": -2.6928407824386813,
    "F": -3.629248656472436,
    "G": -2.6026896854443837,
    "H": -4.265237423192432,
    "I": -2.716171639201377,
    "K": -2.381847631118453,
    "L": -2.455128815296181,
    "M": -3.6563505862502272,
    "N": -3.254555207031025,
    "P": -3.0522147833465785,
    "Q": -3.667400422436812,
    "R": -2.7622829911607822,
    "S": -2.7334880892128375,
    "T": -2.954995425272452,
    "V": -2.7533343855847683,
    "W": -5.0102096716169635,
    "Y": -3.453185501866904
  },
  "-8": {
    "A": -2.591260989620761,
    "C": -4.871373226762748,
    "D": -3.025546536264417,
    "E": -2.5614080264710797,
    "F": -3.56705244860253,
    "G": -2.801234077745226,
    "H": -3.849721979230767,
    "I": -2.829672013065759,
    "K": -2.451828482267524,
    "L": -2.5235315421805815,
    "M": -3.977555350740652,
    "N": -3.2149103756837847,
    "P": -2.979824286926322,
    "Q": -3.3550257373946595,
    "R": -2.907113939039238,
    "S": -2.6103820310675396,
    "T": -2.9414634190538758,
    "V": -2.7850112422383386,
    "W": -4.909113554745595,
    "Y": -3.480459919786563
  },
  "-7": {
    "A": -2.8224863534048845,
    "C": -4.928531640602697,
    "D": -2.849090098922861,
    "E": -2.4419923373908112,
    "F": -3.7245588362767608,
    "G": -2.8639051847080013,
    "H": -4.196918179214955,
    "I": -2.682413159276422,
    "K": -2.365091717390014,
    "L": -2.453477287257708,
    "M": -4.0981833385292665,
    "N": -3.1433295719208005,
    "P": -2.991060360193248,
    "Q": -3.3965254683014123,
    "R": -2.815351959291011,
    "S": -2.7422600752856745,
    "T": -2.9714793149941414,
    "V": -2.85400411372529,
    "W": -5.031715876837928,
    "Y": -3.3922971321918913
  },
  "-6": {
    "A": -2.633820604039557,
    "C": -5.276838334870912,
    "D": -2.9967260977289256,
    "E": -2.6161903726632865,
    "F": -3.409318819761322,
    "G": -2.878943062072542,
    "H": -4.542869159790712,
    "I": -2.625946547608651,
    "K": -2.6279092567765,
    "L": -2.437110309793503,
    "M": -3.4990651076175974,
    "N": -3.0081547935525483,
    "P": -3.1205643611477885,
    "Q": -3.592499114263694,
    "R": -2.907113939039238,
    "S": -2.591260989620761,
    "T": -2.901932580297241,
    "V": -2.699149951631946,
    "W": -5.053694783556702,
    "Y": -3.307397688405405
  },
  "-5": {
    "A": -2.6457491749048305,
    "C": -4.733222888281931,
    "D": -3.013918498269298,
    "E": -2.6046072315736555,
    "F": -3.4136199016607125,
    "G": -3.002424118843563,
    "H": -4.072865530544976,
    "I": -2.5988655890059804,
    "K": -2.509471556612283,
    "L": -2.3530795609420108,
    "M": -3.7789529083425593,
    "N": -3.2113830351658166,
    "P": -2.9742532418768666,
    "Q": -3.5873577147632756,
    "R": -3.046226741501956,
    "S": -2.6161903726632865,
    "T": -2.904519903862192,
    "V": -2.6720931502444327,
    "W": -4.799914262780603,
    "Y": -3.379718349985031
  },
  "-4": {
    "A": -2.960459919744531,
    "C": -5.076167639408761,
    "D": -2.829672013065759,
    "E": -2.0123519987506597,
    "F": -3.577153544589034,
    "G": -2.8688927262190407,
    "H": -4.349497766810172,
    "I": -2.8515440878844274,
    "K": -2.6103820310675396,
    "L": -2.4485390056171257,
    "M": -3.577153544589034,
    "N": -3.0373113778440035,
    "P": -2.938778853683207,
    "Q": -3.18703400615553,
    "R": -3.207868093058372,
    "S": -2.653781346602095,
    "T": -3.1205643611477885,
    "V": -2.815351959291011,
    "W": -4.968536975216396,
    "Y": -3.4007717591828635
  },
  "-3": {
    "A": -2.6928407824386813,
    "C": -5.122687655043654,
    "D": -2.8614207113803394,
    "E": -1.8933901347130393,
    "F": -3.3755603398363676,
    "G": -2.832078753096324,
    "H": -4.2753897946564505,
    "I": -2.7713123978801764,
    "K": -2.6844900032212613,
    "L": -2.4258107545395693,
    "M": -3.977555350740652,
    "N": -3.114154082786869,
    "P": -3.0284747960435054,
    "Q": -3.383893721395512,
    "R": -3.2399564076098724,
    "S": -2.824875840802266,
    "T": -3.0081547935525483,
    "V": -2.886547661457761,
    "W": -4.871373226762748,
    "Y": -3.5324811045374416
  },
  "-2": {
    "A": -2.39110695653125,
    "C": -4.503648446637431,
    "D": -3.1699978190029623,
    "E": -2.6928407824386813,
    "F": -2.9361014759124906,
    "G": -2.7012618848350893,
    "H": -4.317062491057019,
    "I": -2.5650912718873764,
    "K": -2.7118889774093757,
    "L": -2.190859183469143,
    "M": -3.7363932939237636,
    "N": -3.079613757534693,
    "P": -3.166625134524323,
    "Q": -3.5520895759258178,
    "R": -3.1237849758478307,
    "S": -2.7600383213069586,
    "T": -3.1836034710587406,
    "V": -2.7378644638126364,
    "W": -4.626250768729763,
    "Y": -3.4442568711226023
  },
  "-1": {
    "A": -2.8589423953658724,
    "C": -5.09915715763346,
    "D": -3.082704950104366,
    "E": -2.541389159580588,
    "F": -2.596959010735399,
    "G": -2.707624578622918,
    "H": -4.782819829421303,
    "I": -2.8106238180950647,
    "K": -2.625946547608651,
    "L": -1.9446338246957087,
    "M": -3.4943812583051708,
    "N": -3.50377099865501,
    "P": -3.4758622105379335,
    "Q": -3.577153544589034,
    "R": -2.829672013065759,
    "S": -2.849090098922861,
    "T": -3.2399564076098724,
    "V": -2.6782723666103907,
    "W": -4.556292180122853,
    "Y": -3.4398222740547366
  },
  "0": {
    "A": "-inf",
    "C": "-inf",
    "D": "-inf",
    "E": "-inf",
    "F": "-inf",
    "G": "-inf",
    "H": "-inf",
    "I": "-inf",
    "K": 0.0,
    "L": "-inf",
    "M": "-inf",
    "N": "-inf",
    "P": "-inf",
    "Q": "-inf",
    "R": "-inf",
    "S": "-inf",
    "T": "-inf",
    "V": "-inf",
    "W": "-inf",
    "Y": "-inf"
  },
  "+1": {
    "A": -2.518235854605871,
    "C": -4.989156262419131,
    "D": -2.9967260977289256,
    "E": -2.386466576974748,
    "F": -3.371419547170336,
    "G": -2.6928407824386813,
    "H": -4.0981833385292665,
    "I": -2.7033782877414674,
    "K": -2.643751172242158,
    "L": -2.461762338791815,
    "M": -4.196918179214955,
    "N": -3.4222779644038273,
    "P": -3.2291454915056566,
    "Q": -3.2149103756837847,
    "R": -2.896777929708576,
    "S": -2.438735005520505,
    "T": -3.1433295719208005,
    "V": -2.7577986787134536,
    "W": -4.871373226762748,
    "Y": -3.146624467817653
  },
  "+2": {
    "A": -2.49217008697653,
    "C": -5.0102096716169635,
    "D": -3.20436546250717,
    "E": -2.707624578622918,
    "F": -3.338896355464776,
    "G": -2.7577986787134536,
    "H": -3.9625174733761113,
    "I": -2.623987683123318,
    "K": -2.748889933824344,
    "L": -2.2152663038213785,
    "M": -3.856410967381563,
    "N": -3.070397102429769,
    "P": -3.0314116557168154,
    "Q": -3.338896355464776,
    "R": -3.225567670157773,
    "S": -2.587480266780855,
    "T": -2.881471508425901,
    "V": -2.7713123978801764,
    "W": -4.782819829421303,
    "Y": -3.269370292816166
  },
  "+3": {
    "A": -2.876420992639832,
    "C": -4.968536975216396,
    "D": -2.963203405690282,
    "E": -2.2230992420425655,
    "F": -3.5084991398509557,
    "G": -2.5164768392006915,
    "H": -4.115425144963773,
    "I": -2.5931567247856604,
    "K": -2.7118889774093757,
    "L": -2.4567830753922077,
    "M": -4.115425144963773,
    "N": -3.1077846345013893,
    "P": -3.273108614926773,