{
  "-10": {
    "A": -3.951243718581427,
    "C": -4.6443908991413725,
    "D": -3.545778610473263,
    "E": -3.951243718581427,
    "F": "-inf",
    "G": -3.258096538021482,
    "H": "-inf",
    "I": -4.6443908991413725,
    "K": -2.341805806147327,
    "L": -2.8526314299133175,
    "M": -4.6443908991413725,
    "N": -3.951243718581427,
    "P": -2.8526314299133175,
    "Q": -2.005333569526114,
    "R": -1.3862943611198906,
    "S": -3.951243718581427,
    "T": -3.951243718581427,
    "V": -4.6443908991413725,
    "W": "-inf",
    "Y": "-inf"
  },
  "-9": {
    "A": -2.6984807500860595,
    "C": "-inf",
    "D": -2.4471663218051534,
    "E": -3.951243718581427,
    "F": "-inf",
    "G": -1.6999519199749322,
    "H": -2.8526314299133175,
    "I": -4.6443908991413725,
    "K": -3.951243718581427,
    "L": "-inf",
    "M": -4.6443908991413725,
    "N": -3.951243718581427,
    "P": -1.5998684614179497,
    "Q": -3.545778610473263,
    "R": -3.0349529867072724,
    "S": -2.6984807500860595,
    "T": -3.545778610473263,
    "V": -3.951243718581427,
    "W": "-inf",
    "Y": -3.951243718581427
  },
  "-8": {
    "A": -3.258096538021482,
    "C": "-inf",
    "D": -3.258096538021482,
    "E": -3.0349529867072724,
    "F": -4.6443908991413725,
    "G": -3.951243718581427,
    "H": -3.951243718581427,
    "I": "-inf",
    "K": -1.8111775550851565,
    "L": -3.0349529867072724,
    "M": -3.545778610473263,
    "N": -1.8111775550851565,
    "P": -2.6984807500860595,
    "Q": -3.0349529867072724,
    "R": -3.0349529867072724,
    "S": -2.0794415416798357,
    "T": -3.951243718581427,
    "V": -3.951243718581427,
    "W": "-inf",
    "Y": "-inf"
  },
  "-7": {
    "A": -3.258096538021482,
    "C": "-inf",
    "D": -3.258096538021482,
    "E": -3.0349529867072724,
    "F": -4.6443908991413725,
    "G": -3.0349529867072724,
    "H": -2.005333569526114,
    "I": -3.951243718581427,
    "K": -2.5649493574615367,
    "L": -2.8526314299133175,
    "M": -3.951243718581427,
    "N": -3.545778610473263,
    "P": -1.5533484457830569,
    "Q": -2.4471663218051534,
    "R": -4.6443908991413725,
    "S": -3.0349529867072724,
    "T": -2.8526314299133175,
    "V": "-inf",
    "W": -3.951243718581427,
    "Y": "-inf"
  },
  "-6": {
    "A": -3.545778610473263,
    "C": -4.6443908991413725,
    "D": -1.425515074273172,
    "E": -3.258096538021482,
    "F": -4.6443908991413725,
    "G": -3.951243718581427,
    "H": -3.951243718581427,
    "I": "-inf",
    "K": -2.5649493574615367,
    "L": "-inf",
    "M": "-inf",
    "N": -2.6984807500860595,
    "P": -2.6984807500860595,
    "Q": -3.258096538021482,
    "R": -3.258096538021482,
    "S": -3.545778610473263,
    "T": "-inf",
    "V": "-inf",
    "W": -1.466337068793427,
    "Y": -3.258096538021482
  },
  "-5": {
    "A": -1.2431935174792175,
    "C": -3.951243718581427,
    "D": "-inf",
    "E": -2.6984807500860595,
    "F": -3.545778610473263,
    "G": "-inf",
    "H": "-inf",
    "I": -4.6443908991413725,
    "K": -2.5649493574615367,
    "L": -2.6984807500860595,
    "M": "-inf",
    "N": -4.6443908991413725,
    "P": -3.0349529867072724,
    "Q": -2.4471663218051534,
    "R": -1.8718021769015913,
    "S": -2.5649493574615367,
    "T": -4.6443908991413725,
    "V": "-inf",
    "W": "-inf",
    "Y": -4.6443908991413725
  },
  "-4": {
    "A": -2.8526314299133175,
    "C": "-inf",
    "D": -4.6443908991413725,
    "E": "-inf",
    "F": -0.6190392084062235,
    "G": -4.6443908991413725,
    "H": "-inf",
    "I": -3.951243718581427,
    "K": "-inf",
    "L": -3.545778610473263,
    "M": -3.951243718581427,
    "N": "-inf",
    "P": "-inf",
    "Q": -3.951243718581427,
    "R": -3.951243718581427,
    "S": "-inf",
    "T": -3.0349529867072724,
    "V": -1.754019141245208,
    "W": -4.6443908991413725,
    "Y": -4.6443908991413725
  },
  "-3": {
    "A": -2.8526314299133175,
    "C": "-inf",
    "D": -4.6443908991413725,
    "E": -4.6443908991413725,
    "F": -2.159484249353372,
    "G": -1.425515074273172,
    "H": -4.6443908991413725,
    "I": -2.5649493574615367,
    "K": -3.545778610473263,
    "L": -4.6443908991413725,
    "M": "-inf",
    "N": "-inf",
    "P": -3.0349529867072724,
    "Q": -4.6443908991413725,
    "R": "-inf",
    "S": -3.951243718581427,
    "T": "-inf",
    "V": -2.0794415416798357,
    "W": -3.258096538021482,
    "Y": -1.8111775550851565
  },
  "-2": {
    "A": -4.6443908991413725,
    "C": "-inf",
    "D": "-inf",
    "E": "-inf",
    "F": -3.951243718581427,
    "G": -0.8157495026522777,
    "H": -1.5533484457830569,
    "I": -4.6443908991413725,
    "K": -3.545778610473263,
    "L": -3.951243718581427,
    "M": "-inf",
    "N": -3.0349529867072724,
    "P": -2.005333569526114,
    "Q": "-inf",
    "R": "-inf",
    "S": -3.545778610473263,
    "T": "-inf",
    "V": -4.6443908991413725,
    "W": "-inf",
    "Y": "-inf"
  },
  "-1": {
    "A": "-inf",
    "C": "-inf",
    "D": "-inf",
    "E": "-inf",
    "F": -2.005333569526114,
    "G": -4.6443908991413725,
    "H": "-inf",
    "I": -4.6443908991413725,
    "K": -3.951243718581427,
    "L": -0.50125617274984,
    "M": "-inf",
    "N": -3.951243718581427,
    "P": -3.951243718581427,
    "Q": -3.545778610473263,
    "R": -2.4471663218051534,
    "S": "-inf",
    "T": -4.6443908991413725,
    "V": -4.6443908991413725,
    "W": -4.6443908991413725,
    "Y": "-inf"
  },
  "0": {
    "A": "-inf",
    "C": "-inf",
    "D": "-inf",
    "E": "-inf",
    "F": "-inf",
    "G": "-inf",
    "H": "-inf",
    "I": "-inf",
    "K": "-inf",
    "L": "-inf",
    "M": 0.0,
    "N": "-inf",
    "P": "-inf",
    "Q": "-inf",
    "R": "-inf",
    "S": "-inf",
    "T": "-inf",
    "V": "-inf",
    "W": "-inf",
    "Y": "-inf"
  },
  "+1": {
    "A": "-inf",
    "C": "-inf",
    "D": "-inf",
    "E": "-inf",
    "F": "-inf",
    "G": -1.0608719606852628,
    "H": "-inf",
    "I": "-inf",
    "K": -3.951243718581427,
    "L": -3.951243718581427,
    "M": -3.951243718581427,
    "N": -4.6443908991413725,
    "P": "-inf",
    "Q": "-inf",
    "R": "-inf",
    "S": "-inf",
    "T": "-inf",
    "V": "-inf",
    "W": "-inf",
    "Y": "-inf"
  },
  "+2": {
    "A": "-inf",
    "C": -4.6443908991413725,
    "D": "-inf",
    "E": "-inf",
    "F": "-inf",
    "G": -4.6443908991413725,
    "H": "-inf",
    "I": "-inf",
    "K": -1.466337068793427,
    "L": "-inf",
    "M": "-inf",
    "N": "-inf",
    "P": "-inf",
    "Q": -3.951243718581427,
    "R": -2.2464956263430023,
    "S": -4.6443908991413725,
    "T": "-inf",
    "V": -3.951243718581427,
    "W": "-inf",
    "Y": "-inf"
  },
  "+3": {
    "A": -4.6443908991413725,
    "C": "-inf",
    "D": "-inf",
    "E": "-inf",
    "F": "-inf",
    "G": -3.951243718581427,
    "H": "-inf",
    "I": "-inf",
    "K": -2.341805806147327,
    "L": "-inf",
    "M": "-inf",
    "N": "-inf",
    "P": -3.951243718581427,
    "Q": "-inf",
    "R": -1.754019141245208,
    "S": -3.0349529867072724,
    "T": -4.6443908991413725,
    "V": -4.6443908991413725,
    "W": -3.951243718581427,
    "Y": "-inf"
  },
  "+4": {
    "A": -3.545778610473263,
    "C": "-inf",
    "D": -3.545778610473263,
    "E": -3.951243718581427,
    "F": "-inf",
    "G": -4.6443908991413725,
    "H": -4.6443908991413725,
    "I": "-inf",
    "K": -3.545778610473263,
    "L": "-inf",
    "M": "-inf",
    "N": -3.951243718581427,
    "P": "-inf",
    "Q": -4.6443908991413725,
    "R": -3.951243718581427,
    "S": -2.0794415416798357,
    "T": -3.258096538021482,
    "V": -3.0349529867072724,
    "W": "-inf",
    "Y": "-inf"
  },
  "+5": {
    "A": -3.258096538021482,
    "C": "-inf",
    "D": "-inf",
    "E": -2.6984807500860595,
    "F": -4.6443908991413725,
    "G": -3.545778610473263,
    "H": "-inf",
    "I": -3.951243718581427,
    "K": "-inf",
    "L": -2.8526314299133175,
    "M": -4.6443908991413725,
    "N": -4.6443908991413725,
    "P": -3.545778610473263,
    "Q": -4.6443908991413725,
    "R": -3.258096538021482,
    "S": -4.6443908991413725,