{
  "-10": {
    "A": -2.5336968139574325,
    "C": "-inf",
    "D": -1.9459101490553135,
    "E": -3.4499875458315876,
    "F": "-inf",
    "G": -4.143134726391533,
    "H": -4.143134726391533,
    "I": -4.143134726391533,
    "K": -4.143134726391533,
    "L": -3.4499875458315876,
    "M": "-inf",
    "N": -0.7091475219063865,
    "P": -4.143134726391533,
    "Q": -4.143134726391533,
    "R": -4.143134726391533,
    "S": -3.4499875458315876,
    "T": -3.044522437723423,
    "V": -4.143134726391533,
    "W": "-inf",
    "Y": "-inf"
  },
  "-9": {
    "A": "-inf",
    "C": "-inf",
    "D": "-inf",
    "E": -4.143134726391533,
    "F": "-inf",
    "G": -3.044522437723423,
    "H": "-inf",
    "I": -3.4499875458315876,
    "K": -0.7091475219063865,
    "L": -1.8405496333974871,
    "M": "-inf",
    "N": -4.143134726391533,
    "P": -4.143134726391533,
    "Q": "-inf",
    "R": -3.044522437723423,
    "S": -3.4499875458315876,
    "T": -2.7568403652716422,
    "V": -2.7568403652716422,
    "W": "-inf",
    "Y": "-inf"
  },
  "-8": {
    "A": -4.143134726391533,
    "C": "-inf",
    "D": -3.044522437723423,
    "E": -3.044522437723423,
    "F": -4.143134726391533,
    "G": "-inf",
    "H": -4.143134726391533,
    "I": -3.4499875458315876,
    "K": -4.143134726391533,
    "L": -0.6466271649250525,
    "M": -3.4499875458315876,
    "N": -3.4499875458315876,
    "P": -2.5336968139574325,
    "Q": -3.4499875458315876,
    "R": -4.143134726391533,
    "S": -3.4499875458315876,
    "T": "-inf",
    "V": -4.143134726391533,
    "W": "-inf",
    "Y": -3.4499875458315876
  },
  "-7": {
    "A": -3.044522437723423,
    "C": "-inf",
    "D": -3.4499875458315876,
    "E": -2.3513752571634776,
    "F": -4.143134726391533,
    "G": "-inf",
    "H": -4.143134726391533,
    "I": "-inf",
    "K": -3.044522437723423,
    "L": -0.7091475219063865,
    "M": "-inf",
    "N": -3.044522437723423,
    "P": -3.4499875458315876,
    "Q": -4.143134726391533,
    "R": -2.1972245773362196,
    "S": "-inf",
    "T": -4.143134726391533,
    "V": -4.143134726391533,
    "W": "-inf",
    "Y": "-inf"
  },
  "-6": {
    "A": -2.7568403652716422,
    "C": "-inf",
    "D": -3.044522437723423,
    "E": -4.143134726391533,
    "F": "-inf",
    "G": -0.6466271649250525,
    "H": -4.143134726391533,
    "I": "-inf",
    "K": -3.044522437723423,
    "L": -2.7568403652716422,
    "M": -3.4499875458315876,
    "N": "-inf",
    "P": "-inf",
    "Q": -3.4499875458315876,
    "R": -3.4499875458315876,
    "S": -3.4499875458315876,
    "T": -2.7568403652716422,
    "V": -4.143134726391533,
    "W": "-inf",
    "Y": "-inf"
  },
  "-5": {
    "A": -2.5336968139574325,
    "C": -4.143134726391533,
    "D": "-inf",
    "E": -3.4499875458315876,
    "F": "-inf",
    "G": -2.7568403652716422,
    "H": -2.1972245773362196,
    "I": -3.4499875458315876,
    "K": -2.063693184711697,
    "L": -3.4499875458315876,
    "M": -4.143134726391533,
    "N": -3.044522437723423,
    "P": -4.143134726391533,
    "Q": -4.143134726391533,
    "R": -1.3705460041517514,
    "S": -2.063693184711697,
    "T": "-inf",
    "V": -3.4499875458315876,
    "W": "-inf",
    "Y": "-inf"
  },
  "-4": {
    "A": -2.063693184711697,
    "C": "-inf",
    "D": -4.143134726391533,
    "E": "-inf",
    "F": -3.4499875458315876,
    "G": -2.063693184711697,
    "H": -4.143134726391533,
    "I": -4.143134726391533,
    "K": -4.143134726391533,
    "L": "-inf",
    "M": "-inf",
    "N": "-inf",
    "P": "-inf",
    "Q": "-inf",
    "R": -2.7568403652716422,
    "S": -2.7568403652716422,
    "T": "-inf",
    "V": -0.6466271649250525,
    "W": "-inf",
    "Y": "-inf"
  },
  "-3": {
    "A": -2.1972245773362196,
    "C": -3.4499875458315876,
    "D": "-inf",
    "E": "-inf",
    "F": -4.143134726391533,
    "G": -2.5336968139574325,
    "H": -4.143134726391533,
    "I": "-inf",
    "K": -4.143134726391533,
    "L": -4.143134726391533,
    "M": "-inf",
    "N": -3.4499875458315876,
    "P": -3.4499875458315876,
    "Q": "-inf",
    "R": -2.7568403652716422,
    "S": -2.7568403652716422,
    "T": -0.6466271649250525,
    "V": "-inf",
    "W": "-inf",
    "Y": "-inf"
  },
  "-2": {
    "A": "-inf",
    "C": -3.4499875458315876,
    "D": "-inf",
    "E": -4.143134726391533,
    "F": "-inf",
    "G": -1.6582280766035324,
    "H": "-inf",
    "I": -0.6773988235918061,
    "K": "-inf",
    "L": "-inf",
    "M": -3.4499875458315876,
    "N": "-inf",
    "P": -4.143134726391533,
    "Q": -4.143134726391533,
    "R": -3.4499875458315876,
    "S": -2.7568403652716422,
    "T": -4.143134726391533,
    "V": -2.5336968139574325,
    "W": "-inf",
    "Y": "-inf"
  },
  "-1": {
    "A": -0.6773988235918061,
    "C": "-inf",
    "D": "-inf",
    "E": -2.3513752571634776,
    "F": "-inf",
    "G": -1.1986957472250923,
    "H": "-inf",
    "I": "-inf",
    "K": "-inf",
    "L": "-inf",
    "M": "-inf",
    "N": -3.4499875458315876,
    "P": "-inf",
    "Q": -4.143134726391533,
    "R": "-inf",
    "S": -3.4499875458315876,
    "T": "-inf",
    "V": -4.143134726391533,
    "W": "-inf",
    "Y": "-inf"
  },
  "0": {
    "A": "-inf",
    "C": "-inf",
    "D": "-inf",
    "E": "-inf",
    "F": "-inf",
    "G": "-inf",
    "H": "-inf",
    "I": "-inf",
    "K": "-inf",
    "L": "-inf",
    "M": "-inf",
    "N": "-inf",
    "P": "-inf",
    "Q": 0.0,
    "R": "-inf",
    "S": "-inf",
    "T": "-inf",
    "V": "-inf",
    "W": "-inf",
    "Y": "-inf"
  },
  "+1": {
    "A": -4.143134726391533,
    "C": "-inf",
    "D": "-inf",
    "E": -3.4499875458315876,
    "F": "-inf",
    "G": -0.505548566665147,
    "H": -2.7568403652716422,
    "I": "-inf",
    "K": -4.143134726391533,
    "L": -2.5336968139574325,
    "M": "-inf",
    "N": "-inf",
    "P": "-inf",
    "Q": -4.143134726391533,
    "R": -3.044522437723423,
    "S": -2.5336968139574325,
    "T": -3.4499875458315876,
    "V": -4.143134726391533,
    "W": "-inf",
    "Y": "-inf"
  },
  "+2": {
    "A": -1.8405496333974871,
    "C": "-inf",
    "D": "-inf",
    "E": "-inf",
    "F": -4.143134726391533,
    "G": -0.6167742017753713,
    "H": -4.143134726391533,
    "I": "-inf",
    "K": -3.4499875458315876,
    "L": -3.4499875458315876,
    "M": "-inf",
    "N": "-inf",
    "P": -4.143134726391533,
    "Q": "-inf",
    "R": "-inf",
    "S": -3.044522437723423,
    "T": -2.7568403652716422,
    "V": -2.5336968139574325,
    "W": "-inf",
    "Y": "-inf"
  },
  "+3": {
    "A": -1.8405496333974871,
    "C": "-inf",
    "D": -4.143134726391533,
    "E": "-inf",
    "F": -3.4499875458315876,
    "G": -3.4499875458315876,
    "H": "-inf",
    "I": "-inf",
    "K": "-inf",
    "L": -2.7568403652716422,
    "M": "-inf",
    "N": -2.5336968139574325,
    "P": "-inf",
    "Q": -3.044522437723423,
    "R": -3.044522437723423,
    "S": -4.143134726391533,
    "T": -4.143134726391533,
    "V": -0.7091475219063865,
    "W": "-inf",
    "Y": "-inf"
  },
  "+4": {
    "A": -3.4499875458315876,
    "C": "-inf",
    "D": "-inf",
    "E": "-inf",
    "F": "-inf",
    "G": -4.143134726391533,
    "H": "-inf",
    "I": "-inf",
    "K": -4.143134726391533,
    "L": -0.7758388964050588,
    "M": "-inf",
    "N": "-inf",
    "P": "-inf",
    "Q": "-inf",
    "R": -1.3705460041517514,
    "S": -2.7568403652716422,
    "T": -2.3513752571634776,
    "V": -2.7568403652716422,
    "W": "-inf",
    "Y": "-inf"
  },
  "+5": {
    "A": -2.3513752571634776,
    "C": "-inf",
    "D": "-inf",
    "E": "-inf",
    "F": -3.044522437723423,
    "G": -4.143134726391533,
    "H": -4.143134726391533,
    "I": "-inf",
    "K": -4.143134726391533,
    "L": -3.044522437723423,
    "M": -4.143134726391533,
    "N": -4.143134726391533,
    "P": -0.7091475219063865,
    "Q": -3.4499875458315876,
    "R": -4.143134726391533,
    "S": -3.4499875458315876,
    "T": -2.5336968139574325,
    "V": -2.5336968139574325,
    "W": "-inf",
    "Y": "-inf"
  },
  "+6": {
    "A": -2.3513752571634776,
    "C": "-inf",
    "D": -2.7568403652716422,
    "E": -2.7568403652716422,