{
  "-10": {
    "A": -2.641729419500257,
    "C": -4.539935770598359,
    "D": -3.2095218678729247,
    "E": -2.9772249345722277,
    "F": -3.419817276709286,
    "G": -2.1042269767704482,
    "H": -3.896938373723885,
    "I": -3.6106858940816986,
    "K": -3.070259800539417,
    "L": -2.7463663461250647,
    "M": -3.7241862679460813,
    "N": -3.516546903167837,
    "P": -2.387162955832973,
    "Q": -3.098145004028953,
    "R": -2.3475538177379276,
    "S": -2.5279355097140557,
    "T": -3.2210826902740006,
    "V": -3.192427434513625,
    "W": -5.190523336739508,
    "Y": -3.528334858919879
  },
  "-9": {
    "A": -2.707354306850049,
    "C": -4.619073091157083,
    "D": -3.2535818576669553,
    "E": -3.045567187949046,
    "F": -3.4744756892471496,
    "G": -2.0604787255779233,
    "H": -3.7990341587425136,
    "I": -3.6818269941069395,
    "K": -3.095577608523707,
    "L": -2.788847341101232,
    "M": -3.6280023440931597,
    "N": -3.5769274141567444,
    "P": -2.4284059143670222,
    "Q": -3.0803101363929186,
    "R": -2.3487681469703294,
    "S": -2.4075718274641806,
    "T": -3.0828385827462776,
    "V": -3.1189249725206984,
    "W": -4.887337077751762,
    "Y": -3.6957483326255476
  },
  "-8": {
    "A": -2.612834953500542,
    "C": -4.887337077751762,
    "D": -3.328383070749654,
    "E": -3.0238534277252613,
    "F": -3.5243900806288626,
    "G": -2.0994808833811924,
    "H": -3.8743385418066443,
    "I": -3.6367743301659967,
    "K": -3.0382767546863665,
    "L": -2.755449060699384,
    "M": -3.623645038724204,
    "N": -3.5645561223541975,
    "P": -2.4714232994507133,
    "Q": -3.060309469686249,
    "R": -2.275007397042318,
    "S": -2.4231565584808785,
    "T": -3.062787785700716,
    "V": -3.1673215133825483,
    "W": -5.21157674593734,
    "Y": -3.568662904306851
  },
  "-7": {
    "A": -2.555940287519171,
    "C": -4.607377051393891,
    "D": -3.159091014246033,
    "E": -3.031039087386136,
    "F": -3.597892542621789,
    "G": -2.0514124803401703,
    "H": -3.8912403526092474,
    "I": -3.6545525761872804,
    "K": -3.2386784521643803,
    "L": -2.807895536071926,
    "M": -3.8743385418066443,
    "N": -3.532295260135976,
    "P": -2.377112619979472,
    "Q": -3.070259800539417,
    "R": -2.2571098275847756,
    "S": -2.3985916516565964,
    "T": -3.181191361246699,
    "V": -3.1455222850399642,
    "W": -5.277534713729138,
    "Y": -3.6680968012950377
  },
  "-6": {
    "A": -2.5634421981709656,
    "C": -4.7576592544432295,
    "D": -3.4377068414600607,
    "E": -3.0431311331511646,
    "F": -3.528334858919879,
    "G": -1.958402285121287,
    "H": -3.896938373723885,
    "I": -3.520460802488973,
    "K": -3.2239939004814593,
    "L": -2.656495889616558,
    "M": -3.544271451182692,
    "N": -3.572786621490713,
    "P": -2.4978688211152718,
    "Q": -3.070259800539417,
    "R": -2.385901126012551,
    "S": -2.4714232994507133,
    "T": -3.035858373822085,
    "V": -3.035858373822085,
    "W": -5.0543911624149285,
    "Y": -3.72900555438203
  },
  "-5": {
    "A": -2.622373976547301,
    "C": -4.730991007361069,
    "D": -3.226913610584794,
    "E": -3.035858373822085,
    "F": -3.5010427166318716,
    "G": -1.9453302035539342,
    "H": -4.071291760868663,
    "I": -3.6818269941069395,
    "K": -3.4127501094861934,
    "L": -2.7108386309326598,
    "M": -3.6910863195197363,
    "N": -3.552336011019422,
    "P": -2.3609932380995886,
    "Q": -3.014352168601121,
    "R": -2.4336829714678663,
    "S": -2.35364026379433,
    "T": -3.1401459280035837,
    "V": -3.065272259028378,
    "W": -4.918589621255866,
    "Y": -3.6193066371256055
  },
  "-4": {
    "A": -2.5381620414978867,
    "C": -4.771264906499008,
    "D": -3.2996729648672223,
    "E": -2.941426928696449,
    "F": -3.4377068414600607,
    "G": -1.991850219188827,
    "H": -3.9318256327243257,
    "I": -3.5645561223541975,
    "K": -3.5563928117150363,
    "L": -2.6482653904800424,
    "M": -3.768419522922907,
    "N": -3.6193066371256055,
    "P": -2.3524200073891004,
    "Q": -2.9795054372709533,
    "R": -2.5293900554250497,
    "S": -2.4231565584808785,
    "T": -3.040700998297873,
    "V": -3.1189249725206984,
    "W": -5.169904049536773,
    "Y": -3.3381392456950185
  },
  "-3": {
    "A": -2.4880441806867535,
    "C": -4.595816228992815,
    "D": -3.341412571039988,
    "E": -2.84113417754766,
    "F": -3.2809808318550697,
    "G": -1.8970039688755418,
    "H": -3.9557788737468185,
    "I": -3.6910863195197363,
    "K": -3.528334858919879,
    "L": -2.730222497753708,
    "M": -3.593664206512268,
    "N": -3.4707373671365427,
    "P": -2.321204988041176,
    "Q": -3.0480091916045975,
    "R": -2.700421870074404,
    "S": -2.35364026379433,
    "T": -3.215285572589675,
    "V": -3.2181799306160395,
    "W": -4.98418690374168,
    "Y": -3.493379843886302
  },
  "-2": {
    "A": -2.4310409620050275,
    "C": -4.595816228992815,
    "D": -3.262631693186873,
    "E": -2.902628959155466,
    "F": -3.430512565826034,
    "G": -1.9502122311512424,
    "H": -3.8577176605706036,
    "I": -3.568662904306851,
    "K": -3.581085424305408,
    "L": -2.649906079937502,
    "M": -3.650078295792359,
    "N": -3.6280023440931597,
    "P": -2.5740403291627887,
    "Q": -3.065272259028378,
    "R": -2.3307062471653164,
    "S": -2.401149197807713,
    "T": -3.1784019591591206,
    "V": -3.1268301520278117,
    "W": -4.7179189257937155,
    "Y": -3.5604661371026722
  },
  "-1": {
    "A": -2.7518060694208826,
    "C": -4.7179189257937155,
    "D": -2.406283997279752,
    "E": -3.2565893787309106,
    "F": -3.593664206512268,
    "G": -1.7346010553881064,
    "H": -4.209694083727782,
    "I": -3.4233696783136534,
    "K": -3.835977673934198,
    "L": -2.419237546280143,
    "M": -3.8743385418066443,
    "N": -3.4022421318877782,
    "P": -2.247181450387441,
    "Q": -3.2687107392632555,
    "R": -3.0803101363929186,
    "S": -2.4284059143670222,
    "T": -3.581085424305408,
    "V": -3.18398856586776,
    "W": -5.277534713729138,
    "Y": -3.497203940324706
  },
  "0": {
    "A": "-inf",
    "C": "-inf",
    "D": "-inf",
    "E": "-inf",
    "F": "-inf",
    "G": "-inf",
    "H": "-inf",
    "I": "-inf",
    "K": "-inf",
    "L": "-inf",
    "M": "-inf",
    "N": "-inf",
    "P": "-inf",
    "Q": "-inf",
    "R": 0.0,
    "S": "-inf",
    "T": "-inf",
    "V": "-inf",
    "W": "-inf",
    "Y": "-inf"
  },
  "+1": {
    "A": -2.707354306850049,
    "C": -4.799044470606084,
    "D": -3.6772292848583104,
    "E": -3.6367743301659967,
    "F": -3.277899165317662,
    "G": -0.982726088962245,
    "H": -3.9259259105971376,
    "I": -3.705138072975387,
    "K": -3.705138072975387,
    "L": -2.7248986165009583,
    "M": -3.8042289756196177,
    "N": -3.914229870833946,
    "P": -2.7701552080890792,
    "Q": -3.532295260135976,
    "R": -3.2596059722703363,
    "S": -2.7391591077201154,
    "T": -3.6726526178308987,
    "V": -3.444953249980828,
    "W": -5.110480629065972,
    "Y": -3.7241862679460813
  },
  "+2": {
    "A": -2.4140359740840696,
    "C": -4.7179189257937155,
    "D": -3.7241862679460813,
    "E": -3.312331361739146,
    "F": -3.34799154213803,
    "G": -1.6914937058403183,
    "H": -3.961857919823201,
    "I": -3.6545525761872804,
    "K": -3.650078295792359,
    "L": -2.772008776738402,
    "M": -3.8632273163815736,
    "N": -3.773457316952864,
    "P": -2.504945991489357,
    "Q": -3.1058869781825686,
    "R": -2.3402986468567555,
    "S": -2.4376591198475057,
    "T": -3.198093172049302,
    "V": -3.033445827416701,
    "W": -4.550864841130549,
    "Y": -3.5243900806288626
  },
  "+3": {
    "A": -2.600256171293682,
    "C": -4.573087977915259,
    "D": -3.3512973302725295,
    "E": -3.215285572589675,
    "F": -3.18398856586776,
    "G": -1.9437081431820662,
    "H": -3.6818269941069395,
    "I": -3.532295260135976,
    "K": -3.4377068414600607,
    "L": -2.5006936817508265,
    "M": -3.8413685225690744,
    "N": -3.532295260135976,
    "P": -2.4140359740840696,