{
  "-10": {
    "A": 0.024691358024691357,
    "C": 0.037037037037037035,
    "D": 0.07407407407407407,
    "E": 0.04938271604938271,
    "F": 0.037037037037037035,
    "G": 0.1111111111111111,
    "H": 0.037037037037037035,
    "I": 0.06172839506172839,
    "K": 0.024691358024691357,
    "L": 0.07407407407407407,
    "M": 0.0,
    "N": 0.024691358024691357,
    "P": 0.037037037037037035,
    "Q": 0.07407407407407407,
    "R": 0.037037037037037035,
    "S": 0.06172839506172839,
    "T": 0.024691358024691357,
    "V": 0.04938271604938271,
    "W": 0.0,
    "Y": 0.06172839506172839
  },
  "-9": {
    "A": 0.06172839506172839,
    "C": 0.037037037037037035,
    "D": 0.024691358024691357,
    "E": 0.04938271604938271,
    "F": 0.012345679012345678,
    "G": 0.14814814814814814,
    "H": 0.024691358024691357,
    "I": 0.037037037037037035,
    "K": 0.07407407407407407,
    "L": 0.19753086419753085,
    "M": 0.012345679012345678,
    "N": 0.024691358024691357,
    "P": 0.037037037037037035,
    "Q": 0.012345679012345678,
    "R": 0.012345679012345678,
    "S": 0.024691358024691357,
    "T": 0.04938271604938271,
    "V": 0.04938271604938271,
    "W": 0.012345679012345678,
    "Y": 0.012345679012345678
  },
  "-8": {
    "A": 0.024691358024691357,
    "C": 0.0,
    "D": 0.09876543209876543,
    "E": 0.12345679012345678,
    "F": 0.024691358024691357,
    "G": 0.07407407407407407,
    "H": 0.024691358024691357,
    "I": 0.08641975308641975,
    "K": 0.08641975308641975,
    "L": 0.037037037037037035,
    "M": 0.024691358024691357,
    "N": 0.037037037037037035,
    "P": 0.06172839506172839,
    "Q": 0.024691358024691357,
    "R": 0.04938271604938271,
    "S": 0.06172839506172839,
    "T": 0.0,
    "V": 0.024691358024691357,
    "W": 0.024691358024691357,
    "Y": 0.037037037037037035
  },
  "-7": {
    "A": 0.13580246913580246,
    "C": 0.012345679012345678,
    "D": 0.07407407407407407,
    "E": 0.04938271604938271,
    "F": 0.024691358024691357,
    "G": 0.04938271604938271,
    "H": 0.037037037037037035,
    "I": 0.012345679012345678,
    "K": 0.07407407407407407,
    "L": 0.06172839506172839,
    "M": 0.07407407407407407,
    "N": 0.024691358024691357,
    "P": 0.024691358024691357,
    "Q": 0.012345679012345678,
    "R": 0.08641975308641975,
    "S": 0.04938271604938271,
    "T": 0.024691358024691357,
    "V": 0.06172839506172839,
    "W": 0.037037037037037035,
    "Y": 0.0
  },
  "-6": {
    "A": 0.06172839506172839,
    "C": 0.0,
    "D": 0.07407407407407407,
    "E": 0.04938271604938271,
    "F": 0.037037037037037035,
    "G": 0.08641975308641975,
    "H": 0.012345679012345678,
    "I": 0.06172839506172839,
    "K": 0.1111111111111111,
    "L": 0.08641975308641975,
    "M": 0.024691358024691357,
    "N": 0.024691358024691357,
    "P": 0.037037037037037035,
    "Q": 0.037037037037037035,
    "R": 0.012345679012345678,
    "S": 0.07407407407407407,
    "T": 0.012345679012345678,
    "V": 0.08641975308641975,
    "W": 0.024691358024691357,
    "Y": 0.012345679012345678
  },
  "-5": {
    "A": 0.024691358024691357,
    "C": 0.0,
    "D": 0.024691358024691357,
    "E": 0.07407407407407407,
    "F": 0.04938271604938271,
    "G": 0.06172839506172839,
    "H": 0.037037037037037035,
    "I": 0.09876543209876543,
    "K": 0.14814814814814814,
    "L": 0.024691358024691357,
    "M": 0.024691358024691357,
    "N": 0.012345679012345678,
    "P": 0.024691358024691357,
    "Q": 0.04938271604938271,
    "R": 0.13580246913580246,
    "S": 0.04938271604938271,
    "T": 0.037037037037037035,
    "V": 0.024691358024691357,
    "W": 0.012345679012345678,
    "Y": 0.024691358024691357
  },
  "-4": {
    "A": 0.07407407407407407,
    "C": 0.0,
    "D": 0.0,
    "E": 0.09876543209876543,
    "F": 0.012345679012345678,
    "G": 0.08641975308641975,
    "H": 0.06172839506172839,
    "I": 0.09876543209876543,
    "K": 0.04938271604938271,
    "L": 0.07407407407407407,
    "M": 0.037037037037037035,
    "N": 0.037037037037037035,
    "P": 0.04938271604938271,
    "Q": 0.037037037037037035,
    "R": 0.04938271604938271,
    "S": 0.06172839506172839,
    "T": 0.06172839506172839,
    "V": 0.024691358024691357,
    "W": 0.024691358024691357,
    "Y": 0.012345679012345678
  },
  "-3": {
    "A": 0.04938271604938271,
    "C": 0.037037037037037035,
    "D": 0.04938271604938271,
    "E": 0.06172839506172839,
    "F": 0.012345679012345678,
    "G": 0.16049382716049382,
    "H": 0.037037037037037035,
    "I": 0.06172839506172839,
    "K": 0.04938271604938271,
    "L": 0.1111111111111111,
    "M": 0.06172839506172839,
    "N": 0.06172839506172839,
    "P": 0.024691358024691357,
    "Q": 0.037037037037037035,
    "R": 0.04938271604938271,
    "S": 0.06172839506172839,
    "T": 0.024691358024691357,
    "V": 0.037037037037037035,
    "W": 0.0,
    "Y": 0.0
  },
  "-2": {
    "A": 0.04938271604938271,
    "C": 0.0,
    "D": 0.06172839506172839,
    "E": 0.12345679012345678,
    "F": 0.04938271604938271,
    "G": 0.024691358024691357,
    "H": 0.0,
    "I": 0.08641975308641975,
    "K": 0.12345679012345678,
    "L": 0.06172839506172839,
    "M": 0.012345679012345678,
    "N": 0.1111111111111111,
    "P": 0.06172839506172839,
    "Q": 0.04938271604938271,
    "R": 0.07407407407407407,
    "S": 0.04938271604938271,
    "T": 0.012345679012345678,
    "V": 0.024691358024691357,
    "W": 0.0,
    "Y": 0.012345679012345678
  },
  "-1": {
    "A": 0.04938271604938271,
    "C": 0.06172839506172839,
    "D": 0.024691358024691357,
    "E": 0.08641975308641975,
    "F": 0.024691358024691357,
    "G": 0.024691358024691357,
    "H": 0.024691358024691357,
    "I": 0.08641975308641975,
    "K": 0.07407407407407407,
    "L": 0.08641975308641975,
    "M": 0.024691358024691357,
    "N": 0.06172839506172839,
    "P": 0.037037037037037035,
    "Q": 0.012345679012345678,
    "R": 0.07407407407407407,
    "S": 0.04938271604938271,
    "T": 0.037037037037037035,
    "V": 0.09876543209876543,
    "W": 0.0,
    "Y": 0.06172839506172839
  },
  "0": {
    "A": 0.0,
    "C": 0.0,
    "D": 0.0,
    "E": 0.0,
    "F": 0.0,
    "G": 0.0,
    "H": 0.0,
    "I": 0.0,
    "K": 0.0,
    "L": 0.0,
    "M": 0.0,
    "N": 0.0,
    "P": 0.0,
    "Q": 0.0,
    "R": 0.0,
    "S": 0.0,
    "T": 0.0,
    "V": 0.0,
    "W": 0.0,
    "Y": 1.0
  },
  "+1": {
    "A": 0.04938271604938271,
    "C": 0.0,
    "D": 0.024691358024691357,
    "E": 0.12345679012345678,
    "F": 0.06172839506172839,
    "G": 0.06172839506172839,
    "H": 0.037037037037037035,
    "I": 0.0,
    "K": 0.024691358024691357,
    "L": 0.08641975308641975,
    "M": 0.024691358024691357,
    "N": 0.04938271604938271,
    "P": 0.024691358024691357,
    "Q": 0.06172839506172839,
    "R": 0.1111111111111111,
    "S": 0.07407407407407407,
    "T": 0.024691358024691357,
    "V": 0.06172839506172839,
    "W": 0.0,
    "Y": 0.07407407407407407
  },
  "+2": {
    "A": 0.09876543209876543,
    "C": 0.024691358024691357,
    "D": 0.037037037037037035,
    "E": 0.09876543209876543,
    "F": 0.06172839506172839,
    "G": 0.07407407407407407,
    "H": 0.012345679012345678,
    "I": 0.037037037037037035,
    "K": 0.04938271604938271,
    "L": 0.04938271604938271,
    "M": 0.037037037037037035,
    "N": 0.037037037037037035,
    "P": 0.07407407407407407,
    "Q": 0.06172839506172839,
    "R": 0.09876543209876543,
    "S": 0.012345679012345678,
    "T": 0.024691358024691357,
    "V": 0.06172839506172839,
    "W": 0.024691358024691357,
    "Y": 0.0
  },
  "+3": {
    "A": 0.024691358024691357,
    "C": 0.0,
    "D": 0.024691358024691357,
    "E": 0.0,
    "F": 0.024691358024691357,
    "G": 0.024691358024691357,
    "H": 0.012345679012345678,
    "I": 0.07407407407407407,
    "K": 0.14814814814814814,
    "L": 0.07407407407407407,
    "M": 0.037037037037037035,
    "N": 0.08641975308641975,
    "P": 0.08641975308641975,
    "Q": 0.012345679012345678,
    "R": 0.08641975308641975,
    "S": 0.13580246913580246,
    "T": 0.07407407407407407,
    "V": 0.04938271604938271,
    "W": 0.0,