{
  "-10": {
    "A": -3.3366588605245844,
    "C": "-inf",
    "D": -2.4716614230379794,
    "E": -2.0838958920292163,
    "F": -3.0182051294060495,
    "G": -2.643511679964639,
    "H": -3.4701902531491067,
    "I": -4.722953221644475,
    "K": -3.4701902531491067,
    "L": -2.643511679964639,
    "M": -4.029806041084529,
    "N": -4.31748811353631,
    "P": "-inf",
    "Q": -3.2188758248682006,
    "R": -2.325057948846104,
    "S": -3.2188758248682006,
    "T": -3.2188758248682006,
    "V": -3.2188758248682006,
    "W": -4.31748811353631,
    "Y": -3.0182051294060495
  },
  "-9": {
    "A": -2.8511510447428834,
    "C": -4.722953221644475,
    "D": -2.8511510447428834,
    "E": -2.7770430725891617,
    "F": -4.31748811353631,
    "G": -2.4716614230379794,
    "H": -3.4701902531491067,
    "I": -5.41610040220442,
    "K": -4.029806041084529,
    "L": -2.9311937524164198,
    "M": -4.029806041084529,
    "N": -3.4701902531491067,
    "P": -1.7272209480904839,
    "Q": -4.029806041084529,
    "R": -2.643511679964639,
    "S": -2.8511510447428834,
    "T": -3.624340932976365,
    "V": -4.31748811353631,
    "W": -4.722953221644475,
    "Y": -3.0182051294060495
  },
  "-8": {
    "A": -3.4701902531491067,
    "C": -5.41610040220442,
    "D": -2.643511679964639,
    "E": -2.7770430725891617,
    "F": -3.2188758248682006,
    "G": -3.2188758248682006,
    "H": -4.722953221644475,
    "I": -4.029806041084529,
    "K": -3.4701902531491067,
    "L": -2.2806061862752705,
    "M": -4.029806041084529,
    "N": -3.624340932976365,
    "P": -2.4716614230379794,
    "Q": -4.722953221644475,
    "R": -3.0182051294060495,
    "S": -2.70805020110221,
    "T": -2.5257286443082556,
    "V": -3.4701902531491067,
    "W": -3.624340932976365,
    "Y": -2.7770430725891617
  },
  "-7": {
    "A": -3.4701902531491067,
    "C": -3.4701902531491067,
    "D": -2.2806061862752705,
    "E": -2.2806061862752705,
    "F": -3.624340932976365,
    "G": -2.2806061862752705,
    "H": -3.1135153092103742,
    "I": -4.722953221644475,
    "K": -3.4701902531491067,
    "L": -2.8511510447428834,
    "M": -3.8066624897703196,
    "N": -4.31748811353631,
    "P": -3.3366588605245844,
    "Q": -3.8066624897703196,
    "R": -3.8066624897703196,
    "S": -3.3366588605245844,
    "T": -2.582887058148204,
    "V": -3.1135153092103742,
    "W": -4.029806041084529,
    "Y": -3.3366588605245844
  },
  "-6": {
    "A": -2.325057948846104,
    "C": -5.41610040220442,
    "D": -2.9311937524164198,
    "E": -2.2806061862752705,
    "F": -2.582887058148204,
    "G": -3.0182051294060495,
    "H": -4.029806041084529,
    "I": -3.624340932976365,
    "K": -4.31748811353631,
    "L": -3.2188758248682006,
    "M": -3.8066624897703196,
    "N": -3.1135153092103742,
    "P": -3.1135153092103742,
    "Q": -3.3366588605245844,
    "R": -2.5257286443082556,
    "S": -2.70805020110221,
    "T": -3.2188758248682006,
    "V": -4.029806041084529,
    "W": "-inf",
    "Y": -3.3366588605245844
  },
  "-5": {
    "A": -3.4701902531491067,
    "C": -5.41610040220442,
    "D": -2.8511510447428834,
    "E": -1.8051824895601956,
    "F": -3.4701902531491067,
    "G": -3.3366588605245844,
    "H": -3.0182051294060495,
    "I": -2.7770430725891617,
    "K": -3.2188758248682006,
    "L": -3.3366588605245844,
    "M": -3.624340932976365,
    "N": -3.8066624897703196,
    "P": -3.3366588605245844,
    "Q": -3.3366588605245844,
    "R": -3.4701902531491067,
    "S": -2.70805020110221,
    "T": -2.9311937524164198,
    "V": -3.3366588605245844,
    "W": "-inf",
    "Y": -2.643511679964639
  },
  "-4": {
    "A": -3.0182051294060495,
    "C": "-inf",
    "D": -2.643511679964639,
    "E": -1.9821131977192739,
    "F": -3.0182051294060495,
    "G": -4.029806041084529,
    "H": -4.722953221644475,
    "I": -4.31748811353631,
    "K": "-inf",
    "L": -3.4701902531491067,
    "M": -4.029806041084529,
    "N": -2.582887058148204,
    "P": -2.2806061862752705,
    "Q": -2.70805020110221,
    "R": -3.3366588605245844,
    "S": -2.2806061862752705,
    "T": -2.70805020110221,
    "V": -4.029806041084529,
    "W": -5.41610040220442,
    "Y": -3.4701902531491067
  },
  "-3": {
    "A": -3.8066624897703196,
    "C": "-inf",
    "D": -1.8051824895601956,
    "E": -2.158003864182938,
    "F": -2.158003864182938,
    "G": -3.1135153092103742,
    "H": -3.2188758248682006,
    "I": -4.31748811353631,
    "K": "-inf",
    "L": -3.624340932976365,
    "M": "-inf",
    "N": -2.7770430725891617,
    "P": -2.8511510447428834,
    "Q": -2.5257286443082556,
    "R": -4.31748811353631,
    "S": -2.643511679964639,
    "T": -3.4701902531491067,
    "V": -4.31748811353631,
    "W": -5.41610040220442,
    "Y": -2.4716614230379794
  },
  "-2": {
    "A": -2.9311937524164198,
    "C": -4.722953221644475,
    "D": -1.8607523407150064,
    "E": -2.1972245773362196,
    "F": -3.8066624897703196,
    "G": -3.4701902531491067,
    "H": -3.8066624897703196,
    "I": -4.31748811353631,
    "K": -5.41610040220442,
    "L": -3.0182051294060495,
    "M": -4.31748811353631,
    "N": -3.8066624897703196,
    "P": -2.643511679964639,
    "Q": -2.5257286443082556,
    "R": -2.4203681286504293,
    "S": -3.3366588605245844,
    "T": -2.9311937524164198,
    "V": -4.31748811353631,
    "W": -5.41610040220442,
    "Y": -2.0838958920292163
  },
  "-1": {
    "A": -2.9311937524164198,
    "C": "-inf",
    "D": -0.7156200364120039,
    "E": -2.4716614230379794,
    "F": -4.31748811353631,
    "G": -5.41610040220442,
    "H": -3.8066624897703196,
    "I": -2.4203681286504293,
    "K": "-inf",
    "L": -4.31748811353631,
    "M": -4.722953221644475,
    "N": -3.624340932976365,
    "P": -3.2188758248682006,
    "Q": -3.3366588605245844,
    "R": "-inf",
    "S": -4.029806041084529,
    "T": -4.31748811353631,
    "V": -4.31748811353631,
    "W": "-inf",
    "Y": -2.643511679964639
  },
  "0": {
    "A": "-inf",
    "C": "-inf",
    "D": "-inf",
    "E": "-inf",
    "F": "-inf",
    "G": "-inf",
    "H": "-inf",
    "I": "-inf",
    "K": "-inf",
    "L": "-inf",
    "M": "-inf",
    "N": "-inf",
    "P": "-inf",
    "Q": "-inf",
    "R": "-inf",
    "S": "-inf",
    "T": "-inf",
    "V": "-inf",
    "W": "-inf",
    "Y": 0.0
  },
  "+1": {
    "A": -4.722953221644475,
    "C": -3.3366588605245844,
    "D": -1.7785142424780342,
    "E": -2.5257286443082556,
    "F": -5.41610040220442,
    "G": -1.6784307839210517,
    "H": -5.41610040220442,
    "I": -3.1135153092103742,
    "K": -5.41610040220442,
    "L": -3.4701902531491067,
    "M": -2.9311937524164198,
    "N": -4.029806041084529,
    "P": -2.643511679964639,
    "Q": -3.624340932976365,
    "R": "-inf",
    "S": -3.624340932976365,
    "T": -2.0838958920292163,
    "V": -4.722953221644475,
    "W": "-inf",
    "Y": -2.7770430725891617
  },
  "+2": {
    "A": -4.31748811353631,
    "C": "-inf",
    "D": -1.91959284073794,
    "E": -2.4203681286504293,
    "F": -4.029806041084529,
    "G": -2.048804572217946,
    "H": -2.643511679964639,
    "I": -4.31748811353631,
    "K": "-inf",
    "L": -3.624340932976365,
    "M": "-inf",
    "N": -3.624340932976365,
    "P": -3.8066624897703196,
    "Q": -2.70805020110221,
    "R": "-inf",
    "S": -3.0182051294060495,
    "T": -3.1135153092103742,
    "V": -3.624340932976365,
    "W": -2.9311937524164198,
    "Y": -1.9503644994046936
  },
  "+3": {
    "A": -3.8066624897703196,
    "C": -5.41610040220442,
    "D": -2.325057948846104,
    "E": -2.371577964480997,
    "F": -4.722953221644475,
    "G": -2.643511679964639,
    "H": -4.31748811353631,
    "I": -4.029806041084529,
    "K": -4.31748811353631,
    "L": -3.3366588605245844,
    "M": -2.1972245773362196,
    "N": -3.4701902531491067,
    "P": -2.70805020110221,
    "Q": -3.8066624897703196,
    "R": "-inf",
    "S": -3.4701902531491067,
    "T": -2.8511510447428834,
    "V": -4.31748811353631,
    "W": -2.2806061862752705,
    "Y": -2.4716614230379794
  },
  "+4": {
    "A": -4.31748811353631,
    "C": -4.722953221644475,