{
  "-10": {
    "A": -2.716737645450679,
    "C": -4.565294713071867,
    "D": -2.9689288822051196,
    "E": -2.485853171392031,
    "F": -3.340755631164454,
    "G": -2.7415836440372097,
    "H": -4.049287730563878,
    "I": -2.9251638542383605,
    "K": -2.4586297127813745,
    "L": -2.4476319585718334,
    "M": -3.710603103659725,
    "N": -3.3218514765253015,
    "P": -3.083100027545101,
    "Q": -3.169307222746317,
    "R": -2.842992044821803,
    "S": -2.793208009442517,
    "T": -2.9403925749401854,
    "V": -2.7627708772566537,
    "W": -4.920116088361277,
    "Y": -3.69961398208413
  },
  "-9": {
    "A": -2.497281867215654,
    "C": -4.61864069377716,
    "D": -2.95326276546072,
    "E": -2.510505200390343,
    "F": -3.497454083070511,
    "G": -2.7045423723568605,
    "H": -3.989119209097426,
    "I": -2.96630075979885,
    "K": -2.4586297127813745,
    "L": -2.539199152097324,
    "M": -3.7443141610020367,
    "N": -3.3218514765253015,
    "P": -3.028567148524851,
    "Q": -3.110007480465025,
    "R": -2.77787364544241,
    "S": -2.7866073254111647,
    "T": -3.01194626728881,
    "V": -2.7954179550933196,
    "W": -4.938808221373429,
    "Y": -3.8786622135331155
  },
  "-8": {
    "A": -2.5374882876936944,
    "C": -4.490259527128953,
    "D": -2.782230950811366,
    "E": -2.4729497665561233,
    "F": -3.5525138602535384,
    "G": -2.579379229402855,
    "H": -4.011260334974639,
    "I": -3.1345485893811427,
    "K": -2.4907351989893396,
    "L": -2.487477867119033,
    "M": -4.057069871005933,
    "N": -3.195367329416182,
    "P": -3.1597071490172977,
    "Q": -3.156527496099918,
    "R": -2.7649145007999048,
    "S": -2.806541540311982,
    "T": -3.0369823454501352,
    "V": -2.7584973664792716,
    "W": -5.017279836814924,
    "Y": -3.9254935132172144
  },
  "-7": {
    "A": -2.5617109252695407,
    "C": -4.605035041721381,
    "D": -2.905213067819012,
    "E": -2.6156808560790696,
    "F": -3.407841924380824,
    "G": -2.780049924865006,
    "H": -3.9254935132172144,
    "I": -2.9352905230562896,
    "K": -2.563463774096955,
    "L": -2.446070678004881,
    "M": -3.69961398208413,
    "N": -3.3218514765253015,
    "P": -2.961065145744905,
    "Q": -3.0540282127231237,
    "R": -2.8546607886561803,
    "S": -2.829166939829961,
    "T": -2.932749225627617,
    "V": -2.6825634656380855,
    "W": -5.080458738436456,
    "Y": -3.750044835711022
  },
  "-6": {
    "A": -2.4414014088211973,
    "C": -4.920116088361277,
    "D": -2.849976939343754,
    "E": -2.449195680548016,
    "F": -3.5384621067978883,
    "G": -2.647608450604509,
    "H": -4.18171231621321,
    "I": -3.0684584775521526,
    "K": -2.370960311157881,
    "L": -2.649518670860628,
    "M": -3.9254935132172144,
    "N": -3.303298068629554,
    "P": -3.0341694040735203,
    "Q": -3.062661359867827,
    "R": -2.793208009442517,
    "S": -2.708590960882861,
    "T": -3.0369823454501352,
    "V": -2.833754103836867,
    "W": -5.195528068221243,
    "Y": -3.8852196140792747
  },
  "-5": {
    "A": -2.5669787162043995,
    "C": -4.8837484441904015,
    "D": -2.739489402434095,
    "E": -2.3580197998821464,
    "F": -3.462362763259241,
    "G": -2.7757020919289026,
    "H": -4.226968907801331,
    "I": -3.110007480465025,
    "K": -2.484231111020163,
    "L": -2.510505200390343,
    "M": -3.8528543295772426,
    "N": -3.1986731175506815,
    "P": -3.1191399640282977,
    "Q": -3.1790003519519763,
    "R": -2.8246007218503797,
    "S": -2.664933234261815,
    "T": -2.910163572978868,
    "V": -2.7521211493399957,
    "W": -5.576895624750347,
    "Y": -4.033902811724399
  },
  "-4": {
    "A": -2.574045883427492,
    "C": -4.848657124379131,
    "D": -2.91264804630653,
    "E": -2.497281867215654,
    "F": -3.5154725885731892,
    "G": -2.684541705650191,
    "H": -4.011260334974639,
    "I": -3.0174559230997797,
    "K": -2.58474117254424,
    "L": -2.480994862240955,
    "M": -3.8092337071013525,
    "N": -3.2289275259084835,
    "P": -2.9506754418957692,
    "Q": -3.048313911459685,
    "R": -2.845314926237943,
    "S": -2.664933234261815,
    "T": -3.025777746437272,
    "V": -2.6418995863841888,
    "W": -5.298182222281326,
    "Y": -3.891820298110627
  },
  "-3": {
    "A": -2.5071829381983655,
    "C": -4.90176694969308,
    "D": -2.782230950811366,
    "E": -2.4476319585718334,
    "F": -3.3997117982975738,
    "G": -2.684541705650191,
    "H": -4.264709235784179,
    "I": -3.0511669804420913,
    "K": -2.6101508880696085,
    "L": -2.3796812966633256,
    "M": -3.6258964061875623,
    "N": -3.2707454655918053,
    "P": -3.1986731175506815,
    "Q": -3.059775354978692,
    "R": -3.0037382868709805,
    "S": -2.782230950811366,
    "T": -3.0919889749623466,
    "V": -2.581163351196356,
    "W": -5.2202206808116145,
    "Y": -3.7443141610020367
  },
  "-2": {
    "A": -2.5255935000415453,
    "C": -4.814755572703451,
    "D": -2.791002936884203,
    "E": -2.2679179651849597,
    "F": -3.5384621067978883,
    "G": -2.6552713233500778,
    "H": -4.146926200127795,
    "I": -3.1191399640282977,
    "K": -2.6175309953672308,
    "L": -2.542629687194113,
    "M": -4.28412732164128,
    "N": -3.281479021234914,
    "P": -3.0398032217917765,
    "Q": -2.9403925749401854,
    "R": -2.9002869494829557,
    "S": -2.7187847290724036,
    "T": -2.9768549474775403,
    "V": -2.6766521183750283,
    "W": -5.195528068221243,
    "Y": -3.9532730773242903
  },
  "-1": {
    "A": -2.388479007366855,
    "C": -5.2715139751991655,
    "D": -2.659124892666068,
    "E": -2.2145380764044558,
    "F": -3.656826706878921,
    "G": -2.659124892666068,
    "H": -4.334389156422168,
    "I": -2.995597129287281,
    "K": -2.8832341611002366,
    "L": -2.5512578684174514,
    "M": -4.226968907801331,
    "N": -3.0772176576420343,
    "P": -3.182252387338354,
    "Q": -2.804306902510566,
    "R": -3.2120066484201466,
    "S": -2.672730544721847,
    "T": -2.8712292150034133,
    "V": -2.7692155826992955,
    "W": -5.507902753263395,
    "Y": -3.981846449768346
  },
  "0": {
    "A": "-inf",
    "C": "-inf",
    "D": "-inf",
    "E": "-inf",
    "F": "-inf",
    "G": "-inf",
    "H": "-inf",
    "I": "-inf",
    "K": "-inf",
    "L": "-inf",
    "M": 0.0,
    "N": "-inf",
    "P": "-inf",
    "Q": "-inf",
    "R": "-inf",
    "S": "-inf",
    "T": "-inf",
    "V": "-inf",
    "W": "-inf",
    "Y": "-inf"
  },
  "+1": {
    "A": -2.5022201488562366,
    "C": -4.90176694969308,
    "D": -2.5374882876936944,
    "E": -2.1721331769236953,
    "F": -3.5109374334077983,
    "G": -2.599181856699034,
    "H": -4.274371146695915,
    "I": -3.1252749525958134,
    "K": -2.729083481272978,
    "L": -2.4617942723843376,
    "M": -4.072818227974073,
    "N": -2.9875217152817353,
    "P": -2.961065145744905,
    "Q": -3.006466801524185,
    "R": -3.4037685989931883,
    "S": -2.857010966001134,
    "T": -2.91264804630653,
    "V": -2.684541705650191,
    "W": -5.69022431005735,
    "Y": -4.08078639762325
  },
  "+2": {
    "A": -2.4940031757539556,
    "C": -5.0378991240176605,
    "D": -2.6231020404166863,
    "E": -2.348069469028978,
    "F": -3.6107827683775144,
    "G": -2.586534894998267,
    "H": -4.155509943819186,
    "I": -3.0174559230997797,
    "K": -2.8020772471832966,
    "L": -2.457051180488325,
    "M": -4.303929948937459,
    "N": -3.110007480465025,
    "P": -2.820055259478705,
    "Q": -2.9795109915356566,
    "R": -3.042632077992254,
    "S": -2.7146947438208784,
    "T": -2.8784148746642875,
    "V": -2.760631839007904,
    "W": -5.245538488795905,
    "Y": -4.057069871005933
  },
  "+3": {
    "A": -2.5443493780736395,
    "C": -4.866048867091001,
    "D": -2.7025242082006233,
    "E": -2.4476319585718334,
    "F": -3.3956713887605687,
    "G": -2.710621418433243,
    "H": -4.041565684469969,
    "I": -2.9480947953022776,
    "K": -2.659124892666068,
    "L": -2.4907351989893396,
    "M": -3.605795226866475,
    "N": -3.1757588580278053,
    "P": -2.895384978882749,
    "Q": -3.031364353145912,