{
  "-10": {
    "A": 0.06760659079327332,
    "C": 0.01800577543740445,
    "D": 0.05146933922201461,
    "E": 0.08578223203669101,
    "F": 0.027178528962119926,
    "G": 0.05673517920842534,
    "H": 0.02174282316969594,
    "I": 0.04059792763716664,
    "K": 0.08934941396296925,
    "L": 0.07779853915406829,
    "M": 0.020723628333616444,
    "N": 0.042126719891285885,
    "P": 0.06658739595719382,
    "Q": 0.04433497536945813,
    "R": 0.05214880244606761,
    "S": 0.0908782062170885,
    "T": 0.052318668252080855,
    "V": 0.0524885340580941,
    "W": 0.0049261083743842365,
    "Y": 0.016137251571258705
  },
  "-9": {
    "A": 0.06081195855274333,
    "C": 0.013079667063020214,
    "D": 0.05062001019194836,
    "E": 0.08459317139459827,
    "F": 0.02632919993205368,
    "G": 0.05809410565653134,
    "H": 0.024460676065907933,
    "I": 0.03431289281467641,
    "K": 0.09359605911330049,
    "L": 0.07389162561576355,
    "M": 0.019364701885510448,
    "N": 0.03652114829284865,
    "P": 0.06251061661287582,
    "Q": 0.04807202310174962,
    "R": 0.059962629522677086,
    "S": 0.09427552233735349,
    "T": 0.058603703074571085,
    "V": 0.054696789536266346,
    "W": 0.006454900628503482,
    "Y": 0.020214030915576695
  },
  "-8": {
    "A": 0.0703244436894853,
    "C": 0.015797519959232207,
    "D": 0.046543230847630374,
    "E": 0.08595209784270426,
    "F": 0.03278410056055716,
    "G": 0.056225581790385594,
    "H": 0.030405979276371665,
    "I": 0.03940886699507389,
    "K": 0.09512485136741974,
    "L": 0.08017666043825378,
    "M": 0.019704433497536946,
    "N": 0.03720061151690165,
    "P": 0.06352981144895532,
    "Q": 0.04569390181756412,
    "R": 0.04909121793782911,
    "S": 0.08799048751486326,
    "T": 0.052318668252080855,
    "V": 0.04926108374384237,
    "W": 0.006285034822490233,
    "Y": 0.0185153728554442
  },
  "-7": {
    "A": 0.059962629522677086,
    "C": 0.01460845931713946,
    "D": 0.049770681161882116,
    "E": 0.0922371326651945,
    "F": 0.026499065738066926,
    "G": 0.05809410565653134,
    "H": 0.027688126380159675,
    "I": 0.036860879904875146,
    "K": 0.09461525394937999,
    "L": 0.07796840496008153,
    "M": 0.017156446407338204,
    "N": 0.037880074740954645,
    "P": 0.06964498046543231,
    "Q": 0.0545269237302531,
    "R": 0.05078987599796161,
    "S": 0.0888398165449295,
    "T": 0.05062001019194836,
    "V": 0.05146933922201461,
    "W": 0.005605571598437235,
    "Y": 0.020214030915576695
  },
  "-6": {
    "A": 0.06403940886699508,
    "C": 0.013419398675046714,
    "D": 0.05112960760998811,
    "E": 0.08340411075250552,
    "F": 0.02870732121623917,
    "G": 0.06285034822490233,
    "H": 0.019704433497536946,
    "I": 0.041786988279259384,
    "K": 0.08102598946832003,
    "L": 0.08425343978257177,
    "M": 0.02242228639374894,
    "N": 0.041617122473246136,
    "P": 0.06658739595719382,
    "Q": 0.048411754713776116,
    "R": 0.0558858501783591,
    "S": 0.0922371326651945,
    "T": 0.05197893664005436,
    "V": 0.05197893664005436,
    "W": 0.005775437404450484,
    "Y": 0.020723628333616444
  },
  "-5": {
    "A": 0.06420927467300833,
    "C": 0.013759130287073212,
    "D": 0.05299813147613385,
    "E": 0.089179548156956,
    "F": 0.030066247664345166,
    "G": 0.058603703074571085,
    "H": 0.02174282316969594,
    "I": 0.04450484117547138,
    "K": 0.08731102429081027,
    "L": 0.07847800237812129,
    "M": 0.021572957363682692,
    "N": 0.0356718192627824,
    "P": 0.07151350433157805,
    "Q": 0.04535417020553763,
    "R": 0.05011041277390861,
    "S": 0.08697129267878376,
    "T": 0.05792423985051809,
    "V": 0.053167997282147106,
    "W": 0.007643961270596229,
    "Y": 0.021572957363682692
  },
  "-4": {
    "A": 0.06217088500084933,
    "C": 0.00730422965856973,
    "D": 0.04399524375743163,
    "E": 0.09665364362153898,
    "F": 0.02938678444029217,
    "G": 0.06302021403091558,
    "H": 0.02632919993205368,
    "I": 0.04722269407168337,
    "K": 0.08136572108034652,
    "L": 0.09036860879904875,
    "M": 0.02140309155766944,
    "N": 0.04093765924919314,
    "P": 0.0733820281977238,
    "Q": 0.04569390181756412,
    "R": 0.04059792763716664,
    "S": 0.08731102429081027,
    "T": 0.05503652114829285,
    "V": 0.05724477662646509,
    "W": 0.006964498046543231,
    "Y": 0.018685238661457448
  },
  "-3": {
    "A": 0.06522846950908782,
    "C": 0.009682350942755224,
    "D": 0.04909121793782911,
    "E": 0.09002887718702225,
    "F": 0.033973161202649906,
    "G": 0.0524885340580941,
    "H": 0.016137251571258705,
    "I": 0.04348564633939188,
    "K": 0.08221505011041277,
    "L": 0.08238491591642602,
    "M": 0.025140139289960933,
    "N": 0.04093765924919314,
    "P": 0.07389162561576355,
    "Q": 0.048921352131815865,
    "R": 0.04280618311533888,
    "S": 0.087141158484797,
    "T": 0.06488873789706132,
    "V": 0.06556820112111432,
    "W": 0.006285034822490233,
    "Y": 0.017156446407338204
  },
  "-2": {
    "A": 0.05435705792423985,
    "C": 0.012909801257006965,
    "D": 0.08629182945473077,
    "E": 0.12094445388143367,
    "F": 0.03295396636657041,
    "G": 0.057074910820451845,
    "H": 0.021063359945642943,
    "I": 0.04688296245965687,
    "K": 0.07626974689994905,
    "L": 0.07423135722779005,
    "M": 0.01732631221335145,
    "N": 0.04042806183115339,
    "P": 0.05792423985051809,
    "Q": 0.044165109563444875,
    "R": 0.03618141668082215,
    "S": 0.08119585527433328,
    "T": 0.05112960760998811,
    "V": 0.06590793273314081,
    "W": 0.004416510956344488,
    "Y": 0.017496178019364702
  },
  "-1": {
    "A": 0.0555461185663326,
    "C": 0.011720740614914217,
    "D": 0.02547987090198743,
    "E": 0.06319007983692883,
    "F": 0.036860879904875146,
    "G": 0.049770681161882116,
    "H": 0.013079667063020214,
    "I": 0.10514693392220147,
    "K": 0.05214880244606761,
    "L": 0.10752505520638696,
    "M": 0.02564973670800068,
    "N": 0.02921691863427892,
    "P": 0.056565313402412096,
    "Q": 0.045014438593511126,
    "R": 0.03889926957703414,
    "S": 0.07287243077968406,
    "T": 0.059113300492610835,
    "V": 0.13045693901817565,
    "W": 0.0035671819262782403,
    "Y": 0.0181756412434177
  },
  "0": {
    "A": 0.0,
    "C": 0.0,
    "D": 0.0,
    "E": 0.0,
    "F": 0.0,
    "G": 0.0,
    "H": 0.0,
    "I": 0.0,
    "K": 1.0,
    "L": 0.0,
    "M": 0.0,
    "N": 0.0,
    "P": 0.0,
    "Q": 0.0,
    "R": 0.0,
    "S": 0.0,
    "T": 0.0,
    "V": 0.0,
    "W": 0.0,
    "Y": 0.0
  },
  "+1": {
    "A": 0.07117377271955155,
    "C": 0.008663156106675726,
    "D": 0.038219806352981146,
    "E": 0.10327841005605572,
    "F": 0.02564973670800068,
    "G": 0.046543230847630374,
    "H": 0.024120944453881434,
    "I": 0.04722269407168337,
    "K": 0.05928316629862409,
    "L": 0.08102598946832003,
    "M": 0.026159334126040427,
    "N": 0.03329369797859691,
    "P": 0.08646169526074401,
    "Q": 0.06692712756922031,
    "R": 0.04518430439952437,
    "S": 0.08017666043825378,
    "T": 0.06217088500084933,
    "V": 0.06539833531510107,
    "W": 0.004416510956344488,
    "Y": 0.024630541871921183
  },
  "+2": {
    "A": 0.049430949549855614,
    "C": 0.009002887718702226,
    "D": 0.06352981144895532,
    "E": 0.3169695940207236,
    "F": 0.03329369797859691,
    "G": 0.04297604892135213,
    "H": 0.020044165109563444,
    "I": 0.03193477153049091,
    "K": 0.04705282826567012,
    "L": 0.06437914047902157,
    "M": 0.013759130287073212,
    "N": 0.030236113470358417,
    "P": 0.04688296245965687,
    "Q": 0.044165109563444875,
    "R": 0.023781212841854936,
    "S": 0.06183115338882283,
    "T": 0.0360115508748089,
    "V": 0.041617122473246136,
    "W": 0.0047562425683709865,
    "Y": 0.0178359096313912
  },
  "+3": {
    "A": 0.06692712756922031,
    "C": 0.009852216748768473,
    "D": 0.04518430439952437,
    "E": 0.08968914557499576,
    "F": 0.029556650246305417,
    "G": 0.053677594700186855,
    "H": 0.019534567691523695,
    "I": 0.04926108374384237,