{
  "-10": {
    "A": 0.1,
    "C": 0.0,
    "D": 0.06666666666666667,
    "E": 0.03333333333333333,
    "F": 0.0,
    "G": 0.1,
    "H": 0.0,
    "I": 0.0,
    "K": 0.16666666666666666,
    "L": 0.03333333333333333,
    "M": 0.1,
    "N": 0.0,
    "P": 0.03333333333333333,
    "Q": 0.0,
    "R": 0.1,
    "S": 0.0,
    "T": 0.0,
    "V": 0.03333333333333333,
    "W": 0.0,
    "Y": 0.0
  },
  "-9": {
    "A": 0.16666666666666666,
    "C": 0.0,
    "D": 0.03333333333333333,
    "E": 0.13333333333333333,
    "F": 0.0,
    "G": 0.03333333333333333,
    "H": 0.0,
    "I": 0.0,
    "K": 0.06666666666666667,
    "L": 0.03333333333333333,
    "M": 0.0,
    "N": 0.0,
    "P": 0.06666666666666667,
    "Q": 0.13333333333333333,
    "R": 0.0,
    "S": 0.0,
    "T": 0.03333333333333333,
    "V": 0.06666666666666667,
    "W": 0.0,
    "Y": 0.0
  },
  "-8": {
    "A": 0.1,
    "C": 0.0,
    "D": 0.0,
    "E": 0.03333333333333333,
    "F": 0.0,
    "G": 0.03333333333333333,
    "H": 0.0,
    "I": 0.0,
    "K": 0.06666666666666667,
    "L": 0.13333333333333333,
    "M": 0.06666666666666667,
    "N": 0.0,
    "P": 0.1,
    "Q": 0.0,
    "R": 0.13333333333333333,
    "S": 0.06666666666666667,
    "T": 0.06666666666666667,
    "V": 0.03333333333333333,
    "W": 0.0,
    "Y": 0.0
  },
  "-7": {
    "A": 0.16666666666666666,
    "C": 0.0,
    "D": 0.0,
    "E": 0.0,
    "F": 0.0,
    "G": 0.13333333333333333,
    "H": 0.0,
    "I": 0.0,
    "K": 0.2,
    "L": 0.0,
    "M": 0.03333333333333333,
    "N": 0.0,
    "P": 0.06666666666666667,
    "Q": 0.06666666666666667,
    "R": 0.0,
    "S": 0.03333333333333333,
    "T": 0.1,
    "V": 0.03333333333333333,
    "W": 0.0,
    "Y": 0.03333333333333333
  },
  "-6": {
    "A": 0.1,
    "C": 0.0,
    "D": 0.03333333333333333,
    "E": 0.06666666666666667,
    "F": 0.0,
    "G": 0.0,
    "H": 0.03333333333333333,
    "I": 0.0,
    "K": 0.2,
    "L": 0.0,
    "M": 0.13333333333333333,
    "N": 0.0,
    "P": 0.03333333333333333,
    "Q": 0.0,
    "R": 0.1,
    "S": 0.1,
    "T": 0.13333333333333333,
    "V": 0.06666666666666667,
    "W": 0.0,
    "Y": 0.0
  },
  "-5": {
    "A": 0.13333333333333333,
    "C": 0.0,
    "D": 0.03333333333333333,
    "E": 0.1,
    "F": 0.0,
    "G": 0.03333333333333333,
    "H": 0.0,
    "I": 0.0,
    "K": 0.23333333333333334,
    "L": 0.0,
    "M": 0.0,
    "N": 0.0,
    "P": 0.16666666666666666,
    "Q": 0.1,
    "R": 0.1,
    "S": 0.06666666666666667,
    "T": 0.0,
    "V": 0.03333333333333333,
    "W": 0.0,
    "Y": 0.0
  },
  "-4": {
    "A": 0.13333333333333333,
    "C": 0.0,
    "D": 0.0,
    "E": 0.13333333333333333,
    "F": 0.0,
    "G": 0.1,
    "H": 0.0,
    "I": 0.0,
    "K": 0.13333333333333333,
    "L": 0.03333333333333333,
    "M": 0.0,
    "N": 0.03333333333333333,
    "P": 0.06666666666666667,
    "Q": 0.0,
    "R": 0.0,
    "S": 0.16666666666666666,
    "T": 0.2,
    "V": 0.0,
    "W": 0.0,
    "Y": 0.0
  },
  "-3": {
    "A": 0.4666666666666667,
    "C": 0.0,
    "D": 0.0,
    "E": 0.0,
    "F": 0.0,
    "G": 0.0,
    "H": 0.0,
    "I": 0.1,
    "K": 0.06666666666666667,
    "L": 0.03333333333333333,
    "M": 0.0,
    "N": 0.0,
    "P": 0.13333333333333333,
    "Q": 0.0,
    "R": 0.06666666666666667,
    "S": 0.13333333333333333,
    "T": 0.0,
    "V": 0.0,
    "W": 0.0,
    "Y": 0.0
  },
  "-2": {
    "A": 0.1,
    "C": 0.0,
    "D": 0.0,
    "E": 0.06666666666666667,
    "F": 0.0,
    "G": 0.1,
    "H": 0.0,
    "I": 0.0,
    "K": 0.23333333333333334,
    "L": 0.0,
    "M": 0.0,
    "N": 0.03333333333333333,
    "P": 0.0,
    "Q": 0.03333333333333333,
    "R": 0.3,
    "S": 0.03333333333333333,
    "T": 0.03333333333333333,
    "V": 0.06666666666666667,
    "W": 0.0,
    "Y": 0.0
  },
  "-1": {
    "A": 0.0,
    "C": 0.0,
    "D": 0.03333333333333333,
    "E": 0.0,
    "F": 0.0,
    "G": 0.0,
    "H": 0.0,
    "I": 0.0,
    "K": 0.7666666666666667,
    "L": 0.13333333333333333,
    "M": 0.0,
    "N": 0.0,
    "P": 0.0,
    "Q": 0.0,
    "R": 0.0,
    "S": 0.03333333333333333,
    "T": 0.0,
    "V": 0.03333333333333333,
    "W": 0.0,
    "Y": 0.0
  },
  "0": {
    "A": 0.0,
    "C": 0.0,
    "D": 0.0,
    "E": 0.0,
    "F": 0.0,
    "G": 0.0,
    "H": 0.0,
    "I": 0.0,
    "K": 0.0,
    "L": 0.0,
    "M": 0.0,
    "N": 0.0,
    "P": 0.0,
    "Q": 0.0,
    "R": 0.0,
    "S": 1.0,
    "T": 0.0,
    "V": 0.0,
    "W": 0.0,
    "Y": 0.0
  },
  "+1": {
    "A": 0.43333333333333335,
    "C": 0.0,
    "D": 0.0,
    "E": 0.03333333333333333,
    "F": 0.0,
    "G": 0.06666666666666667,
    "H": 0.0,
    "I": 0.0,
    "K": 0.1,
    "L": 0.0,
    "M": 0.0,
    "N": 0.03333333333333333,
    "P": 0.0,
    "Q": 0.03333333333333333,
    "R": 0.0,
    "S": 0.1,
    "T": 0.13333333333333333,
    "V": 0.03333333333333333,
    "W": 0.0,
    "Y": 0.03333333333333333
  },
  "+2": {
    "A": 0.13333333333333333,
    "C": 0.0,
    "D": 0.0,
    "E": 0.0,
    "F": 0.0,
    "G": 0.23333333333333334,
    "H": 0.0,
    "I": 0.0,
    "K": 0.26666666666666666,
    "L": 0.0,
    "M": 0.0,
    "N": 0.03333333333333333,
    "P": 0.23333333333333334,
    "Q": 0.06666666666666667,
    "R": 0.03333333333333333,
    "S": 0.0,
    "T": 0.0,
    "V": 0.0,
    "W": 0.0,
    "Y": 0.0
  },
  "+3": {
    "A": 0.16666666666666666,
    "C": 0.0,
    "D": 0.0,
    "E": 0.03333333333333333,
    "F": 0.03333333333333333,
    "G": 0.1,
    "H": 0.0,
    "I": 0.0,
    "K": 0.16666666666666666,
    "L": 0.06666666666666667,
    "M": 0.0,
    "N": 0.03333333333333333,
    "P": 0.16666666666666666,
    "Q": 0.03333333333333333,
    "R": 0.06666666666666667,
    "S": 0.06666666666666667,
    "T": 0.0,
    "V": 0.06666666666666667,
    "W": 0.0,
    "Y": 0.0
  },
  "+4": {
    "A": 0.13333333333333333,
    "C": 0.0,
    "D": 0.0,
    "E": 0.03333333333333333,
    "F": 0.0,
    "G": 0.06666666666666667,
    "H": 0.0,
    "I": 0.0,
    "K": 0.23333333333333334,
    "L": 0.06666666666666667,
    "M": 0.03333333333333333,
    "N": 0.03333333333333333,
    "P": 0.13333333333333333,
    "Q": 0.03333333333333333,
    "R": 0.0,
    "S": 0.0,
    "T": 0.16666666666666666,
    "V": 0.03333333333333333,
    "W": 0.0,
    "Y": 0.0
  },
  "+5": {
    "A": 0.2,
    "C": 0.0,
    "D": 0.0,
    "E": 0.03333333333333333,
    "F": 0.03333333333333333,
    "G": 0.13333333333333333,
    "H": 0.0,
    "I": 0.0,
    "K": 0.3,
    "L": 0.0,
    "M": 0.0,
    "N": 0.0,
    "P": 0.1,
    "Q": 0.0,
    "R": 0.0,
    "S": 0.1,
    "T": 0.0,
    "V": 0.06666666666666667,
    "W": 0.0,
    "Y": 0.0
  },
  "+6": {
    "A": 0.06666666666666667,
    "C": 0.0,
    "D": 0.03333333333333333,
    "E": 0.1,
    "F": 0.0,
    "G": 0.1,
    "H": 0.0,
    "I": 0.0,
    "K": 0.3,
    "L": 0.06666666666666667,
    "M": 0.0,
    "N": 0.03333333333333333,
    "P": 0.16666666666666666,
    "Q": 0.03333333333333333,
    "R": 0.0,
    "S": 0.03333333333333333,
    "T": 0.03333333333333333,
    "V": 0.0,
    "W": 0.0,
    "Y": 0.0
  },
  "+7": {
    "A": 0.0,
    "C": 0.0,
    "D": 0.03333333333333333,
    "E": 0.06666666666666667,
    "F": 0.03333333333333333,
    "G": 0.1,
    "H": 0.0,
    "I": 0.0,
    "K": 0.23333333333333334,
    "L": 0.03333333333333333,
    "M": 0.0,
    "N": 0.0,
    "P": 0.03333333333333333,
    "Q": 0.03333333333333333,
    "R": 0.1,
    "S": 0.03333333333333333,
    "T": 0.03333333333333333,
    "V": 0.23333333333333334,
    "W": 0.0,
    "Y": 0.0
  },
  "+8": {
    "A": 0.06666666666666667,
    "C": 0.0,
    "D": 0.03333333333333333,
    "E": 0.13333333333333333,
    "F": 0.0,
    "G": 0.03333333333333333,
    "H": 0.03333333333333333,
    "I": 0.03333333333333333,
    "K": 0.3333333333333333,
    "L": 0.03333333333333333,
    "M": 0.0,
    "N": 0.0,
    "P": 0.06666666666666667,
    "Q": 0.03333333333333333,
    "R": 0.0,
    "S": 0.16666666666666666,
    "T": 0.0,
    "V": 0.0,
    "W": 0.0,
    "Y": 0.0
  },
  "+9": {
    "A": 0.1,
    "C": 0.0,
    "D": 0.03333333333333333,
    "E": 0.2,
    "F": 0.0,
    "G": 0.0,
    "H": 0.03333333333333333,