{
  "-10": {
    "A": -4.584962500721156,
    "C": -4.584962500721156,
    "D": -5.584962500721156,
    "E": -3.584962500721156,
    "F": -4.0,
    "G": -3.0,
    "H": -4.584962500721156,
    "I": "-inf",
    "K": -4.0,
    "L": -3.263034405833794,
    "M": "-inf",
    "N": -5.584962500721156,
    "P": -2.777607578663552,
    "Q": -4.0,
    "R": -4.0,
    "S": -3.584962500721156,
    "T": -5.584962500721156,
    "V": -5.584962500721156,
    "W": "-inf",
    "Y": "-inf"
  },
  "-9": {
    "A": -3.0,
    "C": "-inf",
    "D": -4.584962500721156,
    "E": -2.777607578663552,
    "F": -5.584962500721156,
    "G": -3.263034405833794,
    "H": -5.584962500721156,
    "I": -5.584962500721156,
    "K": -4.584962500721156,
    "L": -4.584962500721156,
    "M": -4.584962500721156,
    "N": "-inf",
    "P": -2.584962500721156,
    "Q": -4.584962500721156,
    "R": -5.584962500721156,
    "S": -4.0,
    "T": -4.0,
    "V": -5.584962500721156,
    "W": "-inf",
    "Y": -5.584962500721156
  },
  "-8": {
    "A": -5.584962500721156,
    "C": -5.584962500721156,
    "D": -4.0,
    "E": -5.584962500721156,
    "F": -4.584962500721156,
    "G": -3.263034405833794,
    "H": -4.584962500721156,
    "I": -4.584962500721156,
    "K": -4.584962500721156,
    "L": -3.584962500721156,
    "M": -5.584962500721156,
    "N": -3.584962500721156,
    "P": -3.584962500721156,
    "Q": -4.584962500721156,
    "R": -3.584962500721156,
    "S": -3.0,
    "T": -5.584962500721156,
    "V": -4.584962500721156,
    "W": "-inf",
    "Y": -5.584962500721156
  },
  "-7": {
    "A": -3.584962500721156,
    "C": "-inf",
    "D": -3.584962500721156,
    "E": -4.0,
    "F": "-inf",
    "G": -4.584962500721156,
    "H": "-inf",
    "I": "-inf",
    "K": -5.584962500721156,
    "L": -4.584962500721156,
    "M": -5.584962500721156,
    "N": -4.0,
    "P": -2.584962500721156,
    "Q": -4.584962500721156,
    "R": -3.263034405833794,
    "S": -3.0,
    "T": -3.263034405833794,
    "V": -4.584962500721156,
    "W": "-inf",
    "Y": "-inf"
  },
  "-6": {
    "A": -3.263034405833794,
    "C": "-inf",
    "D": -4.584962500721156,
    "E": -3.263034405833794,
    "F": -4.584962500721156,
    "G": -4.584962500721156,
    "H": -5.584962500721156,
    "I": -5.584962500721156,
    "K": -4.584962500721156,
    "L": -4.584962500721156,
    "M": -5.584962500721156,
    "N": -3.584962500721156,
    "P": -3.263034405833794,
    "Q": -3.584962500721156,
    "R": -4.584962500721156,
    "S": -2.777607578663552,
    "T": "-inf",
    "V": -5.584962500721156,
    "W": "-inf",
    "Y": -4.584962500721156
  },
  "-5": {
    "A": -4.0,
    "C": -5.584962500721156,
    "D": -4.584962500721156,
    "E": -4.584962500721156,
    "F": "-inf",
    "G": -3.0,
    "H": -4.584962500721156,
    "I": -5.584962500721156,
    "K": -3.263034405833794,
    "L": -4.0,
    "M": "-inf",
    "N": "-inf",
    "P": -4.0,
    "Q": "-inf",
    "R": -2.415037499278844,
    "S": -3.263034405833794,
    "T": -4.584962500721156,
    "V": -5.584962500721156,
    "W": "-inf",
    "Y": -4.0
  },
  "-4": {
    "A": -5.584962500721156,
    "C": "-inf",
    "D": -4.584962500721156,
    "E": -3.584962500721156,
    "F": -4.584962500721156,
    "G": -3.263034405833794,
    "H": "-inf",
    "I": -4.0,
    "K": -3.584962500721156,
    "L": -3.584962500721156,
    "M": -5.584962500721156,
    "N": -5.584962500721156,
    "P": -4.0,
    "Q": -3.584962500721156,
    "R": -4.0,
    "S": -2.584962500721156,
    "T": -4.584962500721156,
    "V": "-inf",
    "W": "-inf",
    "Y": -5.584962500721156
  },
  "-3": {
    "A": -3.0,
    "C": "-inf",
    "D": -3.584962500721156,
    "E": -5.584962500721156,
    "F": -5.584962500721156,
    "G": -5.584962500721156,
    "H": -4.584962500721156,
    "I": -5.584962500721156,
    "K": -4.0,
    "L": -5.584962500721156,
    "M": -4.584962500721156,
    "N": -5.584962500721156,
    "P": -2.777607578663552,
    "Q": -5.584962500721156,
    "R": -2.0,
    "S": "-inf",
    "T": -4.584962500721156,
    "V": -5.584962500721156,
    "W": -4.584962500721156,
    "Y": "-inf"
  },
  "-2": {
    "A": -4.0,
    "C": -5.584962500721156,
    "D": "-inf",
    "E": -4.0,
    "F": -5.584962500721156,
    "G": -2.777607578663552,
    "H": -4.584962500721156,
    "I": -5.584962500721156,
    "K": -5.584962500721156,
    "L": -5.584962500721156,
    "M": "-inf",
    "N": -5.584962500721156,
    "P": -5.584962500721156,
    "Q": -3.263034405833794,
    "R": -2.1255308820838588,
    "S": -3.584962500721156,
    "T": -3.584962500721156,
    "V": -4.584962500721156,
    "W": "-inf",
    "Y": "-inf"
  },
  "-1": {
    "A": -3.584962500721156,
    "C": -5.584962500721156,
    "D": -4.0,
    "E": -5.584962500721156,
    "F": -4.0,
    "G": -4.584962500721156,
    "H": -4.584962500721156,
    "I": -5.584962500721156,
    "K": -4.0,
    "L": -3.584962500721156,
    "M": -5.584962500721156,
    "N": -4.584962500721156,
    "P": -4.584962500721156,
    "Q": -5.584962500721156,
    "R": -4.584962500721156,
    "S": -4.0,
    "T": -3.0,
    "V": -4.0,
    "W": "-inf",
    "Y": -3.584962500721156
  },
  "0": {
    "A": "-inf",
    "C": "-inf",
    "D": "-inf",
    "E": "-inf",
    "F": "-inf",
    "G": "-inf",
    "H": "-inf",
    "I": "-inf",
    "K": "-inf",
    "L": "-inf",
    "M": "-inf",
    "N": "-inf",
    "P": "-inf",
    "Q": "-inf",
    "R": "-inf",
    "S": 0.0,
    "T": "-inf",
    "V": "-inf",
    "W": "-inf",
    "Y": "-inf"
  },
  "+1": {
    "A": -3.584962500721156,
    "C": "-inf",
    "D": -4.0,
    "E": -5.584962500721156,
    "F": -3.263034405833794,
    "G": "-inf",
    "H": "-inf",
    "I": -5.584962500721156,
    "K": -4.0,
    "L": -4.0,
    "M": -5.584962500721156,
    "N": "-inf",
    "P": -2.0,
    "Q": -4.0,
    "R": -5.584962500721156,
    "S": -3.584962500721156,
    "T": "-inf",
    "V": -4.0,
    "W": "-inf",
    "Y": -3.584962500721156
  },
  "+2": {
    "A": -4.0,
    "C": -5.584962500721156,
    "D": -4.584962500721156,
    "E": -3.0,
    "F": -5.584962500721156,
    "G": -4.584962500721156,
    "H": -5.584962500721156,
    "I": -5.584962500721156,
    "K": "-inf",
    "L": -4.584962500721156,
    "M": "-inf",
    "N": -5.584962500721156,
    "P": -3.263034405833794,
    "Q": -4.0,
    "R": -4.0,
    "S": -2.777607578663552,
    "T": -4.584962500721156,
    "V": -2.584962500721156,
    "W": "-inf",
    "Y": "-inf"
  },
  "+3": {
    "A": -3.263034405833794,
    "C": "-inf",
    "D": -3.263034405833794,
    "E": -3.584962500721156,
    "F": "-inf",
    "G": -3.584962500721156,
    "H": -5.584962500721156,
    "I": "-inf",
    "K": -4.0,
    "L": -5.584962500721156,
    "M": -4.0,
    "N": -5.584962500721156,
    "P": -3.0,
    "Q": "-inf",
    "R": -4.584962500721156,
    "S": -4.584962500721156,
    "T": -3.263034405833794,
    "V": -3.584962500721156,
    "W": "-inf",
    "Y": -4.584962500721156
  },
  "+4": {
    "A": -4.0,
    "C": "-inf",
    "D": -5.584962500721156,
    "E": -5.584962500721156,
    "F": "-inf",
    "G": -4.584962500721156,
    "H": "-inf",
    "I": "-inf",
    "K": -5.584962500721156,
    "L": -3.584962500721156,
    "M": "-inf",
    "N": -4.584962500721156,
    "P": -2.777607578663552,
    "Q": -4.584962500721156,
    "R": -4.0,
    "S": -1.6780719051126376,
    "T": -3.584962500721156,
    "V": -5.584962500721156,
    "W": "-inf",
    "Y": -5.584962500721156
  },
  "+5": {
    "A": -4.0,
    "C": "-inf",
    "D": -5.584962500721156,
    "E": -4.0,
    "F": -3.584962500721156,
    "G": -3.263034405833794,
    "H": -4.0,
    "I": -4.584962500721156,
    "K": -4.0,
    "L": -3.584962500721156,
    "M": "-inf",
    "N": -5.584962500721156,
    "P": -2.415037499278844,
    "Q": "-inf",
    "R": -5.584962500721156,
    "S": -4.0,
    "T": -3.584962500721156,
    "V": -5.584962500721156,
    "W": "-inf",
    "Y": "-inf"
  },
  "+6": {
    "A": -3.0,
    "C": "-inf",
    "D": -5.584962500721156,
    "E": -4.0,
    "F": -5.584962500721156,
    "G": -3.263034405833794,
    "H": -5.584962500721156,