{
  "-10": {
    "A": -2.255668173206294,
    "C": "-inf",
    "D": -4.047427642434349,
    "E": -1.9073614789380782,
    "F": -3.3542804618744038,
    "G": -3.0358267307558693,
    "H": -4.047427642434349,
    "I": -3.0358267307558693,
    "K": -3.2364974262180204,
    "L": -2.255668173206294,
    "M": -4.33510971488613,
    "N": -4.740574822994295,
    "P": -1.9997347990690932,
    "Q": -3.6419625343261846,
    "R": -2.4379897300002487,
    "S": -2.8687726460927028,
    "T": -4.047427642434349,
    "V": -3.131136910560194,
    "W": -5.43372200355424,
    "Y": -4.740574822994295
  },
  "-9": {
    "A": -2.214846178686039,
    "C": -4.047427642434349,
    "D": -2.3891995658308165,
    "E": -3.8242840911201395,
    "F": -4.740574822994295,
    "G": -3.6419625343261846,
    "H": -5.43372200355424,
    "I": -4.740574822994295,
    "K": -2.0325246218920845,
    "L": -3.2364974262180204,
    "M": -4.047427642434349,
    "N": -3.8242840911201395,
    "P": -1.6050806070651447,
    "Q": -3.131136910560194,
    "R": -2.255668173206294,
    "S": -3.8242840911201395,
    "T": -3.0358267307558693,
    "V": -2.9488153537662396,
    "W": "-inf",
    "Y": -5.43372200355424
  },
  "-8": {
    "A": -2.4379897300002487,
    "C": -4.740574822994295,
    "D": "-inf",
    "E": -3.6419625343261846,
    "F": -5.43372200355424,
    "G": -0.5358822036033283,
    "H": -5.43372200355424,
    "I": -4.047427642434349,
    "K": -2.8687726460927028,
    "L": -3.4878118544989265,
    "M": -5.43372200355424,
    "N": -4.047427642434349,
    "P": -4.047427642434349,
    "Q": -4.740574822994295,
    "R": -4.047427642434349,
    "S": -2.8687726460927028,
    "T": -4.33510971488613,
    "V": -4.33510971488613,
    "W": "-inf",
    "Y": -4.740574822994295
  },
  "-7": {
    "A": -2.6005086594980233,
    "C": -5.43372200355424,
    "D": -3.3542804618744038,
    "E": -2.3891995658308165,
    "F": -2.4892830243877992,
    "G": -2.794664673938981,
    "H": -4.740574822994295,
    "I": -3.8242840911201395,
    "K": -2.6005086594980233,
    "L": -3.0358267307558693,
    "M": -3.131136910560194,
    "N": -4.33510971488613,
    "P": -2.1756254655327574,
    "Q": -4.047427642434349,
    "R": -2.543350245658075,
    "S": -2.6611332813144584,
    "T": -2.4892830243877992,
    "V": -3.8242840911201395,
    "W": -5.43372200355424,
    "Y": -3.6419625343261846
  },
  "-6": {
    "A": -2.1015174933790357,
    "C": -5.43372200355424,
    "D": -2.6005086594980233,
    "E": -3.131136910560194,
    "F": "-inf",
    "G": -3.0358267307558693,
    "H": -5.43372200355424,
    "I": -4.740574822994295,
    "K": -2.4892830243877992,
    "L": -3.6419625343261846,
    "M": -4.047427642434349,
    "N": -3.3542804618744038,
    "P": -1.541901705443613,
    "Q": -3.2364974262180204,
    "R": -2.214846178686039,
    "S": -3.131136910560194,
    "T": -3.0358267307558693,
    "V": -3.131136910560194,
    "W": -5.43372200355424,
    "Y": -4.740574822994295
  },
  "-5": {
    "A": -2.7256718024520294,
    "C": -4.33510971488613,
    "D": -4.740574822994295,
    "E": -4.740574822994295,
    "F": -4.33510971488613,
    "G": -0.49924807042354796,
    "H": -4.33510971488613,
    "I": -3.6419625343261846,
    "K": -3.3542804618744038,
    "L": -4.047427642434349,
    "M": -4.047427642434349,
    "N": -4.33510971488613,
    "P": -4.33510971488613,
    "Q": -5.43372200355424,
    "R": -3.6419625343261846,
    "S": -3.8242840911201395,
    "T": -3.0358267307558693,
    "V": -3.4878118544989265,
    "W": "-inf",
    "Y": -4.33510971488613
  },
  "-4": {
    "A": -2.0325246218920845,
    "C": "-inf",
    "D": -3.8242840911201395,
    "E": -2.6611332813144584,
    "F": -3.8242840911201395,
    "G": -3.3542804618744038,
    "H": -5.43372200355424,
    "I": -2.9488153537662396,
    "K": -2.3891995658308165,
    "L": -2.066426173567766,
    "M": -4.047427642434349,
    "N": -4.740574822994295,
    "P": -1.878373942064826,
    "Q": -3.3542804618744038,
    "R": -2.8687726460927028,
    "S": -3.2364974262180204,
    "T": -2.6005086594980233,
    "V": -3.2364974262180204,
    "W": -5.43372200355424,
    "Y": -4.047427642434349
  },
  "-3": {
    "A": -1.8228040909100154,
    "C": -5.43372200355424,
    "D": -3.4878118544989265,
    "E": -3.0358267307558693,
    "F": -4.33510971488613,
    "G": -2.9488153537662396,
    "H": -4.33510971488613,
    "I": -4.047427642434349,
    "K": -2.255668173206294,
    "L": -2.9488153537662396,
    "M": -4.33510971488613,
    "N": -4.33510971488613,
    "P": -1.4263888183217688,
    "Q": -2.8687726460927028,
    "R": -2.7256718024520294,
    "S": -3.2364974262180204,
    "T": -3.6419625343261846,
    "V": -3.6419625343261846,
    "W": -5.43372200355424,
    "Y": -4.047427642434349
  },
  "-2": {
    "A": -2.794664673938981,
    "C": -5.43372200355424,
    "D": -4.740574822994295,
    "E": -4.740574822994295,
    "F": "-inf",
    "G": -0.4849621131760714,
    "H": -4.33510971488613,
    "I": -3.8242840911201395,
    "K": -3.3542804618744038,
    "L": -3.131136910560194,
    "M": -4.33510971488613,
    "N": -3.6419625343261846,
    "P": -3.8242840911201395,
    "Q": -3.8242840911201395,
    "R": -4.047427642434349,
    "S": -4.740574822994295,
    "T": -5.43372200355424,
    "V": -3.131136910560194,
    "W": "-inf",
    "Y": -3.4878118544989265
  },
  "-1": {
    "A": -2.29822778762509,
    "C": -5.43372200355424,
    "D": -3.6419625343261846,
    "E": -2.1756254655327574,
    "F": -3.8242840911201395,
    "G": -3.2364974262180204,
    "H": -5.43372200355424,
    "I": -2.9488153537662396,
    "K": -3.2364974262180204,
    "L": -2.8687726460927028,
    "M": -3.0358267307558693,
    "N": -3.2364974262180204,
    "P": -1.6495323696359785,
    "Q": -3.8242840911201395,
    "R": -2.9488153537662396,
    "S": -2.9488153537662396,
    "T": -2.794664673938981,
    "V": -2.794664673938981,
    "W": -5.43372200355424,
    "Y": -4.740574822994295
  },
  "0": {
    "A": "-inf",
    "C": "-inf",
    "D": "-inf",
    "E": "-inf",
    "F": "-inf",
    "G": "-inf",
    "H": "-inf",
    "I": "-inf",
    "K": 0.0,
    "L": "-inf",
    "M": "-inf",
    "N": "-inf",
    "P": "-inf",
    "Q": "-inf",
    "R": "-inf",
    "S": "-inf",
    "T": "-inf",
    "V": "-inf",
    "W": "-inf",
    "Y": "-inf"
  },
  "+1": {
    "A": -2.543350245658075,
    "C": "-inf",
    "D": -4.740574822994295,
    "E": -4.047427642434349,
    "F": -5.43372200355424,
    "G": -0.4569882611336652,
    "H": -4.33510971488613,
    "I": "-inf",
    "K": -2.8687726460927028,
    "L": -4.33510971488613,
    "M": "-inf",
    "N": -4.740574822994295,
    "P": -4.33510971488613,
    "Q": -3.8242840911201395,
    "R": -3.3542804618744038,
    "S": -2.8687726460927028,
    "T": -4.33510971488613,
    "V": -4.740574822994295,
    "W": "-inf",
    "Y": -4.33510971488613
  },
  "+2": {
    "A": -1.9997347990690932,
    "C": -5.43372200355424,
    "D": -2.255668173206294,
    "E": -1.583574401844181,
    "F": -4.740574822994295,
    "G": -3.0358267307558693,
    "H": -2.7256718024520294,
    "I": -3.8242840911201395,
    "K": -4.047427642434349,
    "L": -3.2364974262180204,
    "M": -5.43372200355424,
    "N": -3.4878118544989265,
    "P": -2.543350245658075,
    "Q": -3.3542804618744038,
    "R": -3.3542804618744038,
    "S": -3.131136910560194,
    "T": -2.7256718024520294,
    "V": -3.3542804618744038,
    "W": -5.43372200355424,
    "Y": -4.33510971488613
  },
  "+3": {
    "A": -2.342679550195924,
    "C": -4.740574822994295,
    "D": -4.047427642434349,
    "E": -4.047427642434349,
    "F": -5.43372200355424,
    "G": -2.543350245658075,
    "H": -4.740574822994295,
    "I": -3.6419625343261846,
    "K": -2.1378851375499104,
    "L": -3.0358267307558693,
    "M": -4.740574822994295,
    "N": -3.8242840911201395,
    "P": -2.066426173567766,
    "Q": -3.2364974262180204,
    "R": -1.7961358438278539,
    "S": -2.7256718024520294,
    "T": -2.543350245658075,
    "V": -3.131136910560194,
    "W": -5.43372200355424,
    "Y": -4.047427642434349
  },