{
  "-10": {
    "A": -2.534702344459451,
    "C": -3.598709103950085,
    "D": -3.3796555378874005,
    "E": -2.855800413831076,
    "F": -3.598709103950085,
    "G": -2.600180273838958,
    "H": -4.194692536056383,
    "I": -4.312475571712766,
    "K": -2.808398174936492,
    "L": -3.024621283406128,
    "M": -4.600157644164547,
    "N": -3.9940218405942316,
    "P": -1.372432204019364,
    "Q": -3.7293292863671494,
    "R": -3.3796555378874005,
    "S": -2.7283554672629555,
    "T": -3.3796555378874005,
    "V": -3.598709103950085,
    "W": -5.881091489626612,
    "Y": -4.494797128506721
  },
  "-9": {
    "A": -2.563275716903507,
    "C": -3.907010463604602,
    "D": -3.2710216968846053,
    "E": -3.558703769336386,
    "F": -4.123233572074238,
    "G": -3.396184839838611,
    "H": -4.925580044599175,
    "I": -4.446006964337289,
    "K": -2.7198447775950467,
    "L": -3.776957335356404,
    "M": -4.123233572074238,
    "N": -3.36339501701562,
    "P": -1.3702319831097614,
    "Q": -3.2564228974634526,
    "R": -2.799181519831568,
    "S": -2.61533207885956,
    "T": -2.6702478364556748,
    "V": -3.6618880055716168,
    "W": -3.598709103950085,
    "Y": -5.0056227522727115
  },
  "-8": {
    "A": -3.4300863915142923,
    "C": -3.6193283911528207,
    "D": -4.657316058004496,
    "E": -4.494797128506721,
    "F": -4.925580044599175,
    "G": -0.8545828463740656,
    "H": -5.092634129262342,
    "I": -4.925580044599175,
    "K": -3.4831962168282407,
    "L": -4.446006964337289,
    "M": -5.411087860380876,
    "N": -3.9641688774445503,
    "P": -2.3606306871376384,
    "Q": -4.158324891885508,
    "R": -3.9940218405942316,
    "S": -3.3161421321650746,
    "T": -2.600180273838958,
    "V": -3.8796114894164875,
    "W": -4.194692536056383,
    "Y": -2.7198447775950467
  },
  "-7": {
    "A": -2.2975725511705014,
    "C": -3.4474781342261616,
    "D": -3.558703769336386,
    "E": -2.7720305307656172,
    "F": -4.123233572074238,
    "G": -2.654247495109234,
    "H": -4.23243286403923,
    "I": -4.089332020398556,
    "K": -2.7283554672629555,
    "L": -2.9261812105928757,
    "M": -4.312475571712766,
    "N": -3.8796114894164875,
    "P": -1.5716355477875652,
    "Q": -3.907010463604602,
    "R": -3.396184839838611,
    "S": -3.2138632830446565,
    "T": -3.33164631870104,
    "V": -3.0838101547964585,
    "W": -4.056542197575566,
    "Y": -3.0716887942641136
  },
  "-6": {
    "A": -2.2975725511705014,
    "C": -3.52023748850859,
    "D": -3.2710216968846053,
    "E": -3.852943242334326,
    "F": -5.411087860380876,
    "G": -3.0838101547964585,
    "H": -4.600157644164547,
    "I": -4.23243286403923,
    "K": -2.308745851768627,
    "L": -3.4831962168282407,
    "M": -4.23243286403923,
    "N": -4.089332020398556,
    "P": -1.4550479695359555,
    "Q": -3.186464308856542,
    "R": -2.694738856463971,
    "S": -2.9687408250116714,
    "T": -3.0131925875825054,
    "V": -3.7528597837773434,
    "W": -3.1730412885244013,
    "Y": -4.158324891885508
  },
  "-5": {
    "A": -2.5488869794514075,
    "C": -3.7293292863671494,
    "D": -4.399486948702396,
    "E": -5.092634129262342,
    "F": -4.546090422894271,
    "G": -0.8325183561899635,
    "H": -4.925580044599175,
    "I": -5.0056227522727115,
    "K": -2.7198447775950467,
    "L": -4.056542197575566,
    "M": -6.391917113392602,
    "N": -4.123233572074238,
    "P": -2.35473096501045,
    "Q": -4.23243286403923,
    "R": -3.7528597837773434,
    "S": -3.300874660034286,
    "T": -2.7720305307656172,
    "V": -3.907010463604602,
    "W": -4.271653577192511,
    "Y": -4.23243286403923
  },
  "-4": {
    "A": -2.270173576982387,
    "C": -3.36339501701562,
    "D": -3.4300863915142923,
    "E": -2.5705484762325868,
    "F": -3.8796114894164875,
    "G": -2.7114059089491827,
    "H": -4.312475571712766,
    "I": -3.8269677559310655,
    "K": -2.6702478364556748,
    "L": -3.186464308856542,
    "M": -4.851472072445453,
    "N": -4.056542197575566,
    "P": -1.484176242458979,
    "Q": -3.6193283911528207,
    "R": -3.242034160011353,
    "S": -2.90556192339014,
    "T": -3.558703769336386,
    "V": -3.4651777113255626,
    "W": -4.123233572074238,
    "Y": -3.146723980207028
  },
  "-3": {
    "A": -2.148195150095901,
    "C": -3.0131925875825054,
    "D": -3.300874660034286,
    "E": -4.123233572074238,
    "F": -4.851472072445453,
    "G": -3.1210815495936903,
    "H": -5.698769932832657,
    "I": -3.8796114894164875,
    "K": -2.6702478364556748,
    "L": -3.7293292863671494,
    "M": -4.271653577192511,
    "N": -3.6618880055716168,
    "P": -1.4695060527111854,
    "Q": -3.36339501701562,
    "R": -2.5705484762325868,
    "S": -2.5705484762325868,
    "T": -2.808398174936492,
    "V": -3.0131925875825054,
    "W": -4.271653577192511,
    "Y": -4.600157644164547
  },
  "-2": {
    "A": -2.90556192339014,
    "C": -2.8365690519031883,
    "D": -4.494797128506721,
    "E": -4.600157644164547,
    "F": -4.657316058004496,
    "G": -0.7800062926082836,
    "H": -4.925580044599175,
    "I": -4.446006964337289,
    "K": -3.1210815495936903,
    "L": -3.7528597837773434,
    "M": -5.544619253005399,
    "N": -4.546090422894271,
    "P": -2.0969018557083503,
    "Q": -5.092634129262342,
    "R": -3.706339768142451,
    "S": -2.8365690519031883,
    "T": -3.6618880055716168,
    "V": -4.158324891885508,
    "W": -6.391917113392602,
    "Y": -3.3796555378874005
  },
  "-1": {
    "A": -2.167519422922304,
    "C": -3.4300863915142923,
    "D": -4.600157644164547,
    "E": -3.1597960617743808,
    "F": -3.5392856834792843,
    "G": -2.8177005675988056,
    "H": -3.852943242334326,
    "I": -3.8796114894164875,
    "K": -2.534702344459451,
    "L": -3.047878145570395,
    "M": -4.446006964337289,
    "N": -4.056542197575566,
    "P": -1.302265278978122,
    "Q": -4.089332020398556,
    "R": -3.4474781342261616,
    "S": -2.4933171282965967,
    "T": -3.33164631870104,
    "V": -3.558703769336386,
    "W": -6.797382221500767,
    "Y": -3.0838101547964585
  },
  "0": {
    "A": "-inf",
    "C": "-inf",
    "D": "-inf",
    "E": "-inf",
    "F": "-inf",
    "G": "-inf",
    "H": "-inf",
    "I": "-inf",
    "K": "-inf",
    "L": "-inf",
    "M": "-inf",
    "N": "-inf",
    "P": 0.0,
    "Q": "-inf",
    "R": "-inf",
    "S": "-inf",
    "T": "-inf",
    "V": "-inf",
    "W": "-inf",
    "Y": "-inf"
  },
  "+1": {
    "A": -3.059712603217398,
    "C": -3.0716887942641136,
    "D": -5.092634129262342,
    "E": -4.657316058004496,
    "F": -5.881091489626612,
    "G": -0.7417698545690327,
    "H": -5.544619253005399,
    "I": -5.698769932832657,
    "K": -4.194692536056383,
    "L": -5.187944309066666,
    "M": -5.881091489626612,
    "N": -4.158324891885508,
    "P": -1.9611003145492885,
    "Q": -4.782479200958502,
    "R": -4.717940679820931,
    "S": -2.6463423156021206,
    "T": -2.7809992007483775,
    "V": -3.6618880055716168,
    "W": -3.2858367826697457,
    "Y": -4.851472072445453
  },
  "+2": {
    "A": -2.4865830961152526,
    "C": -3.0838101547964585,
    "D": -4.089332020398556,
    "E": -3.0131925875825054,
    "F": -3.7528597837773434,
    "G": -2.6702478364556748,
    "H": -4.089332020398556,
    "I": -3.9940218405942316,
    "K": -3.024621283406128,
    "L": -3.300874660034286,
    "M": -4.494797128506721,
    "N": -3.9940218405942316,
    "P": -1.4915928401140288,
    "Q": -3.8269677559310655,
    "R": -3.8016499479467756,
    "S": -2.607727479474341,
    "T": -2.4600914806682765,
    "V": -3.396184839838611,
    "W": -4.271653577192511,
    "Y": -2.6463423156021206
  },
  "+3": {
    "A": -2.110632048520252,
    "C": -3.047878145570395,
    "D": -3.2000699609123204,
    "E": -4.355035186131562,
    "F": -4.600157644164547,
    "G": -3.242034160011353,
    "H": -5.293304824724492,
    "I": -4.355035186131562,
    "K": -2.427934369033745,
    "L": -4.546090422894271,
    "M": -4.312475571712766,
    "N": -3.6838669122903918,
    "P": -1.335671308044294,
    "Q": -3.3796555378874005,