{
  "-10": {
    "A": -2.890371757896165,
    "C": -2.1972245773362196,
    "D": -3.58351893845611,
    "E": "-inf",
    "F": "-inf",
    "G": -2.890371757896165,
    "H": -2.4849066497880004,
    "I": -3.58351893845611,
    "K": -3.58351893845611,
    "L": -3.58351893845611,
    "M": -3.58351893845611,
    "N": -2.890371757896165,
    "P": -3.58351893845611,
    "Q": -3.58351893845611,
    "R": "-inf",
    "S": -1.791759469228055,
    "T": -1.9740810260220096,
    "V": -3.58351893845611,
    "W": "-inf",
    "Y": -3.58351893845611
  },
  "-9": {
    "A": -2.890371757896165,
    "C": -3.58351893845611,
    "D": -3.58351893845611,
    "E": -3.58351893845611,
    "F": -2.890371757896165,
    "G": -1.791759469228055,
    "H": "-inf",
    "I": -2.890371757896165,
    "K": -2.890371757896165,
    "L": -2.4849066497880004,
    "M": "-inf",
    "N": "-inf",
    "P": -2.4849066497880004,
    "Q": -3.58351893845611,
    "R": "-inf",
    "S": -3.58351893845611,
    "T": -2.4849066497880004,
    "V": -1.9740810260220096,
    "W": "-inf",
    "Y": "-inf"
  },
  "-8": {
    "A": -2.1972245773362196,
    "C": -2.890371757896165,
    "D": -2.890371757896165,
    "E": -3.58351893845611,
    "F": -3.58351893845611,
    "G": -2.890371757896165,
    "H": "-inf",
    "I": -2.890371757896165,
    "K": "-inf",
    "L": -3.58351893845611,
    "M": "-inf",
    "N": "-inf",
    "P": -1.6376087894007967,
    "Q": -3.58351893845611,
    "R": "-inf",
    "S": -3.58351893845611,
    "T": -1.6376087894007967,
    "V": "-inf",
    "W": "-inf",
    "Y": -2.890371757896165
  },
  "-7": {
    "A": -2.890371757896165,
    "C": -1.791759469228055,
    "D": -2.890371757896165,
    "E": -2.4849066497880004,
    "F": "-inf",
    "G": -3.58351893845611,
    "H": "-inf",
    "I": -3.58351893845611,
    "K": "-inf",
    "L": -1.6376087894007967,
    "M": "-inf",
    "N": "-inf",
    "P": "-inf",
    "Q": "-inf",
    "R": "-inf",
    "S": -1.9740810260220096,
    "T": -2.1972245773362196,
    "V": -3.58351893845611,
    "W": "-inf",
    "Y": -3.58351893845611
  },
  "-6": {
    "A": -3.58351893845611,
    "C": -2.4849066497880004,
    "D": "-inf",
    "E": -2.890371757896165,
    "F": -2.890371757896165,
    "G": -2.890371757896165,
    "H": -3.58351893845611,
    "I": -2.1972245773362196,
    "K": -3.58351893845611,
    "L": -3.58351893845611,
    "M": "-inf",
    "N": -3.58351893845611,
    "P": -1.791759469228055,
    "Q": "-inf",
    "R": -2.1972245773362196,
    "S": "-inf",
    "T": -2.1972245773362196,
    "V": "-inf",
    "W": "-inf",
    "Y": -3.58351893845611
  },
  "-5": {
    "A": -2.890371757896165,
    "C": -1.6376087894007967,
    "D": "-inf",
    "E": "-inf",
    "F": "-inf",
    "G": -1.2809338454620642,
    "H": "-inf",
    "I": -3.58351893845611,
    "K": "-inf",
    "L": "-inf",
    "M": "-inf",
    "N": "-inf",
    "P": -3.58351893845611,
    "Q": -3.58351893845611,
    "R": -2.1972245773362196,
    "S": -2.4849066497880004,
    "T": -2.890371757896165,
    "V": -2.890371757896165,
    "W": "-inf",
    "Y": "-inf"
  },
  "-4": {
    "A": -3.58351893845611,
    "C": -1.9740810260220096,
    "D": -3.58351893845611,
    "E": "-inf",
    "F": -2.890371757896165,
    "G": -3.58351893845611,
    "H": "-inf",
    "I": -2.1972245773362196,
    "K": "-inf",
    "L": "-inf",
    "M": "-inf",
    "N": -3.58351893845611,
    "P": -3.58351893845611,
    "Q": "-inf",
    "R": "-inf",
    "S": -1.6376087894007967,
    "T": -1.3862943611198906,
    "V": -3.58351893845611,
    "W": -3.58351893845611,
    "Y": "-inf"
  },
  "-3": {
    "A": "-inf",
    "C": -2.1972245773362196,
    "D": "-inf",
    "E": "-inf",
    "F": "-inf",
    "G": -3.58351893845611,
    "H": "-inf",
    "I": -1.6376087894007967,
    "K": -2.4849066497880004,
    "L": -2.890371757896165,
    "M": -3.58351893845611,
    "N": -3.58351893845611,
    "P": -3.58351893845611,
    "Q": -3.58351893845611,
    "R": "-inf",
    "S": -1.9740810260220096,
    "T": -1.9740810260220096,
    "V": -2.4849066497880004,
    "W": "-inf",
    "Y": "-inf"
  },
  "-2": {
    "A": -3.58351893845611,
    "C": -2.890371757896165,
    "D": "-inf",
    "E": "-inf",
    "F": "-inf",
    "G": -1.9740810260220096,
    "H": -2.890371757896165,
    "I": -2.890371757896165,
    "K": -2.890371757896165,
    "L": -3.58351893845611,
    "M": "-inf",
    "N": "-inf",
    "P": "-inf",
    "Q": "-inf",
    "R": -3.58351893845611,
    "S": -0.8754687373538999,
    "T": -2.1972245773362196,
    "V": "-inf",
    "W": "-inf",
    "Y": "-inf"
  },
  "-1": {
    "A": -1.0185695809945732,
    "C": -2.1972245773362196,
    "D": "-inf",
    "E": -3.58351893845611,
    "F": -3.58351893845611,
    "G": "-inf",
    "H": "-inf",
    "I": -2.1972245773362196,
    "K": -3.58351893845611,
    "L": -2.4849066497880004,
    "M": "-inf",
    "N": "-inf",
    "P": "-inf",
    "Q": "-inf",
    "R": "-inf",
    "S": -2.4849066497880004,
    "T": -2.890371757896165,
    "V": -2.890371757896165,
    "W": -2.890371757896165,
    "Y": "-inf"
  },
  "0": {
    "A": "-inf",
    "C": "-inf",
    "D": "-inf",
    "E": "-inf",
    "F": "-inf",
    "G": "-inf",
    "H": "-inf",
    "I": "-inf",
    "K": "-inf",
    "L": "-inf",
    "M": "-inf",
    "N": "-inf",
    "P": "-inf",
    "Q": "-inf",
    "R": "-inf",
    "S": 0.0,
    "T": "-inf",
    "V": "-inf",
    "W": "-inf",
    "Y": "-inf"
  },
  "+1": {
    "A": -2.890371757896165,
    "C": "-inf",
    "D": "-inf",
    "E": -3.58351893845611,
    "F": -3.58351893845611,
    "G": -1.5040773967762742,
    "H": "-inf",
    "I": -1.9740810260220096,
    "K": -2.4849066497880004,
    "L": -1.6376087894007967,
    "M": "-inf",
    "N": -2.890371757896165,
    "P": "-inf",
    "Q": "-inf",
    "R": "-inf",
    "S": -2.4849066497880004,
    "T": -3.58351893845611,
    "V": -3.58351893845611,
    "W": -3.58351893845611,
    "Y": "-inf"
  },
  "+2": {
    "A": "-inf",
    "C": -1.3862943611198906,
    "D": -1.5040773967762742,
    "E": "-inf",
    "F": "-inf",
    "G": "-inf",
    "H": "-inf",
    "I": -3.58351893845611,
    "K": -3.58351893845611,
    "L": -2.4849066497880004,
    "M": "-inf",
    "N": -3.58351893845611,
    "P": "-inf",
    "Q": "-inf",
    "R": "-inf",
    "S": -2.890371757896165,
    "T": -2.890371757896165,
    "V": -3.58351893845611,
    "W": "-inf",
    "Y": -3.58351893845611
  },
  "+3": {
    "A": -3.58351893845611,
    "C": -2.890371757896165,
    "D": -3.58351893845611,
    "E": "-inf",
    "F": "-inf",
    "G": "-inf",
    "H": "-inf",
    "I": -2.890371757896165,
    "K": -2.1972245773362196,
    "L": -1.3862943611198906,
    "M": "-inf",
    "N": "-inf",
    "P": "-inf",
    "Q": "-inf",
    "R": "-inf",
    "S": -3.58351893845611,
    "T": -1.6376087894007967,
    "V": -3.58351893845611,
    "W": "-inf",
    "Y": "-inf"
  },
  "+4": {
    "A": -2.4849066497880004,
    "C": -2.4849066497880004,
    "D": "-inf",
    "E": "-inf",
    "F": "-inf",
    "G": "-inf",
    "H": "-inf",
    "I": -2.4849066497880004,
    "K": "-inf",
    "L": "-inf",
    "M": "-inf",
    "N": "-inf",
    "P": -1.791759469228055,
    "Q": "-inf",
    "R": "-inf",
    "S": -2.4849066497880004,
    "T": -1.9740810260220096,
    "V": -2.4849066497880004,
    "W": "-inf",
    "Y": -3.58351893845611
  },
  "+5": {
    "A": "-inf",
    "C": "-inf",
    "D": "-inf",
    "E": "-inf",
    "F": "-inf",
    "G": -1.6376087894007967,
    "H": "-inf",
    "I": "-inf",
    "K": -3.58351893845611,
    "L": -3.58351893845611,
    "M": "-inf",
    "N": -3.58351893845611,
    "P": -1.5040773967762742,
    "Q": "-inf",
    "R": "-inf",
    "S": -3.58351893845611,
    "T": -1.9740810260220096,
    "V": "-inf",
    "W": -3.58351893845611,
    "Y": -3.58351893845611
  },
  "+6": {
    "A": -3.58351893845611,
    "C": -1.6376087894007967,
    "D": -3.58351893845611,
    "E": "-inf",
    "F": "-inf",
    "G": -3.58351893845611,
    "H": "-inf",
    "I": -2.1972245773362196,
    "K": -3.58351893845611,
    "L": -1.5040773967762742,
    "M": "-inf",