{
  "-10": {
    "A": -3.1354942159291497,
    "C": -2.4423470353692043,
    "D": -3.1354942159291497,
    "E": -3.1354942159291497,
    "F": -3.828641396489095,
    "G": -2.7300291078209855,
    "H": "-inf",
    "I": -2.7300291078209855,
    "K": -2.2192034840549946,
    "L": -3.828641396489095,
    "M": "-inf",
    "N": -3.828641396489095,
    "P": -3.1354942159291497,
    "Q": "-inf",
    "R": "-inf",
    "S": -3.1354942159291497,
    "T": -2.2192034840549946,
    "V": -2.2192034840549946,
    "W": -3.1354942159291497,
    "Y": "-inf"
  },
  "-9": {
    "A": -2.7300291078209855,
    "C": "-inf",
    "D": -2.7300291078209855,
    "E": -3.1354942159291497,
    "F": -2.7300291078209855,
    "G": -3.1354942159291497,
    "H": -3.1354942159291497,
    "I": -3.828641396489095,
    "K": -2.7300291078209855,
    "L": -3.1354942159291497,
    "M": "-inf",
    "N": -3.1354942159291497,
    "P": -3.1354942159291497,
    "Q": "-inf",
    "R": -3.1354942159291497,
    "S": -2.4423470353692043,
    "T": -2.03688192726104,
    "V": -3.1354942159291497,
    "W": "-inf",
    "Y": -3.828641396489095
  },
  "-8": {
    "A": -3.1354942159291497,
    "C": -2.7300291078209855,
    "D": -2.7300291078209855,
    "E": -3.1354942159291497,
    "F": -3.828641396489095,
    "G": -2.03688192726104,
    "H": "-inf",
    "I": -3.1354942159291497,
    "K": "-inf",
    "L": -2.7300291078209855,
    "M": -2.2192034840549946,
    "N": -3.1354942159291497,
    "P": -3.828641396489095,
    "Q": -3.828641396489095,
    "R": "-inf",
    "S": -3.828641396489095,
    "T": -2.7300291078209855,
    "V": -2.4423470353692043,
    "W": -3.828641396489095,
    "Y": "-inf"
  },
  "-7": {
    "A": -3.828641396489095,
    "C": -1.8827312474337816,
    "D": -3.1354942159291497,
    "E": "-inf",
    "F": -3.828641396489095,
    "G": -3.1354942159291497,
    "H": -3.828641396489095,
    "I": -3.1354942159291497,
    "K": "-inf",
    "L": -3.1354942159291497,
    "M": "-inf",
    "N": -2.03688192726104,
    "P": -3.828641396489095,
    "Q": -3.828641396489095,
    "R": -3.828641396489095,
    "S": -1.749199854809259,
    "T": -3.1354942159291497,
    "V": -2.4423470353692043,
    "W": "-inf",
    "Y": "-inf"
  },
  "-6": {
    "A": -2.2192034840549946,
    "C": -2.4423470353692043,
    "D": -3.1354942159291497,
    "E": -3.1354942159291497,
    "F": "-inf",
    "G": -1.749199854809259,
    "H": -3.828641396489095,
    "I": "-inf",
    "K": -3.828641396489095,
    "L": "-inf",
    "M": -3.828641396489095,
    "N": "-inf",
    "P": -3.828641396489095,
    "Q": -3.828641396489095,
    "R": "-inf",
    "S": -1.8827312474337816,
    "T": -1.8827312474337816,
    "V": -2.7300291078209855,
    "W": "-inf",
    "Y": "-inf"
  },
  "-5": {
    "A": -1.8827312474337816,
    "C": -3.1354942159291497,
    "D": "-inf",
    "E": -3.1354942159291497,
    "F": -3.1354942159291497,
    "G": -2.7300291078209855,
    "H": "-inf",
    "I": -3.828641396489095,
    "K": -3.1354942159291497,
    "L": "-inf",
    "M": "-inf",
    "N": -3.828641396489095,
    "P": -2.4423470353692043,
    "Q": "-inf",
    "R": -3.828641396489095,
    "S": -1.8827312474337816,
    "T": -1.8827312474337816,
    "V": -3.828641396489095,
    "W": -2.4423470353692043,
    "Y": "-inf"
  },
  "-4": {
    "A": -2.4423470353692043,
    "C": -2.2192034840549946,
    "D": "-inf",
    "E": "-inf",
    "F": "-inf",
    "G": -1.3437347467010947,
    "H": -3.828641396489095,
    "I": -2.4423470353692043,
    "K": "-inf",
    "L": -3.828641396489095,
    "M": "-inf",
    "N": -3.828641396489095,
    "P": "-inf",
    "Q": -2.4423470353692043,
    "R": "-inf",
    "S": -2.03688192726104,
    "T": -2.2192034840549946,
    "V": "-inf",
    "W": -3.828641396489095,
    "Y": "-inf"
  },
  "-3": {
    "A": -2.7300291078209855,
    "C": -1.749199854809259,
    "D": "-inf",
    "E": "-inf",
    "F": -2.7300291078209855,
    "G": -3.828641396489095,
    "H": -3.828641396489095,
    "I": -2.4423470353692043,
    "K": -3.828641396489095,
    "L": -3.828641396489095,
    "M": "-inf",
    "N": -3.828641396489095,
    "P": -2.2192034840549946,
    "Q": "-inf",
    "R": "-inf",
    "S": -1.749199854809259,
    "T": -2.4423470353692043,
    "V": -2.4423470353692043,
    "W": -3.1354942159291497,
    "Y": "-inf"
  },
  "-2": {
    "A": -2.03688192726104,
    "C": -1.6314168191528755,
    "D": "-inf",
    "E": -3.828641396489095,
    "F": "-inf",
    "G": -3.1354942159291497,
    "H": -3.828641396489095,
    "I": -3.1354942159291497,
    "K": -2.7300291078209855,
    "L": -1.8827312474337816,
    "M": -3.828641396489095,
    "N": -3.828641396489095,
    "P": -2.7300291078209855,
    "Q": -3.828641396489095,
    "R": -2.7300291078209855,
    "S": "-inf",
    "T": -3.1354942159291497,
    "V": -2.4423470353692043,
    "W": "-inf",
    "Y": "-inf"
  },
  "-1": {
    "A": -2.4423470353692043,
    "C": -2.4423470353692043,
    "D": "-inf",
    "E": "-inf",
    "F": -2.4423470353692043,
    "G": "-inf",
    "H": "-inf",
    "I": -2.2192034840549946,
    "K": -1.6314168191528755,
    "L": -3.828641396489095,
    "M": -3.828641396489095,
    "N": -2.7300291078209855,
    "P": "-inf",
    "Q": -3.828641396489095,
    "R": -3.828641396489095,
    "S": -3.1354942159291497,
    "T": -1.5260563034950494,
    "V": -3.828641396489095,
    "W": "-inf",
    "Y": "-inf"
  },
  "0": {
    "A": "-inf",
    "C": "-inf",
    "D": "-inf",
    "E": "-inf",
    "F": "-inf",
    "G": "-inf",
    "H": "-inf",
    "I": "-inf",
    "K": "-inf",
    "L": "-inf",
    "M": "-inf",
    "N": "-inf",
    "P": "-inf",
    "Q": "-inf",
    "R": "-inf",
    "S": "-inf",
    "T": 0.0,
    "V": "-inf",
    "W": "-inf",
    "Y": "-inf"
  },
  "+1": {
    "A": -3.828641396489095,
    "C": -1.4307461236907244,
    "D": "-inf",
    "E": "-inf",
    "F": -3.828641396489095,
    "G": -1.8827312474337816,
    "H": "-inf",
    "I": -2.7300291078209855,
    "K": -3.1354942159291497,
    "L": -2.7300291078209855,
    "M": "-inf",
    "N": -3.828641396489095,
    "P": -2.7300291078209855,
    "Q": "-inf",
    "R": -3.828641396489095,
    "S": -2.2192034840549946,
    "T": -2.03688192726104,
    "V": -3.828641396489095,
    "W": -3.828641396489095,
    "Y": "-inf"
  },
  "+2": {
    "A": -2.2192034840549946,
    "C": -2.2192034840549946,
    "D": -3.828641396489095,
    "E": "-inf",
    "F": -3.828641396489095,
    "G": -3.1354942159291497,
    "H": "-inf",
    "I": -2.03688192726104,
    "K": -2.2192034840549946,
    "L": -3.828641396489095,
    "M": "-inf",
    "N": "-inf",
    "P": -3.828641396489095,
    "Q": -3.828641396489095,
    "R": "-inf",
    "S": -1.6314168191528755,
    "T": -2.7300291078209855,
    "V": -2.7300291078209855,
    "W": "-inf",
    "Y": "-inf"
  },
  "+3": {
    "A": -2.7300291078209855,
    "C": -2.2192034840549946,
    "D": "-inf",
    "E": "-inf",
    "F": -1.8827312474337816,
    "G": -3.828641396489095,
    "H": -3.828641396489095,
    "I": -2.7300291078209855,
    "K": -2.03688192726104,
    "L": -2.7300291078209855,
    "M": "-inf",
    "N": "-inf",
    "P": "-inf",
    "Q": "-inf",
    "R": "-inf",
    "S": -1.8827312474337816,
    "T": -2.7300291078209855,
    "V": -3.1354942159291497,
    "W": -3.828641396489095,
    "Y": "-inf"
  },
  "+4": {
    "A": -3.828641396489095,
    "C": "-inf",
    "D": -3.828641396489095,
    "E": -3.1354942159291497,
    "F": "-inf",
    "G": "-inf",
    "H": "-inf",
    "I": "-inf",
    "K": -3.828641396489095,
    "L": -2.2192034840549946,
    "M": "-inf",
    "N": -2.4423470353692043,
    "P": -3.1354942159291497,
    "Q": -3.828641396489095,
    "R": "-inf",
    "S": -1.8827312474337816,
    "T": -1.6314168191528755,
    "V": -2.7300291078209855,
    "W": -3.828641396489095,
    "Y": "-inf"
  },
  "+5": {
    "A": -3.828641396489095,
    "C": -1.4307461236907244,
    "D": -3.828641396489095,
    "E": "-inf",
    "F": -3.828641396489095,
    "G": "-inf",
    "H": "-inf",
    "I": -3.828641396489095,
    "K": -3.1354942159291497,