{
  "-10": {
    "A": 0.05747126436781609,
    "C": 0.0,
    "D": 0.06896551724137931,
    "E": 0.13793103448275862,
    "F": 0.034482758620689655,
    "G": 0.10344827586206896,
    "H": 0.034482758620689655,
    "I": 0.022988505747126436,
    "K": 0.12643678160919541,
    "L": 0.05747126436781609,
    "M": 0.011494252873563218,
    "N": 0.011494252873563218,
    "P": 0.05747126436781609,
    "Q": 0.011494252873563218,
    "R": 0.06896551724137931,
    "S": 0.08045977011494253,
    "T": 0.04597701149425287,
    "V": 0.034482758620689655,
    "W": 0.0,
    "Y": 0.034482758620689655
  },
  "-9": {
    "A": 0.12643678160919541,
    "C": 0.0,
    "D": 0.09195402298850575,
    "E": 0.11494252873563218,
    "F": 0.0,
    "G": 0.1724137931034483,
    "H": 0.011494252873563218,
    "I": 0.022988505747126436,
    "K": 0.08045977011494253,
    "L": 0.05747126436781609,
    "M": 0.0,
    "N": 0.09195402298850575,
    "P": 0.034482758620689655,
    "Q": 0.022988505747126436,
    "R": 0.011494252873563218,
    "S": 0.10344827586206896,
    "T": 0.022988505747126436,
    "V": 0.011494252873563218,
    "W": 0.0,
    "Y": 0.022988505747126436
  },
  "-8": {
    "A": 0.09195402298850575,
    "C": 0.0,
    "D": 0.06896551724137931,
    "E": 0.04597701149425287,
    "F": 0.011494252873563218,
    "G": 0.034482758620689655,
    "H": 0.011494252873563218,
    "I": 0.022988505747126436,
    "K": 0.12643678160919541,
    "L": 0.05747126436781609,
    "M": 0.011494252873563218,
    "N": 0.05747126436781609,
    "P": 0.14942528735632185,
    "Q": 0.034482758620689655,
    "R": 0.08045977011494253,
    "S": 0.06896551724137931,
    "T": 0.04597701149425287,
    "V": 0.034482758620689655,
    "W": 0.0,
    "Y": 0.04597701149425287
  },
  "-7": {
    "A": 0.034482758620689655,
    "C": 0.0,
    "D": 0.04597701149425287,
    "E": 0.04597701149425287,
    "F": 0.04597701149425287,
    "G": 0.09195402298850575,
    "H": 0.04597701149425287,
    "I": 0.0,
    "K": 0.19540229885057472,
    "L": 0.022988505747126436,
    "M": 0.011494252873563218,
    "N": 0.022988505747126436,
    "P": 0.14942528735632185,
    "Q": 0.06896551724137931,
    "R": 0.05747126436781609,
    "S": 0.12643678160919541,
    "T": 0.034482758620689655,
    "V": 0.0,
    "W": 0.0,
    "Y": 0.0
  },
  "-6": {
    "A": 0.08045977011494253,
    "C": 0.011494252873563218,
    "D": 0.06896551724137931,
    "E": 0.034482758620689655,
    "F": 0.034482758620689655,
    "G": 0.16091954022988506,
    "H": 0.011494252873563218,
    "I": 0.011494252873563218,
    "K": 0.10344827586206896,
    "L": 0.011494252873563218,
    "M": 0.011494252873563218,
    "N": 0.05747126436781609,
    "P": 0.10344827586206896,
    "Q": 0.034482758620689655,
    "R": 0.08045977011494253,
    "S": 0.11494252873563218,
    "T": 0.011494252873563218,
    "V": 0.022988505747126436,
    "W": 0.011494252873563218,
    "Y": 0.022988505747126436
  },
  "-5": {
    "A": 0.06896551724137931,
    "C": 0.034482758620689655,
    "D": 0.06896551724137931,
    "E": 0.10344827586206896,
    "F": 0.034482758620689655,
    "G": 0.12643678160919541,
    "H": 0.034482758620689655,
    "I": 0.0,
    "K": 0.12643678160919541,
    "L": 0.04597701149425287,
    "M": 0.011494252873563218,
    "N": 0.034482758620689655,
    "P": 0.04597701149425287,
    "Q": 0.06896551724137931,
    "R": 0.06896551724137931,
    "S": 0.10344827586206896,
    "T": 0.0,
    "V": 0.011494252873563218,
    "W": 0.0,
    "Y": 0.011494252873563218
  },
  "-4": {
    "A": 0.06896551724137931,
    "C": 0.04597701149425287,
    "D": 0.011494252873563218,
    "E": 0.06896551724137931,
    "F": 0.0,
    "G": 0.05747126436781609,
    "H": 0.06896551724137931,
    "I": 0.0,
    "K": 0.13793103448275862,
    "L": 0.034482758620689655,
    "M": 0.034482758620689655,
    "N": 0.08045977011494253,
    "P": 0.034482758620689655,
    "Q": 0.04597701149425287,
    "R": 0.06896551724137931,
    "S": 0.12643678160919541,
    "T": 0.034482758620689655,
    "V": 0.04597701149425287,
    "W": 0.034482758620689655,
    "Y": 0.0
  },
  "-3": {
    "A": 0.034482758620689655,
    "C": 0.05747126436781609,
    "D": 0.04597701149425287,
    "E": 0.034482758620689655,
    "F": 0.011494252873563218,
    "G": 0.14942528735632185,
    "H": 0.022988505747126436,
    "I": 0.034482758620689655,
    "K": 0.08045977011494253,
    "L": 0.022988505747126436,
    "M": 0.022988505747126436,
    "N": 0.06896551724137931,
    "P": 0.12643678160919541,
    "Q": 0.011494252873563218,
    "R": 0.08045977011494253,
    "S": 0.14942528735632185,
    "T": 0.011494252873563218,
    "V": 0.034482758620689655,
    "W": 0.0,
    "Y": 0.0
  },
  "-2": {
    "A": 0.08045977011494253,
    "C": 0.08045977011494253,
    "D": 0.034482758620689655,
    "E": 0.05747126436781609,
    "F": 0.022988505747126436,
    "G": 0.13793103448275862,
    "H": 0.0,
    "I": 0.011494252873563218,
    "K": 0.10344827586206896,
    "L": 0.011494252873563218,
    "M": 0.0,
    "N": 0.04597701149425287,
    "P": 0.06896551724137931,
    "Q": 0.08045977011494253,
    "R": 0.034482758620689655,
    "S": 0.10344827586206896,
    "T": 0.022988505747126436,
    "V": 0.06896551724137931,
    "W": 0.0,
    "Y": 0.034482758620689655
  },
  "-1": {
    "A": 0.10344827586206896,
    "C": 0.09195402298850575,
    "D": 0.011494252873563218,
    "E": 0.04597701149425287,
    "F": 0.0,
    "G": 0.09195402298850575,
    "H": 0.034482758620689655,
    "I": 0.04597701149425287,
    "K": 0.12643678160919541,
    "L": 0.034482758620689655,
    "M": 0.06896551724137931,
    "N": 0.09195402298850575,
    "P": 0.011494252873563218,
    "Q": 0.06896551724137931,
    "R": 0.04597701149425287,
    "S": 0.09195402298850575,
    "T": 0.0,
    "V": 0.022988505747126436,
    "W": 0.0,
    "Y": 0.011494252873563218
  },
  "0": {
    "A": 0.0,
    "C": 1.0,
    "D": 0.0,
    "E": 0.0,
    "F": 0.0,
    "G": 0.0,
    "H": 0.0,
    "I": 0.0,
    "K": 0.0,
    "L": 0.0,
    "M": 0.0,
    "N": 0.0,
    "P": 0.0,
    "Q": 0.0,
    "R": 0.0,
    "S": 0.0,
    "T": 0.0,
    "V": 0.0,
    "W": 0.0,
    "Y": 0.0
  },
  "+1": {
    "A": 0.10344827586206896,
    "C": 0.05747126436781609,
    "D": 0.0,
    "E": 0.0,
    "F": 0.0,
    "G": 0.0,
    "H": 0.022988505747126436,
    "I": 0.05747126436781609,
    "K": 0.10344827586206896,
    "L": 0.06896551724137931,
    "M": 0.0,
    "N": 0.022988505747126436,
    "P": 0.0,
    "Q": 0.022988505747126436,
    "R": 0.011494252873563218,
    "S": 0.12643678160919541,
    "T": 0.09195402298850575,
    "V": 0.27586206896551724,
    "W": 0.0,
    "Y": 0.011494252873563218
  },
  "+2": {
    "A": 0.011494252873563218,
    "C": 0.0,
    "D": 0.0,
    "E": 0.0,
    "F": 0.0,
    "G": 0.0,
    "H": 0.011494252873563218,
    "I": 0.4482758620689655,
    "K": 0.0,
    "L": 0.16091954022988506,
    "M": 0.011494252873563218,
    "N": 0.0,
    "P": 0.011494252873563218,
    "Q": 0.08045977011494253,
    "R": 0.0,
    "S": 0.011494252873563218,
    "T": 0.022988505747126436,
    "V": 0.20689655172413793,
    "W": 0.0,
    "Y": 0.0
  },
  "+3": {
    "A": 0.09195402298850575,
    "C": 0.034482758620689655,
    "D": 0.0,
    "E": 0.0,
    "F": 0.011494252873563218,
    "G": 0.0,
    "H": 0.0,
    "I": 0.022988505747126436,
    "K": 0.0,
    "L": 0.06896551724137931,
    "M": 0.2988505747126437,
    "N": 0.0,
    "P": 0.0,
    "Q": 0.25287356321839083,
    "R": 0.0,
    "S": 0.19540229885057472,
    "T": 0.0,
    "V": 0.0,
    "W": 0.0,
    "Y": 0.0
  },
  "+4": {
    "A": 0.0,
    "C": 0.0,
    "D": 0.0,
    "E": 0.0,
    "F": 0.0,
    "G": 0.0,
    "H": 0.0,
    "I": 0.0,
    "K": 0.0,
    "L": 0.0,
    "M": 0.0,
    "N": 0.0,
    "P": 0.0,
    "Q": 0.0,
    "R": 0.0,
    "S": 0.0,
    "T": 0.0,
    "V": 0.0,
    "W": 0.0,
    "Y": 0.0
  },
  "+5": {
    "A": 0.0,
    "C": 0.0,
    "D": 0.0,
    "E": 0.0,
    "F": 0.0,
    "G": 0.0,
    "H": 0.0,
    "I": 0.0,
    "K": 0.0,
    "L": 0.0,
    "M": 0.0,
    "N": 0.0,
    "P": 0.0,
    "Q": 0.0,
    "R": 0.0,
    "S": 0.0,