{
  "-10": {
    "A": -2.856470206220483,
    "C": "-inf",
    "D": -2.6741486494265287,
    "E": -1.9810014688665833,
    "F": -3.367295829986474,
    "G": -2.268683541318364,
    "H": -3.367295829986474,
    "I": -3.7727609380946383,
    "K": -2.068012845856213,
    "L": -2.856470206220483,
    "M": -4.465908118654584,
    "N": -4.465908118654584,
    "P": -2.856470206220483,
    "Q": -4.465908118654584,
    "R": -2.6741486494265287,
    "S": -2.5199979695992702,
    "T": -3.079613757534693,
    "V": -3.367295829986474,
    "W": "-inf",
    "Y": -3.367295829986474
  },
  "-9": {
    "A": -2.068012845856213,
    "C": "-inf",
    "D": -2.386466576974748,
    "E": -2.1633230256605382,
    "F": "-inf",
    "G": -1.7578579175523736,
    "H": -4.465908118654584,
    "I": -3.7727609380946383,
    "K": -2.5199979695992702,
    "L": -2.856470206220483,
    "M": "-inf",
    "N": -2.386466576974748,
    "P": -3.367295829986474,
    "Q": -3.7727609380946383,
    "R": -4.465908118654584,
    "S": -2.268683541318364,
    "T": -3.7727609380946383,
    "V": -4.465908118654584,
    "W": "-inf",
    "Y": -3.7727609380946383
  },
  "-8": {
    "A": -2.386466576974748,
    "C": "-inf",
    "D": -2.6741486494265287,
    "E": -3.079613757534693,
    "F": -4.465908118654584,
    "G": -3.367295829986474,
    "H": -4.465908118654584,
    "I": -3.7727609380946383,
    "K": -2.068012845856213,
    "L": -2.856470206220483,
    "M": -4.465908118654584,
    "N": -2.856470206220483,
    "P": -1.900958761193047,
    "Q": -3.367295829986474,
    "R": -2.5199979695992702,
    "S": -2.6741486494265287,
    "T": -3.079613757534693,
    "V": -3.367295829986474,
    "W": "-inf",
    "Y": -3.079613757534693
  },
  "-7": {
    "A": -3.367295829986474,
    "C": "-inf",
    "D": -3.079613757534693,
    "E": -3.079613757534693,
    "F": -3.079613757534693,
    "G": -2.386466576974748,
    "H": -3.079613757534693,
    "I": "-inf",
    "K": -1.6326947745983675,
    "L": -3.7727609380946383,
    "M": -4.465908118654584,
    "N": -3.7727609380946383,
    "P": -1.900958761193047,
    "Q": -2.6741486494265287,
    "R": -2.856470206220483,
    "S": -2.068012845856213,
    "T": -3.367295829986474,
    "V": "-inf",
    "W": "-inf",
    "Y": "-inf"
  },
  "-6": {
    "A": -2.5199979695992702,
    "C": -4.465908118654584,
    "D": -2.6741486494265287,
    "E": -3.367295829986474,
    "F": -3.367295829986474,
    "G": -1.826850789039325,
    "H": -4.465908118654584,
    "I": -4.465908118654584,
    "K": -2.268683541318364,
    "L": -4.465908118654584,
    "M": -4.465908118654584,
    "N": -2.856470206220483,
    "P": -2.268683541318364,
    "Q": -3.367295829986474,
    "R": -2.5199979695992702,
    "S": -2.1633230256605382,
    "T": -4.465908118654584,
    "V": -3.7727609380946383,
    "W": -4.465908118654584,
    "Y": -3.7727609380946383
  },
  "-5": {
    "A": -2.6741486494265287,
    "C": -3.367295829986474,
    "D": -2.6741486494265287,
    "E": -2.268683541318364,
    "F": -3.367295829986474,
    "G": -2.068012845856213,
    "H": -3.367295829986474,
    "I": "-inf",
    "K": -2.068012845856213,
    "L": -3.079613757534693,
    "M": -4.465908118654584,
    "N": -3.367295829986474,
    "P": -3.079613757534693,
    "Q": -2.6741486494265287,
    "R": -2.6741486494265287,
    "S": -2.268683541318364,
    "T": "-inf",
    "V": -4.465908118654584,
    "W": "-inf",
    "Y": -4.465908118654584
  },
  "-4": {
    "A": -2.6741486494265287,
    "C": -3.079613757534693,
    "D": -4.465908118654584,
    "E": -2.6741486494265287,
    "F": "-inf",
    "G": -2.856470206220483,
    "H": -2.6741486494265287,
    "I": "-inf",
    "K": -1.9810014688665833,
    "L": -3.367295829986474,
    "M": -3.367295829986474,
    "N": -2.5199979695992702,
    "P": -3.367295829986474,
    "Q": -3.079613757534693,
    "R": -2.6741486494265287,
    "S": -2.068012845856213,
    "T": -3.367295829986474,
    "V": -3.079613757534693,
    "W": -3.367295829986474,
    "Y": "-inf"
  },
  "-3": {
    "A": -3.367295829986474,
    "C": -2.856470206220483,
    "D": -3.079613757534693,
    "E": -3.367295829986474,
    "F": -4.465908118654584,
    "G": -1.900958761193047,
    "H": -3.7727609380946383,
    "I": -3.367295829986474,
    "K": -2.5199979695992702,
    "L": -3.7727609380946383,
    "M": -3.7727609380946383,
    "N": -2.6741486494265287,
    "P": -2.068012845856213,
    "Q": -4.465908118654584,
    "R": -2.5199979695992702,
    "S": -1.900958761193047,
    "T": -4.465908118654584,
    "V": -3.367295829986474,
    "W": "-inf",
    "Y": "-inf"
  },
  "-2": {
    "A": -2.5199979695992702,
    "C": -2.5199979695992702,
    "D": -3.367295829986474,
    "E": -2.856470206220483,
    "F": -3.7727609380946383,
    "G": -1.9810014688665833,
    "H": "-inf",
    "I": -4.465908118654584,
    "K": -2.268683541318364,
    "L": -4.465908118654584,
    "M": "-inf",
    "N": -3.079613757534693,
    "P": -2.6741486494265287,
    "Q": -2.5199979695992702,
    "R": -3.367295829986474,
    "S": -2.268683541318364,
    "T": -3.7727609380946383,
    "V": -2.6741486494265287,
    "W": "-inf",
    "Y": -3.367295829986474
  },
  "-1": {
    "A": -2.268683541318364,
    "C": -2.386466576974748,
    "D": -4.465908118654584,
    "E": -3.079613757534693,
    "F": "-inf",
    "G": -2.386466576974748,
    "H": -3.367295829986474,
    "I": -3.079613757534693,
    "K": -2.068012845856213,
    "L": -3.367295829986474,
    "M": -2.6741486494265287,
    "N": -2.386466576974748,
    "P": -4.465908118654584,
    "Q": -2.6741486494265287,
    "R": -3.079613757534693,
    "S": -2.386466576974748,
    "T": "-inf",
    "V": -3.7727609380946383,
    "W": "-inf",
    "Y": -4.465908118654584
  },
  "0": {
    "A": "-inf",
    "C": 0.0,
    "D": "-inf",
    "E": "-inf",
    "F": "-inf",
    "G": "-inf",
    "H": "-inf",
    "I": "-inf",
    "K": "-inf",
    "L": "-inf",
    "M": "-inf",
    "N": "-inf",
    "P": "-inf",
    "Q": "-inf",
    "R": "-inf",
    "S": "-inf",
    "T": "-inf",
    "V": "-inf",
    "W": "-inf",
    "Y": "-inf"
  },
  "+1": {
    "A": -2.268683541318364,
    "C": -2.856470206220483,
    "D": "-inf",
    "E": "-inf",
    "F": "-inf",
    "G": "-inf",
    "H": -3.7727609380946383,
    "I": -2.856470206220483,
    "K": -2.268683541318364,
    "L": -2.6741486494265287,
    "M": "-inf",
    "N": -3.7727609380946383,
    "P": "-inf",
    "Q": -3.7727609380946383,
    "R": -4.465908118654584,
    "S": -2.068012845856213,
    "T": -2.386466576974748,
    "V": -1.2878542883066382,
    "W": "-inf",
    "Y": -4.465908118654584
  },
  "+2": {
    "A": -4.465908118654584,
    "C": "-inf",
    "D": "-inf",
    "E": "-inf",
    "F": "-inf",
    "G": "-inf",
    "H": -4.465908118654584,
    "I": -0.8023464725249373,
    "K": "-inf",
    "L": -1.826850789039325,
    "M": -4.465908118654584,
    "N": "-inf",
    "P": -4.465908118654584,
    "Q": -2.5199979695992702,
    "R": "-inf",
    "S": -4.465908118654584,
    "T": -3.7727609380946383,
    "V": -1.575536360758419,
    "W": "-inf",
    "Y": "-inf"
  },
  "+3": {
    "A": -2.386466576974748,
    "C": -3.367295829986474,
    "D": "-inf",
    "E": "-inf",
    "F": -4.465908118654584,
    "G": "-inf",
    "H": "-inf",
    "I": -3.7727609380946383,
    "K": "-inf",
    "L": -2.6741486494265287,
    "M": -1.2078115806331016,
    "N": "-inf",
    "P": "-inf",
    "Q": -1.3748656652962679,
    "R": "-inf",
    "S": -1.6326947745983675,
    "T": "-inf",
    "V": "-inf",
    "W": "-inf",
    "Y": "-inf"
  },
  "+4": {
    "A": "-inf",
    "C": "-inf",
    "D": "-inf",
    "E": "-inf",
    "F": "-inf",
    "G": "-inf",
    "H": "-inf",
    "I": "-inf",
    "K": "-inf",
    "L": "-inf",
    "M": "-inf",
    "N": "-inf",
    "P": "-inf",
    "Q": "-inf",
    "R": "-inf",
    "S": "-inf",
    "T": "-inf",
    "V": "-inf",
    "W": "-inf",
    "Y": "-inf"
  },
  "+5": {
    "A": "-inf",
    "C": "-inf",
    "D": "-inf",
    "E": "-inf",
    "F": "-inf",
    "G": "-inf",
    "H": "-inf",
    "I": "-inf",
    "K": "-inf",