{
  "-10": {
    "A": "-inf",
    "C": -4.129283016944966,
    "D": -4.129283016944966,
    "E": -5.129283016944966,
    "F": -4.129283016944966,
    "G": -4.129283016944966,
    "H": -5.129283016944966,
    "I": -5.129283016944966,
    "K": -5.129283016944966,
    "L": -3.1292830169449664,
    "M": "-inf",
    "N": -4.129283016944966,
    "P": -4.129283016944966,
    "Q": -3.5443205162238103,
    "R": "-inf",
    "S": -2.5443205162238103,
    "T": -3.5443205162238103,
    "V": -5.129283016944966,
    "W": "-inf",
    "Y": -4.129283016944966
  },
  "-9": {
    "A": -4.129283016944966,
    "C": -5.129283016944966,
    "D": -4.129283016944966,
    "E": -5.129283016944966,
    "F": "-inf",
    "G": -4.129283016944966,
    "H": -5.129283016944966,
    "I": -5.129283016944966,
    "K": "-inf",
    "L": -2.5443205162238103,
    "M": "-inf",
    "N": "-inf",
    "P": -3.5443205162238103,
    "Q": -5.129283016944966,
    "R": -4.129283016944966,
    "S": -2.321928094887362,
    "T": -4.129283016944966,
    "V": -3.5443205162238103,
    "W": -5.129283016944966,
    "Y": "-inf"
  },
  "-8": {
    "A": -3.1292830169449664,
    "C": "-inf",
    "D": "-inf",
    "E": -4.129283016944966,
    "F": -5.129283016944966,
    "G": -3.5443205162238103,
    "H": -5.129283016944966,
    "I": "-inf",
    "K": -4.129283016944966,
    "L": -2.1292830169449664,
    "M": "-inf",
    "N": -3.5443205162238103,
    "P": -5.129283016944966,
    "Q": -4.129283016944966,
    "R": -4.129283016944966,
    "S": -3.5443205162238103,
    "T": "-inf",
    "V": -4.129283016944966,
    "W": -5.129283016944966,
    "Y": "-inf"
  },
  "-7": {
    "A": -4.129283016944966,
    "C": -5.129283016944966,
    "D": "-inf",
    "E": -4.129283016944966,
    "F": -3.1292830169449664,
    "G": -5.129283016944966,
    "H": -5.129283016944966,
    "I": "-inf",
    "K": -3.1292830169449664,
    "L": -2.807354922057604,
    "M": "-inf",
    "N": "-inf",
    "P": -3.5443205162238103,
    "Q": "-inf",
    "R": -5.129283016944966,
    "S": -2.807354922057604,
    "T": -5.129283016944966,
    "V": -2.807354922057604,
    "W": "-inf",
    "Y": "-inf"
  },
  "-6": {
    "A": -4.129283016944966,
    "C": -5.129283016944966,
    "D": -4.129283016944966,
    "E": -5.129283016944966,
    "F": "-inf",
    "G": -4.129283016944966,
    "H": "-inf",
    "I": -2.807354922057604,
    "K": -5.129283016944966,
    "L": -5.129283016944966,
    "M": -4.129283016944966,
    "N": -5.129283016944966,
    "P": -3.5443205162238103,
    "Q": -3.5443205162238103,
    "R": "-inf",
    "S": -2.807354922057604,
    "T": -3.5443205162238103,
    "V": "-inf",
    "W": -4.129283016944966,
    "Y": -5.129283016944966
  },
  "-5": {
    "A": -3.5443205162238103,
    "C": "-inf",
    "D": -5.129283016944966,
    "E": -5.129283016944966,
    "F": "-inf",
    "G": -5.129283016944966,
    "H": "-inf",
    "I": -5.129283016944966,
    "K": -3.5443205162238103,
    "L": -2.5443205162238103,
    "M": "-inf",
    "N": "-inf",
    "P": -5.129283016944966,
    "Q": -5.129283016944966,
    "R": -5.129283016944966,
    "S": -3.5443205162238103,
    "T": -3.1292830169449664,
    "V": -2.1292830169449664,
    "W": "-inf",
    "Y": -5.129283016944966
  },
  "-4": {
    "A": -5.129283016944966,
    "C": "-inf",
    "D": -5.129283016944966,
    "E": -5.129283016944966,
    "F": -5.129283016944966,
    "G": -5.129283016944966,
    "H": "-inf",
    "I": -4.129283016944966,
    "K": -5.129283016944966,
    "L": -2.5443205162238103,
    "M": "-inf",
    "N": -5.129283016944966,
    "P": -2.5443205162238103,
    "Q": -3.1292830169449664,
    "R": "-inf",
    "S": -3.1292830169449664,
    "T": -4.129283016944966,
    "V": -3.1292830169449664,
    "W": "-inf",
    "Y": "-inf"
  },
  "-3": {
    "A": -4.129283016944966,
    "C": "-inf",
    "D": -4.129283016944966,
    "E": -3.5443205162238103,
    "F": -5.129283016944966,
    "G": -2.807354922057604,
    "H": "-inf",
    "I": "-inf",
    "K": -5.129283016944966,
    "L": -3.5443205162238103,
    "M": -3.1292830169449664,
    "N": -3.1292830169449664,
    "P": -5.129283016944966,
    "Q": -4.129283016944966,
    "R": -2.807354922057604,
    "S": -5.129283016944966,
    "T": "-inf",
    "V": -5.129283016944966,
    "W": "-inf",
    "Y": "-inf"
  },
  "-2": {
    "A": -2.807354922057604,
    "C": "-inf",
    "D": "-inf",
    "E": -2.807354922057604,
    "F": -5.129283016944966,
    "G": -3.1292830169449664,
    "H": "-inf",
    "I": "-inf",
    "K": -4.129283016944966,
    "L": -4.129283016944966,
    "M": -5.129283016944966,
    "N": -5.129283016944966,
    "P": -4.129283016944966,
    "Q": -4.129283016944966,
    "R": -5.129283016944966,
    "S": "-inf",
    "T": -3.5443205162238103,
    "V": -3.5443205162238103,
    "W": "-inf",
    "Y": -3.5443205162238103
  },
  "-1": {
    "A": -4.129283016944966,
    "C": -5.129283016944966,
    "D": -5.129283016944966,
    "E": -4.129283016944966,
    "F": -5.129283016944966,
    "G": -5.129283016944966,
    "H": "-inf",
    "I": "-inf",
    "K": -2.807354922057604,
    "L": -2.5443205162238103,
    "M": -5.129283016944966,
    "N": "-inf",
    "P": -3.5443205162238103,
    "Q": "-inf",
    "R": -4.129283016944966,
    "S": -3.5443205162238103,
    "T": -3.1292830169449664,
    "V": -5.129283016944966,
    "W": -5.129283016944966,
    "Y": -5.129283016944966
  },
  "0": {
    "A": "-inf",
    "C": 0.0,
    "D": "-inf",
    "E": "-inf",
    "F": "-inf",
    "G": "-inf",
    "H": "-inf",
    "I": "-inf",
    "K": "-inf",
    "L": "-inf",
    "M": "-inf",
    "N": "-inf",
    "P": "-inf",
    "Q": "-inf",
    "R": "-inf",
    "S": "-inf",
    "T": "-inf",
    "V": "-inf",
    "W": "-inf",
    "Y": "-inf"
  },
  "+1": {
    "A": -3.5443205162238103,
    "C": "-inf",
    "D": "-inf",
    "E": -4.129283016944966,
    "F": -5.129283016944966,
    "G": -5.129283016944966,
    "H": -5.129283016944966,
    "I": -5.129283016944966,
    "K": -4.129283016944966,
    "L": -2.5443205162238103,
    "M": "-inf",
    "N": "-inf",
    "P": -5.129283016944966,
    "Q": -5.129283016944966,
    "R": -3.1292830169449664,
    "S": -4.129283016944966,
    "T": -4.129283016944966,
    "V": -2.807354922057604,
    "W": -4.129283016944966,
    "Y": "-inf"
  },
  "+2": {
    "A": -4.129283016944966,
    "C": "-inf",
    "D": -5.129283016944966,
    "E": "-inf",
    "F": "-inf",
    "G": -3.1292830169449664,
    "H": -5.129283016944966,
    "I": -3.5443205162238103,
    "K": -4.129283016944966,
    "L": -1.5443205162238103,
    "M": "-inf",
    "N": -4.129283016944966,
    "P": "-inf",
    "Q": -4.129283016944966,
    "R": "-inf",
    "S": -4.129283016944966,
    "T": -4.129283016944966,
    "V": -5.129283016944966,
    "W": "-inf",
    "Y": "-inf"
  },
  "+3": {
    "A": -5.129283016944966,
    "C": "-inf",
    "D": "-inf",
    "E": -2.5443205162238103,
    "F": "-inf",
    "G": -3.1292830169449664,
    "H": -5.129283016944966,
    "I": -5.129283016944966,
    "K": "-inf",
    "L": -2.807354922057604,
    "M": "-inf",
    "N": -3.1292830169449664,
    "P": -4.129283016944966,
    "Q": -4.129283016944966,
    "R": -3.5443205162238103,
    "S": -4.129283016944966,
    "T": -5.129283016944966,
    "V": "-inf",
    "W": -5.129283016944966,
    "Y": -5.129283016944966
  },
  "+4": {
    "A": -5.129283016944966,
    "C": -4.129283016944966,
    "D": "-inf",
    "E": -3.1292830169449664,
    "F": -4.129283016944966,
    "G": -5.129283016944966,
    "H": "-inf",
    "I": -4.129283016944966,
    "K": -2.807354922057604,
    "L": -4.129283016944966,
    "M": -5.129283016944966,
    "N": "-inf",
    "P": -5.129283016944966,
    "Q": -4.129283016944966,
    "R": -3.5443205162238103,
    "S": -4.129283016944966,
    "T": "-inf",
    "V": -2.5443205162238103,
    "W": "-inf",
    "Y": "-inf"
  },
  "+5": {
    "A": -3.1292830169449664,
    "C": "-inf",
    "D": -4.129283016944966,
    "E": -3.5443205162238103,
    "F": -5.129283016944966,
    "G": -3.5443205162238103,
    "H": -5.129283016944966,