{
  "-10": {
    "A": -3.438907477110096,
    "C": -6.729771559999186,
    "D": -4.149083714378356,
    "E": -3.7426337109362358,
    "F": -5.032618913320844,
    "G": -3.8302984359531504,
    "H": -5.579904210898127,
    "I": -4.283593650190035,
    "K": -3.7340462150995117,
    "L": -3.565548917921057,
    "M": -5.52332068253176,
    "N": -4.755611564934446,
    "P": -4.640803035842072,
    "Q": -4.736188301671053,
    "R": -4.098605269350562,
    "S": -4.336235129931264,
    "T": -4.1808242855222595,
    "V": -3.7426337109362358,
    "W": -7.09722799474392,
    "Y": -5.372427781554645
  },
  "-9": {
    "A": -3.448534231331296,
    "C": -6.781922842050292,
    "D": -4.154803028274586,
    "E": -3.8662083960547684,
    "F": -4.911482475819209,
    "G": -3.8756224264626407,
    "H": -5.402730541718171,
    "I": -4.149083714378356,
    "K": -3.750189931192397,
    "L": -3.574144941609442,
    "M": -5.355863936680197,
    "N": -4.820038214621842,
    "P": -4.7106908184334815,
    "Q": -4.790800993396746,
    "R": -4.06860485856088,
    "S": -4.196960341329136,
    "T": -4.283593650190035,
    "V": -3.6794398844490415,
    "W": -6.892246256956291,
    "Y": -5.406137143161421
  },
  "-8": {
    "A": -3.4511708967759245,
    "C": -7.0645618058235975,
    "D": -4.263372256571708,
    "E": -3.8166342923800123,
    "F": -4.9707796595029805,
    "G": -3.8166342923800123,
    "H": -5.868556150911191,
    "I": -4.220757912511329,
    "K": -3.5233206825317596,
    "L": -3.544749546590599,
    "M": -5.423291864200488,
    "N": -4.916331875480604,
    "P": -4.557003808788048,
    "Q": -4.795260641587445,
    "R": -3.964487913635257,
    "S": -4.154803028274586,
    "T": -4.304102508990455,
    "V": -3.799734118166753,
    "W": -6.9707796595029805,
    "Y": -5.355863936680197
  },
  "-7": {
    "A": -3.453812389807217,
    "C": -7.1764546858944955,
    "D": -4.0889918446441555,
    "E": -3.591492185173339,
    "F": -5.043188155031031,
    "G": -3.8121081865786466,
    "H": -5.734046215099512,
    "I": -4.231294073358259,
    "K": -3.540999849766585,
    "L": -3.674296581173082,
    "M": -5.560795387950423,
    "N": -4.820038214621842,
    "P": -4.7043862415792725,
    "Q": -4.6169234003289334,
    "R": -3.817768040997015,
    "S": -4.344381368632904,
    "T": -4.369099763836891,
    "V": -3.8994298155701848,
    "W": -7.001367979336404,
    "Y": -5.33298947042761
  },
  "-6": {
    "A": -3.3525738667460123,
    "C": -7.09722799474392,
    "D": -4.205838492675589,
    "E": -3.842938616731921,
    "F": -4.826870248104267,
    "G": -3.9211976306524203,
    "H": -5.831442977894092,
    "I": -4.087623712686823,
    "K": -3.6681487236841064,
    "L": -3.4336834700470833,
    "M": -5.288300652867562,
    "N": -4.762144534773679,
    "P": -4.71490922799128,
    "Q": -4.901832305785489,
    "R": -4.0247424877102125,
    "S": -4.289873072686316,
    "T": -4.331369374759449,
    "V": -3.7361883016710533,
    "W": -6.950741906266436,
    "Y": -5.1619842030861625
  },
  "-5": {
    "A": -3.3525738667460123,
    "C": -6.960725994839058,
    "D": -4.169201301883175,
    "E": -3.8898596641194136,
    "F": -4.801976068953423,
    "G": -3.977098964573259,
    "H": -5.734046215099512,
    "I": -4.018211489499818,
    "K": -3.73833357350261,
    "L": -3.416405478615248,
    "M": -5.38245814669191,
    "N": -4.833734789402081,
    "P": -4.795260641587445,
    "Q": -4.784137263115735,
    "R": -4.112450817468145,
    "S": -4.261828441506371,
    "T": -4.219259008437911,
    "V": -3.595375619660567,
    "W": -6.9707796595029805,
    "Y": -5.291447208184427
  },
  "-4": {
    "A": -3.3984835706179854,
    "C": -6.911482475819209,
    "D": -4.1027449997114855,
    "E": -3.5325984961197703,
    "F": -4.880352578375038,
    "G": -3.8756224264626407,
    "H": -5.940826437401353,
    "I": -4.198436244312985,
    "K": -3.7709014359590407,
    "L": -3.5113480408656836,
    "M": -5.530738154094243,
    "N": -4.845248777419122,
    "P": -4.541936360699107,
    "Q": -4.734046215099512,
    "R": -4.204355001500259,
    "S": -4.235833232973427,
    "T": -4.26646485162709,
    "V": -3.7117442650234707,
    "W": -6.808722901394008,
    "Y": -5.086256876922917
  },
  "-3": {
    "A": -3.302514512087263,
    "C": -7.622856356082674,
    "D": -3.9248577468842134,
    "E": -3.3967882766028277,
    "F": -4.73833357350261,
    "G": -3.8756224264626407,
    "H": -5.5876191760261325,
    "I": -4.359161526780772,
    "K": -4.031303185878177,
    "L": -3.658975781889326,
    "M": -5.742633710936236,
    "N": -4.669171548995214,
    "P": -4.541936360699107,
    "Q": -4.486794806506646,
    "R": -4.283593650190035,
    "S": -4.183744721824973,
    "T": -4.344381368632904,
    "V": -3.8779855638311216,
    "W": -6.930978651445006,
    "Y": -4.842938616731921
  },
  "-2": {
    "A": -3.3152677004678317,
    "C": -7.0645618058235975,
    "D": -3.8475626432573686,
    "E": -3.8615243171319524,
    "F": -4.581829087822619,
    "G": -3.794144436471116,
    "H": -6.043188155031031,
    "I": -4.0065296844521825,
    "K": -4.476014967753403,
    "L": -3.285945231869433,
    "M": -5.313667373025989,
    "N": -4.4904060600590245,
    "P": -4.889859664119414,
    "Q": -4.632799159330252,
    "R": -4.856855397067106,
    "S": -4.099983860034429,
    "T": -4.126430529963176,
    "V": -3.663045446198373,
    "W": -6.568408572060298,
    "Y": -5.061872718295958
  },
  "-1": {
    "A": -3.2641447840551683,
    "C": -7.075368560780181,
    "D": -4.305692255752848,
    "E": -3.588586453997928,
    "F": -4.572230283012706,
    "G": -3.4555760758959253,
    "H": -6.091732006989068,
    "I": -4.105511434002862,
    "K": -4.6794398844490415,
    "L": -3.1201228903948857,
    "M": -5.257206883765994,
    "N": -4.991099643882577,
    "P": -4.632799159330252,
    "Q": -4.6129816081475585,
    "R": -5.056509533528865,
    "S": -4.342748436889939,
    "T": -4.39255873666088,
    "V": -3.629809116724441,
    "W": -6.458225654309874,
    "Y": -4.757785936168783
  },
  "0": {
    "A": "-inf",
    "C": "-inf",
    "D": "-inf",
    "E": "-inf",
    "F": "-inf",
    "G": "-inf",
    "H": "-inf",
    "I": "-inf",
    "K": 0.0,
    "L": "-inf",
    "M": "-inf",
    "N": "-inf",
    "P": "-inf",
    "Q": "-inf",
    "R": "-inf",
    "S": "-inf",
    "T": "-inf",
    "V": "-inf",
    "W": "-inf",
    "Y": "-inf"
  },
  "+1": {
    "A": -3.4172644813443402,
    "C": -7.607089040224357,
    "D": -3.4867948065066456,
    "E": -3.4224292662430176,
    "F": -5.035253973488814,
    "G": -3.681502350905934,
    "H": -5.892246256956291,
    "I": -4.5251714782197014,
    "K": -3.7117442650234707,
    "L": -3.6856361504129476,
    "M": -6.037893855361518,
    "N": -4.768707222546129,
    "P": -4.243430380812986,
    "Q": -4.731907304343177,
    "R": -4.283593650190035,
    "S": -4.359161526780772,
    "T": -4.269564090285977,
    "V": -3.943298923080874,
    "W": -6.836030247389743,
    "Y": -5.211787759006776
  },
  "+2": {
    "A": -3.438907477110096,
    "C": -7.001367979336404,
    "D": -3.982174414103093,
    "E": -3.9657440696056825,
    "F": -4.419844562582019,
    "G": -3.6508707322522707,
    "H": -5.930978651445006,
    "I": -3.985992753449488,
    "K": -4.3009282611953115,
    "L": -3.255669648627596,
    "M": -5.504942153216905,
    "N": -4.923636676103838,
    "P": -4.540063946366336,
    "Q": -4.813238382516501,
    "R": -4.5876191760261325,
    "S": -4.508599176824994,
    "T": -4.214771617445598,
    "V": -3.562694920865904,
    "W": -6.622856356082674,
    "Y": -4.669171548995214
  },
  "+3": {
    "A": -3.3841366751429067,
    "C": -7.375763494117902,
    "D": -3.9720413080668924,
    "E": -3.506769506267912,
    "F": -4.859187968376996,
    "G": -3.7149092279912796,
    "H": -6.001367979336404,
    "I": -4.182283764696693,
    "K": -3.880352578375038,
    "L": -3.4742261330035897,
    "M": -6.016908830232182,
    "N": -4.808722901394008,
    "P": -4.416405478615248,
    "Q": -4.564596958110279,
    "R": -4.359161526780772,