{
  "-10": {
    "A": -4.6838481652316135,
    "C": -6.571373435973201,
    "D": -6.571373435973201,
    "E": -5.249445341085838,
    "F": -5.805838689610224,
    "G": -5.571373435973201,
    "H": -7.893301530860564,
    "I": -4.53574952624248,
    "K": -4.571373435973201,
    "L": -2.8933015308605636,
    "M": -7.085946608802959,
    "N": -7.085946608802959,
    "P": -4.433869912223266,
    "Q": -6.571373435973201,
    "R": -6.433869912223266,
    "S": -5.249445341085838,
    "T": -7.571373435973201,
    "V": -4.571373435973201,
    "W": -6.085946608802959,
    "Y": "-inf"
  },
  "-9": {
    "A": -3.723376529418251,
    "C": -5.500984108081803,
    "D": -5.6453740174169775,
    "E": -7.085946608802959,
    "F": -5.805838689610224,
    "G": -4.467036776158466,
    "H": -6.893301530860564,
    "I": -6.192861812719471,
    "K": -7.893301530860564,
    "L": -3.206801003677345,
    "M": -7.3083390301394076,
    "N": -7.893301530860564,
    "P": -4.6453740174169775,
    "Q": -6.3083390301394076,
    "R": -5.7233765294182515,
    "S": -4.6838481652316135,
    "T": -7.085946608802959,
    "V": -4.500984108081803,
    "W": -5.500984108081803,
    "Y": -8.308339030139408
  },
  "-8": {
    "A": -3.9391052204736883,
    "C": -6.433869912223266,
    "D": -6.571373435973201,
    "E": -5.805838689610224,
    "F": -6.571373435973201,
    "G": -4.53574952624248,
    "H": -7.893301530860564,
    "I": -5.7233765294182515,
    "K": -7.893301530860564,
    "L": -3.3234459225296153,
    "M": -6.7233765294182515,
    "N": -6.7233765294182515,
    "P": -4.6838481652316135,
    "Q": -4.939105220473689,
    "R": -5.571373435973201,
    "S": -4.278591686745355,
    "T": -4.986410935252045,
    "V": -4.939105220473689,
    "W": -7.893301530860564,
    "Y": -8.308339030139408
  },
  "-7": {
    "A": -4.53574952624248,
    "C": -6.433869912223266,
    "D": -5.500984108081803,
    "E": -5.500984108081803,
    "F": -4.6453740174169775,
    "G": -4.893301530860564,
    "H": -5.7233765294182515,
    "I": -5.085946608802959,
    "K": -5.7233765294182515,
    "L": -3.249445341085839,
    "M": -7.085946608802959,
    "N": -5.6453740174169775,
    "P": -5.1384140286970945,
    "Q": -5.500984108081803,
    "R": -7.3083390301394076,
    "S": -5.1384140286970945,
    "T": -5.249445341085838,
    "V": -5.249445341085838,
    "W": -7.3083390301394076,
    "Y": -7.893301530860564
  },
  "-6": {
    "A": -3.805838689610224,
    "C": -6.571373435973201,
    "D": -5.3083390301394076,
    "E": -7.571373435973201,
    "F": -5.893301530860564,
    "G": -4.893301530860564,
    "H": -6.7233765294182515,
    "I": -4.7233765294182515,
    "K": -7.571373435973201,
    "L": -3.784777074082394,
    "M": -6.7233765294182515,
    "N": -6.433869912223266,
    "P": -4.249445341085838,
    "Q": -6.085946608802959,
    "R": -5.433869912223266,
    "S": -4.764018513915597,
    "T": -5.249445341085838,
    "V": -4.278591686745355,
    "W": -8.893301530860564,
    "Y": -7.571373435973201
  },
  "-5": {
    "A": -3.8272123404027907,
    "C": -8.308339030139408,
    "D": -5.3083390301394076,
    "E": -6.192861812719471,
    "F": -5.500984108081803,
    "G": -4.165381076297364,
    "H": -7.893301530860564,
    "I": -6.433869912223266,
    "K": -6.433869912223266,
    "L": -4.805838689610224,
    "M": -6.893301530860564,
    "N": -6.192861812719471,
    "P": -3.8489074115021102,
    "Q": -6.192861812719471,
    "R": -5.085946608802959,
    "S": -4.53574952624248,
    "T": -4.84890741150211,
    "V": -4.467036776158466,
    "W": -9.893301530860564,
    "Y": -6.7233765294182515
  },
  "-4": {
    "A": -5.433869912223266,
    "C": -7.571373435973201,
    "D": -6.7233765294182515,
    "E": -5.7233765294182515,
    "F": -6.085946608802959,
    "G": -4.1384140286970945,
    "H": -6.7233765294182515,
    "I": -4.84890741150211,
    "K": -6.571373435973201,
    "L": -3.645374017416978,
    "M": -6.893301530860564,
    "N": -6.085946608802959,
    "P": -4.369739574803551,
    "Q": -4.571373435973201,
    "R": -5.6453740174169775,
    "S": -4.6838481652316135,
    "T": -6.085946608802959,
    "V": -4.6453740174169775,
    "W": -5.500984108081803,
    "Y": -6.571373435973201
  },
  "-3": {
    "A": -3.483910594722862,
    "C": -5.249445341085838,
    "D": -6.3083390301394076,
    "E": -5.6453740174169775,
    "F": -6.7233765294182515,
    "G": -4.764018513915597,
    "H": -7.3083390301394076,
    "I": -7.3083390301394076,
    "K": -6.085946608802959,
    "L": -4.764018513915597,
    "M": -8.893301530860564,
    "N": -6.7233765294182515,
    "P": -4.7233765294182515,
    "Q": -4.986410935252045,
    "R": -5.6453740174169775,
    "S": -3.870933717832109,
    "T": -4.939105220473689,
    "V": -3.986410935252045,
    "W": "-inf",
    "Y": -9.893301530860564
  },
  "-2": {
    "A": -5.1384140286970945,
    "C": -8.893301530860564,
    "D": -6.893301530860564,
    "E": -3.986410935252045,
    "F": -5.893301530860564,
    "G": -6.433869912223266,
    "H": -7.893301530860564,
    "I": -7.893301530860564,
    "K": -3.986410935252045,
    "L": -4.53574952624248,
    "M": -6.085946608802959,
    "N": -6.3083390301394076,
    "P": -5.571373435973201,
    "Q": -4.401448434530889,
    "R": -4.764018513915597,
    "S": -4.111941817335904,
    "T": -5.986410935252045,
    "V": -5.6453740174169775,
    "W": -4.500984108081803,
    "Y": -6.7233765294182515
  },
  "-1": {
    "A": -2.5269793166147476,
    "C": -5.986410935252045,
    "D": -4.986410935252045,
    "E": -5.500984108081803,
    "F": -8.893301530860564,
    "G": -4.500984108081803,
    "H": "-inf",
    "I": -8.308339030139408,
    "K": -6.085946608802959,
    "L": -6.3083390301394076,
    "M": -9.893301530860564,
    "N": -6.7233765294182515,
    "P": -6.085946608802959,
    "Q": -5.369739574803551,
    "R": -3.4338699122232663,
    "S": -4.7233765294182515,
    "T": -6.192861812719471,
    "V": -6.571373435973201,
    "W": -9.893301530860564,
    "Y": "-inf"
  },
  "0": {
    "A": "-inf",
    "C": "-inf",
    "D": "-inf",
    "E": "-inf",
    "F": "-inf",
    "G": "-inf",
    "H": "-inf",
    "I": "-inf",
    "K": "-inf",
    "L": "-inf",
    "M": "-inf",
    "N": "-inf",
    "P": "-inf",
    "Q": 0.0,
    "R": "-inf",
    "S": "-inf",
    "T": "-inf",
    "V": "-inf",
    "W": "-inf",
    "Y": "-inf"
  },
  "+1": {
    "A": -3.962564193297677,
    "C": -6.192861812719471,
    "D": -3.8933015308605636,
    "E": -4.6838481652316135,
    "F": -4.986410935252045,
    "G": -3.1653810762973644,
    "H": -5.035320535732991,
    "I": -5.893301530860564,
    "K": -3.571373435973201,
    "L": -3.626514990165662,
    "M": -8.308339030139408,
    "N": -4.805838689610224,
    "P": -4.571373435973201,
    "Q": -3.764018513915597,
    "R": -4.764018513915597,
    "S": -4.278591686745355,
    "T": -4.369739574803551,
    "V": -3.0988856645104574,
    "W": -4.986410935252045,
    "Y": -5.6453740174169775
  },
  "+2": {
    "A": -4.369739574803551,
    "C": -4.433869912223266,
    "D": -4.1384140286970945,
    "E": -5.249445341085838,
    "F": -4.53574952624248,
    "G": -3.8489074115021102,
    "H": -6.7233765294182515,
    "I": -5.893301530860564,
    "K": -4.84890741150211,
    "L": -3.6644828403646827,
    "M": -9.893301530860564,
    "N": -3.2639449107809537,
    "P": -3.553451527975939,
    "Q": -5.500984108081803,
    "R": -3.7435544113558814,
    "S": -4.500984108081803,
    "T": -4.278591686745355,
    "V": -4.111941817335904,
    "W": -3.220876188889068,
    "Y": -5.500984108081803
  },
  "+3": {
    "A": -3.8489074115021102,
    "C": -4.893301530860564,
    "D": -3.7034769719805465,
    "E": -5.249445341085838,
    "F": -2.8272123404027907,
    "G": -3.916021607360647,
    "H": -5.893301530860564,
    "I": -4.986410935252045,
    "K": -4.986410935252045,
    "L": -3.7435544113558814,
    "M": -7.3083390301394076,
    "N": -5.249445341085838,
    "P": -3.206801003677345,
    "Q": -4.278591686745355,
    "R": -4.607899311998315,
    "S": -4.220876188889068,
    "T": -4.84890741150211,