{
  "-10": {
    "A": -4.535284058523925,
    "C": "-inf",
    "D": -4.1298189504157605,
    "E": -2.7435245892958697,
    "F": -5.2284312390838705,
    "G": -2.258016773514169,
    "H": "-inf",
    "I": -5.2284312390838705,
    "K": -1.8107045554705044,
    "L": -2.28399225991743,
    "M": "-inf",
    "N": "-inf",
    "P": -1.3264585695092255,
    "Q": "-inf",
    "R": -3.2135282185416054,
    "S": -2.6257415536394864,
    "T": "-inf",
    "V": -3.5236831468454453,
    "W": "-inf",
    "Y": "-inf"
  },
  "-9": {
    "A": -2.258016773514169,
    "C": "-inf",
    "D": -2.4250708581773353,
    "E": -2.786084203714666,
    "F": -4.535284058523925,
    "G": -4.822966130975706,
    "H": -5.921578419643816,
    "I": "-inf",
    "K": -2.0095554142156695,
    "L": -3.3566290621822787,
    "M": -3.9756682705885025,
    "N": -2.8770559819203925,
    "P": -1.9703347010623882,
    "Q": "-inf",
    "R": -5.921578419643816,
    "S": -1.8962267289086663,
    "T": -5.2284312390838705,
    "V": -2.52038103798166,
    "W": "-inf",
    "Y": "-inf"
  },
  "-8": {
    "A": -1.794444034598724,
    "C": "-inf",
    "D": "-inf",
    "E": "-inf",
    "F": "-inf",
    "G": -1.8611354090973962,
    "H": "-inf",
    "I": -2.8770559819203925,
    "K": -1.7626953362841438,
    "L": -3.5236831468454453,
    "M": -5.2284312390838705,
    "N": -2.5893739094686117,
    "P": -1.8107045554705044,
    "Q": -4.1298189504157605,
    "R": "-inf",
    "S": -3.2135282185416054,
    "T": -4.312140507209715,
    "V": -4.535284058523925,
    "W": "-inf",
    "Y": "-inf"
  },
  "-7": {
    "A": -2.160378303950253,
    "C": "-inf",
    "D": "-inf",
    "E": "-inf",
    "F": "-inf",
    "G": -2.487591215158669,
    "H": "-inf",
    "I": -2.5893739094686117,
    "K": -1.306457902802556,
    "L": -4.1298189504157605,
    "M": -5.921578419643816,
    "N": "-inf",
    "P": -2.3380594811877056,
    "Q": -2.977139440477375,
    "R": -2.1373887857255545,
    "S": -3.5236831468454453,
    "T": -3.5236831468454453,
    "V": -4.1298189504157605,
    "W": "-inf",
    "Y": "-inf"
  },
  "-6": {
    "A": -1.5027378118472177,
    "C": "-inf",
    "D": -5.921578419643816,
    "E": -3.9756682705885025,
    "F": -4.535284058523925,
    "G": -3.436671769855815,
    "H": "-inf",
    "I": -4.822966130975706,
    "K": -1.6730831775944566,
    "L": -5.2284312390838705,
    "M": -5.2284312390838705,
    "N": -5.921578419643816,
    "P": -2.5893739094686117,
    "Q": -2.6634818816223333,
    "R": -3.61899332664977,
    "S": -1.8962267289086663,
    "T": -3.8421368779639797,
    "V": -2.6634818816223333,
    "W": "-inf",
    "Y": "-inf"
  },
  "-5": {
    "A": -1.8785271518092654,
    "C": "-inf",
    "D": -5.921578419643816,
    "E": -5.921578419643816,
    "F": -5.2284312390838705,
    "G": -3.5236831468454453,
    "H": -2.6634818816223333,
    "I": -3.3566290621822787,
    "K": -1.6311189784954245,
    "L": -4.822966130975706,
    "M": -2.5893739094686117,
    "N": "-inf",
    "P": -2.5542825896573413,
    "Q": "-inf",
    "R": -2.487591215158669,
    "S": -2.6257415536394864,
    "T": -2.977139440477375,
    "V": -2.0929370231547204,
    "W": "-inf",
    "Y": "-inf"
  },
  "-4": {
    "A": -2.487591215158669,
    "C": "-inf",
    "D": "-inf",
    "E": -3.436671769855815,
    "F": "-inf",
    "G": -4.535284058523925,
    "H": "-inf",
    "I": "-inf",
    "K": -1.0387764970574447,
    "L": -2.9258461460898246,
    "M": -4.1298189504157605,
    "N": -5.921578419643816,
    "P": -1.9142452344113448,
    "Q": -3.3566290621822787,
    "R": -2.4250708581773353,
    "S": -4.312140507209715,
    "T": -2.487591215158669,
    "V": -2.52038103798166,
    "W": "-inf",
    "Y": "-inf"
  },
  "-3": {
    "A": -1.5777729977901318,
    "C": "-inf",
    "D": -4.1298189504157605,
    "E": -2.8305359662855,
    "F": "-inf",
    "G": -2.4250708581773353,
    "H": -5.921578419643816,
    "I": -4.822966130975706,
    "K": -1.794444034598724,
    "L": -1.5395517849699338,
    "M": "-inf",
    "N": "-inf",
    "P": -2.6257415536394864,
    "Q": "-inf",
    "R": -2.3380594811877056,
    "S": -3.7243538423075964,
    "T": -3.5236831468454453,
    "V": -4.312140507209715,
    "W": "-inf",
    "Y": -5.921578419643816
  },
  "-2": {
    "A": -1.6311189784954245,
    "C": -5.921578419643816,
    "D": "-inf",
    "E": "-inf",
    "F": -5.2284312390838705,
    "G": -2.310660506999591,
    "H": -3.61899332664977,
    "I": -4.1298189504157605,
    "K": -5.2284312390838705,
    "L": -1.8440409757380962,
    "M": -5.921578419643816,
    "N": "-inf",
    "P": -1.5777729977901318,
    "Q": -5.921578419643816,
    "R": -3.7243538423075964,
    "S": -1.9142452344113448,
    "T": -4.822966130975706,
    "V": -2.52038103798166,
    "W": "-inf",
    "Y": -3.9756682705885025
  },
  "-1": {
    "A": -2.9258461460898246,
    "C": "-inf",
    "D": "-inf",
    "E": "-inf",
    "F": -5.2284312390838705,
    "G": -4.312140507209715,
    "H": -3.5236831468454453,
    "I": "-inf",
    "K": -1.552130567176794,
    "L": -4.822966130975706,
    "M": "-inf",
    "N": -5.2284312390838705,
    "P": -1.932594373079541,
    "Q": -2.3380594811877056,
    "R": -1.5908450793574844,
    "S": -2.28399225991743,
    "T": -2.160378303950253,
    "V": -4.535284058523925,
    "W": "-inf",
    "Y": "-inf"
  },
  "0": {
    "A": "-inf",
    "C": "-inf",
    "D": "-inf",
    "E": "-inf",
    "F": "-inf",
    "G": "-inf",
    "H": "-inf",
    "I": "-inf",
    "K": 0.0,
    "L": "-inf",
    "M": "-inf",
    "N": "-inf",
    "P": "-inf",
    "Q": "-inf",
    "R": "-inf",
    "S": "-inf",
    "T": "-inf",
    "V": "-inf",
    "W": "-inf",
    "Y": "-inf"
  },
  "+1": {
    "A": -1.6175133264396457,
    "C": "-inf",
    "D": -5.921578419643816,
    "E": -2.52038103798166,
    "F": -5.2284312390838705,
    "G": -1.7626953362841438,
    "H": "-inf",
    "I": "-inf",
    "K": -1.1594044848460594,
    "L": -5.921578419643816,
    "M": "-inf",
    "N": "-inf",
    "P": "-inf",
    "Q": -3.436671769855815,
    "R": -5.2284312390838705,
    "S": -2.0929370231547204,
    "T": -2.8305359662855,
    "V": -5.2284312390838705,
    "W": "-inf",
    "Y": "-inf"
  },
  "+2": {
    "A": -1.7020707144677087,
    "C": "-inf",
    "D": -2.6257415536394864,
    "E": -2.8770559819203925,
    "F": -5.2284312390838705,
    "G": -2.455842516844089,
    "H": -5.921578419643816,
    "I": -4.312140507209715,
    "K": -3.61899332664977,
    "L": -3.282521090028557,
    "M": "-inf",
    "N": -2.6634818816223333,
    "P": -5.2284312390838705,
    "Q": -2.487591215158669,
    "R": -5.921578419643816,
    "S": -1.8611354090973962,
    "T": -2.050377408735925,
    "V": -2.6257415536394864,
    "W": "-inf",
    "Y": "-inf"
  },
  "+3": {
    "A": -2.977139440477375,
    "C": "-inf",
    "D": "-inf",
    "E": -2.4250708581773353,
    "F": -5.2284312390838705,
    "G": -2.0095554142156695,
    "H": "-inf",
    "I": -4.535284058523925,
    "K": -1.8272338574217148,
    "L": -5.2284312390838705,
    "M": "-inf",
    "N": -5.921578419643816,
    "P": -2.455842516844089,
    "Q": -5.921578419643816,
    "R": -3.9756682705885025,
    "S": -2.029758121533189,
    "T": -2.5542825896573413,
    "V": -2.6257415536394864,
    "W": "-inf",
    "Y": -1.9142452344113448
  },
  "+4": {
    "A": -2.1373887857255545,
    "C": "-inf",
    "D": "-inf",
    "E": "-inf",
    "F": "-inf",
    "G": -3.61899332664977,
    "H": -2.977139440477375,
    "I": -5.2284312390838705,
    "K": -0.8156329457432349,
    "L": -3.8421368779639797,
    "M": "-inf",
    "N": -5.921578419643816,
    "P": -5.2284312390838705,
    "Q": "-inf",
    "R": -3.7243538423075964,
    "S": -1.6040903061075051,
    "T": -2.4250708581773353,
    "V": -4.822966130975706,
    "W": "-inf",
    "Y": "-inf"
  },
  "+5": {
    "A": -1.8440409757380962,
    "C": "-inf",
    "D": -2.6257415536394864,
    "E": -2.5893739094686117,
    "F": "-inf",
    "G": -5.2284312390838705,
    "H": -2.2080063529395075,
    "I": -3.436671769855815,
    "K": -1.203079548348721,