{
  "-10": {
    "A": 0.035398230088495575,
    "C": 0.008849557522123894,
    "D": 0.02654867256637168,
    "E": 0.04424778761061947,
    "F": 0.02654867256637168,
    "G": 0.10619469026548672,
    "H": 0.008849557522123894,
    "I": 0.02654867256637168,
    "K": 0.09734513274336283,
    "L": 0.11504424778761062,
    "M": 0.04424778761061947,
    "N": 0.02654867256637168,
    "P": 0.12389380530973451,
    "Q": 0.02654867256637168,
    "R": 0.035398230088495575,
    "S": 0.12389380530973451,
    "T": 0.05309734513274336,
    "V": 0.04424778761061947,
    "W": 0.008849557522123894,
    "Y": 0.0
  },
  "-9": {
    "A": 0.11504424778761062,
    "C": 0.017699115044247787,
    "D": 0.035398230088495575,
    "E": 0.08849557522123894,
    "F": 0.05309734513274336,
    "G": 0.02654867256637168,
    "H": 0.008849557522123894,
    "I": 0.0,
    "K": 0.008849557522123894,
    "L": 0.04424778761061947,
    "M": 0.05309734513274336,
    "N": 0.02654867256637168,
    "P": 0.07964601769911504,
    "Q": 0.02654867256637168,
    "R": 0.035398230088495575,
    "S": 0.1415929203539823,
    "T": 0.04424778761061947,
    "V": 0.12389380530973451,
    "W": 0.008849557522123894,
    "Y": 0.04424778761061947
  },
  "-8": {
    "A": 0.12389380530973451,
    "C": 0.008849557522123894,
    "D": 0.04424778761061947,
    "E": 0.061946902654867256,
    "F": 0.04424778761061947,
    "G": 0.07964601769911504,
    "H": 0.008849557522123894,
    "I": 0.017699115044247787,
    "K": 0.04424778761061947,
    "L": 0.07079646017699115,
    "M": 0.017699115044247787,
    "N": 0.035398230088495575,
    "P": 0.1415929203539823,
    "Q": 0.035398230088495575,
    "R": 0.04424778761061947,
    "S": 0.11504424778761062,
    "T": 0.07964601769911504,
    "V": 0.008849557522123894,
    "W": 0.0,
    "Y": 0.0
  },
  "-7": {
    "A": 0.07079646017699115,
    "C": 0.0,
    "D": 0.05309734513274336,
    "E": 0.05309734513274336,
    "F": 0.017699115044247787,
    "G": 0.07079646017699115,
    "H": 0.02654867256637168,
    "I": 0.008849557522123894,
    "K": 0.061946902654867256,
    "L": 0.10619469026548672,
    "M": 0.04424778761061947,
    "N": 0.017699115044247787,
    "P": 0.07079646017699115,
    "Q": 0.04424778761061947,
    "R": 0.061946902654867256,
    "S": 0.168141592920354,
    "T": 0.02654867256637168,
    "V": 0.07079646017699115,
    "W": 0.0,
    "Y": 0.008849557522123894
  },
  "-6": {
    "A": 0.07079646017699115,
    "C": 0.008849557522123894,
    "D": 0.017699115044247787,
    "E": 0.08849557522123894,
    "F": 0.02654867256637168,
    "G": 0.061946902654867256,
    "H": 0.04424778761061947,
    "I": 0.008849557522123894,
    "K": 0.08849557522123894,
    "L": 0.07964601769911504,
    "M": 0.017699115044247787,
    "N": 0.04424778761061947,
    "P": 0.12389380530973451,
    "Q": 0.04424778761061947,
    "R": 0.05309734513274336,
    "S": 0.09734513274336283,
    "T": 0.02654867256637168,
    "V": 0.04424778761061947,
    "W": 0.0,
    "Y": 0.04424778761061947
  },
  "-5": {
    "A": 0.11504424778761062,
    "C": 0.02654867256637168,
    "D": 0.035398230088495575,
    "E": 0.09734513274336283,
    "F": 0.0,
    "G": 0.08849557522123894,
    "H": 0.008849557522123894,
    "I": 0.02654867256637168,
    "K": 0.035398230088495575,
    "L": 0.09734513274336283,
    "M": 0.017699115044247787,
    "N": 0.0,
    "P": 0.09734513274336283,
    "Q": 0.04424778761061947,
    "R": 0.05309734513274336,
    "S": 0.08849557522123894,
    "T": 0.07079646017699115,
    "V": 0.035398230088495575,
    "W": 0.0,
    "Y": 0.05309734513274336
  },
  "-4": {
    "A": 0.13274336283185842,
    "C": 0.02654867256637168,
    "D": 0.02654867256637168,
    "E": 0.11504424778761062,
    "F": 0.02654867256637168,
    "G": 0.04424778761061947,
    "H": 0.017699115044247787,
    "I": 0.017699115044247787,
    "K": 0.035398230088495575,
    "L": 0.04424778761061947,
    "M": 0.02654867256637168,
    "N": 0.017699115044247787,
    "P": 0.09734513274336283,
    "Q": 0.08849557522123894,
    "R": 0.04424778761061947,
    "S": 0.08849557522123894,
    "T": 0.061946902654867256,
    "V": 0.05309734513274336,
    "W": 0.008849557522123894,
    "Y": 0.017699115044247787
  },
  "-3": {
    "A": 0.12389380530973451,
    "C": 0.008849557522123894,
    "D": 0.02654867256637168,
    "E": 0.07964601769911504,
    "F": 0.008849557522123894,
    "G": 0.04424778761061947,
    "H": 0.008849557522123894,
    "I": 0.017699115044247787,
    "K": 0.05309734513274336,
    "L": 0.07964601769911504,
    "M": 0.02654867256637168,
    "N": 0.04424778761061947,
    "P": 0.1415929203539823,
    "Q": 0.04424778761061947,
    "R": 0.04424778761061947,
    "S": 0.10619469026548672,
    "T": 0.035398230088495575,
    "V": 0.08849557522123894,
    "W": 0.0,
    "Y": 0.017699115044247787
  },
  "-2": {
    "A": 0.13274336283185842,
    "C": 0.017699115044247787,
    "D": 0.05309734513274336,
    "E": 0.061946902654867256,
    "F": 0.02654867256637168,
    "G": 0.04424778761061947,
    "H": 0.008849557522123894,
    "I": 0.008849557522123894,
    "K": 0.061946902654867256,
    "L": 0.05309734513274336,
    "M": 0.04424778761061947,
    "N": 0.035398230088495575,
    "P": 0.07079646017699115,
    "Q": 0.04424778761061947,
    "R": 0.07964601769911504,
    "S": 0.1592920353982301,
    "T": 0.035398230088495575,
    "V": 0.05309734513274336,
    "W": 0.0,
    "Y": 0.008849557522123894
  },
  "-1": {
    "A": 0.12389380530973451,
    "C": 0.017699115044247787,
    "D": 0.017699115044247787,
    "E": 0.11504424778761062,
    "F": 0.017699115044247787,
    "G": 0.061946902654867256,
    "H": 0.008849557522123894,
    "I": 0.017699115044247787,
    "K": 0.07964601769911504,
    "L": 0.07079646017699115,
    "M": 0.0,
    "N": 0.035398230088495575,
    "P": 0.08849557522123894,
    "Q": 0.061946902654867256,
    "R": 0.04424778761061947,
    "S": 0.09734513274336283,
    "T": 0.061946902654867256,
    "V": 0.061946902654867256,
    "W": 0.017699115044247787,
    "Y": 0.0
  },
  "0": {
    "A": 1.0,
    "C": 0.0,
    "D": 0.0,
    "E": 0.0,
    "F": 0.0,
    "G": 0.0,
    "H": 0.0,
    "I": 0.0,
    "K": 0.0,
    "L": 0.0,
    "M": 0.0,
    "N": 0.0,
    "P": 0.0,
    "Q": 0.0,
    "R": 0.0,
    "S": 0.0,
    "T": 0.0,
    "V": 0.0,
    "W": 0.0,
    "Y": 0.0
  },
  "+1": {
    "A": 0.11504424778761062,
    "C": 0.008849557522123894,
    "D": 0.04424778761061947,
    "E": 0.05309734513274336,
    "F": 0.035398230088495575,
    "G": 0.061946902654867256,
    "H": 0.017699115044247787,
    "I": 0.017699115044247787,
    "K": 0.11504424778761062,
    "L": 0.07079646017699115,
    "M": 0.017699115044247787,
    "N": 0.04424778761061947,
    "P": 0.09734513274336283,
    "Q": 0.035398230088495575,
    "R": 0.04424778761061947,
    "S": 0.10619469026548672,
    "T": 0.02654867256637168,
    "V": 0.05309734513274336,
    "W": 0.008849557522123894,
    "Y": 0.02654867256637168
  },
  "+2": {
    "A": 0.10619469026548672,
    "C": 0.008849557522123894,
    "D": 0.02654867256637168,
    "E": 0.061946902654867256,
    "F": 0.0,
    "G": 0.04424778761061947,
    "H": 0.008849557522123894,
    "I": 0.008849557522123894,
    "K": 0.08849557522123894,
    "L": 0.08849557522123894,
    "M": 0.008849557522123894,
    "N": 0.02654867256637168,
    "P": 0.08849557522123894,
    "Q": 0.08849557522123894,
    "R": 0.07964601769911504,
    "S": 0.07079646017699115,
    "T": 0.09734513274336283,
    "V": 0.07079646017699115,
    "W": 0.008849557522123894,
    "Y": 0.008849557522123894
  },
  "+3": {
    "A": 0.1504424778761062,
    "C": 0.0,
    "D": 0.04424778761061947,
    "E": 0.09734513274336283,
    "F": 0.017699115044247787,
    "G": 0.07964601769911504,
    "H": 0.017699115044247787,
    "I": 0.017699115044247787,
    "K": 0.061946902654867256,
    "L": 0.05309734513274336,
    "M": 0.0,
    "N": 0.02654867256637168,
    "P": 0.11504424778761062,
    "Q": 0.05309734513274336,
    "R": 0.05309734513274336,
    "S": 0.08849557522123894,
    "T": 0.035398230088495575,