{
  "-10": {
    "A": 0.08333333333333333,
    "C": 0.027777777777777776,
    "D": 0.027777777777777776,
    "E": 0.08333333333333333,
    "F": 0.0,
    "G": 0.1388888888888889,
    "H": 0.0,
    "I": 0.08333333333333333,
    "K": 0.08333333333333333,
    "L": 0.027777777777777776,
    "M": 0.0,
    "N": 0.0,
    "P": 0.0,
    "Q": 0.08333333333333333,
    "R": 0.0,
    "S": 0.08333333333333333,
    "T": 0.08333333333333333,
    "V": 0.027777777777777776,
    "W": 0.0,
    "Y": 0.05555555555555555
  },
  "-9": {
    "A": 0.08333333333333333,
    "C": 0.0,
    "D": 0.1111111111111111,
    "E": 0.1111111111111111,
    "F": 0.0,
    "G": 0.05555555555555555,
    "H": 0.027777777777777776,
    "I": 0.0,
    "K": 0.05555555555555555,
    "L": 0.05555555555555555,
    "M": 0.05555555555555555,
    "N": 0.027777777777777776,
    "P": 0.0,
    "Q": 0.027777777777777776,
    "R": 0.05555555555555555,
    "S": 0.2222222222222222,
    "T": 0.05555555555555555,
    "V": 0.0,
    "W": 0.0,
    "Y": 0.0
  },
  "-8": {
    "A": 0.027777777777777776,
    "C": 0.027777777777777776,
    "D": 0.05555555555555555,
    "E": 0.1388888888888889,
    "F": 0.0,
    "G": 0.08333333333333333,
    "H": 0.05555555555555555,
    "I": 0.0,
    "K": 0.05555555555555555,
    "L": 0.05555555555555555,
    "M": 0.05555555555555555,
    "N": 0.1111111111111111,
    "P": 0.1111111111111111,
    "Q": 0.027777777777777776,
    "R": 0.027777777777777776,
    "S": 0.08333333333333333,
    "T": 0.027777777777777776,
    "V": 0.05555555555555555,
    "W": 0.0,
    "Y": 0.0
  },
  "-7": {
    "A": 0.1111111111111111,
    "C": 0.0,
    "D": 0.08333333333333333,
    "E": 0.1111111111111111,
    "F": 0.0,
    "G": 0.0,
    "H": 0.05555555555555555,
    "I": 0.027777777777777776,
    "K": 0.1111111111111111,
    "L": 0.1388888888888889,
    "M": 0.0,
    "N": 0.08333333333333333,
    "P": 0.027777777777777776,
    "Q": 0.027777777777777776,
    "R": 0.0,
    "S": 0.08333333333333333,
    "T": 0.05555555555555555,
    "V": 0.05555555555555555,
    "W": 0.0,
    "Y": 0.027777777777777776
  },
  "-6": {
    "A": 0.0,
    "C": 0.0,
    "D": 0.08333333333333333,
    "E": 0.027777777777777776,
    "F": 0.0,
    "G": 0.1388888888888889,
    "H": 0.08333333333333333,
    "I": 0.1111111111111111,
    "K": 0.1111111111111111,
    "L": 0.027777777777777776,
    "M": 0.027777777777777776,
    "N": 0.027777777777777776,
    "P": 0.027777777777777776,
    "Q": 0.027777777777777776,
    "R": 0.08333333333333333,
    "S": 0.08333333333333333,
    "T": 0.05555555555555555,
    "V": 0.05555555555555555,
    "W": 0.0,
    "Y": 0.027777777777777776
  },
  "-5": {
    "A": 0.05555555555555555,
    "C": 0.027777777777777776,
    "D": 0.1111111111111111,
    "E": 0.05555555555555555,
    "F": 0.0,
    "G": 0.027777777777777776,
    "H": 0.05555555555555555,
    "I": 0.0,
    "K": 0.16666666666666666,
    "L": 0.05555555555555555,
    "M": 0.0,
    "N": 0.05555555555555555,
    "P": 0.027777777777777776,
    "Q": 0.027777777777777776,
    "R": 0.0,
    "S": 0.08333333333333333,
    "T": 0.16666666666666666,
    "V": 0.027777777777777776,
    "W": 0.027777777777777776,
    "Y": 0.027777777777777776
  },
  "-4": {
    "A": 0.05555555555555555,
    "C": 0.0,
    "D": 0.027777777777777776,
    "E": 0.08333333333333333,
    "F": 0.0,
    "G": 0.0,
    "H": 0.0,
    "I": 0.1388888888888889,
    "K": 0.05555555555555555,
    "L": 0.0,
    "M": 0.0,
    "N": 0.08333333333333333,
    "P": 0.08333333333333333,
    "Q": 0.027777777777777776,
    "R": 0.0,
    "S": 0.2777777777777778,
    "T": 0.05555555555555555,
    "V": 0.1111111111111111,
    "W": 0.0,
    "Y": 0.0
  },
  "-3": {
    "A": 0.027777777777777776,
    "C": 0.0,
    "D": 0.05555555555555555,
    "E": 0.05555555555555555,
    "F": 0.027777777777777776,
    "G": 0.1388888888888889,
    "H": 0.0,
    "I": 0.1388888888888889,
    "K": 0.1111111111111111,
    "L": 0.16666666666666666,
    "M": 0.0,
    "N": 0.027777777777777776,
    "P": 0.05555555555555555,
    "Q": 0.0,
    "R": 0.0,
    "S": 0.027777777777777776,
    "T": 0.05555555555555555,
    "V": 0.08333333333333333,
    "W": 0.0,
    "Y": 0.027777777777777776
  },
  "-2": {
    "A": 0.05555555555555555,
    "C": 0.0,
    "D": 0.1111111111111111,
    "E": 0.1111111111111111,
    "F": 0.027777777777777776,
    "G": 0.027777777777777776,
    "H": 0.027777777777777776,
    "I": 0.027777777777777776,
    "K": 0.08333333333333333,
    "L": 0.05555555555555555,
    "M": 0.0,
    "N": 0.05555555555555555,
    "P": 0.0,
    "Q": 0.1111111111111111,
    "R": 0.027777777777777776,
    "S": 0.08333333333333333,
    "T": 0.05555555555555555,
    "V": 0.1388888888888889,
    "W": 0.0,
    "Y": 0.0
  },
  "-1": {
    "A": 0.16666666666666666,
    "C": 0.0,
    "D": 0.1111111111111111,
    "E": 0.0,
    "F": 0.027777777777777776,
    "G": 0.05555555555555555,
    "H": 0.05555555555555555,
    "I": 0.0,
    "K": 0.0,
    "L": 0.1388888888888889,
    "M": 0.027777777777777776,
    "N": 0.0,
    "P": 0.05555555555555555,
    "Q": 0.0,
    "R": 0.027777777777777776,
    "S": 0.1388888888888889,
    "T": 0.1388888888888889,
    "V": 0.05555555555555555,
    "W": 0.0,
    "Y": 0.0
  },
  "0": {
    "A": 0.0,
    "C": 1.0,
    "D": 0.0,
    "E": 0.0,
    "F": 0.0,
    "G": 0.0,
    "H": 0.0,
    "I": 0.0,
    "K": 0.0,
    "L": 0.0,
    "M": 0.0,
    "N": 0.0,
    "P": 0.0,
    "Q": 0.0,
    "R": 0.0,
    "S": 0.0,
    "T": 0.0,
    "V": 0.0,
    "W": 0.0,
    "Y": 0.0
  },
  "+1": {
    "A": 0.08333333333333333,
    "C": 0.0,
    "D": 0.05555555555555555,
    "E": 0.08333333333333333,
    "F": 0.1111111111111111,
    "G": 0.05555555555555555,
    "H": 0.027777777777777776,
    "I": 0.1111111111111111,
    "K": 0.027777777777777776,
    "L": 0.027777777777777776,
    "M": 0.0,
    "N": 0.05555555555555555,
    "P": 0.05555555555555555,
    "Q": 0.027777777777777776,
    "R": 0.027777777777777776,
    "S": 0.08333333333333333,
    "T": 0.05555555555555555,
    "V": 0.027777777777777776,
    "W": 0.0,
    "Y": 0.08333333333333333
  },
  "+2": {
    "A": 0.16666666666666666,
    "C": 0.0,
    "D": 0.027777777777777776,
    "E": 0.027777777777777776,
    "F": 0.027777777777777776,
    "G": 0.1388888888888889,
    "H": 0.0,
    "I": 0.0,
    "K": 0.027777777777777776,
    "L": 0.08333333333333333,
    "M": 0.027777777777777776,
    "N": 0.0,
    "P": 0.0,
    "Q": 0.027777777777777776,
    "R": 0.05555555555555555,
    "S": 0.16666666666666666,
    "T": 0.1388888888888889,
    "V": 0.027777777777777776,
    "W": 0.05555555555555555,
    "Y": 0.0
  },
  "+3": {
    "A": 0.08333333333333333,
    "C": 0.027777777777777776,
    "D": 0.0,
    "E": 0.0,
    "F": 0.05555555555555555,
    "G": 0.2222222222222222,
    "H": 0.05555555555555555,
    "I": 0.05555555555555555,
    "K": 0.027777777777777776,
    "L": 0.08333333333333333,
    "M": 0.0,
    "N": 0.0,
    "P": 0.027777777777777776,
    "Q": 0.08333333333333333,
    "R": 0.1111111111111111,
    "S": 0.08333333333333333,
    "T": 0.027777777777777776,
    "V": 0.05555555555555555,
    "W": 0.0,
    "Y": 0.0
  },
  "+4": {
    "A": 0.027777777777777776,
    "C": 0.0,
    "D": 0.0,
    "E": 0.027777777777777776,
    "F": 0.0,
    "G": 0.05555555555555555,
    "H": 0.0,
    "I": 0.08333333333333333,
    "K": 0.1111111111111111,
    "L": 0.1388888888888889,
    "M": 0.1111111111111111,
    "N": 0.05555555555555555,
    "P": 0.05555555555555555,
    "Q": 0.0,
    "R": 0.05555555555555555,
    "S": 0.027777777777777776,
    "T": 0.1111111111111111,
    "V": 0.08333333333333333,
    "W": 0.0,
    "Y": 0.05555555555555555
  },
  "+5": {
    "A": 0.027777777777777776,
    "C": 0.027777777777777776,
    "D": 0.027777777777777776,
    "E": 0.05555555555555555,
    "F": 0.027777777777777776,
    "G": 0.2222222222222222,
    "H": 0.0,
    "I": 0.0,
    "K": 0.027777777777777776,
    "L": 0.08333333333333333,
    "M": 0.0,
    "N": 0.027777777777777776,
    "P": 0.05555555555555555,