{
  "-10": {
    "A": 0.06756756756756757,
    "C": 0.0075075075075075074,
    "D": 0.06456456456456457,
    "E": 0.08108108108108109,
    "F": 0.028528528528528527,
    "G": 0.06156156156156156,
    "H": 0.01951951951951952,
    "I": 0.036036036036036036,
    "K": 0.08708708708708708,
    "L": 0.05405405405405406,
    "M": 0.03153153153153153,
    "N": 0.036036036036036036,
    "P": 0.06606606606606606,
    "Q": 0.042042042042042045,
    "R": 0.06606606606606606,
    "S": 0.04954954954954955,
    "T": 0.05105105105105105,
    "V": 0.057057057057057055,
    "W": 0.003003003003003003,
    "Y": 0.021021021021021023
  },
  "-9": {
    "A": 0.08108108108108109,
    "C": 0.0015015015015015015,
    "D": 0.057057057057057055,
    "E": 0.07057057057057058,
    "F": 0.03753753753753754,
    "G": 0.04954954954954955,
    "H": 0.03003003003003003,
    "I": 0.052552552552552555,
    "K": 0.07507507507507508,
    "L": 0.07207207207207207,
    "M": 0.015015015015015015,
    "N": 0.02252252252252252,
    "P": 0.04354354354354354,
    "Q": 0.03003003003003003,
    "R": 0.06006006006006006,
    "S": 0.07207207207207207,
    "T": 0.05855855855855856,
    "V": 0.05855855855855856,
    "W": 0.03453453453453453,
    "Y": 0.012012012012012012
  },
  "-8": {
    "A": 0.05555555555555555,
    "C": 0.006006006006006006,
    "D": 0.057057057057057055,
    "E": 0.0945945945945946,
    "F": 0.028528528528528527,
    "G": 0.06606606606606606,
    "H": 0.02702702702702703,
    "I": 0.04954954954954955,
    "K": 0.07807807807807808,
    "L": 0.06156156156156156,
    "M": 0.02702702702702703,
    "N": 0.03753753753753754,
    "P": 0.04054054054054054,
    "Q": 0.036036036036036036,
    "R": 0.06006006006006006,
    "S": 0.057057057057057055,
    "T": 0.06456456456456457,
    "V": 0.06756756756756757,
    "W": 0.003003003003003003,
    "Y": 0.02702702702702703
  },
  "-7": {
    "A": 0.04954954954954955,
    "C": 0.012012012012012012,
    "D": 0.06306306306306306,
    "E": 0.06006006006006006,
    "F": 0.012012012012012012,
    "G": 0.08108108108108109,
    "H": 0.04354354354354354,
    "I": 0.03153153153153153,
    "K": 0.07507507507507508,
    "L": 0.08108108108108109,
    "M": 0.036036036036036036,
    "N": 0.03153153153153153,
    "P": 0.046546546546546545,
    "Q": 0.04804804804804805,
    "R": 0.06306306306306306,
    "S": 0.06306306306306306,
    "T": 0.052552552552552555,
    "V": 0.06906906906906907,
    "W": 0.0075075075075075074,
    "Y": 0.024024024024024024
  },
  "-6": {
    "A": 0.06156156156156156,
    "C": 0.010510510510510511,
    "D": 0.05405405405405406,
    "E": 0.05105105105105105,
    "F": 0.036036036036036036,
    "G": 0.06906906906906907,
    "H": 0.021021021021021023,
    "I": 0.05405405405405406,
    "K": 0.057057057057057055,
    "L": 0.07057057057057058,
    "M": 0.028528528528528527,
    "N": 0.028528528528528527,
    "P": 0.08558558558558559,
    "Q": 0.03003003003003003,
    "R": 0.05855855855855856,
    "S": 0.06906906906906907,
    "T": 0.06006006006006006,
    "V": 0.06456456456456457,
    "W": 0.006006006006006006,
    "Y": 0.04054054054054054
  },
  "-5": {
    "A": 0.07807807807807808,
    "C": 0.006006006006006006,
    "D": 0.12012012012012012,
    "E": 0.04054054054054054,
    "F": 0.02702702702702703,
    "G": 0.057057057057057055,
    "H": 0.042042042042042045,
    "I": 0.04954954954954955,
    "K": 0.06606606606606606,
    "L": 0.06906906906906907,
    "M": 0.03303303303303303,
    "N": 0.03153153153153153,
    "P": 0.05855855855855856,
    "Q": 0.03903903903903904,
    "R": 0.028528528528528527,
    "S": 0.06906906906906907,
    "T": 0.04954954954954955,
    "V": 0.07057057057057058,
    "W": 0.006006006006006006,
    "Y": 0.03003003003003003
  },
  "-4": {
    "A": 0.06906906906906907,
    "C": 0.012012012012012012,
    "D": 0.04804804804804805,
    "E": 0.05405405405405406,
    "F": 0.024024024024024024,
    "G": 0.05555555555555555,
    "H": 0.02252252252252252,
    "I": 0.06606606606606606,
    "K": 0.06156156156156156,
    "L": 0.12312312312312312,
    "M": 0.03153153153153153,
    "N": 0.03453453453453453,
    "P": 0.04504504504504504,
    "Q": 0.03753753753753754,
    "R": 0.03303303303303303,
    "S": 0.07207207207207207,
    "T": 0.04504504504504504,
    "V": 0.11561561561561562,
    "W": 0.0045045045045045045,
    "Y": 0.024024024024024024
  },
  "-3": {
    "A": 0.07507507507507508,
    "C": 0.010510510510510511,
    "D": 0.057057057057057055,
    "E": 0.04504504504504504,
    "F": 0.024024024024024024,
    "G": 0.052552552552552555,
    "H": 0.02702702702702703,
    "I": 0.07657657657657657,
    "K": 0.052552552552552555,
    "L": 0.08858858858858859,
    "M": 0.03753753753753754,
    "N": 0.016516516516516516,
    "P": 0.07357357357357357,
    "Q": 0.03903903903903904,
    "R": 0.042042042042042045,
    "S": 0.09309309309309309,
    "T": 0.05555555555555555,
    "V": 0.07957957957957958,
    "W": 0.003003003003003003,
    "Y": 0.03903903903903904
  },
  "-2": {
    "A": 0.06756756756756757,
    "C": 0.0045045045045045045,
    "D": 0.07357357357357357,
    "E": 0.04354354354354354,
    "F": 0.03453453453453453,
    "G": 0.0990990990990991,
    "H": 0.028528528528528527,
    "I": 0.07807807807807808,
    "K": 0.05105105105105105,
    "L": 0.12912912912912913,
    "M": 0.03453453453453453,
    "N": 0.042042042042042045,
    "P": 0.03753753753753754,
    "Q": 0.03003003003003003,
    "R": 0.02702702702702703,
    "S": 0.06606606606606606,
    "T": 0.04054054054054054,
    "V": 0.08258258258258258,
    "W": 0.009009009009009009,
    "Y": 0.018018018018018018
  },
  "-1": {
    "A": 0.06456456456456457,
    "C": 0.016516516516516516,
    "D": 0.06756756756756757,
    "E": 0.05555555555555555,
    "F": 0.03003003003003003,
    "G": 0.05405405405405406,
    "H": 0.018018018018018018,
    "I": 0.05405405405405406,
    "K": 0.04954954954954955,
    "L": 0.10510510510510511,
    "M": 0.05105105105105105,
    "N": 0.01951951951951952,
    "P": 0.036036036036036036,
    "Q": 0.03303303303303303,
    "R": 0.042042042042042045,
    "S": 0.1066066066066066,
    "T": 0.06006006006006006,
    "V": 0.0945945945945946,
    "W": 0.0015015015015015015,
    "Y": 0.04054054054054054
  },
  "0": {
    "A": 0.0,
    "C": 0.0,
    "D": 1.0,
    "E": 0.0,
    "F": 0.0,
    "G": 0.0,
    "H": 0.0,
    "I": 0.0,
    "K": 0.0,
    "L": 0.0,
    "M": 0.0,
    "N": 0.0,
    "P": 0.0,
    "Q": 0.0,
    "R": 0.0,
    "S": 0.0,
    "T": 0.0,
    "V": 0.0,
    "W": 0.0,
    "Y": 0.0
  },
  "+1": {
    "A": 0.06606606606606606,
    "C": 0.006006006006006006,
    "D": 0.06156156156156156,
    "E": 0.06156156156156156,
    "F": 0.02702702702702703,
    "G": 0.05555555555555555,
    "H": 0.036036036036036036,
    "I": 0.08258258258258258,
    "K": 0.046546546546546545,
    "L": 0.1006006006006006,
    "M": 0.03153153153153153,
    "N": 0.03453453453453453,
    "P": 0.036036036036036036,
    "Q": 0.03003003003003003,
    "R": 0.025525525525525526,
    "S": 0.07057057057057058,
    "T": 0.08258258258258258,
    "V": 0.09009009009009009,
    "W": 0.013513513513513514,
    "Y": 0.03903903903903904
  },
  "+2": {
    "A": 0.06456456456456457,
    "C": 0.003003003003003003,
    "D": 0.07957957957957958,
    "E": 0.05555555555555555,
    "F": 0.028528528528528527,
    "G": 0.052552552552552555,
    "H": 0.03453453453453453,
    "I": 0.042042042042042045,
    "K": 0.03753753753753754,
    "L": 0.06906906906906907,
    "M": 0.03003003003003003,
    "N": 0.042042042042042045,
    "P": 0.03303303303303303,
    "Q": 0.03903903903903904,
    "R": 0.05855855855855856,
    "S": 0.13063063063063063,
    "T": 0.07807807807807808,
    "V": 0.08408408408408409,
    "W": 0.003003003003003003,
    "Y": 0.03003003003003003
  },
  "+3": {
    "A": 0.06006006006006006,
    "C": 0.009009009009009009,
    "D": 0.046546546546546545,
    "E": 0.04954954954954955,
    "F": 0.03453453453453453,
    "G": 0.06306306306306306,
    "H": 0.02252252252252252,
    "I": 0.05405405405405406,