{
  "-10": {
    "A": 0.02564102564102564,
    "C": 0.0,
    "D": 0.1794871794871795,
    "E": 0.10256410256410256,
    "F": 0.0,
    "G": 0.02564102564102564,
    "H": 0.0,
    "I": 0.0,
    "K": 0.05128205128205128,
    "L": 0.07692307692307693,
    "M": 0.0,
    "N": 0.0,
    "P": 0.1794871794871795,
    "Q": 0.10256410256410256,
    "R": 0.07692307692307693,
    "S": 0.0,
    "T": 0.10256410256410256,
    "V": 0.02564102564102564,
    "W": 0.0,
    "Y": 0.02564102564102564
  },
  "-9": {
    "A": 0.02564102564102564,
    "C": 0.0,
    "D": 0.05128205128205128,
    "E": 0.05128205128205128,
    "F": 0.05128205128205128,
    "G": 0.15384615384615385,
    "H": 0.0,
    "I": 0.05128205128205128,
    "K": 0.07692307692307693,
    "L": 0.10256410256410256,
    "M": 0.0,
    "N": 0.0,
    "P": 0.1282051282051282,
    "Q": 0.02564102564102564,
    "R": 0.05128205128205128,
    "S": 0.1282051282051282,
    "T": 0.0,
    "V": 0.05128205128205128,
    "W": 0.0,
    "Y": 0.02564102564102564
  },
  "-8": {
    "A": 0.02564102564102564,
    "C": 0.02564102564102564,
    "D": 0.10256410256410256,
    "E": 0.10256410256410256,
    "F": 0.0,
    "G": 0.05128205128205128,
    "H": 0.02564102564102564,
    "I": 0.02564102564102564,
    "K": 0.02564102564102564,
    "L": 0.10256410256410256,
    "M": 0.0,
    "N": 0.05128205128205128,
    "P": 0.10256410256410256,
    "Q": 0.07692307692307693,
    "R": 0.05128205128205128,
    "S": 0.10256410256410256,
    "T": 0.0,
    "V": 0.05128205128205128,
    "W": 0.0,
    "Y": 0.05128205128205128
  },
  "-7": {
    "A": 0.10256410256410256,
    "C": 0.02564102564102564,
    "D": 0.07692307692307693,
    "E": 0.0,
    "F": 0.0,
    "G": 0.05128205128205128,
    "H": 0.0,
    "I": 0.05128205128205128,
    "K": 0.02564102564102564,
    "L": 0.02564102564102564,
    "M": 0.05128205128205128,
    "N": 0.0,
    "P": 0.10256410256410256,
    "Q": 0.05128205128205128,
    "R": 0.02564102564102564,
    "S": 0.02564102564102564,
    "T": 0.10256410256410256,
    "V": 0.07692307692307693,
    "W": 0.05128205128205128,
    "Y": 0.1282051282051282
  },
  "-6": {
    "A": 0.05128205128205128,
    "C": 0.0,
    "D": 0.05128205128205128,
    "E": 0.0,
    "F": 0.05128205128205128,
    "G": 0.02564102564102564,
    "H": 0.0,
    "I": 0.07692307692307693,
    "K": 0.05128205128205128,
    "L": 0.10256410256410256,
    "M": 0.0,
    "N": 0.02564102564102564,
    "P": 0.0,
    "Q": 0.05128205128205128,
    "R": 0.05128205128205128,
    "S": 0.28205128205128205,
    "T": 0.05128205128205128,
    "V": 0.10256410256410256,
    "W": 0.0,
    "Y": 0.0
  },
  "-5": {
    "A": 0.02564102564102564,
    "C": 0.05128205128205128,
    "D": 0.07692307692307693,
    "E": 0.10256410256410256,
    "F": 0.02564102564102564,
    "G": 0.07692307692307693,
    "H": 0.0,
    "I": 0.05128205128205128,
    "K": 0.10256410256410256,
    "L": 0.05128205128205128,
    "M": 0.0,
    "N": 0.10256410256410256,
    "P": 0.10256410256410256,
    "Q": 0.07692307692307693,
    "R": 0.07692307692307693,
    "S": 0.02564102564102564,
    "T": 0.02564102564102564,
    "V": 0.0,
    "W": 0.0,
    "Y": 0.0
  },
  "-4": {
    "A": 0.10256410256410256,
    "C": 0.0,
    "D": 0.07692307692307693,
    "E": 0.02564102564102564,
    "F": 0.02564102564102564,
    "G": 0.02564102564102564,
    "H": 0.0,
    "I": 0.05128205128205128,
    "K": 0.02564102564102564,
    "L": 0.02564102564102564,
    "M": 0.02564102564102564,
    "N": 0.05128205128205128,
    "P": 0.15384615384615385,
    "Q": 0.05128205128205128,
    "R": 0.07692307692307693,
    "S": 0.15384615384615385,
    "T": 0.05128205128205128,
    "V": 0.05128205128205128,
    "W": 0.0,
    "Y": 0.0
  },
  "-3": {
    "A": 0.10256410256410256,
    "C": 0.0,
    "D": 0.02564102564102564,
    "E": 0.05128205128205128,
    "F": 0.05128205128205128,
    "G": 0.05128205128205128,
    "H": 0.0,
    "I": 0.02564102564102564,
    "K": 0.05128205128205128,
    "L": 0.02564102564102564,
    "M": 0.0,
    "N": 0.05128205128205128,
    "P": 0.2564102564102564,
    "Q": 0.02564102564102564,
    "R": 0.02564102564102564,
    "S": 0.10256410256410256,
    "T": 0.02564102564102564,
    "V": 0.05128205128205128,
    "W": 0.0,
    "Y": 0.05128205128205128
  },
  "-2": {
    "A": 0.1282051282051282,
    "C": 0.0,
    "D": 0.02564102564102564,
    "E": 0.10256410256410256,
    "F": 0.02564102564102564,
    "G": 0.05128205128205128,
    "H": 0.0,
    "I": 0.02564102564102564,
    "K": 0.02564102564102564,
    "L": 0.1282051282051282,
    "M": 0.02564102564102564,
    "N": 0.02564102564102564,
    "P": 0.02564102564102564,
    "Q": 0.02564102564102564,
    "R": 0.10256410256410256,
    "S": 0.15384615384615385,
    "T": 0.05128205128205128,
    "V": 0.07692307692307693,
    "W": 0.0,
    "Y": 0.0
  },
  "-1": {
    "A": 0.07692307692307693,
    "C": 0.0,
    "D": 0.05128205128205128,
    "E": 0.07692307692307693,
    "F": 0.05128205128205128,
    "G": 0.15384615384615385,
    "H": 0.07692307692307693,
    "I": 0.02564102564102564,
    "K": 0.02564102564102564,
    "L": 0.05128205128205128,
    "M": 0.02564102564102564,
    "N": 0.0,
    "P": 0.07692307692307693,
    "Q": 0.02564102564102564,
    "R": 0.05128205128205128,
    "S": 0.07692307692307693,
    "T": 0.1282051282051282,
    "V": 0.0,
    "W": 0.0,
    "Y": 0.02564102564102564
  },
  "0": {
    "A": 0.0,
    "C": 0.0,
    "D": 0.0,
    "E": 0.0,
    "F": 1.0,
    "G": 0.0,
    "H": 0.0,
    "I": 0.0,
    "K": 0.0,
    "L": 0.0,
    "M": 0.0,
    "N": 0.0,
    "P": 0.0,
    "Q": 0.0,
    "R": 0.0,
    "S": 0.0,
    "T": 0.0,
    "V": 0.0,
    "W": 0.0,
    "Y": 0.0
  },
  "+1": {
    "A": 0.02564102564102564,
    "C": 0.0,
    "D": 0.07692307692307693,
    "E": 0.0,
    "F": 0.0,
    "G": 0.07692307692307693,
    "H": 0.02564102564102564,
    "I": 0.0,
    "K": 0.05128205128205128,
    "L": 0.0,
    "M": 0.02564102564102564,
    "N": 0.02564102564102564,
    "P": 0.05128205128205128,
    "Q": 0.1282051282051282,
    "R": 0.05128205128205128,
    "S": 0.28205128205128205,
    "T": 0.02564102564102564,
    "V": 0.07692307692307693,
    "W": 0.0,
    "Y": 0.07692307692307693
  },
  "+2": {
    "A": 0.1794871794871795,
    "C": 0.0,
    "D": 0.07692307692307693,
    "E": 0.1282051282051282,
    "F": 0.02564102564102564,
    "G": 0.02564102564102564,
    "H": 0.02564102564102564,
    "I": 0.02564102564102564,
    "K": 0.10256410256410256,
    "L": 0.05128205128205128,
    "M": 0.02564102564102564,
    "N": 0.10256410256410256,
    "P": 0.05128205128205128,
    "Q": 0.02564102564102564,
    "R": 0.10256410256410256,
    "S": 0.05128205128205128,
    "T": 0.0,
    "V": 0.0,
    "W": 0.0,
    "Y": 0.0
  },
  "+3": {
    "A": 0.02564102564102564,
    "C": 0.0,
    "D": 0.07692307692307693,
    "E": 0.10256410256410256,
    "F": 0.05128205128205128,
    "G": 0.02564102564102564,
    "H": 0.0,
    "I": 0.0,
    "K": 0.07692307692307693,
    "L": 0.07692307692307693,
    "M": 0.02564102564102564,
    "N": 0.02564102564102564,
    "P": 0.10256410256410256,
    "Q": 0.02564102564102564,
    "R": 0.1282051282051282,
    "S": 0.1282051282051282,
    "T": 0.02564102564102564,
    "V": 0.02564102564102564,
    "W": 0.02564102564102564,
    "Y": 0.05128205128205128
  },
  "+4": {
    "A": 0.0,
    "C": 0.0,
    "D": 0.02564102564102564,
    "E": 0.23076923076923078,
    "F": 0.0,
    "G": 0.02564102564102564,
    "H": 0.02564102564102564,
    "I": 0.02564102564102564,
    "K": 0.07692307692307693,
    "L": 0.10256410256410256,
    "M": 0.05128205128205128,
    "N": 0.0,
    "P": 0.15384615384615385,
    "Q": 0.02564102564102564,
    "R": 0.0,
    "S": 0.07692307692307693,
    "T": 0.07692307692307693,
    "V": 0.0,
    "W": 0.0,
    "Y": 0.10256410256410256
  },
  "+5": {
    "A": 0.05128205128205128,
    "C": 0.0,
    "D": 0.02564102564102564,
    "E": 0.1794871794871795,
    "F": 0.0,
    "G": 0.07692307692307693,
    "H": 0.0,
    "I": 0.02564102564102564,
    "K": 0.0,
    "L": 0.10256410256410256,
    "M": 0.0,