{
  "-10": {
    "A": 0.045454545454545456,
    "C": 0.01818181818181818,
    "D": 0.045454545454545456,
    "E": 0.02727272727272727,
    "F": 0.00909090909090909,
    "G": 0.08181818181818182,
    "H": 0.00909090909090909,
    "I": 0.07272727272727272,
    "K": 0.06363636363636363,
    "L": 0.10909090909090909,
    "M": 0.02727272727272727,
    "N": 0.01818181818181818,
    "P": 0.09090909090909091,
    "Q": 0.00909090909090909,
    "R": 0.07272727272727272,
    "S": 0.14545454545454545,
    "T": 0.07272727272727272,
    "V": 0.045454545454545456,
    "W": 0.00909090909090909,
    "Y": 0.00909090909090909
  },
  "-9": {
    "A": 0.06363636363636363,
    "C": 0.045454545454545456,
    "D": 0.03636363636363636,
    "E": 0.05454545454545454,
    "F": 0.02727272727272727,
    "G": 0.05454545454545454,
    "H": 0.02727272727272727,
    "I": 0.03636363636363636,
    "K": 0.07272727272727272,
    "L": 0.03636363636363636,
    "M": 0.0,
    "N": 0.045454545454545456,
    "P": 0.10909090909090909,
    "Q": 0.03636363636363636,
    "R": 0.06363636363636363,
    "S": 0.11818181818181818,
    "T": 0.1,
    "V": 0.02727272727272727,
    "W": 0.00909090909090909,
    "Y": 0.01818181818181818
  },
  "-8": {
    "A": 0.06363636363636363,
    "C": 0.0,
    "D": 0.05454545454545454,
    "E": 0.06363636363636363,
    "F": 0.01818181818181818,
    "G": 0.06363636363636363,
    "H": 0.02727272727272727,
    "I": 0.02727272727272727,
    "K": 0.06363636363636363,
    "L": 0.07272727272727272,
    "M": 0.00909090909090909,
    "N": 0.00909090909090909,
    "P": 0.09090909090909091,
    "Q": 0.045454545454545456,
    "R": 0.11818181818181818,
    "S": 0.11818181818181818,
    "T": 0.01818181818181818,
    "V": 0.1,
    "W": 0.0,
    "Y": 0.01818181818181818
  },
  "-7": {
    "A": 0.10909090909090909,
    "C": 0.0,
    "D": 0.03636363636363636,
    "E": 0.07272727272727272,
    "F": 0.00909090909090909,
    "G": 0.03636363636363636,
    "H": 0.02727272727272727,
    "I": 0.02727272727272727,
    "K": 0.03636363636363636,
    "L": 0.07272727272727272,
    "M": 0.00909090909090909,
    "N": 0.02727272727272727,
    "P": 0.08181818181818182,
    "Q": 0.045454545454545456,
    "R": 0.08181818181818182,
    "S": 0.19090909090909092,
    "T": 0.045454545454545456,
    "V": 0.05454545454545454,
    "W": 0.00909090909090909,
    "Y": 0.00909090909090909
  },
  "-6": {
    "A": 0.17272727272727273,
    "C": 0.00909090909090909,
    "D": 0.05454545454545454,
    "E": 0.00909090909090909,
    "F": 0.01818181818181818,
    "G": 0.08181818181818182,
    "H": 0.00909090909090909,
    "I": 0.0,
    "K": 0.03636363636363636,
    "L": 0.12727272727272726,
    "M": 0.02727272727272727,
    "N": 0.01818181818181818,
    "P": 0.09090909090909091,
    "Q": 0.05454545454545454,
    "R": 0.02727272727272727,
    "S": 0.1,
    "T": 0.07272727272727272,
    "V": 0.02727272727272727,
    "W": 0.01818181818181818,
    "Y": 0.02727272727272727
  },
  "-5": {
    "A": 0.06363636363636363,
    "C": 0.01818181818181818,
    "D": 0.05454545454545454,
    "E": 0.02727272727272727,
    "F": 0.045454545454545456,
    "G": 0.06363636363636363,
    "H": 0.02727272727272727,
    "I": 0.05454545454545454,
    "K": 0.08181818181818182,
    "L": 0.08181818181818182,
    "M": 0.01818181818181818,
    "N": 0.045454545454545456,
    "P": 0.08181818181818182,
    "Q": 0.08181818181818182,
    "R": 0.06363636363636363,
    "S": 0.09090909090909091,
    "T": 0.05454545454545454,
    "V": 0.01818181818181818,
    "W": 0.0,
    "Y": 0.01818181818181818
  },
  "-4": {
    "A": 0.08181818181818182,
    "C": 0.0,
    "D": 0.06363636363636363,
    "E": 0.10909090909090909,
    "F": 0.01818181818181818,
    "G": 0.08181818181818182,
    "H": 0.0,
    "I": 0.01818181818181818,
    "K": 0.02727272727272727,
    "L": 0.03636363636363636,
    "M": 0.01818181818181818,
    "N": 0.02727272727272727,
    "P": 0.08181818181818182,
    "Q": 0.07272727272727272,
    "R": 0.08181818181818182,
    "S": 0.11818181818181818,
    "T": 0.1,
    "V": 0.06363636363636363,
    "W": 0.0,
    "Y": 0.0
  },
  "-3": {
    "A": 0.08181818181818182,
    "C": 0.00909090909090909,
    "D": 0.05454545454545454,
    "E": 0.13636363636363635,
    "F": 0.045454545454545456,
    "G": 0.07272727272727272,
    "H": 0.0,
    "I": 0.01818181818181818,
    "K": 0.02727272727272727,
    "L": 0.08181818181818182,
    "M": 0.0,
    "N": 0.02727272727272727,
    "P": 0.15454545454545454,
    "Q": 0.02727272727272727,
    "R": 0.05454545454545454,
    "S": 0.07272727272727272,
    "T": 0.045454545454545456,
    "V": 0.07272727272727272,
    "W": 0.0,
    "Y": 0.01818181818181818
  },
  "-2": {
    "A": 0.13636363636363635,
    "C": 0.00909090909090909,
    "D": 0.045454545454545456,
    "E": 0.1,
    "F": 0.02727272727272727,
    "G": 0.1,
    "H": 0.03636363636363636,
    "I": 0.02727272727272727,
    "K": 0.06363636363636363,
    "L": 0.08181818181818182,
    "M": 0.0,
    "N": 0.00909090909090909,
    "P": 0.06363636363636363,
    "Q": 0.02727272727272727,
    "R": 0.045454545454545456,
    "S": 0.09090909090909091,
    "T": 0.08181818181818182,
    "V": 0.03636363636363636,
    "W": 0.0,
    "Y": 0.01818181818181818
  },
  "-1": {
    "A": 0.10909090909090909,
    "C": 0.00909090909090909,
    "D": 0.06363636363636363,
    "E": 0.03636363636363636,
    "F": 0.0,
    "G": 0.11818181818181818,
    "H": 0.00909090909090909,
    "I": 0.045454545454545456,
    "K": 0.03636363636363636,
    "L": 0.10909090909090909,
    "M": 0.00909090909090909,
    "N": 0.02727272727272727,
    "P": 0.13636363636363635,
    "Q": 0.02727272727272727,
    "R": 0.03636363636363636,
    "S": 0.10909090909090909,
    "T": 0.02727272727272727,
    "V": 0.05454545454545454,
    "W": 0.01818181818181818,
    "Y": 0.01818181818181818
  },
  "0": {
    "A": 0.0,
    "C": 0.0,
    "D": 0.0,
    "E": 0.0,
    "F": 0.0,
    "G": 1.0,
    "H": 0.0,
    "I": 0.0,
    "K": 0.0,
    "L": 0.0,
    "M": 0.0,
    "N": 0.0,
    "P": 0.0,
    "Q": 0.0,
    "R": 0.0,
    "S": 0.0,
    "T": 0.0,
    "V": 0.0,
    "W": 0.0,
    "Y": 0.0
  },
  "+1": {
    "A": 0.05454545454545454,
    "C": 0.0,
    "D": 0.03636363636363636,
    "E": 0.07272727272727272,
    "F": 0.01818181818181818,
    "G": 0.11818181818181818,
    "H": 0.00909090909090909,
    "I": 0.03636363636363636,
    "K": 0.06363636363636363,
    "L": 0.045454545454545456,
    "M": 0.00909090909090909,
    "N": 0.0,
    "P": 0.07272727272727272,
    "Q": 0.06363636363636363,
    "R": 0.06363636363636363,
    "S": 0.2,
    "T": 0.02727272727272727,
    "V": 0.05454545454545454,
    "W": 0.00909090909090909,
    "Y": 0.045454545454545456
  },
  "+2": {
    "A": 0.10909090909090909,
    "C": 0.01818181818181818,
    "D": 0.03636363636363636,
    "E": 0.06363636363636363,
    "F": 0.00909090909090909,
    "G": 0.1,
    "H": 0.03636363636363636,
    "I": 0.02727272727272727,
    "K": 0.02727272727272727,
    "L": 0.09090909090909091,
    "M": 0.00909090909090909,
    "N": 0.01818181818181818,
    "P": 0.13636363636363635,
    "Q": 0.03636363636363636,
    "R": 0.05454545454545454,
    "S": 0.11818181818181818,
    "T": 0.05454545454545454,
    "V": 0.01818181818181818,
    "W": 0.0,
    "Y": 0.03636363636363636
  },
  "+3": {
    "A": 0.09090909090909091,
    "C": 0.01818181818181818,
    "D": 0.02727272727272727,
    "E": 0.08181818181818182,
    "F": 0.00909090909090909,
    "G": 0.10909090909090909,
    "H": 0.045454545454545456,
    "I": 0.02727272727272727,
    "K": 0.03636363636363636,
    "L": 0.08181818181818182,
    "M": 0.0,
    "N": 0.045454545454545456,
    "P": 0.08181818181818182,
    "Q": 0.03636363636363636,
    "R": 0.09090909090909091,
    "S": 0.1,
    "T": 0.045454545454545456,
    "V": 0.03636363636363636,
    "W": 0.00909090909090909,
    "Y": 0.02727272727272727
  },
  "+4": {
    "A": 0.11818181818181818,
    "C": 0.01818181818181818,
    "D": 0.045454545454545456,
    "E": 0.045454545454545456,
    "F": 0.00909090909090909,