{
  "-10": {
    "A": 0.06504065040650407,
    "C": 0.0,
    "D": 0.07317073170731707,
    "E": 0.07317073170731707,
    "F": 0.032520325203252036,
    "G": 0.13821138211382114,
    "H": 0.032520325203252036,
    "I": 0.008130081300813009,
    "K": 0.06504065040650407,
    "L": 0.12195121951219512,
    "M": 0.016260162601626018,
    "N": 0.008130081300813009,
    "P": 0.0975609756097561,
    "Q": 0.016260162601626018,
    "R": 0.056910569105691054,
    "S": 0.0975609756097561,
    "T": 0.032520325203252036,
    "V": 0.04878048780487805,
    "W": 0.0,
    "Y": 0.016260162601626018
  },
  "-9": {
    "A": 0.04878048780487805,
    "C": 0.008130081300813009,
    "D": 0.10569105691056911,
    "E": 0.0975609756097561,
    "F": 0.016260162601626018,
    "G": 0.04065040650406504,
    "H": 0.0,
    "I": 0.032520325203252036,
    "K": 0.08943089430894309,
    "L": 0.13008130081300814,
    "M": 0.016260162601626018,
    "N": 0.024390243902439025,
    "P": 0.06504065040650407,
    "Q": 0.056910569105691054,
    "R": 0.04065040650406504,
    "S": 0.12195121951219512,
    "T": 0.04878048780487805,
    "V": 0.016260162601626018,
    "W": 0.008130081300813009,
    "Y": 0.032520325203252036
  },
  "-8": {
    "A": 0.08943089430894309,
    "C": 0.016260162601626018,
    "D": 0.0975609756097561,
    "E": 0.032520325203252036,
    "F": 0.008130081300813009,
    "G": 0.07317073170731707,
    "H": 0.04878048780487805,
    "I": 0.016260162601626018,
    "K": 0.08130081300813008,
    "L": 0.04878048780487805,
    "M": 0.032520325203252036,
    "N": 0.07317073170731707,
    "P": 0.04065040650406504,
    "Q": 0.04878048780487805,
    "R": 0.06504065040650407,
    "S": 0.10569105691056911,
    "T": 0.032520325203252036,
    "V": 0.04878048780487805,
    "W": 0.016260162601626018,
    "Y": 0.024390243902439025
  },
  "-7": {
    "A": 0.04878048780487805,
    "C": 0.0,
    "D": 0.06504065040650407,
    "E": 0.056910569105691054,
    "F": 0.024390243902439025,
    "G": 0.06504065040650407,
    "H": 0.016260162601626018,
    "I": 0.024390243902439025,
    "K": 0.08943089430894309,
    "L": 0.08943089430894309,
    "M": 0.016260162601626018,
    "N": 0.0,
    "P": 0.11382113821138211,
    "Q": 0.016260162601626018,
    "R": 0.0975609756097561,
    "S": 0.14634146341463414,
    "T": 0.024390243902439025,
    "V": 0.056910569105691054,
    "W": 0.016260162601626018,
    "Y": 0.032520325203252036
  },
  "-6": {
    "A": 0.04065040650406504,
    "C": 0.016260162601626018,
    "D": 0.016260162601626018,
    "E": 0.07317073170731707,
    "F": 0.008130081300813009,
    "G": 0.06504065040650407,
    "H": 0.0,
    "I": 0.024390243902439025,
    "K": 0.10569105691056911,
    "L": 0.10569105691056911,
    "M": 0.024390243902439025,
    "N": 0.056910569105691054,
    "P": 0.08130081300813008,
    "Q": 0.032520325203252036,
    "R": 0.032520325203252036,
    "S": 0.15447154471544716,
    "T": 0.056910569105691054,
    "V": 0.08130081300813008,
    "W": 0.008130081300813009,
    "Y": 0.016260162601626018
  },
  "-5": {
    "A": 0.04878048780487805,
    "C": 0.016260162601626018,
    "D": 0.032520325203252036,
    "E": 0.06504065040650407,
    "F": 0.024390243902439025,
    "G": 0.08130081300813008,
    "H": 0.032520325203252036,
    "I": 0.032520325203252036,
    "K": 0.056910569105691054,
    "L": 0.11382113821138211,
    "M": 0.008130081300813009,
    "N": 0.056910569105691054,
    "P": 0.06504065040650407,
    "Q": 0.04878048780487805,
    "R": 0.08943089430894309,
    "S": 0.08943089430894309,
    "T": 0.07317073170731707,
    "V": 0.032520325203252036,
    "W": 0.016260162601626018,
    "Y": 0.016260162601626018
  },
  "-4": {
    "A": 0.04878048780487805,
    "C": 0.008130081300813009,
    "D": 0.08943089430894309,
    "E": 0.056910569105691054,
    "F": 0.024390243902439025,
    "G": 0.08943089430894309,
    "H": 0.032520325203252036,
    "I": 0.032520325203252036,
    "K": 0.04065040650406504,
    "L": 0.14634146341463414,
    "M": 0.008130081300813009,
    "N": 0.024390243902439025,
    "P": 0.06504065040650407,
    "Q": 0.024390243902439025,
    "R": 0.07317073170731707,
    "S": 0.11382113821138211,
    "T": 0.04065040650406504,
    "V": 0.08130081300813008,
    "W": 0.0,
    "Y": 0.0
  },
  "-3": {
    "A": 0.07317073170731707,
    "C": 0.016260162601626018,
    "D": 0.07317073170731707,
    "E": 0.08130081300813008,
    "F": 0.024390243902439025,
    "G": 0.06504065040650407,
    "H": 0.008130081300813009,
    "I": 0.04065040650406504,
    "K": 0.08130081300813008,
    "L": 0.08943089430894309,
    "M": 0.008130081300813009,
    "N": 0.032520325203252036,
    "P": 0.0975609756097561,
    "Q": 0.032520325203252036,
    "R": 0.056910569105691054,
    "S": 0.11382113821138211,
    "T": 0.04065040650406504,
    "V": 0.04065040650406504,
    "W": 0.016260162601626018,
    "Y": 0.008130081300813009
  },
  "-2": {
    "A": 0.06504065040650407,
    "C": 0.0,
    "D": 0.056910569105691054,
    "E": 0.08943089430894309,
    "F": 0.024390243902439025,
    "G": 0.04065040650406504,
    "H": 0.06504065040650407,
    "I": 0.04065040650406504,
    "K": 0.06504065040650407,
    "L": 0.056910569105691054,
    "M": 0.0,
    "N": 0.016260162601626018,
    "P": 0.04878048780487805,
    "Q": 0.08130081300813008,
    "R": 0.08130081300813008,
    "S": 0.1951219512195122,
    "T": 0.008130081300813009,
    "V": 0.04878048780487805,
    "W": 0.008130081300813009,
    "Y": 0.008130081300813009
  },
  "-1": {
    "A": 0.04065040650406504,
    "C": 0.0,
    "D": 0.10569105691056911,
    "E": 0.04878048780487805,
    "F": 0.024390243902439025,
    "G": 0.04878048780487805,
    "H": 0.024390243902439025,
    "I": 0.024390243902439025,
    "K": 0.04065040650406504,
    "L": 0.0975609756097561,
    "M": 0.0,
    "N": 0.04878048780487805,
    "P": 0.0975609756097561,
    "Q": 0.08943089430894309,
    "R": 0.04878048780487805,
    "S": 0.08943089430894309,
    "T": 0.08943089430894309,
    "V": 0.032520325203252036,
    "W": 0.0,
    "Y": 0.04878048780487805
  },
  "0": {
    "A": 0.0,
    "C": 0.0,
    "D": 0.0,
    "E": 0.0,
    "F": 0.0,
    "G": 0.0,
    "H": 0.0,
    "I": 0.0,
    "K": 0.0,
    "L": 1.0,
    "M": 0.0,
    "N": 0.0,
    "P": 0.0,
    "Q": 0.0,
    "R": 0.0,
    "S": 0.0,
    "T": 0.0,
    "V": 0.0,
    "W": 0.0,
    "Y": 0.0
  },
  "+1": {
    "A": 0.04878048780487805,
    "C": 0.008130081300813009,
    "D": 0.06504065040650407,
    "E": 0.08943089430894309,
    "F": 0.016260162601626018,
    "G": 0.06504065040650407,
    "H": 0.024390243902439025,
    "I": 0.008130081300813009,
    "K": 0.06504065040650407,
    "L": 0.06504065040650407,
    "M": 0.024390243902439025,
    "N": 0.04878048780487805,
    "P": 0.07317073170731707,
    "Q": 0.024390243902439025,
    "R": 0.056910569105691054,
    "S": 0.13821138211382114,
    "T": 0.07317073170731707,
    "V": 0.032520325203252036,
    "W": 0.008130081300813009,
    "Y": 0.06504065040650407
  },
  "+2": {
    "A": 0.056910569105691054,
    "C": 0.008130081300813009,
    "D": 0.08130081300813008,
    "E": 0.07317073170731707,
    "F": 0.032520325203252036,
    "G": 0.04065040650406504,
    "H": 0.016260162601626018,
    "I": 0.008130081300813009,
    "K": 0.11382113821138211,
    "L": 0.10569105691056911,
    "M": 0.0,
    "N": 0.056910569105691054,
    "P": 0.08130081300813008,
    "Q": 0.04878048780487805,
    "R": 0.06504065040650407,
    "S": 0.11382113821138211,
    "T": 0.024390243902439025,
    "V": 0.04065040650406504,
    "W": 0.008130081300813009,
    "Y": 0.016260162601626018
  },
  "+3": {
    "A": 0.032520325203252036,
    "C": 0.0,
    "D": 0.08943089430894309,
    "E": 0.0975609756097561,
    "F": 0.04878048780487805,
    "G": 0.04065040650406504,
    "H": 0.008130081300813009,
    "I": 0.008130081300813009,
    "K": 0.04878048780487805,
    "L": 0.12195121951219512,
    "M": 0.024390243902439025,
    "N": 0.032520325203252036,
    "P": 0.06504065040650407,
    "Q": 0.04878048780487805,
    "R": 0.06504065040650407,