{
  "-10": {
    "A": 0.11764705882352941,
    "C": 0.0,
    "D": 0.0,
    "E": 0.058823529411764705,
    "F": 0.058823529411764705,
    "G": 0.0,
    "H": 0.0,
    "I": 0.11764705882352941,
    "K": 0.0,
    "L": 0.058823529411764705,
    "M": 0.058823529411764705,
    "N": 0.0,
    "P": 0.17647058823529413,
    "Q": 0.058823529411764705,
    "R": 0.058823529411764705,
    "S": 0.11764705882352941,
    "T": 0.058823529411764705,
    "V": 0.0,
    "W": 0.0,
    "Y": 0.058823529411764705
  },
  "-9": {
    "A": 0.0,
    "C": 0.0,
    "D": 0.058823529411764705,
    "E": 0.0,
    "F": 0.058823529411764705,
    "G": 0.058823529411764705,
    "H": 0.0,
    "I": 0.0,
    "K": 0.0,
    "L": 0.17647058823529413,
    "M": 0.0,
    "N": 0.17647058823529413,
    "P": 0.17647058823529413,
    "Q": 0.058823529411764705,
    "R": 0.0,
    "S": 0.11764705882352941,
    "T": 0.0,
    "V": 0.058823529411764705,
    "W": 0.0,
    "Y": 0.058823529411764705
  },
  "-8": {
    "A": 0.11764705882352941,
    "C": 0.0,
    "D": 0.058823529411764705,
    "E": 0.058823529411764705,
    "F": 0.0,
    "G": 0.058823529411764705,
    "H": 0.0,
    "I": 0.0,
    "K": 0.058823529411764705,
    "L": 0.058823529411764705,
    "M": 0.0,
    "N": 0.0,
    "P": 0.0,
    "Q": 0.0,
    "R": 0.11764705882352941,
    "S": 0.23529411764705882,
    "T": 0.11764705882352941,
    "V": 0.058823529411764705,
    "W": 0.0,
    "Y": 0.058823529411764705
  },
  "-7": {
    "A": 0.058823529411764705,
    "C": 0.0,
    "D": 0.058823529411764705,
    "E": 0.058823529411764705,
    "F": 0.11764705882352941,
    "G": 0.17647058823529413,
    "H": 0.0,
    "I": 0.0,
    "K": 0.0,
    "L": 0.058823529411764705,
    "M": 0.0,
    "N": 0.0,
    "P": 0.11764705882352941,
    "Q": 0.058823529411764705,
    "R": 0.058823529411764705,
    "S": 0.23529411764705882,
    "T": 0.0,
    "V": 0.0,
    "W": 0.0,
    "Y": 0.0
  },
  "-6": {
    "A": 0.0,
    "C": 0.0,
    "D": 0.058823529411764705,
    "E": 0.0,
    "F": 0.17647058823529413,
    "G": 0.0,
    "H": 0.0,
    "I": 0.058823529411764705,
    "K": 0.058823529411764705,
    "L": 0.058823529411764705,
    "M": 0.11764705882352941,
    "N": 0.0,
    "P": 0.058823529411764705,
    "Q": 0.0,
    "R": 0.0,
    "S": 0.11764705882352941,
    "T": 0.11764705882352941,
    "V": 0.058823529411764705,
    "W": 0.0,
    "Y": 0.11764705882352941
  },
  "-5": {
    "A": 0.0,
    "C": 0.0,
    "D": 0.11764705882352941,
    "E": 0.11764705882352941,
    "F": 0.0,
    "G": 0.17647058823529413,
    "H": 0.0,
    "I": 0.0,
    "K": 0.058823529411764705,
    "L": 0.0,
    "M": 0.0,
    "N": 0.058823529411764705,
    "P": 0.058823529411764705,
    "Q": 0.11764705882352941,
    "R": 0.0,
    "S": 0.11764705882352941,
    "T": 0.0,
    "V": 0.058823529411764705,
    "W": 0.058823529411764705,
    "Y": 0.058823529411764705
  },
  "-4": {
    "A": 0.0,
    "C": 0.0,
    "D": 0.058823529411764705,
    "E": 0.058823529411764705,
    "F": 0.058823529411764705,
    "G": 0.0,
    "H": 0.0,
    "I": 0.0,
    "K": 0.11764705882352941,
    "L": 0.0,
    "M": 0.058823529411764705,
    "N": 0.058823529411764705,
    "P": 0.0,
    "Q": 0.17647058823529413,
    "R": 0.058823529411764705,
    "S": 0.17647058823529413,
    "T": 0.11764705882352941,
    "V": 0.058823529411764705,
    "W": 0.0,
    "Y": 0.0
  },
  "-3": {
    "A": 0.0,
    "C": 0.0,
    "D": 0.17647058823529413,
    "E": 0.058823529411764705,
    "F": 0.0,
    "G": 0.058823529411764705,
    "H": 0.0,
    "I": 0.0,
    "K": 0.11764705882352941,
    "L": 0.058823529411764705,
    "M": 0.058823529411764705,
    "N": 0.0,
    "P": 0.0,
    "Q": 0.0,
    "R": 0.17647058823529413,
    "S": 0.11764705882352941,
    "T": 0.11764705882352941,
    "V": 0.058823529411764705,
    "W": 0.0,
    "Y": 0.0
  },
  "-2": {
    "A": 0.17647058823529413,
    "C": 0.0,
    "D": 0.058823529411764705,
    "E": 0.17647058823529413,
    "F": 0.058823529411764705,
    "G": 0.058823529411764705,
    "H": 0.0,
    "I": 0.17647058823529413,
    "K": 0.0,
    "L": 0.0,
    "M": 0.058823529411764705,
    "N": 0.11764705882352941,
    "P": 0.058823529411764705,
    "Q": 0.0,
    "R": 0.0,
    "S": 0.058823529411764705,
    "T": 0.0,
    "V": 0.0,
    "W": 0.0,
    "Y": 0.0
  },
  "-1": {
    "A": 0.058823529411764705,
    "C": 0.0,
    "D": 0.058823529411764705,
    "E": 0.11764705882352941,
    "F": 0.0,
    "G": 0.058823529411764705,
    "H": 0.058823529411764705,
    "I": 0.058823529411764705,
    "K": 0.11764705882352941,
    "L": 0.058823529411764705,
    "M": 0.0,
    "N": 0.058823529411764705,
    "P": 0.058823529411764705,
    "Q": 0.0,
    "R": 0.0,
    "S": 0.23529411764705882,
    "T": 0.0,
    "V": 0.0,
    "W": 0.0,
    "Y": 0.058823529411764705
  },
  "0": {
    "A": 0.0,
    "C": 0.0,
    "D": 0.0,
    "E": 0.0,
    "F": 0.0,
    "G": 0.0,
    "H": 0.0,
    "I": 0.0,
    "K": 0.0,
    "L": 0.0,
    "M": 1.0,
    "N": 0.0,
    "P": 0.0,
    "Q": 0.0,
    "R": 0.0,
    "S": 0.0,
    "T": 0.0,
    "V": 0.0,
    "W": 0.0,
    "Y": 0.0
  },
  "+1": {
    "A": 0.058823529411764705,
    "C": 0.058823529411764705,
    "D": 0.0,
    "E": 0.058823529411764705,
    "F": 0.058823529411764705,
    "G": 0.0,
    "H": 0.0,
    "I": 0.0,
    "K": 0.058823529411764705,
    "L": 0.058823529411764705,
    "M": 0.0,
    "N": 0.0,
    "P": 0.11764705882352941,
    "Q": 0.0,
    "R": 0.0,
    "S": 0.17647058823529413,
    "T": 0.17647058823529413,
    "V": 0.11764705882352941,
    "W": 0.0,
    "Y": 0.058823529411764705
  },
  "+2": {
    "A": 0.058823529411764705,
    "C": 0.0,
    "D": 0.23529411764705882,
    "E": 0.058823529411764705,
    "F": 0.058823529411764705,
    "G": 0.11764705882352941,
    "H": 0.0,
    "I": 0.058823529411764705,
    "K": 0.0,
    "L": 0.11764705882352941,
    "M": 0.0,
    "N": 0.058823529411764705,
    "P": 0.11764705882352941,
    "Q": 0.058823529411764705,
    "R": 0.0,
    "S": 0.058823529411764705,
    "T": 0.0,
    "V": 0.0,
    "W": 0.0,
    "Y": 0.0
  },
  "+3": {
    "A": 0.058823529411764705,
    "C": 0.0,
    "D": 0.11764705882352941,
    "E": 0.058823529411764705,
    "F": 0.0,
    "G": 0.0,
    "H": 0.0,
    "I": 0.0,
    "K": 0.058823529411764705,
    "L": 0.0,
    "M": 0.0,
    "N": 0.11764705882352941,
    "P": 0.058823529411764705,
    "Q": 0.11764705882352941,
    "R": 0.058823529411764705,
    "S": 0.17647058823529413,
    "T": 0.0,
    "V": 0.17647058823529413,
    "W": 0.0,
    "Y": 0.0
  },
  "+4": {
    "A": 0.11764705882352941,
    "C": 0.0,
    "D": 0.11764705882352941,
    "E": 0.0,
    "F": 0.0,
    "G": 0.058823529411764705,
    "H": 0.058823529411764705,
    "I": 0.058823529411764705,
    "K": 0.0,
    "L": 0.11764705882352941,
    "M": 0.11764705882352941,
    "N": 0.0,
    "P": 0.058823529411764705,
    "Q": 0.0,
    "R": 0.0,
    "S": 0.17647058823529413,
    "T": 0.0,
    "V": 0.11764705882352941,
    "W": 0.0,
    "Y": 0.0
  },
  "+5": {
    "A": 0.0,
    "C": 0.0,
    "D": 0.0,
    "E": 0.11764705882352941,
    "F": 0.058823529411764705,
    "G": 0.11764705882352941,
    "H": 0.0,
    "I": 0.058823529411764705,
    "K": 0.0,
    "L": 0.11764705882352941,
    "M": 0.0,
    "N": 0.0,
    "P": 0.058823529411764705,
    "Q": 0.17647058823529413,
    "R": 0.11764705882352941,
    "S": 0.058823529411764705,
    "T": 0.058823529411764705,
    "V": 0.0,
    "W": 0.0,
    "Y": 0.058823529411764705
  },
  "+6": {
    "A": 0.058823529411764705,
    "C": 0.0,
    "D": 0.0,
    "E": 0.0,
    "F": 0.0,
    "G": 0.0,
    "H": 0.058823529411764705,
    "I": 0.058823529411764705,
    "K": 0.11764705882352941,
    "L": 0.11764705882352941,
    "M": 0.0,
    "N": 0.0,
    "P": 0.058823529411764705,
    "Q": 0.058823529411764705,
    "R": 0.11764705882352941,
    "S": 0.17647058823529413,
    "T": 0.0,
    "V": 0.058823529411764705,
    "W": 0.058823529411764705,
    "Y": 0.058823529411764705
  },
  "+7": {
    "A": 0.058823529411764705,
    "C": 0.058823529411764705,
    "D": 0.0,
    "E": 0.23529411764705882,