{
  "-10": {
    "A": 0.08928571428571429,
    "C": 0.0,
    "D": 0.017857142857142856,
    "E": 0.10714285714285714,
    "F": 0.017857142857142856,
    "G": 0.03571428571428571,
    "H": 0.03571428571428571,
    "I": 0.017857142857142856,
    "K": 0.08928571428571429,
    "L": 0.21428571428571427,
    "M": 0.03571428571428571,
    "N": 0.017857142857142856,
    "P": 0.03571428571428571,
    "Q": 0.0,
    "R": 0.05357142857142857,
    "S": 0.16071428571428573,
    "T": 0.0,
    "V": 0.03571428571428571,
    "W": 0.017857142857142856,
    "Y": 0.017857142857142856
  },
  "-9": {
    "A": 0.125,
    "C": 0.0,
    "D": 0.08928571428571429,
    "E": 0.05357142857142857,
    "F": 0.0,
    "G": 0.03571428571428571,
    "H": 0.0,
    "I": 0.03571428571428571,
    "K": 0.03571428571428571,
    "L": 0.17857142857142858,
    "M": 0.0,
    "N": 0.08928571428571429,
    "P": 0.017857142857142856,
    "Q": 0.05357142857142857,
    "R": 0.05357142857142857,
    "S": 0.08928571428571429,
    "T": 0.03571428571428571,
    "V": 0.05357142857142857,
    "W": 0.0,
    "Y": 0.05357142857142857
  },
  "-8": {
    "A": 0.03571428571428571,
    "C": 0.0,
    "D": 0.017857142857142856,
    "E": 0.05357142857142857,
    "F": 0.05357142857142857,
    "G": 0.05357142857142857,
    "H": 0.14285714285714285,
    "I": 0.017857142857142856,
    "K": 0.05357142857142857,
    "L": 0.03571428571428571,
    "M": 0.05357142857142857,
    "N": 0.03571428571428571,
    "P": 0.03571428571428571,
    "Q": 0.10714285714285714,
    "R": 0.03571428571428571,
    "S": 0.08928571428571429,
    "T": 0.10714285714285714,
    "V": 0.0,
    "W": 0.03571428571428571,
    "Y": 0.03571428571428571
  },
  "-7": {
    "A": 0.05357142857142857,
    "C": 0.0,
    "D": 0.017857142857142856,
    "E": 0.08928571428571429,
    "F": 0.03571428571428571,
    "G": 0.017857142857142856,
    "H": 0.03571428571428571,
    "I": 0.017857142857142856,
    "K": 0.10714285714285714,
    "L": 0.05357142857142857,
    "M": 0.05357142857142857,
    "N": 0.07142857142857142,
    "P": 0.08928571428571429,
    "Q": 0.03571428571428571,
    "R": 0.017857142857142856,
    "S": 0.23214285714285715,
    "T": 0.03571428571428571,
    "V": 0.0,
    "W": 0.0,
    "Y": 0.03571428571428571
  },
  "-6": {
    "A": 0.03571428571428571,
    "C": 0.0,
    "D": 0.08928571428571429,
    "E": 0.08928571428571429,
    "F": 0.03571428571428571,
    "G": 0.08928571428571429,
    "H": 0.017857142857142856,
    "I": 0.03571428571428571,
    "K": 0.07142857142857142,
    "L": 0.08928571428571429,
    "M": 0.05357142857142857,
    "N": 0.10714285714285714,
    "P": 0.0,
    "Q": 0.05357142857142857,
    "R": 0.03571428571428571,
    "S": 0.017857142857142856,
    "T": 0.0,
    "V": 0.17857142857142858,
    "W": 0.0,
    "Y": 0.0
  },
  "-5": {
    "A": 0.125,
    "C": 0.0,
    "D": 0.0,
    "E": 0.10714285714285714,
    "F": 0.03571428571428571,
    "G": 0.125,
    "H": 0.125,
    "I": 0.017857142857142856,
    "K": 0.05357142857142857,
    "L": 0.07142857142857142,
    "M": 0.017857142857142856,
    "N": 0.0,
    "P": 0.07142857142857142,
    "Q": 0.017857142857142856,
    "R": 0.03571428571428571,
    "S": 0.125,
    "T": 0.017857142857142856,
    "V": 0.03571428571428571,
    "W": 0.0,
    "Y": 0.017857142857142856
  },
  "-4": {
    "A": 0.07142857142857142,
    "C": 0.0,
    "D": 0.07142857142857142,
    "E": 0.125,
    "F": 0.017857142857142856,
    "G": 0.07142857142857142,
    "H": 0.0,
    "I": 0.017857142857142856,
    "K": 0.08928571428571429,
    "L": 0.05357142857142857,
    "M": 0.03571428571428571,
    "N": 0.017857142857142856,
    "P": 0.21428571428571427,
    "Q": 0.05357142857142857,
    "R": 0.0,
    "S": 0.05357142857142857,
    "T": 0.05357142857142857,
    "V": 0.05357142857142857,
    "W": 0.0,
    "Y": 0.0
  },
  "-3": {
    "A": 0.03571428571428571,
    "C": 0.0,
    "D": 0.0,
    "E": 0.25,
    "F": 0.0,
    "G": 0.03571428571428571,
    "H": 0.017857142857142856,
    "I": 0.017857142857142856,
    "K": 0.07142857142857142,
    "L": 0.05357142857142857,
    "M": 0.03571428571428571,
    "N": 0.017857142857142856,
    "P": 0.08928571428571429,
    "Q": 0.05357142857142857,
    "R": 0.07142857142857142,
    "S": 0.17857142857142858,
    "T": 0.0,
    "V": 0.03571428571428571,
    "W": 0.0,
    "Y": 0.03571428571428571
  },
  "-2": {
    "A": 0.08928571428571429,
    "C": 0.0,
    "D": 0.05357142857142857,
    "E": 0.0,
    "F": 0.0,
    "G": 0.07142857142857142,
    "H": 0.0,
    "I": 0.017857142857142856,
    "K": 0.0,
    "L": 0.03571428571428571,
    "M": 0.0,
    "N": 0.03571428571428571,
    "P": 0.05357142857142857,
    "Q": 0.017857142857142856,
    "R": 0.05357142857142857,
    "S": 0.35714285714285715,
    "T": 0.08928571428571429,
    "V": 0.10714285714285714,
    "W": 0.0,
    "Y": 0.017857142857142856
  },
  "-1": {
    "A": 0.05357142857142857,
    "C": 0.0,
    "D": 0.03571428571428571,
    "E": 0.07142857142857142,
    "F": 0.0,
    "G": 0.03571428571428571,
    "H": 0.017857142857142856,
    "I": 0.03571428571428571,
    "K": 0.03571428571428571,
    "L": 0.08928571428571429,
    "M": 0.0,
    "N": 0.08928571428571429,
    "P": 0.19642857142857142,
    "Q": 0.08928571428571429,
    "R": 0.03571428571428571,
    "S": 0.05357142857142857,
    "T": 0.017857142857142856,
    "V": 0.08928571428571429,
    "W": 0.03571428571428571,
    "Y": 0.017857142857142856
  },
  "0": {
    "A": 0.0,
    "C": 0.0,
    "D": 0.0,
    "E": 0.0,
    "F": 0.0,
    "G": 0.0,
    "H": 0.0,
    "I": 0.0,
    "K": 0.0,
    "L": 0.0,
    "M": 0.0,
    "N": 1.0,
    "P": 0.0,
    "Q": 0.0,
    "R": 0.0,
    "S": 0.0,
    "T": 0.0,
    "V": 0.0,
    "W": 0.0,
    "Y": 0.0
  },
  "+1": {
    "A": 0.017857142857142856,
    "C": 0.0,
    "D": 0.05357142857142857,
    "E": 0.07142857142857142,
    "F": 0.017857142857142856,
    "G": 0.05357142857142857,
    "H": 0.0,
    "I": 0.07142857142857142,
    "K": 0.05357142857142857,
    "L": 0.17857142857142858,
    "M": 0.0,
    "N": 0.0,
    "P": 0.05357142857142857,
    "Q": 0.03571428571428571,
    "R": 0.10714285714285714,
    "S": 0.10714285714285714,
    "T": 0.05357142857142857,
    "V": 0.03571428571428571,
    "W": 0.0,
    "Y": 0.08928571428571429
  },
  "+2": {
    "A": 0.017857142857142856,
    "C": 0.0,
    "D": 0.08928571428571429,
    "E": 0.07142857142857142,
    "F": 0.0,
    "G": 0.05357142857142857,
    "H": 0.05357142857142857,
    "I": 0.03571428571428571,
    "K": 0.19642857142857142,
    "L": 0.05357142857142857,
    "M": 0.017857142857142856,
    "N": 0.125,
    "P": 0.05357142857142857,
    "Q": 0.03571428571428571,
    "R": 0.03571428571428571,
    "S": 0.07142857142857142,
    "T": 0.05357142857142857,
    "V": 0.017857142857142856,
    "W": 0.017857142857142856,
    "Y": 0.0
  },
  "+3": {
    "A": 0.07142857142857142,
    "C": 0.08928571428571429,
    "D": 0.125,
    "E": 0.08928571428571429,
    "F": 0.017857142857142856,
    "G": 0.03571428571428571,
    "H": 0.017857142857142856,
    "I": 0.017857142857142856,
    "K": 0.07142857142857142,
    "L": 0.07142857142857142,
    "M": 0.017857142857142856,
    "N": 0.03571428571428571,
    "P": 0.017857142857142856,
    "Q": 0.017857142857142856,
    "R": 0.03571428571428571,
    "S": 0.125,
    "T": 0.14285714285714285,
    "V": 0.0,
    "W": 0.0,
    "Y": 0.0
  },
  "+4": {
    "A": 0.03571428571428571,
    "C": 0.0,
    "D": 0.10714285714285714,
    "E": 0.05357142857142857,
    "F": 0.017857142857142856,
    "G": 0.05357142857142857,
    "H": 0.0,
    "I": 0.017857142857142856,
    "K": 0.017857142857142856,
    "L": 0.10714285714285714,
    "M": 0.03571428571428571,
    "N": 0.017857142857142856,
    "P": 0.19642857142857142,
    "Q": 0.03571428571428571,
    "R": 0.017857142857142856,
    "S": 0.23214285714285715,
    "T": 0.0,
    "V": 0.03571428571428571,
    "W": 0.017857142857142856,
    "Y": 0.0
  },
  "+5": {
    "A": 0.017857142857142856,
    "C": 0.0,
    "D": 0.07142857142857142,