{
  "-10": {
    "A": 0.08588957055214724,
    "C": 0.006134969325153374,
    "D": 0.06134969325153374,
    "E": 0.049079754601226995,
    "F": 0.012269938650306749,
    "G": 0.05521472392638037,
    "H": 0.024539877300613498,
    "I": 0.024539877300613498,
    "K": 0.024539877300613498,
    "L": 0.1165644171779141,
    "M": 0.024539877300613498,
    "N": 0.03067484662576687,
    "P": 0.11042944785276074,
    "Q": 0.06134969325153374,
    "R": 0.03680981595092025,
    "S": 0.10429447852760736,
    "T": 0.04294478527607362,
    "V": 0.06748466257668712,
    "W": 0.0,
    "Y": 0.05521472392638037
  },
  "-9": {
    "A": 0.07975460122699386,
    "C": 0.018404907975460124,
    "D": 0.06748466257668712,
    "E": 0.06748466257668712,
    "F": 0.006134969325153374,
    "G": 0.04294478527607362,
    "H": 0.03067484662576687,
    "I": 0.04294478527607362,
    "K": 0.05521472392638037,
    "L": 0.08588957055214724,
    "M": 0.0,
    "N": 0.012269938650306749,
    "P": 0.13496932515337423,
    "Q": 0.05521472392638037,
    "R": 0.06748466257668712,
    "S": 0.10429447852760736,
    "T": 0.04294478527607362,
    "V": 0.03067484662576687,
    "W": 0.0,
    "Y": 0.049079754601226995
  },
  "-8": {
    "A": 0.049079754601226995,
    "C": 0.012269938650306749,
    "D": 0.018404907975460124,
    "E": 0.05521472392638037,
    "F": 0.018404907975460124,
    "G": 0.06134969325153374,
    "H": 0.049079754601226995,
    "I": 0.024539877300613498,
    "K": 0.04294478527607362,
    "L": 0.06134969325153374,
    "M": 0.024539877300613498,
    "N": 0.024539877300613498,
    "P": 0.1411042944785276,
    "Q": 0.07975460122699386,
    "R": 0.049079754601226995,
    "S": 0.1656441717791411,
    "T": 0.06134969325153374,
    "V": 0.049079754601226995,
    "W": 0.006134969325153374,
    "Y": 0.0
  },
  "-7": {
    "A": 0.1411042944785276,
    "C": 0.0,
    "D": 0.03067484662576687,
    "E": 0.07975460122699386,
    "F": 0.018404907975460124,
    "G": 0.07975460122699386,
    "H": 0.024539877300613498,
    "I": 0.024539877300613498,
    "K": 0.012269938650306749,
    "L": 0.06134969325153374,
    "M": 0.018404907975460124,
    "N": 0.006134969325153374,
    "P": 0.10429447852760736,
    "Q": 0.07975460122699386,
    "R": 0.07975460122699386,
    "S": 0.06748466257668712,
    "T": 0.0736196319018405,
    "V": 0.0736196319018405,
    "W": 0.0,
    "Y": 0.018404907975460124
  },
  "-6": {
    "A": 0.10429447852760736,
    "C": 0.006134969325153374,
    "D": 0.07975460122699386,
    "E": 0.03680981595092025,
    "F": 0.006134969325153374,
    "G": 0.04294478527607362,
    "H": 0.03067484662576687,
    "I": 0.05521472392638037,
    "K": 0.03680981595092025,
    "L": 0.05521472392638037,
    "M": 0.012269938650306749,
    "N": 0.018404907975460124,
    "P": 0.08588957055214724,
    "Q": 0.0736196319018405,
    "R": 0.03680981595092025,
    "S": 0.15337423312883436,
    "T": 0.08588957055214724,
    "V": 0.06748466257668712,
    "W": 0.0,
    "Y": 0.006134969325153374
  },
  "-5": {
    "A": 0.049079754601226995,
    "C": 0.018404907975460124,
    "D": 0.04294478527607362,
    "E": 0.07975460122699386,
    "F": 0.03680981595092025,
    "G": 0.11042944785276074,
    "H": 0.012269938650306749,
    "I": 0.03067484662576687,
    "K": 0.018404907975460124,
    "L": 0.05521472392638037,
    "M": 0.03067484662576687,
    "N": 0.04294478527607362,
    "P": 0.15337423312883436,
    "Q": 0.07975460122699386,
    "R": 0.049079754601226995,
    "S": 0.10429447852760736,
    "T": 0.024539877300613498,
    "V": 0.03680981595092025,
    "W": 0.006134969325153374,
    "Y": 0.018404907975460124
  },
  "-4": {
    "A": 0.06134969325153374,
    "C": 0.0,
    "D": 0.049079754601226995,
    "E": 0.06134969325153374,
    "F": 0.03067484662576687,
    "G": 0.08588957055214724,
    "H": 0.03680981595092025,
    "I": 0.018404907975460124,
    "K": 0.03067484662576687,
    "L": 0.11042944785276074,
    "M": 0.0,
    "N": 0.03680981595092025,
    "P": 0.12269938650306748,
    "Q": 0.06748466257668712,
    "R": 0.04294478527607362,
    "S": 0.0736196319018405,
    "T": 0.05521472392638037,
    "V": 0.09202453987730061,
    "W": 0.018404907975460124,
    "Y": 0.006134969325153374
  },
  "-3": {
    "A": 0.09202453987730061,
    "C": 0.006134969325153374,
    "D": 0.049079754601226995,
    "E": 0.049079754601226995,
    "F": 0.024539877300613498,
    "G": 0.09815950920245399,
    "H": 0.006134969325153374,
    "I": 0.03067484662576687,
    "K": 0.018404907975460124,
    "L": 0.07975460122699386,
    "M": 0.006134969325153374,
    "N": 0.018404907975460124,
    "P": 0.1901840490797546,
    "Q": 0.049079754601226995,
    "R": 0.03067484662576687,
    "S": 0.13496932515337423,
    "T": 0.06748466257668712,
    "V": 0.03067484662576687,
    "W": 0.006134969325153374,
    "Y": 0.012269938650306749
  },
  "-2": {
    "A": 0.07975460122699386,
    "C": 0.018404907975460124,
    "D": 0.03680981595092025,
    "E": 0.06134969325153374,
    "F": 0.012269938650306749,
    "G": 0.049079754601226995,
    "H": 0.03680981595092025,
    "I": 0.03067484662576687,
    "K": 0.0736196319018405,
    "L": 0.08588957055214724,
    "M": 0.006134969325153374,
    "N": 0.03067484662576687,
    "P": 0.15337423312883436,
    "Q": 0.05521472392638037,
    "R": 0.05521472392638037,
    "S": 0.08588957055214724,
    "T": 0.06748466257668712,
    "V": 0.049079754601226995,
    "W": 0.0,
    "Y": 0.012269938650306749
  },
  "-1": {
    "A": 0.06748466257668712,
    "C": 0.018404907975460124,
    "D": 0.018404907975460124,
    "E": 0.04294478527607362,
    "F": 0.018404907975460124,
    "G": 0.06748466257668712,
    "H": 0.012269938650306749,
    "I": 0.04294478527607362,
    "K": 0.0736196319018405,
    "L": 0.07975460122699386,
    "M": 0.012269938650306749,
    "N": 0.024539877300613498,
    "P": 0.1165644171779141,
    "Q": 0.06134969325153374,
    "R": 0.0736196319018405,
    "S": 0.13496932515337423,
    "T": 0.06748466257668712,
    "V": 0.049079754601226995,
    "W": 0.006134969325153374,
    "Y": 0.012269938650306749
  },
  "0": {
    "A": 0.0,
    "C": 0.0,
    "D": 0.0,
    "E": 0.0,
    "F": 0.0,
    "G": 0.0,
    "H": 0.0,
    "I": 0.0,
    "K": 0.0,
    "L": 0.0,
    "M": 0.0,
    "N": 0.0,
    "P": 1.0,
    "Q": 0.0,
    "R": 0.0,
    "S": 0.0,
    "T": 0.0,
    "V": 0.0,
    "W": 0.0,
    "Y": 0.0
  },
  "+1": {
    "A": 0.1165644171779141,
    "C": 0.018404907975460124,
    "D": 0.049079754601226995,
    "E": 0.03680981595092025,
    "F": 0.03680981595092025,
    "G": 0.05521472392638037,
    "H": 0.018404907975460124,
    "I": 0.024539877300613498,
    "K": 0.03680981595092025,
    "L": 0.06134969325153374,
    "M": 0.012269938650306749,
    "N": 0.018404907975460124,
    "P": 0.13496932515337423,
    "Q": 0.03680981595092025,
    "R": 0.024539877300613498,
    "S": 0.12269938650306748,
    "T": 0.0736196319018405,
    "V": 0.049079754601226995,
    "W": 0.0,
    "Y": 0.06748466257668712
  },
  "+2": {
    "A": 0.09815950920245399,
    "C": 0.012269938650306749,
    "D": 0.04294478527607362,
    "E": 0.07975460122699386,
    "F": 0.03067484662576687,
    "G": 0.0736196319018405,
    "H": 0.018404907975460124,
    "I": 0.04294478527607362,
    "K": 0.03680981595092025,
    "L": 0.09202453987730061,
    "M": 0.006134969325153374,
    "N": 0.018404907975460124,
    "P": 0.12883435582822086,
    "Q": 0.049079754601226995,
    "R": 0.03680981595092025,
    "S": 0.147239263803681,
    "T": 0.04294478527607362,
    "V": 0.024539877300613498,
    "W": 0.0,
    "Y": 0.012269938650306749
  },
  "+3": {
    "A": 0.07975460122699386,
    "C": 0.006134969325153374,
    "D": 0.049079754601226995,
    "E": 0.049079754601226995,
    "F": 0.018404907975460124,
    "G": 0.06748466257668712,
    "H": 0.024539877300613498,
    "I": 0.0,
    "K": 0.04294478527607362,
    "L": 0.049079754601226995,
    "M": 0.012269938650306749,
    "N": 0.049079754601226995,
    "P": 0.15950920245398773,
    "Q": 0.06134969325153374,
    "R": 0.03067484662576687,