{
  "-10": {
    "A": 0.07971014492753623,
    "C": 0.004830917874396135,
    "D": 0.03985507246376811,
    "E": 0.09541062801932366,
    "F": 0.020531400966183576,
    "G": 0.07246376811594203,
    "H": 0.012077294685990338,
    "I": 0.06159420289855073,
    "K": 0.07004830917874397,
    "L": 0.08333333333333333,
    "M": 0.025362318840579712,
    "N": 0.03864734299516908,
    "P": 0.03260869565217391,
    "Q": 0.025362318840579712,
    "R": 0.06642512077294686,
    "S": 0.059178743961352656,
    "T": 0.04710144927536232,
    "V": 0.07367149758454106,
    "W": 0.007246376811594203,
    "Y": 0.03140096618357488
  },
  "-9": {
    "A": 0.08091787439613526,
    "C": 0.010869565217391304,
    "D": 0.051932367149758456,
    "E": 0.0748792270531401,
    "F": 0.026570048309178744,
    "G": 0.07004830917874397,
    "H": 0.016908212560386472,
    "I": 0.07004830917874397,
    "K": 0.06763285024154589,
    "L": 0.07125603864734299,
    "M": 0.028985507246376812,
    "N": 0.035024154589371984,
    "P": 0.042270531400966184,
    "Q": 0.027777777777777776,
    "R": 0.06159420289855073,
    "S": 0.07729468599033816,
    "T": 0.042270531400966184,
    "V": 0.0785024154589372,
    "W": 0.0036231884057971015,
    "Y": 0.014492753623188406
  },
  "-8": {
    "A": 0.07246376811594203,
    "C": 0.0036231884057971015,
    "D": 0.07608695652173914,
    "E": 0.07608695652173914,
    "F": 0.042270531400966184,
    "G": 0.08454106280193237,
    "H": 0.01570048309178744,
    "I": 0.05555555555555555,
    "K": 0.07608695652173914,
    "L": 0.08333333333333333,
    "M": 0.022946859903381644,
    "N": 0.026570048309178744,
    "P": 0.036231884057971016,
    "Q": 0.03260869565217391,
    "R": 0.06642512077294686,
    "S": 0.06280193236714976,
    "T": 0.04830917874396135,
    "V": 0.051932367149758456,
    "W": 0.004830917874396135,
    "Y": 0.018115942028985508
  },
  "-7": {
    "A": 0.07246376811594203,
    "C": 0.0,
    "D": 0.07125603864734299,
    "E": 0.07367149758454106,
    "F": 0.03260869565217391,
    "G": 0.05676328502415459,
    "H": 0.022946859903381644,
    "I": 0.07608695652173914,
    "K": 0.06521739130434782,
    "L": 0.06884057971014493,
    "M": 0.035024154589371984,
    "N": 0.049516908212560384,
    "P": 0.04468599033816425,
    "Q": 0.03743961352657005,
    "R": 0.05676328502415459,
    "S": 0.0748792270531401,
    "T": 0.042270531400966184,
    "V": 0.06763285024154589,
    "W": 0.0024154589371980675,
    "Y": 0.01570048309178744
  },
  "-6": {
    "A": 0.07729468599033816,
    "C": 0.0036231884057971015,
    "D": 0.05314009661835749,
    "E": 0.06038647342995169,
    "F": 0.021739130434782608,
    "G": 0.07608695652173914,
    "H": 0.027777777777777776,
    "I": 0.04710144927536232,
    "K": 0.0821256038647343,
    "L": 0.07125603864734299,
    "M": 0.027777777777777776,
    "N": 0.049516908212560384,
    "P": 0.05434782608695652,
    "Q": 0.04106280193236715,
    "R": 0.050724637681159424,
    "S": 0.06884057971014493,
    "T": 0.051932367149758456,
    "V": 0.06884057971014493,
    "W": 0.004830917874396135,
    "Y": 0.033816425120772944
  },
  "-5": {
    "A": 0.07367149758454106,
    "C": 0.006038647342995169,
    "D": 0.07004830917874397,
    "E": 0.06884057971014493,
    "F": 0.018115942028985508,
    "G": 0.06884057971014493,
    "H": 0.012077294685990338,
    "I": 0.06280193236714976,
    "K": 0.06038647342995169,
    "L": 0.08695652173913043,
    "M": 0.021739130434782608,
    "N": 0.049516908212560384,
    "P": 0.028985507246376812,
    "Q": 0.035024154589371984,
    "R": 0.07125603864734299,
    "S": 0.07971014492753623,
    "T": 0.06521739130434782,
    "V": 0.06521739130434782,
    "W": 0.004830917874396135,
    "Y": 0.026570048309178744
  },
  "-4": {
    "A": 0.059178743961352656,
    "C": 0.0024154589371980675,
    "D": 0.050724637681159424,
    "E": 0.0821256038647343,
    "F": 0.027777777777777776,
    "G": 0.09057971014492754,
    "H": 0.022946859903381644,
    "I": 0.06280193236714976,
    "K": 0.07125603864734299,
    "L": 0.06642512077294686,
    "M": 0.021739130434782608,
    "N": 0.04830917874396135,
    "P": 0.04830917874396135,
    "Q": 0.04589371980676329,
    "R": 0.06642512077294686,
    "S": 0.07004830917874397,
    "T": 0.05555555555555555,
    "V": 0.06038647342995169,
    "W": 0.0024154589371980675,
    "Y": 0.028985507246376812
  },
  "-3": {
    "A": 0.07125603864734299,
    "C": 0.0012077294685990338,
    "D": 0.06521739130434782,
    "E": 0.09057971014492754,
    "F": 0.04468599033816425,
    "G": 0.0893719806763285,
    "H": 0.012077294685990338,
    "I": 0.04106280193236715,
    "K": 0.05676328502415459,
    "L": 0.07246376811594203,
    "M": 0.01932367149758454,
    "N": 0.03985507246376811,
    "P": 0.049516908212560384,
    "Q": 0.050724637681159424,
    "R": 0.0785024154589372,
    "S": 0.04710144927536232,
    "T": 0.06280193236714976,
    "V": 0.06521739130434782,
    "W": 0.004830917874396135,
    "Y": 0.028985507246376812
  },
  "-2": {
    "A": 0.07004830917874397,
    "C": 0.004830917874396135,
    "D": 0.049516908212560384,
    "E": 0.0785024154589372,
    "F": 0.043478260869565216,
    "G": 0.08454106280193237,
    "H": 0.016908212560386472,
    "I": 0.057971014492753624,
    "K": 0.06521739130434782,
    "L": 0.09782608695652174,
    "M": 0.022946859903381644,
    "N": 0.03985507246376811,
    "P": 0.03140096618357488,
    "Q": 0.043478260869565216,
    "R": 0.06280193236714976,
    "S": 0.0748792270531401,
    "T": 0.05676328502415459,
    "V": 0.06642512077294686,
    "W": 0.007246376811594203,
    "Y": 0.022946859903381644
  },
  "-1": {
    "A": 0.0640096618357488,
    "C": 0.0012077294685990338,
    "D": 0.08091787439613526,
    "E": 0.08091787439613526,
    "F": 0.03864734299516908,
    "G": 0.0893719806763285,
    "H": 0.014492753623188406,
    "I": 0.04589371980676329,
    "K": 0.07729468599033816,
    "L": 0.07367149758454106,
    "M": 0.020531400966183576,
    "N": 0.0748792270531401,
    "P": 0.04468599033816425,
    "Q": 0.04106280193236715,
    "R": 0.07125603864734299,
    "S": 0.06159420289855073,
    "T": 0.04589371980676329,
    "V": 0.051932367149758456,
    "W": 0.006038647342995169,
    "Y": 0.01570048309178744
  },
  "0": {
    "A": 0.0,
    "C": 0.0,
    "D": 0.0,
    "E": 0.0,
    "F": 0.0,
    "G": 0.0,
    "H": 0.0,
    "I": 0.0,
    "K": 0.0,
    "L": 0.0,
    "M": 0.0,
    "N": 0.0,
    "P": 0.0,
    "Q": 0.0,
    "R": 1.0,
    "S": 0.0,
    "T": 0.0,
    "V": 0.0,
    "W": 0.0,
    "Y": 0.0
  },
  "+1": {
    "A": 0.06521739130434782,
    "C": 0.0036231884057971015,
    "D": 0.049516908212560384,
    "E": 0.06763285024154589,
    "F": 0.04830917874396135,
    "G": 0.09903381642512077,
    "H": 0.012077294685990338,
    "I": 0.0748792270531401,
    "K": 0.06521739130434782,
    "L": 0.08574879227053141,
    "M": 0.016908212560386472,
    "N": 0.04468599033816425,
    "P": 0.03260869565217391,
    "Q": 0.05555555555555555,
    "R": 0.051932367149758456,
    "S": 0.06038647342995169,
    "T": 0.049516908212560384,
    "V": 0.07367149758454106,
    "W": 0.007246376811594203,
    "Y": 0.028985507246376812
  },
  "+2": {
    "A": 0.07004830917874397,
    "C": 0.0024154589371980675,
    "D": 0.04468599033816425,
    "E": 0.06884057971014493,
    "F": 0.035024154589371984,
    "G": 0.07246376811594203,
    "H": 0.01570048309178744,
    "I": 0.06038647342995169,
    "K": 0.07367149758454106,
    "L": 0.08816425120772947,
    "M": 0.013285024154589372,
    "N": 0.043478260869565216,
    "P": 0.04830917874396135,
    "Q": 0.057971014492753624,
    "R": 0.057971014492753624,
    "S": 0.06280193236714976,
    "T": 0.059178743961352656,
    "V": 0.06763285024154589,
    "W": 0.007246376811594203,
    "Y": 0.035024154589371984
  },
  "+3": {
    "A": 0.0748792270531401,
    "C": 0.0036231884057971015,
    "D": 0.0640096618357488,
    "E": 0.08454106280193237,
    "F": 0.04589371980676329,
    "G": 0.08454106280193237,
    "H": 0.01570048309178744,
    "I": 0.06521739130434782,