{
  "-10": {
    "A": 0.07007255857134956,
    "C": 0.009577767683828496,
    "D": 0.052707641452041806,
    "E": 0.07040710952509177,
    "F": 0.02385647492091814,
    "G": 0.06497178982946968,
    "H": 0.021027751409601884,
    "I": 0.033014467288804514,
    "K": 0.07115146273111442,
    "L": 0.06983139175916683,
    "M": 0.018719440492995735,
    "N": 0.04155684963611917,
    "P": 0.07334463009453558,
    "Q": 0.04200563750089531,
    "R": 0.0679065904724603,
    "S": 0.11648357028425951,
    "T": 0.05360249725514089,
    "V": 0.047556100749702394,
    "W": 0.006309322729246734,
    "Y": 0.017888956282622118
  },
  "-9": {
    "A": 0.07052225307827677,
    "C": 0.009749123050379385,
    "D": 0.05235767758173152,
    "E": 0.06948505445746081,
    "F": 0.023708692250294885,
    "G": 0.06556745372271801,
    "H": 0.021381341848516415,
    "I": 0.032743381285636704,
    "K": 0.07189853586359025,
    "L": 0.07030012575126635,
    "M": 0.019313291101941937,
    "N": 0.0409720654486836,
    "P": 0.07281333779401272,
    "Q": 0.0415414367195511,
    "R": 0.06997010800827945,
    "S": 0.11731405449463313,
    "T": 0.05393160835597672,
    "V": 0.04772654947410222,
    "W": 0.006002877682187473,
    "Y": 0.017927941895117823
  },
  "-8": {
    "A": 0.07018044898732605,
    "C": 0.010220576968932093,
    "D": 0.052466474639859075,
    "E": 0.06824295471050462,
    "F": 0.024043243204037095,
    "G": 0.06484304664401874,
    "H": 0.021530031161290732,
    "I": 0.033403416771610496,
    "K": 0.07079152579714244,
    "L": 0.07134095094068657,
    "M": 0.01926977227869092,
    "N": 0.04118875292278763,
    "P": 0.07345433379481418,
    "Q": 0.04193310612881028,
    "R": 0.07024119401144727,
    "S": 0.11962055212693716,
    "T": 0.053910755586502275,
    "V": 0.047905157977861615,
    "W": 0.005574942586885784,
    "Y": 0.01804217880615175
  },
  "-7": {
    "A": 0.07103359925147625,
    "C": 0.008922265408610018,
    "D": 0.053416635614172994,
    "E": 0.06937353747288007,
    "F": 0.023239051616044303,
    "G": 0.0669827221205272,
    "H": 0.021218146261325094,
    "I": 0.03172703543429519,
    "K": 0.07246881377660881,
    "L": 0.06893109610316137,
    "M": 0.018507286229647018,
    "N": 0.04116336694255787,
    "P": 0.07504367748562746,
    "Q": 0.041364641500093835,
    "R": 0.07198557351009228,
    "S": 0.12096056922620813,
    "T": 0.054233520192280664,
    "V": 0.047084646831149685,
    "W": 0.005699152561581402,
    "Y": 0.017687681725086155
  },
  "-6": {
    "A": 0.07094474832067207,
    "C": 0.008871493448150495,
    "D": 0.053335944462728394,
    "E": 0.06901269389675703,
    "F": 0.023887300754054278,
    "G": 0.06688933797896772,
    "H": 0.02062701557883208,
    "I": 0.03364549022594429,
    "K": 0.06873254147207859,
    "L": 0.07171086093832023,
    "M": 0.018743919831074433,
    "N": 0.04092763998328152,
    "P": 0.07449334569993227,
    "Q": 0.03995753288164421,
    "R": 0.07226663257692179,
    "S": 0.12368321560585002,
    "T": 0.054693187762869556,
    "V": 0.04847362260657805,
    "W": 0.005162420408152163,
    "Y": 0.018004099835807107
  },
  "-5": {
    "A": 0.06904351972989317,
    "C": 0.008668405606312405,
    "D": 0.05327519943860718,
    "E": 0.0663009272229279,
    "F": 0.026143026425898778,
    "G": 0.06357374763253068,
    "H": 0.02232606296992396,
    "I": 0.03575615315361873,
    "K": 0.06381491444471342,
    "L": 0.08418716357909682,
    "M": 0.020795651018929783,
    "N": 0.039988358714780355,
    "P": 0.07352142531399285,
    "Q": 0.03861751578237325,
    "R": 0.0731288492625826,
    "S": 0.12072574890908283,
    "T": 0.053960620904810734,
    "V": 0.04922976216056451,
    "W": 0.0055549964595624,
    "Y": 0.018309638240715305
  },
  "-4": {
    "A": 0.07033185822655355,
    "C": 0.00815433950665974,
    "D": 0.05523626641135624,
    "E": 0.07072896748871911,
    "F": 0.02357269592763545,
    "G": 0.06762009155272442,
    "H": 0.020659654696270346,
    "I": 0.0314115239657253,
    "K": 0.06563545188404772,
    "L": 0.06730639336845665,
    "M": 0.01756075182393735,
    "N": 0.041588582111406376,
    "P": 0.0722004476998942,
    "Q": 0.0419349194131124,
    "R": 0.06821575544597275,
    "S": 0.14167371580939117,
    "T": 0.05646204659959328,
    "V": 0.04719072396282405,
    "W": 0.0051170883005990184,
    "Y": 0.01699319383737197
  },
  "-3": {
    "A": 0.06457830713590838,
    "C": 0.007356494413724386,
    "D": 0.055628842462766476,
    "E": 0.06396360375748773,
    "F": 0.021507365107514158,
    "G": 0.06684309922926351,
    "H": 0.021838289492652117,
    "I": 0.029207476896491384,
    "K": 0.0662102630078216,
    "L": 0.0685956385072681,
    "M": 0.01690887611732312,
    "N": 0.0358595103588399,
    "P": 0.0698322984013179,
    "Q": 0.036587544006143405,
    "R": 0.11634304075084477,
    "S": 0.13710877257878948,
    "T": 0.05181913214400016,
    "V": 0.04165204706198078,
    "W": 0.004362762030914684,
    "Y": 0.01609652474997076
  },
  "-2": {
    "A": 0.07145881442032474,
    "C": 0.009142579451318304,
    "D": 0.05264961635437378,
    "E": 0.0616425998507667,
    "F": 0.022318809832715458,
    "G": 0.06268795825094223,
    "H": 0.019630615854813953,
    "I": 0.03286940454463445,
    "K": 0.04975108139742568,
    "L": 0.07009794455157932,
    "M": 0.017943354811685894,
    "N": 0.04351157011381079,
    "P": 0.07818337925475828,
    "Q": 0.039904947636882564,
    "R": 0.07356857070584812,
    "S": 0.15979205255623222,
    "T": 0.05939956716903708,
    "V": 0.04935397213526013,
    "W": 0.0045513435983357674,
    "Y": 0.01675837352024668
  },
  "-1": {
    "A": 0.0731170629146188,
    "C": 0.00906642151062902,
    "D": 0.06459462669462751,
    "E": 0.05766334744975163,
    "F": 0.02615934598461791,
    "G": 0.08251078224178152,
    "H": 0.02433518197667935,
    "I": 0.03359199833903158,
    "K": 0.0489686492210584,
    "L": 0.08039377281904964,
    "M": 0.019602509948131,
    "N": 0.04361039410827665,
    "P": 0.07836833425357512,
    "Q": 0.03539802950394888,
    "R": 0.06200616335334293,
    "S": 0.13748956228223588,
    "T": 0.052233467607035906,
    "V": 0.04796862292843602,
    "W": 0.0044153472756763325,
    "Y": 0.018490966670927884
  },
  "0": {
    "A": 0.0,
    "C": 0.0,
    "D": 0.0,
    "E": 0.0,
    "F": 0.0,
    "G": 0.0,
    "H": 0.0,
    "I": 0.0,
    "K": 0.0,
    "L": 0.0,
    "M": 0.0,
    "N": 0.0,
    "P": 0.0,
    "Q": 0.0,
    "R": 0.0,
    "S": 1.0,
    "T": 0.0,
    "V": 0.0,
    "W": 0.0,
    "Y": 0.0
  },
  "+1": {
    "A": 0.05490534202621828,
    "C": 0.007468918040456186,
    "D": 0.06766361037597543,
    "E": 0.0628375542058676,
    "F": 0.033640957015188974,
    "G": 0.061012483555777985,
    "H": 0.015058419487003738,
    "I": 0.0340534791939226,
    "K": 0.03329371307133189,
    "L": 0.08112724631925952,
    "M": 0.015056606202701613,
    "N": 0.03198905501595237,
    "P": 0.17596836181549652,
    "Q": 0.03636994988988831,
    "R": 0.04214888696076325,
    "S": 0.13044948597923245,
    "T": 0.048158111138008164,
    "V": 0.04633576041437173,
    "W": 0.005535050332239016,
    "Y": 0.015360331323307684
  },
  "+2": {
    "A": 0.0634096454031883,
    "C": 0.008140739874393796,
    "D": 0.07143614836654817,
    "E": 0.08419532335845639,
    "F": 0.02093527391019347,
    "G": 0.06940345666386515,
    "H": 0.018296945250600424,
    "I": 0.03424478068779687,
    "K": 0.0488217731925862,
    "L": 0.06897733485286558,
    "M": 0.012977675750314378,
    "N": 0.03836909583298201,
    "P": 0.08564051094725066,
    "Q": 0.03496374791358975,
    "R": 0.05228514620964649,
    "S": 0.1537900815161958,
    "T": 0.06087104738021217,
    "V": 0.04918443005301137,
    "W": 0.003611155687683538,
    "Y": 0.015325878921567294
  },
  "+3": {
    "A": 0.06517850423991202,
    "C": 0.007871467155528115,
    "D": 0.06987309729811572,
    "E": 0.09477311733490726,
    "F": 0.023396807350329247,
    "G": 0.07053675935269377,
    "H": 0.020493739182625835,
    "I": 0.02938336547379759,