{
  "-10": {
    "A": 0.07008488066411213,
    "C": 0.01070471173240554,
    "D": 0.05026470115472962,
    "E": 0.06991377120072177,
    "F": 0.025510865450925287,
    "G": 0.06158125884713703,
    "H": 0.019864253159043655,
    "I": 0.03575150757807517,
    "K": 0.06925525902343163,
    "L": 0.07418113751497207,
    "M": 0.01888944773124407,
    "N": 0.04010961375927491,
    "P": 0.07076413338241928,
    "Q": 0.042671070574875944,
    "R": 0.06309013320612468,
    "S": 0.11159966607728962,
    "T": 0.06061682368984595,
    "V": 0.05100358292846069,
    "W": 0.006870304211885367,
    "Y": 0.019200555846499257
  },
  "-9": {
    "A": 0.0715963475907269,
    "C": 0.01000471847308137,
    "D": 0.051555799833038644,
    "E": 0.06823637994597088,
    "F": 0.024196433663972124,
    "G": 0.061591629117645534,
    "H": 0.02244904308328883,
    "I": 0.03675223868214603,
    "K": 0.07097931649547079,
    "L": 0.0739970652134461,
    "M": 0.019711291669043188,
    "N": 0.04181811582555131,
    "P": 0.07016006512529879,
    "Q": 0.04162626582114395,
    "R": 0.0637071643013808,
    "S": 0.10807636667202464,
    "T": 0.061591629117645534,
    "V": 0.05226097822761707,
    "W": 0.006053645409340502,
    "Y": 0.018409822720225656
  },
  "-8": {
    "A": 0.0710389455508947,
    "C": 0.010020273878844129,
    "D": 0.05074691873337516,
    "E": 0.06993191917411165,
    "F": 0.025007907331262735,
    "G": 0.06237717710866488,
    "H": 0.019185000440736497,
    "I": 0.03576447041621081,
    "K": 0.06833230494817458,
    "L": 0.08092181334550112,
    "M": 0.020595357229893342,
    "N": 0.039596285369103854,
    "P": 0.07155486650869287,
    "Q": 0.03981146848215536,
    "R": 0.0626908777915472,
    "S": 0.11075448903084636,
    "T": 0.062364214270529246,
    "V": 0.05236468093270213,
    "W": 0.0060769785179846415,
    "Y": 0.018788337593786134
  },
  "-7": {
    "A": 0.07220560098310165,
    "C": 0.008941765745959483,
    "D": 0.052367273500329256,
    "E": 0.06810934413224169,
    "F": 0.023851622169564293,
    "G": 0.06384716295324563,
    "H": 0.020486469389554028,
    "I": 0.03673668327638326,
    "K": 0.06920340767088909,
    "L": 0.07157819961733702,
    "M": 0.020432025469384368,
    "N": 0.039342213741645454,
    "P": 0.07319336924903685,
    "Q": 0.04371328276098082,
    "R": 0.06514603933443604,
    "S": 0.11045893632135394,
    "T": 0.06449271229240015,
    "V": 0.05276393634727962,
    "W": 0.005688093373915659,
    "Y": 0.018570561913107502
  },
  "-6": {
    "A": 0.07086005838462296,
    "C": 0.0098024981981655,
    "D": 0.05140802347829243,
    "E": 0.06812230697037733,
    "F": 0.02423791474600615,
    "G": 0.06167718384934071,
    "H": 0.02059017209463909,
    "I": 0.037345936668758004,
    "K": 0.06694528126766186,
    "L": 0.07345262601174951,
    "M": 0.02035424844057057,
    "N": 0.04034035227808917,
    "P": 0.0741629895415822,
    "Q": 0.039798505644019724,
    "R": 0.065063077170368,
    "S": 0.11755997905205358,
    "T": 0.06507085487324937,
    "V": 0.052452828232024434,
    "W": 0.006305124469171778,
    "Y": 0.018689820023955323
  },
  "-5": {
    "A": 0.07118153677038666,
    "C": 0.00903509818053604,
    "D": 0.052903934999144454,
    "E": 0.06688305964461083,
    "F": 0.023473107296003815,
    "G": 0.06272976630595409,
    "H": 0.029648603383819267,
    "I": 0.03715149409672351,
    "K": 0.06359568389341436,
    "L": 0.07481372401599096,
    "M": 0.02043721060463862,
    "N": 0.038771848863677606,
    "P": 0.07637185715989402,
    "Q": 0.03965332185690064,
    "R": 0.06422567782680612,
    "S": 0.11677702362866135,
    "T": 0.0651330764963004,
    "V": 0.05053951332320503,
    "W": 0.005553279857305078,
    "Y": 0.01845130380225968
  },
  "-4": {
    "A": 0.07033895229157053,
    "C": 0.008998802233756268,
    "D": 0.05098024981981655,
    "E": 0.06922674077953324,
    "F": 0.022835335659730685,
    "G": 0.06372271970714356,
    "H": 0.019527219367517203,
    "I": 0.03547669540959976,
    "K": 0.06434493593765393,
    "L": 0.06984895701004361,
    "M": 0.019511663961754442,
    "N": 0.039798505644019724,
    "P": 0.07653259635277586,
    "Q": 0.04356291383860748,
    "R": 0.06107311559222022,
    "S": 0.1294261610814118,
    "T": 0.0700045110676712,
    "V": 0.051669872808632215,
    "W": 0.005169579848490348,
    "Y": 0.01843834096412405
  },
  "-3": {
    "A": 0.07215374963055911,
    "C": 0.008306586677313477,
    "D": 0.052087276196599586,
    "E": 0.064879004868842,
    "F": 0.02269792957549298,
    "G": 0.06829341643376767,
    "H": 0.021357572112268547,
    "I": 0.03498670012807284,
    "K": 0.06381864470934724,
    "L": 0.07086265095225008,
    "M": 0.01989017883531492,
    "N": 0.03859036912977875,
    "P": 0.07699925852565864,
    "Q": 0.038069263036726315,
    "R": 0.0770044436609129,
    "S": 0.12161216225325237,
    "T": 0.0683245272452932,
    "V": 0.050487661970662505,
    "W": 0.005112543360693563,
    "Y": 0.018186861904292775
  },
  "-2": {
    "A": 0.07024821242462109,
    "C": 0.009120652912231216,
    "D": 0.04879212274252174,
    "E": 0.06502159608833397,
    "F": 0.02320607283040978,
    "G": 0.06199347709985015,
    "H": 0.017170575394459164,
    "I": 0.04067220093436137,
    "K": 0.05109173022778299,
    "L": 0.06961562592360222,
    "M": 0.021170907243115437,
    "N": 0.03997739281029146,
    "P": 0.08718545673263887,
    "Q": 0.037498898158758474,
    "R": 0.05230764444490534,
    "S": 0.1453600817177316,
    "T": 0.07778739908430511,
    "V": 0.05543168843559284,
    "W": 0.0048325460569638955,
    "Y": 0.018827226108193033
  },
  "-1": {
    "A": 0.07256078274801799,
    "C": 0.008254735324770947,
    "D": 0.053715408666435066,
    "E": 0.06639824949833817,
    "F": 0.023213850533291162,
    "G": 0.07058524621614755,
    "H": 0.02847157768110381,
    "I": 0.03530817851383653,
    "K": 0.05316059919422998,
    "L": 0.07251152396310258,
    "M": 0.020621282906164606,
    "N": 0.03956776712520546,
    "P": 0.08712064254196071,
    "Q": 0.03833111236706609,
    "R": 0.05608242291000161,
    "S": 0.12761395631005035,
    "T": 0.06612343732986276,
    "V": 0.05587761006745861,
    "W": 0.00534846701476208,
    "Y": 0.01912796395293971
  },
  "0": {
    "A": 0.0,
    "C": 0.0,
    "D": 0.0,
    "E": 0.0,
    "F": 0.0,
    "G": 0.0,
    "H": 0.0,
    "I": 0.0,
    "K": 0.0,
    "L": 0.0,
    "M": 0.0,
    "N": 0.0,
    "P": 0.0,
    "Q": 0.0,
    "R": 0.0,
    "S": 0.0,
    "T": 1.0,
    "V": 0.0,
    "W": 0.0,
    "Y": 0.0
  },
  "+1": {
    "A": 0.06505011433223236,
    "C": 0.007925479236125875,
    "D": 0.05103728630761333,
    "E": 0.06515640960494455,
    "F": 0.023828289060920153,
    "G": 0.06959488538258521,
    "H": 0.01775390311056264,
    "I": 0.03440596497959649,
    "K": 0.04003442929808824,
    "L": 0.07309744424683318,
    "M": 0.01544392535479288,
    "N": 0.033607454150441515,
    "P": 0.15996920029658973,
    "Q": 0.0337915264519675,
    "R": 0.038157410336048615,
    "S": 0.12959727054480216,
    "T": 0.064039012957653,
    "V": 0.05346911474185804,
    "W": 0.005327726473745068,
    "Y": 0.01742983215717182
  },
  "+2": {
    "A": 0.06766601506800304,
    "C": 0.00880954479697603,
    "D": 0.05545502154423698,
    "E": 0.08453585261771554,
    "F": 0.02107757480853888,
    "G": 0.06071534125967676,
    "H": 0.016758357141746043,
    "I": 0.03428411430112154,
    "K": 0.0524787539082957,
    "L": 0.06828823129851343,
    "M": 0.014966892911401594,
    "N": 0.03785926505892906,
    "P": 0.09564500489995281,
    "Q": 0.03723704882841869,
    "R": 0.049956185607101564,
    "S": 0.13693942206482457,
    "T": 0.07916405249430931,
    "V": 0.05249949444931271,
    "W": 0.004811805515946884,
    "Y": 0.01673761660072903
  },
  "+3": {
    "A": 0.06836082319207297,
    "C": 0.00863584276595855,
    "D": 0.05493650801881167,
    "E": 0.07595445377192664,
    "F": 0.023133480936850238,
    "G": 0.06338568591561711,
    "H": 0.019192778143617875,
    "I": 0.03540151094841309,
    "K": 0.06959229281495807,