{
  "-10": {
    "A": 0.06479302902948383,
    "C": 0.013581709315722005,
    "D": 0.05426193064728122,
    "E": 0.06857383938857968,
    "F": 0.031374235318934886,
    "G": 0.06308111704285459,
    "H": 0.02580849303065215,
    "I": 0.042237980106122314,
    "K": 0.07087802424262094,
    "L": 0.07736057247634966,
    "M": 0.0242913008908433,
    "N": 0.04079380790887111,
    "P": 0.05814010092978727,
    "Q": 0.042270433413925716,
    "R": 0.06862251935028478,
    "S": 0.08850017037986596,
    "T": 0.050481120288185376,
    "V": 0.05298813831599786,
    "W": 0.008592013240949584,
    "Y": 0.03049799600824314
  },
  "-9": {
    "A": 0.06408716958475992,
    "C": 0.014157755529232317,
    "D": 0.05474873026433219,
    "E": 0.07019650477874957,
    "F": 0.030741395816768623,
    "G": 0.06203449786619501,
    "H": 0.024096581044022913,
    "I": 0.03913057588394697,
    "K": 0.0692310188715985,
    "L": 0.08147402924043033,
    "M": 0.024510360718516234,
    "N": 0.03934152238466906,
    "P": 0.05964917974264527,
    "Q": 0.04235156668343421,
    "R": 0.07007480487448683,
    "S": 0.09203758093043633,
    "T": 0.05294757168124361,
    "V": 0.051941519139338276,
    "W": 0.007837473834520584,
    "Y": 0.02924043033086147
  },
  "-8": {
    "A": 0.06302432375419864,
    "C": 0.012397163580897983,
    "D": 0.05665536209778182,
    "E": 0.0712999172440651,
    "F": 0.031504048550148475,
    "G": 0.06283771723432911,
    "H": 0.02215749590276989,
    "I": 0.042043260259301926,
    "K": 0.07020461810570042,
    "L": 0.07837473834520584,
    "M": 0.023755821312087234,
    "N": 0.0401690817336557,
    "P": 0.05994125951287585,
    "Q": 0.04063965469680497,
    "R": 0.07002612491278173,
    "S": 0.09340061985817905,
    "T": 0.050765086731465105,
    "V": 0.0538643776266896,
    "W": 0.008656919856556379,
    "Y": 0.03063592256640758
  },
  "-7": {
    "A": 0.060663345611501454,
    "C": 0.012510750158209875,
    "D": 0.05750726142762101,
    "E": 0.06793288655946257,
    "F": 0.02987326983302773,
    "G": 0.06173430476901358,
    "H": 0.021800509516932513,
    "I": 0.04358479237996333,
    "K": 0.07002612491278173,
    "L": 0.082731594917812,
    "M": 0.024916027066058707,
    "N": 0.04061531471595242,
    "P": 0.05882973372060947,
    "Q": 0.039090009249192724,
    "R": 0.07073198435750563,
    "S": 0.09804955620101578,
    "T": 0.05298813831599786,
    "V": 0.051008486539990586,
    "W": 0.008259366835964756,
    "Y": 0.03246953445729956
  },
  "-6": {
    "A": 0.06162883151865254,
    "C": 0.011358657731189251,
    "D": 0.05925974004900449,
    "E": 0.07095104418517857,
    "F": 0.028688724098203708,
    "G": 0.06548266182030603,
    "H": 0.024948480373862107,
    "I": 0.04207571356710533,
    "K": 0.0712999172440651,
    "L": 0.07902380450127379,
    "M": 0.024185827640482258,
    "N": 0.04028266831096759,
    "P": 0.05844840735391955,
    "Q": 0.04202703360540023,
    "R": 0.06886591915881027,
    "S": 0.09732747010239019,
    "T": 0.05377513103023026,
    "V": 0.05147905950313986,
    "W": 0.007082934428091583,
    "Y": 0.030465542700439743
  },
  "-5": {
    "A": 0.06245639086763918,
    "C": 0.011869797329092768,
    "D": 0.05980333295471141,
    "E": 0.07532412741168644,
    "F": 0.029370243562075064,
    "G": 0.06282960390737825,
    "H": 0.020721437032469533,
    "I": 0.04129683417982378,
    "K": 0.07109708407029386,
    "L": 0.0750077076606033,
    "M": 0.02262806886591916,
    "N": 0.042286660067827414,
    "P": 0.0630324370811495,
    "Q": 0.04187288039333409,
    "R": 0.0674623135963133,
    "S": 0.0993801418209551,
    "T": 0.05495156343810343,
    "V": 0.05261492527625878,
    "W": 0.007301994255764519,
    "Y": 0.0303600694500787
  },
  "-4": {
    "A": 0.06086617878527269,
    "C": 0.01107469128790952,
    "D": 0.06427377610462946,
    "E": 0.07250068963279083,
    "F": 0.030457429373488894,
    "G": 0.07151897707173804,
    "H": 0.022043909325457998,
    "I": 0.0395443555584403,
    "K": 0.062277897674720493,
    "L": 0.07896701121261784,
    "M": 0.023406948253200707,
    "N": 0.04380385220763627,
    "P": 0.061636944845603385,
    "Q": 0.0402988949648693,
    "R": 0.06522303535787885,
    "S": 0.10322585879565775,
    "T": 0.05382381099193535,
    "V": 0.05044866698038197,
    "W": 0.007383127525273013,
    "Y": 0.031479708569295925
  },
  "-3": {
    "A": 0.06161260486475084,
    "C": 0.01105846463400782,
    "D": 0.06515812874227206,
    "E": 0.07973777727294855,
    "F": 0.026993038765476172,
    "G": 0.06856572606162883,
    "H": 0.022733542116280203,
    "I": 0.03840848978532137,
    "K": 0.06050107907248446,
    "L": 0.07841530497996008,
    "M": 0.024705080565336622,
    "N": 0.046059357099972414,
    "P": 0.06102033199733883,
    "Q": 0.042091940221007026,
    "R": 0.05940577993411979,
    "S": 0.10630892303698054,
    "T": 0.05652554886656822,
    "V": 0.04975092086260892,
    "W": 0.007375014198322164,
    "Y": 0.030384409430931247
  },
  "-2": {
    "A": 0.06179921138462038,
    "C": 0.00986580557223295,
    "D": 0.0682655329644474,
    "E": 0.07244389634413488,
    "F": 0.026027552858325084,
    "G": 0.06979895175815795,
    "H": 0.02290392198224804,
    "I": 0.035982605027017375,
    "K": 0.06741363363460821,
    "L": 0.07068330439580055,
    "M": 0.021630129650964676,
    "N": 0.04674087656384377,
    "P": 0.07153520372563973,
    "Q": 0.041686273873464554,
    "R": 0.06304055040810035,
    "S": 0.10937576062440164,
    "T": 0.05368588443377091,
    "V": 0.050700180115858307,
    "W": 0.006028201924481153,
    "Y": 0.02927288363866487
  },
  "-1": {
    "A": 0.05798594771772113,
    "C": 0.010977331364499326,
    "D": 0.07450468138965063,
    "E": 0.06847647946516949,
    "F": 0.02882665065636815,
    "G": 0.0674623135963133,
    "H": 0.023739594658185537,
    "I": 0.048631281743391694,
    "K": 0.06202638453924416,
    "L": 0.0774822723806124,
    "M": 0.019220471546562385,
    "N": 0.047414282700764275,
    "P": 0.06058221234199296,
    "Q": 0.03927661576906226,
    "R": 0.0569474418680124,
    "S": 0.10793158842715043,
    "T": 0.05514628328492382,
    "V": 0.0561117691920749,
    "W": 0.006888214581271196,
    "Y": 0.03035195612312785
  },
  "0": {
    "A": 0.0,
    "C": 0.0,
    "D": 0.0,
    "E": 0.0,
    "F": 0.0,
    "G": 0.0,
    "H": 0.0,
    "I": 0.0,
    "K": 0.0,
    "L": 0.0,
    "M": 0.0,
    "N": 0.0,
    "P": 0.0,
    "Q": 0.0,
    "R": 0.0,
    "S": 0.0,
    "T": 0.0,
    "V": 0.0,
    "W": 0.0,
    "Y": 1.0
  },
  "+1": {
    "A": 0.05777500121699904,
    "C": 0.013127363006474435,
    "D": 0.06406282960390738,
    "E": 0.07852077823032112,
    "F": 0.030416862738734646,
    "G": 0.07273597611436546,
    "H": 0.023342041637593913,
    "I": 0.047016729680172654,
    "K": 0.049572427669690236,
    "L": 0.07834228503740244,
    "M": 0.021321823226832393,
    "N": 0.04121570091031528,
    "P": 0.04231911337563081,
    "Q": 0.04536972430915021,
    "R": 0.05113829977120418,
    "S": 0.12512372823600046,
    "T": 0.057288201599948074,
    "V": 0.05912181349084005,
    "W": 0.006936894542976293,
    "Y": 0.032721047592775894
  },
  "+2": {
    "A": 0.06279715059957486,
    "C": 0.01702987326983303,
    "D": 0.06714589384523018,
    "E": 0.07340126892433511,
    "F": 0.027820598114462816,
    "G": 0.062131857789605206,
    "H": 0.02052671718564915,
    "I": 0.039292842422963964,
    "K": 0.0576533013127363,
    "L": 0.07275220276826716,
    "M": 0.02108653674525776,
    "N": 0.04901260811008162,
    "P": 0.0676083534814286,
    "Q": 0.04459084492186866,
    "R": 0.05431872393593717,
    "S": 0.11000860012656791,
    "T": 0.058935206970970516,
    "V": 0.05250133869894689,
    "W": 0.006904441235172895,
    "Y": 0.030141009622405762
  },
  "+3": {
    "A": 0.05887841368231457,
    "C": 0.01049053174744836,
    "D": 0.06058221234199296,
    "E": 0.06430622941243286,
    "F": 0.0296055300436497,
    "G": 0.059860126243367354,
    "H": 0.02155710970840703,
    "I": 0.04573482402193844,
    "K": 0.05599006928781216,