{
  "-10": {
    "A": -3.5553480614894135,
    "C": -3.1498829533812494,
    "D": -3.960813169597578,
    "E": -3.2676659890376327,
    "F": "-inf",
    "G": -3.960813169597578,
    "H": -5.3471075307174685,
    "I": -3.4011973816621555,
    "K": -5.3471075307174685,
    "L": -4.248495242049359,
    "M": "-inf",
    "N": -4.653960350157523,
    "P": -3.7376696182833684,
    "Q": -4.653960350157523,
    "R": -3.5553480614894135,
    "S": -2.9492122579190982,
    "T": -4.653960350157523,
    "V": -3.5553480614894135,
    "W": -0.46430560813109784,
    "Y": "-inf"
  },
  "-9": {
    "A": -3.7376696182833684,
    "C": -3.1498829533812494,
    "D": -2.8622008809294686,
    "E": -5.3471075307174685,
    "F": -4.653960350157523,
    "G": -5.3471075307174685,
    "H": -4.248495242049359,
    "I": -4.653960350157523,
    "K": -1.1130010261202092,
    "L": -4.653960350157523,
    "M": -3.7376696182833684,
    "N": -3.960813169597578,
    "P": -4.248495242049359,
    "Q": -4.248495242049359,
    "R": "-inf",
    "S": -3.2676659890376327,
    "T": -1.0296194171811581,
    "V": -4.653960350157523,
    "W": "-inf",
    "Y": -4.248495242049359
  },
  "-8": {
    "A": -0.4872951263557965,
    "C": -2.7821581732559317,
    "D": -5.3471075307174685,
    "E": -5.3471075307174685,
    "F": "-inf",
    "G": -2.7821581732559317,
    "H": -4.653960350157523,
    "I": -4.653960350157523,
    "K": -3.7376696182833684,
    "L": -5.3471075307174685,
    "M": "-inf",
    "N": "-inf",
    "P": -2.5138941866612527,
    "Q": -3.7376696182833684,
    "R": -5.3471075307174685,
    "S": -3.960813169597578,
    "T": -4.653960350157523,
    "V": -3.1498829533812494,
    "W": -5.3471075307174685,
    "Y": -4.248495242049359
  },
  "-7": {
    "A": -3.2676659890376327,
    "C": -4.653960350157523,
    "D": -4.653960350157523,
    "E": -3.5553480614894135,
    "F": "-inf",
    "G": -3.960813169597578,
    "H": -3.4011973816621555,
    "I": -3.1498829533812494,
    "K": -5.3471075307174685,
    "L": -3.2676659890376327,
    "M": "-inf",
    "N": -4.653960350157523,
    "P": -2.3025850929940455,
    "Q": -3.7376696182833684,
    "R": -3.5553480614894135,
    "S": -3.044522437723423,
    "T": -1.5184661342283736,
    "V": -3.4011973816621555,
    "W": -1.157452788691043,
    "Y": "-inf"
  },
  "-6": {
    "A": -4.248495242049359,
    "C": -3.4011973816621555,
    "D": -2.7821581732559317,
    "E": "-inf",
    "F": -4.248495242049359,
    "G": -5.3471075307174685,
    "H": -4.248495242049359,
    "I": "-inf",
    "K": -1.127599825541362,
    "L": -3.5553480614894135,
    "M": -3.960813169597578,
    "N": -4.653960350157523,
    "P": -1.0704414117014134,
    "Q": "-inf",
    "R": -5.3471075307174685,
    "S": -3.960813169597578,
    "T": -3.4011973816621555,
    "V": -4.248495242049359,
    "W": -2.9492122579190982,
    "Y": -4.653960350157523
  },
  "-5": {
    "A": -1.157452788691043,
    "C": -2.70805020110221,
    "D": -3.960813169597578,
    "E": -5.3471075307174685,
    "F": "-inf",
    "G": -2.456735772821304,
    "H": -5.3471075307174685,
    "I": -5.3471075307174685,
    "K": -1.49695992900741,
    "L": "-inf",
    "M": "-inf",
    "N": -5.3471075307174685,
    "P": -1.9131203262323224,
    "Q": "-inf",
    "R": "-inf",
    "S": -2.5138941866612527,
    "T": -4.653960350157523,
    "V": -4.248495242049359,
    "W": "-inf",
    "Y": -3.960813169597578
  },
  "-4": {
    "A": -2.211613314788319,
    "C": -3.960813169597578,
    "D": -4.653960350157523,
    "E": -3.1498829533812494,
    "F": -4.248495242049359,
    "G": -3.1498829533812494,
    "H": -3.4011973816621555,
    "I": -4.653960350157523,
    "K": -5.3471075307174685,
    "L": -3.2676659890376327,
    "M": "-inf",
    "N": -4.248495242049359,
    "P": -1.127599825541362,
    "Q": -4.248495242049359,
    "R": -3.960813169597578,
    "S": -3.2676659890376327,
    "T": -1.4350845252893227,
    "V": -3.960813169597578,
    "W": "-inf",
    "Y": -4.653960350157523
  },
  "-3": {
    "A": -5.3471075307174685,
    "C": "-inf",
    "D": -3.7376696182833684,
    "E": "-inf",
    "F": -5.3471075307174685,
    "G": -5.3471075307174685,
    "H": -4.248495242049359,
    "I": -5.3471075307174685,
    "K": -5.3471075307174685,
    "L": -3.5553480614894135,
    "M": -3.7376696182833684,
    "N": "-inf",
    "P": -1.127599825541362,
    "Q": -4.248495242049359,
    "R": -4.653960350157523,
    "S": -4.653960350157523,
    "T": -5.3471075307174685,
    "V": -4.653960350157523,
    "W": -0.6931471805599453,
    "Y": -4.248495242049359
  },
  "-2": {
    "A": -4.248495242049359,
    "C": -5.3471075307174685,
    "D": -4.653960350157523,
    "E": "-inf",
    "F": -5.3471075307174685,
    "G": -2.128231705849268,
    "H": "-inf",
    "I": -4.653960350157523,
    "K": -1.5859074150239063,
    "L": "-inf",
    "M": "-inf",
    "N": -5.3471075307174685,
    "P": -2.089010992695987,
    "Q": "-inf",
    "R": "-inf",
    "S": -1.8207470061013074,
    "T": -1.0844276536761532,
    "V": "-inf",
    "W": "-inf",
    "Y": -5.3471075307174685
  },
  "-1": {
    "A": -0.9044562742271522,
    "C": -3.960813169597578,
    "D": "-inf",
    "E": -2.9492122579190982,
    "F": -5.3471075307174685,
    "G": -3.4011973816621555,
    "H": -4.653960350157523,
    "I": "-inf",
    "K": "-inf",
    "L": -4.248495242049359,
    "M": "-inf",
    "N": -3.5553480614894135,
    "P": -1.3217558399823195,
    "Q": -4.653960350157523,
    "R": "-inf",
    "S": -2.7821581732559317,
    "T": -2.7821581732559317,
    "V": -3.5553480614894135,
    "W": "-inf",
    "Y": -5.3471075307174685
  },
  "0": {
    "A": "-inf",
    "C": "-inf",
    "D": "-inf",
    "E": "-inf",
    "F": "-inf",
    "G": "-inf",
    "H": "-inf",
    "I": "-inf",
    "K": "-inf",
    "L": "-inf",
    "M": "-inf",
    "N": "-inf",
    "P": "-inf",
    "Q": "-inf",
    "R": "-inf",
    "S": "-inf",
    "T": "-inf",
    "V": "-inf",
    "W": 0.0,
    "Y": "-inf"
  },
  "+1": {
    "A": -4.248495242049359,
    "C": "-inf",
    "D": -5.3471075307174685,
    "E": -5.3471075307174685,
    "F": "-inf",
    "G": -2.70805020110221,
    "H": "-inf",
    "I": -3.960813169597578,
    "K": -1.1727202608218315,
    "L": "-inf",
    "M": "-inf",
    "N": -5.3471075307174685,
    "P": "-inf",
    "Q": "-inf",
    "R": -4.248495242049359,
    "S": -1.49695992900741,
    "T": -1.0844276536761532,
    "V": "-inf",
    "W": "-inf",
    "Y": "-inf"
  },
  "+2": {
    "A": -0.4344526449814166,
    "C": -4.248495242049359,
    "D": -3.7376696182833684,
    "E": -2.7821581732559317,
    "F": "-inf",
    "G": -5.3471075307174685,
    "H": -5.3471075307174685,
    "I": "-inf",
    "K": -5.3471075307174685,
    "L": -5.3471075307174685,
    "M": "-inf",
    "N": -5.3471075307174685,
    "P": -2.5745188084776873,
    "Q": -3.960813169597578,
    "R": "-inf",
    "S": -3.044522437723423,
    "T": -3.044522437723423,
    "V": -3.4011973816621555,
    "W": "-inf",
    "Y": -5.3471075307174685
  },
  "+3": {
    "A": -5.3471075307174685,
    "C": -2.211613314788319,
    "D": "-inf",
    "E": "-inf",
    "F": "-inf",
    "G": "-inf",
    "H": -4.248495242049359,
    "I": "-inf",
    "K": "-inf",
    "L": "-inf",
    "M": "-inf",
    "N": "-inf",
    "P": -2.3513752571634776,
    "Q": "-inf",
    "R": "-inf",
    "S": "-inf",
    "T": -1.5184661342283736,
    "V": -5.3471075307174685,
    "W": -0.6021754023542185,
    "Y": "-inf"
  },
  "+4": {
    "A": -4.653960350157523,
    "C": "-inf",
    "D": -3.4011973816621555,
    "E": -5.3471075307174685,
    "F": -4.653960350157523,
    "G": -3.4011973816621555,
    "H": "-inf",
    "I": -4.248495242049359,
    "K": -1.157452788691043,
    "L": -4.653960350157523,
    "M": -4.653960350157523,
    "N": -5.3471075307174685,
    "P": -1.157452788691043,
    "Q": "-inf",
    "R": -3.960813169597578,
    "S": -1.6582280766035324,
    "T": -3.7376696182833684,
    "V": -5.3471075307174685,
    "W": "-inf",
    "Y": "-inf"
  },
  "+5": {
    "A": -1.0296194171811581,
    "C": "-inf",