{
  "-10": {
    "A": 0.08350210313132887,
    "C": 0.012930362984888612,
    "D": 0.055304564573921175,
    "E": 0.07734849665056863,
    "F": 0.03162486368593239,
    "G": 0.0613802773017604,
    "H": 0.02118710079451628,
    "I": 0.05179934569247546,
    "K": 0.08295684686088176,
    "L": 0.08412525315469699,
    "M": 0.021966038323726438,
    "N": 0.03427325128524692,
    "P": 0.04735940177597757,
    "Q": 0.041050007789375294,
    "R": 0.05834242093784078,
    "S": 0.05444773329179,
    "T": 0.050864620657423275,
    "V": 0.07026016513475619,
    "W": 0.008801994080074777,
    "Y": 0.024926000934725034
  },
  "-9": {
    "A": 0.08326842187256582,
    "C": 0.01441034429038791,
    "D": 0.05055304564573921,
    "E": 0.06519707119489017,
    "F": 0.036064807602430284,
    "G": 0.06278236485433868,
    "H": 0.021498675806200344,
    "I": 0.050319364386976165,
    "K": 0.08731889702445864,
    "L": 0.0876304720361427,
    "M": 0.023679700887988785,
    "N": 0.03699953263748247,
    "P": 0.041205795295217326,
    "Q": 0.03918055771927091,
    "R": 0.05670665212649945,
    "S": 0.05982240224334008,
    "T": 0.05078672690450226,
    "V": 0.07470010905125408,
    "W": 0.008334631562548683,
    "Y": 0.027107026016513474
  },
  "-8": {
    "A": 0.08202212182582957,
    "C": 0.01316404424365166,
    "D": 0.047047826764293504,
    "E": 0.0697928026172301,
    "F": 0.031313288674248325,
    "G": 0.06480760243028509,
    "H": 0.020330269512385108,
    "I": 0.05164355818663343,
    "K": 0.0954977410811653,
    "L": 0.08622838448356442,
    "M": 0.02593861972269824,
    "N": 0.03481850755569403,
    "P": 0.0450225891883471,
    "Q": 0.04510048294126811,
    "R": 0.062392896089733606,
    "S": 0.05553824583268422,
    "T": 0.05008568312821312,
    "V": 0.06924754634678298,
    "W": 0.0069325440099704,
    "Y": 0.023991275899672846
  },
  "-7": {
    "A": 0.07633587786259542,
    "C": 0.011372487926468297,
    "D": 0.05164355818663343,
    "E": 0.07828322168562081,
    "F": 0.03544165757906216,
    "G": 0.06223710858389157,
    "H": 0.02040816326530612,
    "I": 0.048683595575634835,
    "K": 0.0985355974450849,
    "L": 0.07633587786259542,
    "M": 0.022043932076647454,
    "N": 0.039492132730954976,
    "P": 0.04167315781274342,
    "Q": 0.04439943916497897,
    "R": 0.06839071506465182,
    "S": 0.05779716466739367,
    "T": 0.04876148932855585,
    "V": 0.06659915874746845,
    "W": 0.008256737809627667,
    "Y": 0.026405982240224335
  },
  "-6": {
    "A": 0.08389157189593395,
    "C": 0.01152827543231033,
    "D": 0.05242249571584359,
    "E": 0.06963701511138806,
    "F": 0.036064807602430284,
    "G": 0.061224489795918366,
    "H": 0.017292413148465493,
    "I": 0.05623928960897336,
    "K": 0.08544944695435426,
    "L": 0.09837980993924288,
    "M": 0.022199719582489483,
    "N": 0.03481850755569403,
    "P": 0.04019317650724412,
    "Q": 0.03871319520174482,
    "R": 0.0634055148777068,
    "S": 0.05600560835021031,
    "T": 0.05024147063405515,
    "V": 0.07470010905125408,
    "W": 0.007945162797943606,
    "Y": 0.02578283221685621
  },
  "-5": {
    "A": 0.0836578906371709,
    "C": 0.014566131796229943,
    "D": 0.04580152671755725,
    "E": 0.0687801838292569,
    "F": 0.03419535753232591,
    "G": 0.058576102196603835,
    "H": 0.01659136937217635,
    "I": 0.05382458326842187,
    "K": 0.0970556161395856,
    "L": 0.10320922262034585,
    "M": 0.02500389468764605,
    "N": 0.03474061380277302,
    "P": 0.040972114036454274,
    "Q": 0.040504751518928184,
    "R": 0.05655086462065742,
    "S": 0.059588720984577036,
    "T": 0.047515189281819595,
    "V": 0.0757906215921483,
    "W": 0.009191462844679857,
    "Y": 0.024302850911356907
  },
  "-4": {
    "A": 0.08342420937840785,
    "C": 0.01627979436049229,
    "D": 0.049774108116529055,
    "E": 0.08280105935503973,
    "F": 0.03014488238043309,
    "G": 0.06846860881757283,
    "H": 0.020563950771148153,
    "I": 0.04844991431687179,
    "K": 0.08786415329490575,
    "L": 0.08350210313132887,
    "M": 0.021420782053279328,
    "N": 0.03435114503816794,
    "P": 0.045957314223399284,
    "Q": 0.04447733291789999,
    "R": 0.05725190839694656,
    "S": 0.0663654774887054,
    "T": 0.05187723944539648,
    "V": 0.0683128213117308,
    "W": 0.007399906527496495,
    "Y": 0.024380744664277924
  },
  "-3": {
    "A": 0.08599470322480138,
    "C": 0.01479981305499299,
    "D": 0.04782676429350366,
    "E": 0.07703692163888456,
    "F": 0.03396167627356286,
    "G": 0.06457392117152204,
    "H": 0.020018694500701043,
    "I": 0.0450225891883471,
    "K": 0.0910577971646674,
    "L": 0.09331671599937685,
    "M": 0.02040816326530612,
    "N": 0.044866801682505064,
    "P": 0.04767097678766163,
    "Q": 0.04767097678766163,
    "R": 0.05374668951550086,
    "S": 0.06324972737186478,
    "T": 0.04821623305810874,
    "V": 0.06620968998286338,
    "W": 0.006153606480760243,
    "Y": 0.02360180713506777
  },
  "-2": {
    "A": 0.08794204704782677,
    "C": 0.01331983174949369,
    "D": 0.04930674559900296,
    "E": 0.061068702290076333,
    "F": 0.041751051565664436,
    "G": 0.06574232746533729,
    "H": 0.01752609440722854,
    "I": 0.06418445240691696,
    "K": 0.07625798410967441,
    "L": 0.10725969777223866,
    "M": 0.024926000934725034,
    "N": 0.04190683907150646,
    "P": 0.04245209534195358,
    "Q": 0.04330892662408475,
    "R": 0.04237420158903256,
    "S": 0.05616139585605234,
    "T": 0.053045645739211715,
    "V": 0.0732980214986758,
    "W": 0.007789375292101573,
    "Y": 0.028898582333696837
  },
  "-1": {
    "A": 0.08591680947188035,
    "C": 0.01059355039725814,
    "D": 0.04658046424676741,
    "E": 0.07516747156878019,
    "F": 0.030534351145038167,
    "G": 0.0910577971646674,
    "H": 0.0138650880199408,
    "I": 0.05133198317494937,
    "K": 0.07384327776912292,
    "L": 0.10710391026639664,
    "M": 0.021888144570805422,
    "N": 0.04081632653061224,
    "P": 0.037934257672534666,
    "Q": 0.04611310172924132,
    "R": 0.05063093939866023,
    "S": 0.06644337124162643,
    "T": 0.045879420470478265,
    "V": 0.06893597133509892,
    "W": 0.007166225268733448,
    "Y": 0.028197538557407698
  },
  "0": {
    "A": 0.0,
    "C": 0.0,
    "D": 0.0,
    "E": 0.0,
    "F": 0.0,
    "G": 0.0,
    "H": 0.0,
    "I": 0.0,
    "K": 1.0,
    "L": 0.0,
    "M": 0.0,
    "N": 0.0,
    "P": 0.0,
    "Q": 0.0,
    "R": 0.0,
    "S": 0.0,
    "T": 0.0,
    "V": 0.0,
    "W": 0.0,
    "Y": 0.0
  },
  "+1": {
    "A": 0.09230409721140365,
    "C": 0.01168406293815236,
    "D": 0.05771927091447266,
    "E": 0.07602430285091136,
    "F": 0.03154696993301137,
    "G": 0.08357999688424989,
    "H": 0.021654463312042373,
    "I": 0.055849820844368285,
    "K": 0.05538245832684219,
    "L": 0.09596510359869138,
    "M": 0.019785013241937998,
    "N": 0.045879420470478265,
    "P": 0.04681414550553046,
    "Q": 0.04992989562237109,
    "R": 0.037155320143324504,
    "S": 0.05709612089110453,
    "T": 0.05343511450381679,
    "V": 0.06768967128836267,
    "W": 0.00747780028041751,
    "Y": 0.032949057485589656
  },
  "+2": {
    "A": 0.08077582177909332,
    "C": 0.017292413148465493,
    "D": 0.046502570493846394,
    "E": 0.055304564573921175,
    "F": 0.040115282754323106,
    "G": 0.0718180401931765,
    "H": 0.01955133198317495,
    "I": 0.0683128213117308,
    "K": 0.0559277145972893,
    "L": 0.11575011684062939,
    "M": 0.020174482006543076,
    "N": 0.03855740769590279,
    "P": 0.05514877706807914,
    "Q": 0.04658046424676741,
    "R": 0.04136158280105935,
    "S": 0.05880978345536688,
    "T": 0.05179934569247546,
    "V": 0.07454432154541206,
    "W": 0.008724100327153763,
    "Y": 0.03139118242716934
  },
  "+3": {
    "A": 0.08062003427325129,
    "C": 0.015578750584203147,
    "D": 0.051409876927870385,
    "E": 0.07703692163888456,
    "F": 0.03489640130861505,
    "G": 0.07368749026328089,
    "H": 0.0168250506309394,
    "I": 0.048138339305187725,
    "K": 0.079217946720673,