{
  "-10": {
    "A": -4.121015400961366,
    "C": "-inf",
    "D": -3.8579809951275723,
    "E": -2.8579809951275723,
    "F": -4.857980995127572,
    "G": -3.273018494406416,
    "H": -4.857980995127572,
    "I": -5.442943495848728,
    "K": -2.983511877211431,
    "L": -4.121015400961366,
    "M": -6.442943495848728,
    "N": -6.442943495848728,
    "P": -4.121015400961366,
    "Q": -6.442943495848728,
    "R": -3.8579809951275723,
    "S": -3.635588573791124,
    "T": -4.442943495848728,
    "V": -4.857980995127572,
    "W": "-inf",
    "Y": -4.857980995127572
  },
  "-9": {
    "A": -2.983511877211431,
    "C": "-inf",
    "D": -3.4429434958487284,
    "E": -3.1210154009613658,
    "F": "-inf",
    "G": -2.5360529002402097,
    "H": -6.442943495848728,
    "I": -5.442943495848728,
    "K": -3.635588573791124,
    "L": -4.121015400961366,
    "M": "-inf",
    "N": -3.4429434958487284,
    "P": -4.857980995127572,
    "Q": -5.442943495848728,
    "R": -6.442943495848728,
    "S": -3.273018494406416,
    "T": -5.442943495848728,
    "V": -6.442943495848728,
    "W": "-inf",
    "Y": -5.442943495848728
  },
  "-8": {
    "A": -3.4429434958487284,
    "C": "-inf",
    "D": -3.8579809951275723,
    "E": -4.442943495848728,
    "F": -6.442943495848728,
    "G": -4.857980995127572,
    "H": -6.442943495848728,
    "I": -5.442943495848728,
    "K": -2.983511877211431,
    "L": -4.121015400961366,
    "M": -6.442943495848728,
    "N": -4.121015400961366,
    "P": -2.742503777707636,
    "Q": -4.857980995127572,
    "R": -3.635588573791124,
    "S": -3.8579809951275723,
    "T": -4.442943495848728,
    "V": -4.857980995127572,
    "W": "-inf",
    "Y": -4.442943495848728
  },
  "-7": {
    "A": -4.857980995127572,
    "C": "-inf",
    "D": -4.442943495848728,
    "E": -4.442943495848728,
    "F": -4.442943495848728,
    "G": -3.4429434958487284,
    "H": -4.442943495848728,
    "I": "-inf",
    "K": -2.355480654598389,
    "L": -5.442943495848728,
    "M": -6.442943495848728,
    "N": -5.442943495848728,
    "P": -2.742503777707636,
    "Q": -3.8579809951275723,
    "R": -4.121015400961366,
    "S": -2.983511877211431,
    "T": -4.857980995127572,
    "V": "-inf",
    "W": "-inf",
    "Y": "-inf"
  },
  "-6": {
    "A": -3.635588573791124,
    "C": -6.442943495848728,
    "D": -3.8579809951275723,
    "E": -4.857980995127572,
    "F": -4.857980995127572,
    "G": -2.635588573791124,
    "H": -6.442943495848728,
    "I": -6.442943495848728,
    "K": -3.273018494406416,
    "L": -6.442943495848728,
    "M": -6.442943495848728,
    "N": -4.121015400961366,
    "P": -3.273018494406416,
    "Q": -4.857980995127572,
    "R": -3.635588573791124,
    "S": -3.1210154009613658,
    "T": -6.442943495848728,
    "V": -5.442943495848728,
    "W": -6.442943495848728,
    "Y": -5.442943495848728
  },
  "-5": {
    "A": -3.8579809951275723,
    "C": -4.857980995127572,
    "D": -3.8579809951275723,
    "E": -3.273018494406416,
    "F": -4.857980995127572,
    "G": -2.983511877211431,
    "H": -4.857980995127572,
    "I": "-inf",
    "K": -2.983511877211431,
    "L": -4.442943495848728,
    "M": -6.442943495848728,
    "N": -4.857980995127572,
    "P": -4.442943495848728,
    "Q": -3.8579809951275723,
    "R": -3.8579809951275723,
    "S": -3.273018494406416,
    "T": "-inf",
    "V": -6.442943495848728,
    "W": "-inf",
    "Y": -6.442943495848728
  },
  "-4": {
    "A": -3.8579809951275723,
    "C": -4.442943495848728,
    "D": -6.442943495848728,
    "E": -3.8579809951275723,
    "F": "-inf",
    "G": -4.121015400961366,
    "H": -3.8579809951275723,
    "I": "-inf",
    "K": -2.8579809951275723,
    "L": -4.857980995127572,
    "M": -4.857980995127572,
    "N": -3.635588573791124,
    "P": -4.857980995127572,
    "Q": -4.442943495848728,
    "R": -3.8579809951275723,
    "S": -2.983511877211431,
    "T": -4.857980995127572,
    "V": -4.442943495848728,
    "W": -4.857980995127572,
    "Y": "-inf"
  },
  "-3": {
    "A": -4.857980995127572,
    "C": -4.121015400961366,
    "D": -4.442943495848728,
    "E": -4.857980995127572,
    "F": -6.442943495848728,
    "G": -2.742503777707636,
    "H": -5.442943495848728,
    "I": -4.857980995127572,
    "K": -3.635588573791124,
    "L": -5.442943495848728,
    "M": -5.442943495848728,
    "N": -3.8579809951275723,
    "P": -2.983511877211431,
    "Q": -6.442943495848728,
    "R": -3.635588573791124,
    "S": -2.742503777707636,
    "T": -6.442943495848728,
    "V": -4.857980995127572,
    "W": "-inf",
    "Y": "-inf"
  },
  "-2": {
    "A": -3.635588573791124,
    "C": -3.635588573791124,
    "D": -4.857980995127572,
    "E": -4.121015400961366,
    "F": -5.442943495848728,
    "G": -2.8579809951275723,
    "H": "-inf",
    "I": -6.442943495848728,
    "K": -3.273018494406416,
    "L": -6.442943495848728,
    "M": "-inf",
    "N": -4.442943495848728,
    "P": -3.8579809951275723,
    "Q": -3.635588573791124,
    "R": -4.857980995127572,
    "S": -3.273018494406416,
    "T": -5.442943495848728,
    "V": -3.8579809951275723,
    "W": "-inf",
    "Y": -4.857980995127572
  },
  "-1": {
    "A": -3.273018494406416,
    "C": -3.4429434958487284,
    "D": -6.442943495848728,
    "E": -4.442943495848728,
    "F": "-inf",
    "G": -3.4429434958487284,
    "H": -4.857980995127572,
    "I": -4.442943495848728,
    "K": -2.983511877211431,
    "L": -4.857980995127572,
    "M": -3.8579809951275723,
    "N": -3.4429434958487284,
    "P": -6.442943495848728,
    "Q": -3.8579809951275723,
    "R": -4.442943495848728,
    "S": -3.4429434958487284,
    "T": "-inf",
    "V": -5.442943495848728,
    "W": "-inf",
    "Y": -6.442943495848728
  },
  "0": {
    "A": "-inf",
    "C": 0.0,
    "D": "-inf",
    "E": "-inf",
    "F": "-inf",
    "G": "-inf",
    "H": "-inf",
    "I": "-inf",
    "K": "-inf",
    "L": "-inf",
    "M": "-inf",
    "N": "-inf",
    "P": "-inf",
    "Q": "-inf",
    "R": "-inf",
    "S": "-inf",
    "T": "-inf",
    "V": "-inf",
    "W": "-inf",
    "Y": "-inf"
  },
  "+1": {
    "A": -3.273018494406416,
    "C": -4.121015400961366,
    "D": "-inf",
    "E": "-inf",
    "F": "-inf",
    "G": "-inf",
    "H": -5.442943495848728,
    "I": -4.121015400961366,
    "K": -3.273018494406416,
    "L": -3.8579809951275723,
    "M": "-inf",
    "N": -5.442943495848728,
    "P": "-inf",
    "Q": -5.442943495848728,
    "R": -6.442943495848728,
    "S": -2.983511877211431,
    "T": -3.4429434958487284,
    "V": -1.857980995127572,
    "W": "-inf",
    "Y": -6.442943495848728
  },
  "+2": {
    "A": -6.442943495848728,
    "C": "-inf",
    "D": "-inf",
    "E": "-inf",
    "F": "-inf",
    "G": "-inf",
    "H": -6.442943495848728,
    "I": -1.15754127698648,
    "K": "-inf",
    "L": -2.635588573791124,
    "M": -6.442943495848728,
    "N": "-inf",
    "P": -6.442943495848728,
    "Q": -3.635588573791124,
    "R": "-inf",
    "S": -6.442943495848728,
    "T": -5.442943495848728,
    "V": -2.273018494406416,
    "W": "-inf",
    "Y": "-inf"
  },
  "+3": {
    "A": -3.4429434958487284,
    "C": -4.857980995127572,
    "D": "-inf",
    "E": "-inf",
    "F": -6.442943495848728,
    "G": "-inf",
    "H": "-inf",
    "I": -5.442943495848728,
    "K": "-inf",
    "L": -3.8579809951275723,
    "M": -1.742503777707636,
    "N": "-inf",
    "P": "-inf",
    "Q": -1.9835118772114309,
    "R": "-inf",
    "S": -2.355480654598389,
    "T": "-inf",
    "V": "-inf",
    "W": "-inf",
    "Y": "-inf"
  },
  "+4": {
    "A": "-inf",
    "C": "-inf",
    "D": "-inf",
    "E": "-inf",
    "F": "-inf",
    "G": "-inf",
    "H": "-inf",
    "I": "-inf",
    "K": "-inf",
    "L": "-inf",
    "M": "-inf",
    "N": "-inf",
    "P": "-inf",
    "Q": "-inf",
    "R": "-inf",
    "S": "-inf",
    "T": "-inf",
    "V": "-inf",
    "W": "-inf",
    "Y": "-inf"
  },
  "+5": {
    "A": "-inf",
    "C": "-inf",
    "D": "-inf",
    "E": "-inf",
    "F": "-inf",
    "G": "-inf",
    "H": "-inf",
    "I": "-inf",
    "K": "-inf",
    "L": "-inf",
    "M": "-inf",