{
  "-10": {
    "A": -2.62880082944807,
    "C": -4.574710978503383,
    "D": -2.9652730660692823,
    "E": -2.62880082944807,
    "F": -3.188416617383492,
    "G": -2.3774864011671633,
    "H": -3.4760986898352733,
    "I": -3.8815637979434374,
    "K": -2.176815705705012,
    "L": -2.62880082944807,
    "M": -3.188416617383492,
    "N": -3.188416617383492,
    "P": -2.3774864011671633,
    "Q": -3.4760986898352733,
    "R": -3.188416617383492,
    "S": "-inf",
    "T": -2.9652730660692823,
    "V": -2.9652730660692823,
    "W": "-inf",
    "Y": -3.8815637979434374
  },
  "-9": {
    "A": -3.188416617383492,
    "C": -3.8815637979434374,
    "D": -2.62880082944807,
    "E": -3.188416617383492,
    "F": -3.4760986898352733,
    "G": -2.9652730660692823,
    "H": -2.9652730660692823,
    "I": -4.574710978503383,
    "K": -2.495269436823547,
    "L": -2.176815705705012,
    "M": -3.8815637979434374,
    "N": -3.8815637979434374,
    "P": -2.62880082944807,
    "Q": -2.9652730660692823,
    "R": -3.8815637979434374,
    "S": -2.3774864011671633,
    "T": -3.4760986898352733,
    "V": -2.62880082944807,
    "W": -3.8815637979434374,
    "Y": -3.4760986898352733
  },
  "-8": {
    "A": -2.62880082944807,
    "C": -4.574710978503383,
    "D": -3.8815637979434374,
    "E": -3.188416617383492,
    "F": -3.4760986898352733,
    "G": -2.9652730660692823,
    "H": "-inf",
    "I": -3.4760986898352733,
    "K": -2.495269436823547,
    "L": -2.0898043287153825,
    "M": -3.188416617383492,
    "N": -3.4760986898352733,
    "P": -2.9652730660692823,
    "Q": -3.188416617383492,
    "R": -3.188416617383492,
    "S": -2.2721258855093374,
    "T": -2.9652730660692823,
    "V": -2.2721258855093374,
    "W": "-inf",
    "Y": -3.4760986898352733
  },
  "-7": {
    "A": -2.0898043287153825,
    "C": -3.8815637979434374,
    "D": -2.9652730660692823,
    "E": -3.4760986898352733,
    "F": -3.4760986898352733,
    "G": -2.782951509275328,
    "H": -2.62880082944807,
    "I": "-inf",
    "K": -2.176815705705012,
    "L": -2.495269436823547,
    "M": -3.188416617383492,
    "N": -2.495269436823547,
    "P": -3.8815637979434374,
    "Q": -3.188416617383492,
    "R": -3.188416617383492,
    "S": -3.188416617383492,
    "T": -3.188416617383492,
    "V": -2.62880082944807,
    "W": "-inf",
    "Y": "-inf"
  },
  "-6": {
    "A": -2.62880082944807,
    "C": -3.8815637979434374,
    "D": -4.574710978503383,
    "E": -2.2721258855093374,
    "F": -3.4760986898352733,
    "G": -3.8815637979434374,
    "H": -3.4760986898352733,
    "I": -3.188416617383492,
    "K": -2.3774864011671633,
    "L": -1.9356536488881242,
    "M": "-inf",
    "N": -3.188416617383492,
    "P": -3.188416617383492,
    "Q": "-inf",
    "R": -3.4760986898352733,
    "S": -2.3774864011671633,
    "T": -3.8815637979434374,
    "V": -1.8666607774011728,
    "W": "-inf",
    "Y": -3.8815637979434374
  },
  "-5": {
    "A": -2.9652730660692823,
    "C": "-inf",
    "D": -2.782951509275328,
    "E": -1.8021222562636017,
    "F": -2.782951509275328,
    "G": -3.4760986898352733,
    "H": -3.8815637979434374,
    "I": -3.8815637979434374,
    "K": -2.62880082944807,
    "L": -2.62880082944807,
    "M": -4.574710978503383,
    "N": -3.188416617383492,
    "P": -3.188416617383492,
    "Q": -2.62880082944807,
    "R": -3.8815637979434374,
    "S": -2.495269436823547,
    "T": -2.782951509275328,
    "V": -2.9652730660692823,
    "W": -4.574710978503383,
    "Y": -3.8815637979434374
  },
  "-4": {
    "A": -2.2721258855093374,
    "C": -4.574710978503383,
    "D": -3.8815637979434374,
    "E": -2.62880082944807,
    "F": -2.62880082944807,
    "G": -2.9652730660692823,
    "H": -2.9652730660692823,
    "I": -4.574710978503383,
    "K": -2.782951509275328,
    "L": -2.495269436823547,
    "M": -3.8815637979434374,
    "N": -3.4760986898352733,
    "P": -3.188416617383492,
    "Q": -3.4760986898352733,
    "R": -2.495269436823547,
    "S": -2.3774864011671633,
    "T": -2.62880082944807,
    "V": -2.9652730660692823,
    "W": "-inf",
    "Y": -3.8815637979434374
  },
  "-3": {
    "A": -2.62880082944807,
    "C": -4.574710978503383,
    "D": -2.9652730660692823,
    "E": -2.176815705705012,
    "F": -3.8815637979434374,
    "G": -2.495269436823547,
    "H": -3.188416617383492,
    "I": -3.4760986898352733,
    "K": -2.9652730660692823,
    "L": -2.3774864011671633,
    "M": -4.574710978503383,
    "N": -3.4760986898352733,
    "P": -2.495269436823547,
    "Q": -3.188416617383492,
    "R": -2.9652730660692823,
    "S": -2.495269436823547,
    "T": -3.4760986898352733,
    "V": -2.9652730660692823,
    "W": -4.574710978503383,
    "Y": -3.8815637979434374
  },
  "-2": {
    "A": -2.62880082944807,
    "C": -3.188416617383492,
    "D": -3.188416617383492,
    "E": -2.176815705705012,
    "F": -2.782951509275328,
    "G": -2.9652730660692823,
    "H": -4.574710978503383,
    "I": -3.188416617383492,
    "K": -2.62880082944807,
    "L": -2.495269436823547,
    "M": -3.4760986898352733,
    "N": -3.188416617383492,
    "P": -2.9652730660692823,
    "Q": -3.188416617383492,
    "R": -2.62880082944807,
    "S": -4.574710978503383,
    "T": -3.188416617383492,
    "V": -2.782951509275328,
    "W": -3.188416617383492,
    "Y": -3.8815637979434374
  },
  "-1": {
    "A": -2.495269436823547,
    "C": -3.188416617383492,
    "D": -4.574710978503383,
    "E": -2.3774864011671633,
    "F": -2.9652730660692823,
    "G": -1.9356536488881242,
    "H": -3.4760986898352733,
    "I": -4.574710978503383,
    "K": -2.2721258855093374,
    "L": -2.62880082944807,
    "M": "-inf",
    "N": -3.188416617383492,
    "P": -3.4760986898352733,
    "Q": -4.574710978503383,
    "R": -4.574710978503383,
    "S": -2.3774864011671633,
    "T": -2.9652730660692823,
    "V": -2.9652730660692823,
    "W": -3.8815637979434374,
    "Y": -2.9652730660692823
  },
  "0": {
    "A": "-inf",
    "C": "-inf",
    "D": "-inf",
    "E": "-inf",
    "F": "-inf",
    "G": "-inf",
    "H": "-inf",
    "I": "-inf",
    "K": 0.0,
    "L": "-inf",
    "M": "-inf",
    "N": "-inf",
    "P": "-inf",
    "Q": "-inf",
    "R": "-inf",
    "S": "-inf",
    "T": "-inf",
    "V": "-inf",
    "W": "-inf",
    "Y": "-inf"
  },
  "+1": {
    "A": -2.62880082944807,
    "C": -3.4760986898352733,
    "D": -2.2721258855093374,
    "E": -2.782951509275328,
    "F": -3.8815637979434374,
    "G": -2.62880082944807,
    "H": -2.9652730660692823,
    "I": -2.62880082944807,
    "K": -2.782951509275328,
    "L": -2.9652730660692823,
    "M": -4.574710978503383,
    "N": -3.8815637979434374,
    "P": -2.782951509275328,
    "Q": -3.4760986898352733,
    "R": -3.4760986898352733,
    "S": -2.9652730660692823,
    "T": -2.9652730660692823,
    "V": -2.2721258855093374,
    "W": -4.574710978503383,
    "Y": -3.4760986898352733
  },
  "+2": {
    "A": -2.62880082944807,
    "C": -3.8815637979434374,
    "D": -2.9652730660692823,
    "E": -2.2721258855093374,
    "F": -3.188416617383492,
    "G": -2.782951509275328,
    "H": -3.8815637979434374,
    "I": -3.4760986898352733,
    "K": -3.188416617383492,
    "L": -1.9356536488881242,
    "M": -3.8815637979434374,
    "N": -2.9652730660692823,
    "P": -3.4760986898352733,
    "Q": -3.4760986898352733,
    "R": -3.188416617383492,
    "S": -3.8815637979434374,
    "T": -2.62880082944807,
    "V": -2.3774864011671633,
    "W": -4.574710978503383,
    "Y": -3.188416617383492
  },
  "+3": {
    "A": -2.62880082944807,
    "C": -3.4760986898352733,
    "D": -3.4760986898352733,
    "E": -2.62880082944807,
    "F": -2.62880082944807,
    "G": -3.188416617383492,
    "H": -3.4760986898352733,
    "I": -4.574710978503383,
    "K": -3.8815637979434374,
    "L": -2.62880082944807,
    "M": -3.4760986898352733,
    "N": -3.4760986898352733,
    "P": -2.495269436823547,
    "Q": -4.574710978503383,
    "R": -2.9652730660692823,
    "S": -2.2721258855093374,
    "T": -2.9652730660692823,
    "V": -2.009761621041846,
    "W": -4.574710978503383,