{
  "-10": {
    "A": -3.8866922917690996,
    "C": -5.795396457749549,
    "D": -4.280142928839798,
    "E": -3.5431773346735915,
    "F": -5.201388817425386,
    "G": -4.139612619838696,
    "H": -5.523316912312748,
    "I": -4.622450104332,
    "K": -3.4843979230204463,
    "L": -3.6841131242158043,
    "M": -5.592579574749862,
    "N": -4.569120601925873,
    "P": -3.90860706819754,
    "Q": -4.4954109157428634,
    "R": -4.261222066942569,
    "S": -3.4599218310242392,
    "T": -4.256530371617847,
    "V": -4.251853884408374,
    "W": -7.6653359171851765,
    "Y": -5.9534613039818005
  },
  "-9": {
    "A": -4.039501135048492,
    "C": -6.256530371617847,
    "D": -4.304148391850587,
    "E": -3.5633149802446673,
    "F": -5.247192507038511,
    "G": -4.10546439742685,
    "H": -5.353391910870436,
    "I": -4.865105429560954,
    "K": -3.417408403741591,
    "L": -3.758445321576658,
    "M": -5.690426898148006,
    "N": -4.775124062723288,
    "P": -3.9997549562557357,
    "Q": -4.378658669480866,
    "R": -4.059792539041568,
    "S": -3.40697295107528,
    "T": -4.092864360647217,
    "V": -4.192400034198132,
    "W": -7.275389398869163,
    "Y": -5.628499149004805
  },
  "-8": {
    "A": -3.829829954813423,
    "C": -5.984158101204717,
    "D": -4.425284829352222,
    "E": -3.5403233376184384,
    "F": -4.930859875044668,
    "G": -4.152629505505531,
    "H": -5.039501135048492,
    "I": -4.6653359171851765,
    "K": -3.394033895367782,
    "L": -3.6406738629509072,
    "M": -5.6653359171851765,
    "N": -4.748529852711575,
    "P": -3.976422452425112,
    "Q": -4.451854549756124,
    "R": -4.348391229812069,
    "S": -3.5065086246261945,
    "T": -4.256530371617847,
    "V": -4.343407822297814,
    "W": -7.313863546683798,
    "Y": -5.7551325875358215
  },
  "-7": {
    "A": -4.059792539041568,
    "C": -6.0970521576106504,
    "D": -4.328560057890501,
    "E": -3.4385085245083866,
    "F": -5.2379146934505,
    "G": -4.10546439742685,
    "H": -5.174588758081671,
    "I": -4.761765679868269,
    "K": -3.4017833949727168,
    "L": -3.6809665688989406,
    "M": -5.865105429560954,
    "N": -4.722417012392444,
    "P": -3.8438368128073024,
    "Q": -4.196887425190445,
    "R": -4.2993152381146436,
    "S": -3.492649776065807,
    "T": -4.304148391850587,
    "V": -4.280142928839798,
    "W": -7.478922792954295,
    "Y": -5.628499149004805
  },
  "-6": {
    "A": -3.964896199044084,
    "C": -6.219536164135645,
    "D": -4.289697235553047,
    "E": -3.583737697998055,
    "F": -5.122437476030564,
    "G": -3.991935451796436,
    "H": -5.6653359171851765,
    "I": -4.5808024069735085,
    "K": -3.625471456307237,
    "L": -3.569120601925873,
    "M": -5.478922792954295,
    "N": -4.586678973310177,
    "P": -3.90860706819754,
    "Q": -4.368498803260644,
    "R": -4.161373138577507,
    "S": -3.4385085245083866,
    "T": -4.265929069620096,
    "V": -4.265929069620096,
    "W": -7.435854071062409,
    "Y": -5.592579574749862
  },
  "-5": {
    "A": -3.9610744880916755,
    "C": -6.183466909428124,
    "D": -4.2379146934505,
    "E": -3.4871432997592633,
    "F": -5.055711362229751,
    "G": -4.092864360647217,
    "H": -5.523316912312748,
    "I": -4.489893910775298,
    "K": -3.5176923631188703,
    "L": -3.671567870896691,
    "M": -5.534632225540582,
    "N": -4.809071394646626,
    "P": -3.8056404892463522,
    "Q": -4.462620980625195,
    "R": -4.318745768063545,
    "S": -3.5233169123127484,
    "T": -4.109688983288576,
    "V": -4.23329806538013,
    "W": -7.031463815983074,
    "Y": -5.534632225540582
  },
  "-4": {
    "A": -4.007617074028706,
    "C": -7.0970521576106504,
    "D": -4.5065086246261945,
    "E": -3.3710320700061662,
    "F": -5.088688684676024,
    "G": -3.988041535691945,
    "H": -5.247192507038511,
    "I": -4.404375839589241,
    "K": -3.619435066576568,
    "L": -3.468034476811559,
    "M": -5.546036988812832,
    "N": -4.610427576082786,
    "P": -3.7684294101492797,
    "Q": -4.451854549756124,
    "R": -4.622450104332,
    "S": -3.5176923631188703,
    "T": -4.183466909428124,
    "V": -4.12671213113089,
    "W": -7.165764907694665,
    "Y": -5.741957198788088
  },
  "-3": {
    "A": -3.9383544115915923,
    "C": -6.690426898148006,
    "D": -4.348391229812069,
    "E": -3.473468362862187,
    "F": -4.879460722538024,
    "G": -4.251853884408374,
    "H": -5.9534613039818005,
    "I": -4.523316912312748,
    "K": -3.6044536750381537,
    "L": -3.6014759752382584,
    "M": -5.313863546683798,
    "N": -4.610427576082786,
    "P": -3.758445321576658,
    "Q": -4.353391910870436,
    "R": -4.546036988812832,
    "S": -3.5205018967056945,
    "T": -3.9458880842769997,
    "V": -3.9308598750446677,
    "W": -7.313863546683798,
    "Y": -5.865105429560954
  },
  "-2": {
    "A": -4.201388817425386,
    "C": -6.275389398869163,
    "D": -3.5346322255405824,
    "E": -3.0475834813463507,
    "F": -4.9234040701256205,
    "G": -4.130999489533988,
    "H": -5.569120601925873,
    "I": -4.414792455534579,
    "K": -3.712745277571601,
    "L": -3.75182744281215,
    "M": -5.850891570341253,
    "N": -4.628499149004805,
    "P": -4.109688983288576,
    "Q": -4.500949099284294,
    "R": -4.78860729208691,
    "S": -3.6224501043319997,
    "T": -4.289697235553047,
    "V": -3.923404070125621,
    "W": -7.822877194171656,
    "Y": -5.83681638512953
  },
  "-1": {
    "A": -4.170170086814665,
    "C": -6.414792455534579,
    "D": -5.294498221816867,
    "E": -3.984158101204717,
    "F": -4.761765679868269,
    "G": -4.328560057890501,
    "H": -6.256530371617847,
    "I": -3.2495213130984837,
    "K": -4.261222066942569,
    "L": -3.217255222884407,
    "M": -5.28491217298767,
    "N": -5.0970521576106504,
    "P": -4.143938545241486,
    "Q": -4.473468362862187,
    "R": -4.684113124215805,
    "S": -3.778483074813203,
    "T": -4.08037341646402,
    "V": -2.9383544115915923,
    "W": -8.130999489533988,
    "Y": -5.781849925911602
  },
  "0": {
    "A": "-inf",
    "C": "-inf",
    "D": "-inf",
    "E": "-inf",
    "F": "-inf",
    "G": "-inf",
    "H": "-inf",
    "I": "-inf",
    "K": 0.0,
    "L": "-inf",
    "M": "-inf",
    "N": "-inf",
    "P": "-inf",
    "Q": "-inf",
    "R": "-inf",
    "S": "-inf",
    "T": "-inf",
    "V": "-inf",
    "W": "-inf",
    "Y": "-inf"
  },
  "+1": {
    "A": -3.812510478613397,
    "C": -6.850891570341253,
    "D": -4.709535721095711,
    "E": -3.2753893988691627,
    "F": -5.28491217298767,
    "G": -4.425284829352222,
    "H": -5.373569792808066,
    "I": -4.404375839589241,
    "K": -4.076233686103096,
    "L": -3.625471456307237,
    "M": -5.256530371617847,
    "N": -4.90860706819754,
    "P": -3.531795066237053,
    "Q": -3.9012650928563724,
    "R": -4.4680344768115585,
    "S": -3.6406738629509072,
    "T": -4.007617074028706,
    "V": -3.9346022767304847,
    "W": -7.822877194171656,
    "Y": -5.343407822297814
  },
  "+2": {
    "A": -4.3384415694044645,
    "C": -6.795396457749549,
    "D": -3.976422452425112,
    "E": -1.6575836414609897,
    "F": -4.90860706819754,
    "G": -4.540323337618438,
    "H": -5.640673862950907,
    "I": -4.968728060635111,
    "K": -4.40957474626356,
    "L": -3.9572628741416565,
    "M": -6.183466909428124,
    "N": -5.047583481346351,
    "P": -4.414792455534579,
    "Q": -4.500949099284294,
    "R": -5.394033895367782,
    "S": -4.015522272114052,
    "T": -4.795396457749549,
    "V": -4.586678973310177,
    "W": -7.715961990255145,
    "Y": -5.809071394646626
  },
  "+3": {
    "A": -3.9012650928563724,
    "C": -6.6653359171851765,
    "D": -4.4680344768115585,
    "E": -3.478922792954295,
    "F": -5.08037341646402,
    "G": -4.219536164135645,
    "H": -5.677826861368374,
    "I": -4.343407822297814,
    "K": -3.610427576082787,
    "L": -3.583737697998055,
    "M": -5.9234040701256205,
    "N": -4.598504408706967,
    "P": -3.500949099284294,
    "Q": -4.28491217298767,
    "R": -4.313863546683798,
    "S": -3.5720321973457763,