{
  "-10": {
    "A": 0.27586206896551724,
    "C": 0.0,
    "D": 0.0,
    "E": 0.0,
    "F": 0.06896551724137931,
    "G": 0.08620689655172414,
    "H": 0.0,
    "I": 0.08620689655172414,
    "K": 0.0,
    "L": 0.1896551724137931,
    "M": 0.034482758620689655,
    "N": 0.0,
    "P": 0.034482758620689655,
    "Q": 0.0,
    "R": 0.0,
    "S": 0.034482758620689655,
    "T": 0.05172413793103448,
    "V": 0.13793103448275862,
    "W": 0.0,
    "Y": 0.0
  },
  "-9": {
    "A": 0.27586206896551724,
    "C": 0.017241379310344827,
    "D": 0.0,
    "E": 0.0,
    "F": 0.05172413793103448,
    "G": 0.06896551724137931,
    "H": 0.0,
    "I": 0.05172413793103448,
    "K": 0.0,
    "L": 0.27586206896551724,
    "M": 0.017241379310344827,
    "N": 0.0,
    "P": 0.017241379310344827,
    "Q": 0.0,
    "R": 0.0,
    "S": 0.06896551724137931,
    "T": 0.034482758620689655,
    "V": 0.1206896551724138,
    "W": 0.0,
    "Y": 0.0
  },
  "-8": {
    "A": 0.1206896551724138,
    "C": 0.05172413793103448,
    "D": 0.0,
    "E": 0.0,
    "F": 0.05172413793103448,
    "G": 0.05172413793103448,
    "H": 0.0,
    "I": 0.10344827586206896,
    "K": 0.0,
    "L": 0.3620689655172414,
    "M": 0.034482758620689655,
    "N": 0.0,
    "P": 0.0,
    "Q": 0.0,
    "R": 0.0,
    "S": 0.06896551724137931,
    "T": 0.034482758620689655,
    "V": 0.1206896551724138,
    "W": 0.0,
    "Y": 0.0
  },
  "-7": {
    "A": 0.3103448275862069,
    "C": 0.034482758620689655,
    "D": 0.0,
    "E": 0.0,
    "F": 0.06896551724137931,
    "G": 0.08620689655172414,
    "H": 0.0,
    "I": 0.0,
    "K": 0.0,
    "L": 0.22413793103448276,
    "M": 0.034482758620689655,
    "N": 0.0,
    "P": 0.017241379310344827,
    "Q": 0.0,
    "R": 0.0,
    "S": 0.08620689655172414,
    "T": 0.017241379310344827,
    "V": 0.10344827586206896,
    "W": 0.0,
    "Y": 0.017241379310344827
  },
  "-6": {
    "A": 0.3620689655172414,
    "C": 0.017241379310344827,
    "D": 0.0,
    "E": 0.0,
    "F": 0.0,
    "G": 0.06896551724137931,
    "H": 0.0,
    "I": 0.10344827586206896,
    "K": 0.0,
    "L": 0.08620689655172414,
    "M": 0.0,
    "N": 0.0,
    "P": 0.017241379310344827,
    "Q": 0.017241379310344827,
    "R": 0.0,
    "S": 0.10344827586206896,
    "T": 0.05172413793103448,
    "V": 0.1724137931034483,
    "W": 0.0,
    "Y": 0.0
  },
  "-5": {
    "A": 0.08620689655172414,
    "C": 0.017241379310344827,
    "D": 0.0,
    "E": 0.0,
    "F": 0.08620689655172414,
    "G": 0.08620689655172414,
    "H": 0.0,
    "I": 0.05172413793103448,
    "K": 0.0,
    "L": 0.3620689655172414,
    "M": 0.06896551724137931,
    "N": 0.0,
    "P": 0.017241379310344827,
    "Q": 0.0,
    "R": 0.0,
    "S": 0.034482758620689655,
    "T": 0.10344827586206896,
    "V": 0.08620689655172414,
    "W": 0.0,
    "Y": 0.0
  },
  "-4": {
    "A": 0.1724137931034483,
    "C": 0.0,
    "D": 0.0,
    "E": 0.017241379310344827,
    "F": 0.05172413793103448,
    "G": 0.05172413793103448,
    "H": 0.0,
    "I": 0.017241379310344827,
    "K": 0.0,
    "L": 0.27586206896551724,
    "M": 0.05172413793103448,
    "N": 0.0,
    "P": 0.0,
    "Q": 0.0,
    "R": 0.0,
    "S": 0.08620689655172414,
    "T": 0.10344827586206896,
    "V": 0.13793103448275862,
    "W": 0.034482758620689655,
    "Y": 0.0
  },
  "-3": {
    "A": 0.0,
    "C": 0.017241379310344827,
    "D": 0.0,
    "E": 0.0,
    "F": 0.05172413793103448,
    "G": 0.0,
    "H": 0.0,
    "I": 0.06896551724137931,
    "K": 0.0,
    "L": 0.6724137931034483,
    "M": 0.034482758620689655,
    "N": 0.0,
    "P": 0.0,
    "Q": 0.0,
    "R": 0.0,
    "S": 0.0,
    "T": 0.034482758620689655,
    "V": 0.1206896551724138,
    "W": 0.0,
    "Y": 0.0
  },
  "-2": {
    "A": 0.43103448275862066,
    "C": 0.0,
    "D": 0.0,
    "E": 0.0,
    "F": 0.05172413793103448,
    "G": 0.034482758620689655,
    "H": 0.0,
    "I": 0.05172413793103448,
    "K": 0.0,
    "L": 0.0,
    "M": 0.0,
    "N": 0.0,
    "P": 0.0,
    "Q": 0.0,
    "R": 0.0,
    "S": 0.1896551724137931,
    "T": 0.15517241379310345,
    "V": 0.06896551724137931,
    "W": 0.0,
    "Y": 0.017241379310344827
  },
  "-1": {
    "A": 0.3620689655172414,
    "C": 0.0,
    "D": 0.0,
    "E": 0.0,
    "F": 0.0,
    "G": 0.5517241379310345,
    "H": 0.0,
    "I": 0.0,
    "K": 0.0,
    "L": 0.0,
    "M": 0.0,
    "N": 0.0,
    "P": 0.0,
    "Q": 0.0,
    "R": 0.0,
    "S": 0.08620689655172414,
    "T": 0.0,
    "V": 0.0,
    "W": 0.0,
    "Y": 0.0
  },
  "0": {
    "A": 0.0,
    "C": 1.0,
    "D": 0.0,
    "E": 0.0,
    "F": 0.0,
    "G": 0.0,
    "H": 0.0,
    "I": 0.0,
    "K": 0.0,
    "L": 0.0,
    "M": 0.0,
    "N": 0.0,
    "P": 0.0,
    "Q": 0.0,
    "R": 0.0,
    "S": 0.0,
    "T": 0.0,
    "V": 0.0,
    "W": 0.0,
    "Y": 0.0
  },
  "+1": {
    "A": 0.05172413793103448,
    "C": 0.017241379310344827,
    "D": 0.05172413793103448,
    "E": 0.034482758620689655,
    "F": 0.017241379310344827,
    "G": 0.1724137931034483,
    "H": 0.0,
    "I": 0.017241379310344827,
    "K": 0.017241379310344827,
    "L": 0.0,
    "M": 0.0,
    "N": 0.05172413793103448,
    "P": 0.0,
    "Q": 0.034482758620689655,
    "R": 0.034482758620689655,
    "S": 0.43103448275862066,
    "T": 0.05172413793103448,
    "V": 0.017241379310344827,
    "W": 0.0,
    "Y": 0.0
  },
  "+2": {
    "A": 0.0,
    "C": 0.0,
    "D": 0.017241379310344827,
    "E": 0.05172413793103448,
    "F": 0.0,
    "G": 0.1206896551724138,
    "H": 0.0,
    "I": 0.0,
    "K": 0.10344827586206896,
    "L": 0.05172413793103448,
    "M": 0.0,
    "N": 0.1206896551724138,
    "P": 0.034482758620689655,
    "Q": 0.05172413793103448,
    "R": 0.034482758620689655,
    "S": 0.27586206896551724,
    "T": 0.08620689655172414,
    "V": 0.05172413793103448,
    "W": 0.0,
    "Y": 0.0
  },
  "+3": {
    "A": 0.05172413793103448,
    "C": 0.0,
    "D": 0.08620689655172414,
    "E": 0.05172413793103448,
    "F": 0.034482758620689655,
    "G": 0.08620689655172414,
    "H": 0.017241379310344827,
    "I": 0.05172413793103448,
    "K": 0.06896551724137931,
    "L": 0.034482758620689655,
    "M": 0.0,
    "N": 0.13793103448275862,
    "P": 0.034482758620689655,
    "Q": 0.05172413793103448,
    "R": 0.0,
    "S": 0.15517241379310345,
    "T": 0.1206896551724138,
    "V": 0.0,
    "W": 0.017241379310344827,
    "Y": 0.0
  },
  "+4": {
    "A": 0.034482758620689655,
    "C": 0.0,
    "D": 0.08620689655172414,
    "E": 0.05172413793103448,
    "F": 0.017241379310344827,
    "G": 0.08620689655172414,
    "H": 0.05172413793103448,
    "I": 0.0,
    "K": 0.1206896551724138,
    "L": 0.0,
    "M": 0.0,
    "N": 0.08620689655172414,
    "P": 0.10344827586206896,
    "Q": 0.06896551724137931,
    "R": 0.017241379310344827,
    "S": 0.15517241379310345,
    "T": 0.05172413793103448,
    "V": 0.06896551724137931,
    "W": 0.0,
    "Y": 0.0
  },
  "+5": {
    "A": 0.05172413793103448,
    "C": 0.0,
    "D": 0.08620689655172414,
    "E": 0.05172413793103448,
    "F": 0.0,
    "G": 0.034482758620689655,
    "H": 0.017241379310344827,
    "I": 0.034482758620689655,
    "K": 0.08620689655172414,
    "L": 0.0,
    "M": 0.0,
    "N": 0.06896551724137931,
    "P": 0.13793103448275862,
    "Q": 0.034482758620689655,
    "R": 0.05172413793103448,
    "S": 0.1896551724137931,
    "T": 0.10344827586206896,
    "V": 0.017241379310344827,
    "W": 0.017241379310344827,
    "Y": 0.017241379310344827
  },
  "+6": {
    "A": 0.1206896551724138,
    "C": 0.017241379310344827,
    "D": 0.1206896551724138,
    "E": 0.10344827586206896,
    "F": 0.034482758620689655,
    "G": 0.034482758620689655,
    "H": 0.017241379310344827,
    "I": 0.017241379310344827,
    "K": 0.034482758620689655,
    "L": 0.05172413793103448,
    "M": 0.0,
    "N": 0.08620689655172414,
    "P": 0.06896551724137931,
    "Q": 0.05172413793103448,
    "R": 0.034482758620689655,
    "S": 0.06896551724137931,
    "T": 0.034482758620689655,
    "V": 0.05172413793103448,
    "W": 0.0,
    "Y": 0.05172413793103448
  },
  "+7": {
    "A": 0.08620689655172414,