{
  "-10": {
    "A": -3.011605622710281,
    "C": -2.8292840659163265,
    "D": -3.522431246476272,
    "E": -1.6557704690750992,
    "F": -3.2860424684120413,
    "G": -3.2860424684120413,
    "H": -4.6210435351443815,
    "I": -4.6210435351443815,
    "K": -2.5416019934645457,
    "L": -2.7647455447787554,
    "M": -6.230481447578482,
    "N": -4.033256870242263,
    "P": -3.011605622710281,
    "Q": -3.457892725338701,
    "R": -1.9400220064300908,
    "S": -3.522431246476272,
    "T": -4.2845712985231685,
    "V": -3.522431246476272,
    "W": -5.537334267018537,
    "Y": -4.438721978350427
  },
  "-9": {
    "A": -2.7964942430933357,
    "C": -2.7964942430933357,
    "D": -3.8325861747801113,
    "E": -1.7418450778463421,
    "F": -4.151039905898646,
    "G": -2.7339738861120018,
    "H": -4.844187086458591,
    "I": -4.844187086458591,
    "K": -2.934644581574153,
    "L": -3.0949872316493323,
    "M": "-inf",
    "N": -3.457892725338701,
    "P": -2.675133386089068,
    "Q": -3.2347491740244907,
    "R": -2.4462918136602205,
    "S": -3.139438994220166,
    "T": -3.340109689682317,
    "V": -3.139438994220166,
    "W": -4.6210435351443815,
    "Y": -3.2860424684120413
  },
  "-8": {
    "A": -2.934644581574153,
    "C": -2.7041209229623204,
    "D": -3.8325861747801113,
    "E": -2.5669198014488352,
    "F": -3.6655320901169453,
    "G": -2.4928118292951136,
    "H": -4.438721978350427,
    "I": -3.2347491740244907,
    "K": -2.5669198014488352,
    "L": -2.516909380874174,
    "M": -5.131869158910372,
    "N": -2.972384909557,
    "P": -2.7964942430933357,
    "Q": -3.7455747977904816,
    "R": -2.223148262346011,
    "S": -3.0524276172305362,
    "T": -3.340109689682317,
    "V": -3.522431246476272,
    "W": -4.6210435351443815,
    "Y": -4.033256870242263
  },
  "-7": {
    "A": -2.972384909557,
    "C": -2.934644581574153,
    "D": -3.457892725338701,
    "E": -1.4346909019817409,
    "F": -4.844187086458591,
    "G": -3.0949872316493323,
    "H": -4.2845712985231685,
    "I": -3.397268103522266,
    "K": -2.863185617592008,
    "L": -3.185959009855059,
    "M": -4.151039905898646,
    "N": -2.7964942430933357,
    "P": -4.2845712985231685,
    "Q": -4.438721978350427,
    "R": -1.9264163543743122,
    "S": -3.522431246476272,
    "T": -3.340109689682317,
    "V": -3.591424117963223,
    "W": -5.131869158910372,
    "Y": -3.927896354584436
  },
  "-6": {
    "A": -2.7647455447787554,
    "C": -3.522431246476272,
    "D": -3.522431246476272,
    "E": -1.5670423534664149,
    "F": -3.8325861747801113,
    "G": -2.934644581574153,
    "H": -5.537334267018537,
    "I": -3.522431246476272,
    "K": -3.139438994220166,
    "L": -2.646962509122372,
    "M": -4.844187086458591,
    "N": -2.7964942430933357,
    "P": -2.5416019934645457,
    "Q": -3.6655320901169453,
    "R": -2.7964942430933357,
    "S": -2.7339738861120018,
    "T": -3.2347491740244907,
    "V": -3.457892725338701,
    "W": -5.537334267018537,
    "Y": -3.522431246476272
  },
  "-5": {
    "A": -2.3386611494678555,
    "C": -2.5416019934645457,
    "D": -3.591424117963223,
    "E": -2.1196075834051706,
    "F": -3.457892725338701,
    "G": -2.7964942430933357,
    "H": -4.438721978350427,
    "I": -3.591424117963223,
    "K": -2.7041209229623204,
    "L": -2.7041209229623204,
    "M": -5.131869158910372,
    "N": -2.8292840659163265,
    "P": -4.438721978350427,
    "Q": -3.340109689682317,
    "R": -2.2986558148541563,
    "S": -2.934644581574153,
    "T": -3.591424117963223,
    "V": -3.340109689682317,
    "W": -4.438721978350427,
    "Y": -3.2860424684120413
  },
  "-4": {
    "A": -3.139438994220166,
    "C": -2.6195635349342576,
    "D": -3.6655320901169453,
    "E": -1.5030936288661414,
    "F": -3.522431246476272,
    "G": -3.6655320901169453,
    "H": -4.438721978350427,
    "I": -3.8325861747801113,
    "K": -3.139438994220166,
    "L": -3.397268103522266,
    "M": -4.844187086458591,
    "N": -2.7647455447787554,
    "P": -3.139438994220166,
    "Q": -3.927896354584436,
    "R": -1.9129933340421716,
    "S": -2.4462918136602205,
    "T": -3.591424117963223,
    "V": -4.6210435351443815,
    "W": -4.2845712985231685,
    "Y": -4.033256870242263
  },
  "-3": {
    "A": -3.340109689682317,
    "C": -2.1874301797439317,
    "D": -3.0949872316493323,
    "E": -1.5209512462661479,
    "F": -3.397268103522266,
    "G": -2.26018953402636,
    "H": -5.131869158910372,
    "I": -4.033256870242263,
    "K": -3.397268103522266,
    "L": -2.7647455447787554,
    "M": -4.438721978350427,
    "N": -3.0949872316493323,
    "P": -3.397268103522266,
    "Q": -4.033256870242263,
    "R": -3.139438994220166,
    "S": -2.4238189578081624,
    "T": -3.397268103522266,
    "V": -3.397268103522266,
    "W": -6.230481447578482,
    "Y": -4.6210435351443815
  },
  "-2": {
    "A": -2.5416019934645457,
    "C": -2.516909380874174,
    "D": -3.0524276172305362,
    "E": -2.359280436670591,
    "F": -3.0949872316493323,
    "G": -3.2860424684120413,
    "H": -4.2845712985231685,
    "I": -2.934644581574153,
    "K": -3.185959009855059,
    "L": -2.3386611494678555,
    "M": -4.438721978350427,
    "N": -2.8292840659163265,
    "P": -3.011605622710281,
    "Q": -3.457892725338701,
    "R": -3.591424117963223,
    "S": -3.011605622710281,
    "T": -3.927896354584436,
    "V": -2.359280436670591,
    "W": -4.6210435351443815,
    "Y": -2.8292840659163265
  },
  "-1": {
    "A": -3.139438994220166,
    "C": -2.26018953402636,
    "D": -3.185959009855059,
    "E": -1.6557704690750992,
    "F": -2.863185617592008,
    "G": -4.151039905898646,
    "H": -3.8325861747801113,
    "I": -3.522431246476272,
    "K": -3.591424117963223,
    "L": -2.2792377289970545,
    "M": -4.6210435351443815,
    "N": -3.6655320901169453,
    "P": -3.6655320901169453,
    "Q": -3.522431246476272,
    "R": -1.886676025724798,
    "S": -3.185959009855059,
    "T": -3.927896354584436,
    "V": -3.7455747977904816,
    "W": -4.6210435351443815,
    "Y": -3.591424117963223
  },
  "0": {
    "A": "-inf",
    "C": "-inf",
    "D": "-inf",
    "E": 0.0,
    "F": "-inf",
    "G": "-inf",
    "H": "-inf",
    "I": "-inf",
    "K": "-inf",
    "L": "-inf",
    "M": "-inf",
    "N": "-inf",
    "P": "-inf",
    "Q": "-inf",
    "R": "-inf",
    "S": "-inf",
    "T": "-inf",
    "V": "-inf",
    "W": "-inf",
    "Y": "-inf"
  },
  "+1": {
    "A": -2.646962509122372,
    "C": -2.025788828187516,
    "D": -3.2347491740244907,
    "E": -1.730671777248217,
    "F": -3.2860424684120413,
    "G": -3.6655320901169453,
    "H": -4.2845712985231685,
    "I": -3.2347491740244907,
    "K": -3.2860424684120413,
    "L": -2.5669198014488352,
    "M": -4.6210435351443815,
    "N": -3.397268103522266,
    "P": -3.7455747977904816,
    "Q": -4.151039905898646,
    "R": -2.7041209229623204,
    "S": -2.898276937403278,
    "T": -3.591424117963223,
    "V": -2.401840051089387,
    "W": -6.230481447578482,
    "Y": -3.7455747977904816
  },
  "+2": {
    "A": -2.4462918136602205,
    "C": -1.687186665308478,
    "D": -3.591424117963223,
    "E": -2.675133386089068,
    "F": -3.0524276172305362,
    "G": -4.844187086458591,
    "H": -4.033256870242263,
    "I": -2.972384909557,
    "K": -2.972384909557,
    "L": -2.7647455447787554,
    "M": -5.131869158910372,
    "N": -2.863185617592008,
    "P": -3.591424117963223,
    "Q": -3.0524276172305362,
    "R": -2.516909380874174,
    "S": -3.0949872316493323,
    "T": -2.934644581574153,
    "V": -3.397268103522266,
    "W": -4.151039905898646,
    "Y": -4.033256870242263
  },
  "+3": {
    "A": -3.6655320901169453,
    "C": -2.1874301797439317,
    "D": -3.522431246476272,
    "E": -1.442989704796436,
    "F": -4.2845712985231685,
    "G": -4.844187086458591,
    "H": -4.151039905898646,
    "I": -4.2845712985231685,
    "K": -2.8292840659163265,
    "L": -3.591424117963223,
    "M": -5.537334267018537,
    "N": -3.7455747977904816,
    "P": -2.972384909557,
    "Q": -3.591424117963223,