{
  "-10": {
    "A": -4.820178962415188,
    "C": -6.820178962415188,
    "D": -5.235216461694032,
    "E": -4.498250867527825,
    "F": -5.235216461694032,
    "G": -3.2352164616940318,
    "H": -6.820178962415188,
    "I": -5.235216461694032,
    "K": -3.3607473437778905,
    "L": -3.1197392442740957,
    "M": -4.498250867527825,
    "N": -5.235216461694032,
    "P": -3.0128240403575837,
    "Q": -5.235216461694032,
    "R": -4.820178962415188,
    "S": -3.0128240403575837,
    "T": -4.235216461694032,
    "V": -4.498250867527825,
    "W": -6.820178962415188,
    "Y": "-inf"
  },
  "-9": {
    "A": -3.1197392442740957,
    "C": -5.820178962415188,
    "D": -4.820178962415188,
    "E": -3.498250867527825,
    "F": -4.235216461694032,
    "G": -5.235216461694032,
    "H": -6.820178962415188,
    "I": "-inf",
    "K": -6.820178962415188,
    "L": -4.498250867527825,
    "M": -4.235216461694032,
    "N": -5.235216461694032,
    "P": -3.6502539609728752,
    "Q": -5.235216461694032,
    "R": -4.820178962415188,
    "S": -2.820178962415188,
    "T": -4.498250867527825,
    "V": -3.0128240403575837,
    "W": -6.820178962415188,
    "Y": -4.498250867527825
  },
  "-8": {
    "A": -3.0128240403575837,
    "C": -6.820178962415188,
    "D": -4.498250867527825,
    "E": -4.012824040357583,
    "F": -4.498250867527825,
    "G": -3.6502539609728752,
    "H": -6.820178962415188,
    "I": -5.820178962415188,
    "K": -4.498250867527825,
    "L": -3.820178962415188,
    "M": -5.820178962415188,
    "N": -4.820178962415188,
    "P": -2.820178962415188,
    "Q": -4.820178962415188,
    "R": -4.498250867527825,
    "S": -3.1197392442740957,
    "T": -3.6502539609728752,
    "V": -6.820178962415188,
    "W": "-inf",
    "Y": "-inf"
  },
  "-7": {
    "A": -3.820178962415188,
    "C": "-inf",
    "D": -4.235216461694032,
    "E": -4.235216461694032,
    "F": -5.820178962415188,
    "G": -3.820178962415188,
    "H": -5.235216461694032,
    "I": -6.820178962415188,
    "K": -4.012824040357583,
    "L": -3.2352164616940318,
    "M": -4.498250867527825,
    "N": -5.820178962415188,
    "P": -3.820178962415188,
    "Q": -4.498250867527825,
    "R": -4.012824040357583,
    "S": -2.572251448971602,
    "T": -5.235216461694032,
    "V": -3.820178962415188,
    "W": "-inf",
    "Y": -6.820178962415188
  },
  "-6": {
    "A": -3.820178962415188,
    "C": -6.820178962415188,
    "D": -5.820178962415188,
    "E": -3.498250867527825,
    "F": -5.235216461694032,
    "G": -4.012824040357583,
    "H": -4.498250867527825,
    "I": -6.820178962415188,
    "K": -3.498250867527825,
    "L": -3.6502539609728752,
    "M": -5.820178962415188,
    "N": -4.498250867527825,
    "P": -3.0128240403575837,
    "Q": -4.498250867527825,
    "R": -4.235216461694032,
    "S": -3.3607473437778905,
    "T": -5.235216461694032,
    "V": -4.498250867527825,
    "W": "-inf",
    "Y": -4.498250867527825
  },
  "-5": {
    "A": -3.1197392442740957,
    "C": -5.235216461694032,
    "D": -4.820178962415188,
    "E": -3.3607473437778905,
    "F": "-inf",
    "G": -3.498250867527825,
    "H": -6.820178962415188,
    "I": -5.235216461694032,
    "K": -4.820178962415188,
    "L": -3.3607473437778905,
    "M": -5.820178962415188,
    "N": "-inf",
    "P": -3.3607473437778905,
    "Q": -4.498250867527825,
    "R": -4.235216461694032,
    "S": -3.498250867527825,
    "T": -3.820178962415188,
    "V": -4.820178962415188,
    "W": "-inf",
    "Y": -4.235216461694032
  },
  "-4": {
    "A": -2.913288366806669,
    "C": -5.235216461694032,
    "D": -5.235216461694032,
    "E": -3.1197392442740957,
    "F": -5.235216461694032,
    "G": -4.498250867527825,
    "H": -5.820178962415188,
    "I": -5.820178962415188,
    "K": -4.820178962415188,
    "L": -4.498250867527825,
    "M": -5.235216461694032,
    "N": -5.820178962415188,
    "P": -3.3607473437778905,
    "Q": -3.498250867527825,
    "R": -4.498250867527825,
    "S": -3.498250867527825,
    "T": -4.012824040357583,
    "V": -4.235216461694032,
    "W": -6.820178962415188,
    "Y": -5.820178962415188
  },
  "-3": {
    "A": -3.0128240403575837,
    "C": -6.820178962415188,
    "D": -5.235216461694032,
    "E": -3.6502539609728752,
    "F": -6.820178962415188,
    "G": -4.498250867527825,
    "H": -6.820178962415188,
    "I": -5.820178962415188,
    "K": -4.235216461694032,
    "L": -3.6502539609728752,
    "M": -5.235216461694032,
    "N": -4.498250867527825,
    "P": -2.820178962415188,
    "Q": -4.498250867527825,
    "R": -4.498250867527825,
    "S": -3.2352164616940318,
    "T": -4.820178962415188,
    "V": -3.498250867527825,
    "W": "-inf",
    "Y": -5.820178962415188
  },
  "-2": {
    "A": -2.913288366806669,
    "C": -5.820178962415188,
    "D": -4.235216461694032,
    "E": -4.012824040357583,
    "F": -5.235216461694032,
    "G": -4.498250867527825,
    "H": -6.820178962415188,
    "I": -6.820178962415188,
    "K": -4.012824040357583,
    "L": -4.235216461694032,
    "M": -4.498250867527825,
    "N": -4.820178962415188,
    "P": -3.820178962415188,
    "Q": -4.498250867527825,
    "R": -3.6502539609728752,
    "S": -2.6502539609728752,
    "T": -4.820178962415188,
    "V": -4.235216461694032,
    "W": "-inf",
    "Y": -6.820178962415188
  },
  "-1": {
    "A": -3.0128240403575837,
    "C": -5.820178962415188,
    "D": -5.820178962415188,
    "E": -3.1197392442740957,
    "F": -5.820178962415188,
    "G": -4.012824040357583,
    "H": -6.820178962415188,
    "I": -5.820178962415188,
    "K": -3.6502539609728752,
    "L": -3.820178962415188,
    "M": "-inf",
    "N": -4.820178962415188,
    "P": -3.498250867527825,
    "Q": -4.012824040357583,
    "R": -4.498250867527825,
    "S": -3.3607473437778905,
    "T": -4.012824040357583,
    "V": -4.012824040357583,
    "W": -5.820178962415188,
    "Y": "-inf"
  },
  "0": {
    "A": 0.0,
    "C": "-inf",
    "D": "-inf",
    "E": "-inf",
    "F": "-inf",
    "G": "-inf",
    "H": "-inf",
    "I": "-inf",
    "K": "-inf",
    "L": "-inf",
    "M": "-inf",
    "N": "-inf",
    "P": "-inf",
    "Q": "-inf",
    "R": "-inf",
    "S": "-inf",
    "T": "-inf",
    "V": "-inf",
    "W": "-inf",
    "Y": "-inf"
  },
  "+1": {
    "A": -3.1197392442740957,
    "C": -6.820178962415188,
    "D": -4.498250867527825,
    "E": -4.235216461694032,
    "F": -4.820178962415188,
    "G": -4.012824040357583,
    "H": -5.820178962415188,
    "I": -5.820178962415188,
    "K": -3.1197392442740957,
    "L": -3.820178962415188,
    "M": -5.820178962415188,
    "N": -4.498250867527825,
    "P": -3.3607473437778905,
    "Q": -4.820178962415188,
    "R": -4.498250867527825,
    "S": -3.2352164616940318,
    "T": -5.235216461694032,
    "V": -4.235216461694032,
    "W": -6.820178962415188,
    "Y": -5.235216461694032
  },
  "+2": {
    "A": -3.2352164616940318,
    "C": -6.820178962415188,
    "D": -5.235216461694032,
    "E": -4.012824040357583,
    "F": "-inf",
    "G": -4.498250867527825,
    "H": -6.820178962415188,
    "I": -6.820178962415188,
    "K": -3.498250867527825,
    "L": -3.498250867527825,
    "M": -6.820178962415188,
    "N": -5.235216461694032,
    "P": -3.498250867527825,
    "Q": -3.498250867527825,
    "R": -3.6502539609728752,
    "S": -3.820178962415188,
    "T": -3.3607473437778905,
    "V": -3.820178962415188,
    "W": -6.820178962415188,
    "Y": -6.820178962415188
  },
  "+3": {
    "A": -2.7327161211648483,
    "C": "-inf",
    "D": -4.498250867527825,
    "E": -3.3607473437778905,
    "F": -5.820178962415188,
    "G": -3.6502539609728752,
    "H": -5.820178962415188,
    "I": -5.820178962415188,
    "K": -4.012824040357583,
    "L": -4.235216461694032,
    "M": "-inf",
    "N": -5.235216461694032,
    "P": -3.1197392442740957,
    "Q": -4.235216461694032,
    "R": -4.235216461694032,
    "S": -3.498250867527825,
    "T": -4.820178962415188,
    "V": -4.498250867527825,
    "W": "-inf",
    "Y": -5.235216461694032
  },
  "+4": {
    "A": -3.498250867527825,
    "C": "-inf",
    "D": -4.820178962415188,