{
  "-10": {
    "A": -3.8875252707415875,
    "C": -7.0574502721839,
    "D": -3.9531136123691644,
    "E": -3.6244908649077936,
    "F": -5.131450853627677,
    "G": -4.0218263624531785,
    "H": -5.67893864893017,
    "I": -4.794415866350106,
    "K": -3.52139737194369,
    "L": -4.20945336562895,
    "M": -4.987060944292502,
    "N": -4.794415866350106,
    "P": -3.919946748433965,
    "Q": -4.572023445013658,
    "R": -3.919946748433965,
    "S": -4.334984247712809,
    "T": -4.291915525820922,
    "V": -4.131450853627677,
    "W": -8.379378367071261,
    "Y": -5.572023445013658
  },
  "-9": {
    "A": -3.6244908649077936,
    "C": -9.379378367071261,
    "D": -4.131450853627677,
    "E": -3.8247895153936247,
    "F": -4.735522177296537,
    "G": -4.334984247712809,
    "H": -5.0574502721839,
    "I": -4.250095350126296,
    "K": -3.7355221772965375,
    "L": -3.794415866350106,
    "M": -6.0574502721839,
    "N": -5.472487771462744,
    "P": -4.52139737194369,
    "Q": -5.0574502721839,
    "R": -4.0574502721839,
    "S": -3.794415866350106,
    "T": -4.093976148209014,
    "V": -4.093976148209014,
    "W": -4.855816411014249,
    "Y": -6.379378367071262
  },
  "-8": {
    "A": -4.169925001442312,
    "C": -7.379378367071262,
    "D": -4.131450853627677,
    "E": -3.4020984435713455,
    "F": -5.131450853627677,
    "G": -3.919946748433965,
    "H": -5.20945336562895,
    "I": -4.334984247712809,
    "K": -3.67893864893017,
    "L": -4.0218263624531785,
    "M": -5.20945336562895,
    "N": -4.735522177296537,
    "P": -4.624490864907793,
    "Q": -4.794415866350106,
    "R": -4.0574502721839,
    "S": -4.131450853627677,
    "T": -3.9531136123691644,
    "V": -3.8875252707415875,
    "W": -8.379378367071261,
    "Y": -5.20945336562895
  },
  "-7": {
    "A": -4.334984247712809,
    "C": -6.379378367071262,
    "D": -3.987060944292502,
    "E": -4.0574502721839,
    "F": -6.379378367071262,
    "G": -3.6244908649077936,
    "H": -4.52139737194369,
    "I": -4.987060944292502,
    "K": -3.7355221772965375,
    "L": -3.6244908649077936,
    "M": -4.794415866350106,
    "N": -4.987060944292502,
    "P": -4.425182056684387,
    "Q": -4.379378367071262,
    "R": -3.987060944292502,
    "S": -3.987060944292502,
    "T": -4.250095350126296,
    "V": -3.855816411014249,
    "W": -7.0574502721839,
    "Y": -5.379378367071262
  },
  "-6": {
    "A": -4.0218263624531785,
    "C": -6.572023445013658,
    "D": -4.20945336562895,
    "E": -4.291915525820922,
    "F": -4.794415866350106,
    "G": -3.855816411014249,
    "H": -5.572023445013658,
    "I": -4.20945336562895,
    "K": -4.131450853627677,
    "L": -3.8247895153936247,
    "M": -5.131450853627677,
    "N": -5.131450853627677,
    "P": -3.5464883529065205,
    "Q": -5.0574502721839,
    "R": -4.093976148209014,
    "S": -3.855816411014249,
    "T": -4.0574502721839,
    "V": -3.9531136123691644,
    "W": -7.379378367071262,
    "Y": -4.624490864907793
  },
  "-5": {
    "A": -3.67893864893017,
    "C": -7.379378367071262,
    "D": -3.0574502721838996,
    "E": -4.624490864907793,
    "F": -5.20945336562895,
    "G": -4.131450853627677,
    "H": -4.572023445013658,
    "I": -4.334984247712809,
    "K": -3.919946748433965,
    "L": -3.855816411014249,
    "M": -4.919946748433965,
    "N": -4.987060944292502,
    "P": -4.093976148209014,
    "Q": -4.67893864893017,
    "R": -5.131450853627677,
    "S": -3.855816411014249,
    "T": -4.334984247712809,
    "V": -3.8247895153936247,
    "W": -7.379378367071262,
    "Y": -5.0574502721839
  },
  "-4": {
    "A": -3.855816411014249,
    "C": -6.379378367071262,
    "D": -4.379378367071262,
    "E": -4.20945336562895,
    "F": -5.379378367071262,
    "G": -4.169925001442312,
    "H": -5.472487771462744,
    "I": -3.919946748433965,
    "K": -4.0218263624531785,
    "L": -3.0218263624531785,
    "M": -4.987060944292502,
    "N": -4.855816411014249,
    "P": -4.472487771462744,
    "Q": -4.735522177296537,
    "R": -4.919946748433965,
    "S": -3.794415866350106,
    "T": -4.472487771462744,
    "V": -3.112591826376361,
    "W": -7.794415866350106,
    "Y": -5.379378367071262
  },
  "-3": {
    "A": -3.7355221772965375,
    "C": -6.572023445013658,
    "D": -4.131450853627677,
    "E": -4.472487771462744,
    "F": -5.379378367071262,
    "G": -4.250095350126296,
    "H": -5.20945336562895,
    "I": -3.7069530250997667,
    "K": -4.250095350126296,
    "L": -3.4967353177094207,
    "M": -4.735522177296537,
    "N": -5.919946748433965,
    "P": -3.764668522956054,
    "Q": -4.67893864893017,
    "R": -4.572023445013658,
    "S": -3.425182056684387,
    "T": -4.169925001442312,
    "V": -3.651457912508063,
    "W": -8.379378367071261,
    "Y": -4.67893864893017
  },
  "-2": {
    "A": -3.8875252707415875,
    "C": -7.794415866350106,
    "D": -3.764668522956054,
    "E": -4.52139737194369,
    "F": -4.855816411014249,
    "G": -3.334984247712809,
    "H": -5.131450853627677,
    "I": -3.67893864893017,
    "K": -4.291915525820922,
    "L": -2.9531136123691644,
    "M": -4.855816411014249,
    "N": -4.572023445013658,
    "P": -4.735522177296537,
    "Q": -5.0574502721839,
    "R": -5.20945336562895,
    "S": -3.919946748433965,
    "T": -4.624490864907793,
    "V": -3.5980186535466028,
    "W": -6.794415866350106,
    "Y": -5.794415866350106
  },
  "-1": {
    "A": -3.9531136123691644,
    "C": -5.919946748433965,
    "D": -3.8875252707415875,
    "E": -4.169925001442312,
    "F": -5.0574502721839,
    "G": -4.20945336562895,
    "H": -5.794415866350106,
    "I": -4.20945336562895,
    "K": -4.334984247712809,
    "L": -3.2500953501262955,
    "M": -4.291915525820922,
    "N": -5.67893864893017,
    "P": -4.794415866350106,
    "Q": -4.919946748433965,
    "R": -4.572023445013658,
    "S": -3.22963124756658,
    "T": -4.0574502721839,
    "V": -3.4020984435713455,
    "W": -9.379378367071261,
    "Y": -4.624490864907793
  },
  "0": {
    "A": "-inf",
    "C": "-inf",
    "D": 0.0,
    "E": "-inf",
    "F": "-inf",
    "G": "-inf",
    "H": "-inf",
    "I": "-inf",
    "K": "-inf",
    "L": "-inf",
    "M": "-inf",
    "N": "-inf",
    "P": "-inf",
    "Q": "-inf",
    "R": "-inf",
    "S": "-inf",
    "T": "-inf",
    "V": "-inf",
    "W": "-inf",
    "Y": "-inf"
  },
  "+1": {
    "A": -3.919946748433965,
    "C": -7.379378367071262,
    "D": -4.0218263624531785,
    "E": -4.0218263624531785,
    "F": -5.20945336562895,
    "G": -4.169925001442312,
    "H": -4.794415866350106,
    "I": -3.5980186535466028,
    "K": -4.425182056684387,
    "L": -3.3132891766134898,
    "M": -4.987060944292502,
    "N": -4.855816411014249,
    "P": -4.794415866350106,
    "Q": -5.0574502721839,
    "R": -5.291915525820922,
    "S": -3.8247895153936247,
    "T": -3.5980186535466028,
    "V": -3.4724877714627436,
    "W": -6.20945336562895,
    "Y": -4.67893864893017
  },
  "+2": {
    "A": -3.9531136123691644,
    "C": -8.379378367071261,
    "D": -3.651457912508063,
    "E": -4.169925001442312,
    "F": -5.131450853627677,
    "G": -4.250095350126296,
    "H": -4.855816411014249,
    "I": -4.572023445013658,
    "K": -4.735522177296537,
    "L": -3.855816411014249,
    "M": -5.0574502721839,
    "N": -4.572023445013658,
    "P": -4.919946748433965,
    "Q": -4.67893864893017,
    "R": -4.093976148209014,
    "S": -2.936434871222534,
    "T": -3.67893864893017,
    "V": -3.572023445013658,
    "W": -8.379378367071261,
    "Y": -5.0574502721839
  },
  "+3": {
    "A": -4.0574502721839,
    "C": -6.794415866350106,
    "D": -4.425182056684387,
    "E": -4.334984247712809,
    "F": -4.855816411014249,
    "G": -3.987060944292502,
    "H": -5.472487771462744,
    "I": -4.20945336562895,
    "K": -4.169925001442312,
    "L": -3.22963124756658,
    "M": -3.7069530250997667,
    "N": -4.52139737194369,
    "P": -4.093976148209014,
    "Q": -4.855816411014249,
    "R": -4.250095350126296,
    "S": -3.572023445013658,
    "T": -4.131450853627677,
    "V": -4.0218263624531785,