{
  "-10": {
    "A": -3.6595094540862103,
    "C": "-inf",
    "D": -5.118941072723508,
    "E": -3.949016071281195,
    "F": -4.311586150665903,
    "G": -2.726623649944747,
    "H": -6.118941072723508,
    "I": -5.118941072723508,
    "K": -4.5339785720023515,
    "L": -2.871013559279922,
    "M": -7.118941072723508,
    "N": -5.5339785720023515,
    "P": -3.118941072723507,
    "Q": -4.311586150665903,
    "R": -3.797012977836145,
    "S": -3.949016071281195,
    "T": -6.118941072723508,
    "V": -4.797012977836145,
    "W": -7.118941072723508,
    "Y": -6.118941072723508
  },
  "-9": {
    "A": -4.5339785720023515,
    "C": -7.118941072723508,
    "D": -3.6595094540862103,
    "E": -3.3115861506659034,
    "F": "-inf",
    "G": -3.533978572002351,
    "H": -4.5339785720023515,
    "I": -4.311586150665903,
    "K": -2.949016071281195,
    "L": -4.311586150665903,
    "M": -5.118941072723508,
    "N": -4.5339785720023515,
    "P": -3.797012977836145,
    "Q": -4.797012977836145,
    "R": -5.5339785720023515,
    "S": -3.4185013545824154,
    "T": -3.797012977836145,
    "V": -5.118941072723508,
    "W": -7.118941072723508,
    "Y": -7.118941072723508
  },
  "-8": {
    "A": -3.118941072723507,
    "C": -7.118941072723508,
    "D": -4.118941072723508,
    "E": -3.949016071281195,
    "F": -5.5339785720023515,
    "G": -4.5339785720023515,
    "H": -5.5339785720023515,
    "I": -4.118941072723508,
    "K": -3.3115861506659034,
    "L": -3.4185013545824154,
    "M": -7.118941072723508,
    "N": -5.5339785720023515,
    "P": -3.797012977836145,
    "Q": -4.311586150665903,
    "R": -4.118941072723508,
    "S": -2.797012977836145,
    "T": -5.118941072723508,
    "V": -5.5339785720023515,
    "W": "-inf",
    "Y": -6.118941072723508
  },
  "-7": {
    "A": -3.533978572002351,
    "C": -6.118941072723508,
    "D": -3.6595094540862103,
    "E": -3.031478231473168,
    "F": -7.118941072723508,
    "G": -5.118941072723508,
    "H": -6.118941072723508,
    "I": -6.118941072723508,
    "K": -3.212050477114989,
    "L": -3.6595094540862103,
    "M": -6.118941072723508,
    "N": -5.5339785720023515,
    "P": -3.533978572002351,
    "Q": -5.5339785720023515,
    "R": -3.6595094540862103,
    "S": -3.533978572002351,
    "T": -3.6595094540862103,
    "V": -5.5339785720023515,
    "W": -5.5339785720023515,
    "Y": -6.118941072723508
  },
  "-6": {
    "A": -3.797012977836145,
    "C": -6.118941072723508,
    "D": -4.797012977836145,
    "E": -2.6595094540862103,
    "F": -7.118941072723508,
    "G": -5.118941072723508,
    "H": -4.797012977836145,
    "I": -6.118941072723508,
    "K": -4.118941072723508,
    "L": -3.949016071281195,
    "M": -7.118941072723508,
    "N": -4.5339785720023515,
    "P": -3.6595094540862103,
    "Q": -4.5339785720023515,
    "R": -3.533978572002351,
    "S": -2.871013559279922,
    "T": -5.118941072723508,
    "V": -4.118941072723508,
    "W": -7.118941072723508,
    "Y": -5.5339785720023515
  },
  "-5": {
    "A": -4.118941072723508,
    "C": "-inf",
    "D": -3.797012977836145,
    "E": -3.3115861506659034,
    "F": -4.118941072723508,
    "G": -4.118941072723508,
    "H": -5.5339785720023515,
    "I": -5.118941072723508,
    "K": -3.797012977836145,
    "L": -3.533978572002351,
    "M": -5.118941072723508,
    "N": -7.118941072723508,
    "P": -3.6595094540862103,
    "Q": -4.5339785720023515,
    "R": -3.949016071281195,
    "S": -3.797012977836145,
    "T": -3.949016071281195,
    "V": -3.533978572002351,
    "W": "-inf",
    "Y": "-inf"
  },
  "-4": {
    "A": -3.533978572002351,
    "C": "-inf",
    "D": -4.118941072723508,
    "E": -2.949016071281195,
    "F": -5.118941072723508,
    "G": -3.949016071281195,
    "H": -7.118941072723508,
    "I": -4.311586150665903,
    "K": -4.118941072723508,
    "L": -3.4185013545824154,
    "M": -5.5339785720023515,
    "N": -5.118941072723508,
    "P": -4.118941072723508,
    "Q": -4.311586150665903,
    "R": -3.6595094540862103,
    "S": -3.212050477114989,
    "T": -5.5339785720023515,
    "V": -4.797012977836145,
    "W": -6.118941072723508,
    "Y": -7.118941072723508
  },
  "-3": {
    "A": -3.212050477114989,
    "C": "-inf",
    "D": -4.118941072723508,
    "E": -3.118941072723507,
    "F": -3.797012977836145,
    "G": -5.118941072723508,
    "H": -5.118941072723508,
    "I": -7.118941072723508,
    "K": -4.118941072723508,
    "L": -3.797012977836145,
    "M": "-inf",
    "N": -5.5339785720023515,
    "P": -4.118941072723508,
    "Q": -4.118941072723508,
    "R": -4.5339785720023515,
    "S": -2.949016071281195,
    "T": -3.797012977836145,
    "V": -4.797012977836145,
    "W": -7.118941072723508,
    "Y": -5.118941072723508
  },
  "-2": {
    "A": -4.118941072723508,
    "C": -7.118941072723508,
    "D": -3.031478231473168,
    "E": -3.118941072723507,
    "F": -4.797012977836145,
    "G": -4.797012977836145,
    "H": -5.5339785720023515,
    "I": -5.5339785720023515,
    "K": -3.949016071281195,
    "L": -3.3115861506659034,
    "M": "-inf",
    "N": -5.5339785720023515,
    "P": -5.118941072723508,
    "Q": -5.5339785720023515,
    "R": -4.5339785720023515,
    "S": -2.871013559279922,
    "T": -4.118941072723508,
    "V": -3.949016071281195,
    "W": -7.118941072723508,
    "Y": -4.797012977836145
  },
  "-1": {
    "A": -3.949016071281195,
    "C": -6.118941072723508,
    "D": -3.6595094540862103,
    "E": -3.3115861506659034,
    "F": -6.118941072723508,
    "G": -5.5339785720023515,
    "H": -4.5339785720023515,
    "I": -7.118941072723508,
    "K": -3.797012977836145,
    "L": -3.6595094540862103,
    "M": "-inf",
    "N": -5.5339785720023515,
    "P": -3.118941072723507,
    "Q": -4.311586150665903,
    "R": -5.118941072723508,
    "S": -2.949016071281195,
    "T": -3.533978572002351,
    "V": -3.797012977836145,
    "W": "-inf",
    "Y": "-inf"
  },
  "0": {
    "A": "-inf",
    "C": "-inf",
    "D": "-inf",
    "E": 0.0,
    "F": "-inf",
    "G": "-inf",
    "H": "-inf",
    "I": "-inf",
    "K": "-inf",
    "L": "-inf",
    "M": "-inf",
    "N": "-inf",
    "P": "-inf",
    "Q": "-inf",
    "R": "-inf",
    "S": "-inf",
    "T": "-inf",
    "V": "-inf",
    "W": "-inf",
    "Y": "-inf"
  },
  "+1": {
    "A": -4.311586150665903,
    "C": -7.118941072723508,
    "D": -4.118941072723508,
    "E": -3.212050477114989,
    "F": -4.797012977836145,
    "G": -3.533978572002351,
    "H": -7.118941072723508,
    "I": -4.118941072723508,
    "K": -3.6595094540862103,
    "L": -4.118941072723508,
    "M": -5.5339785720023515,
    "N": -5.5339785720023515,
    "P": -3.949016071281195,
    "Q": -4.5339785720023515,
    "R": -3.797012977836145,
    "S": -4.118941072723508,
    "T": "-inf",
    "V": -4.118941072723508,
    "W": "-inf",
    "Y": -3.118941072723507
  },
  "+2": {
    "A": -3.949016071281195,
    "C": -7.118941072723508,
    "D": -4.118941072723508,
    "E": -2.533978572002351,
    "F": -6.118941072723508,
    "G": -6.118941072723508,
    "H": -5.118941072723508,
    "I": -4.797012977836145,
    "K": -3.949016071281195,
    "L": -3.4185013545824154,
    "M": -4.797012977836145,
    "N": -6.118941072723508,
    "P": -4.118941072723508,
    "Q": -3.6595094540862103,
    "R": -5.5339785720023515,
    "S": -3.797012977836145,
    "T": -3.949016071281195,
    "V": -4.118941072723508,
    "W": "-inf",
    "Y": -4.797012977836145
  },
  "+3": {
    "A": -3.212050477114989,
    "C": -7.118941072723508,
    "D": -3.797012977836145,
    "E": -4.311586150665903,
    "F": -4.797012977836145,
    "G": -4.797012977836145,
    "H": -5.118941072723508,
    "I": -5.5339785720023515,
    "K": -3.4185013545824154,
    "L": -4.797012977836145,
    "M": -5.5339785720023515,
    "N": -5.118941072723508,
    "P": -3.3115861506659034,
    "Q": -5.5339785720023515,
    "R": -3.212050477114989,
    "S": -3.3115861506659034,
    "T": -4.118941072723508,
    "V": -4.5339785720023515,
    "W": -6.118941072723508,
    "Y": -7.118941072723508
  },
  "+4": {
    "A": -3.797012977836145,