{
  "-10": {
    "A": -5.285402218862249,
    "C": "-inf",
    "D": -2.478047296804644,
    "E": -3.2854022188622483,
    "F": "-inf",
    "G": -5.285402218862249,
    "H": "-inf",
    "I": "-inf",
    "K": -4.285402218862249,
    "L": -3.700439718141092,
    "M": "-inf",
    "N": "-inf",
    "P": -2.478047296804644,
    "Q": -3.2854022188622483,
    "R": -3.700439718141092,
    "S": "-inf",
    "T": -3.2854022188622483,
    "V": -5.285402218862249,
    "W": "-inf",
    "Y": -5.285402218862249
  },
  "-9": {
    "A": -5.285402218862249,
    "C": "-inf",
    "D": -4.285402218862249,
    "E": -4.285402218862249,
    "F": -4.285402218862249,
    "G": -2.700439718141092,
    "H": "-inf",
    "I": -4.285402218862249,
    "K": -3.700439718141092,
    "L": -3.2854022188622483,
    "M": "-inf",
    "N": "-inf",
    "P": -2.963474123974886,
    "Q": -5.285402218862249,
    "R": -4.285402218862249,
    "S": -2.963474123974886,
    "T": "-inf",
    "V": -4.285402218862249,
    "W": "-inf",
    "Y": -5.285402218862249
  },
  "-8": {
    "A": -5.285402218862249,
    "C": -5.285402218862249,
    "D": -3.2854022188622483,
    "E": -3.2854022188622483,
    "F": "-inf",
    "G": -4.285402218862249,
    "H": -5.285402218862249,
    "I": -5.285402218862249,
    "K": -5.285402218862249,
    "L": -3.2854022188622483,
    "M": "-inf",
    "N": -4.285402218862249,
    "P": -3.2854022188622483,
    "Q": -3.700439718141092,
    "R": -4.285402218862249,
    "S": -3.2854022188622483,
    "T": "-inf",
    "V": -4.285402218862249,
    "W": "-inf",
    "Y": -4.285402218862249
  },
  "-7": {
    "A": -3.2854022188622483,
    "C": -5.285402218862249,
    "D": -3.700439718141092,
    "E": "-inf",
    "F": "-inf",
    "G": -4.285402218862249,
    "H": "-inf",
    "I": -4.285402218862249,
    "K": -5.285402218862249,
    "L": -5.285402218862249,
    "M": -4.285402218862249,
    "N": "-inf",
    "P": -3.2854022188622483,
    "Q": -4.285402218862249,
    "R": -5.285402218862249,
    "S": -5.285402218862249,
    "T": -3.2854022188622483,
    "V": -3.700439718141092,
    "W": -4.285402218862249,
    "Y": -2.963474123974886
  },
  "-6": {
    "A": -4.285402218862249,
    "C": "-inf",
    "D": -4.285402218862249,
    "E": "-inf",
    "F": -4.285402218862249,
    "G": -5.285402218862249,
    "H": "-inf",
    "I": -3.700439718141092,
    "K": -4.285402218862249,
    "L": -3.2854022188622483,
    "M": "-inf",
    "N": -5.285402218862249,
    "P": "-inf",
    "Q": -4.285402218862249,
    "R": -4.285402218862249,
    "S": -1.8259706002249512,
    "T": -4.285402218862249,
    "V": -3.2854022188622483,
    "W": "-inf",
    "Y": "-inf"
  },
  "-5": {
    "A": -5.285402218862249,
    "C": -4.285402218862249,
    "D": -3.700439718141092,
    "E": -3.2854022188622483,
    "F": -5.285402218862249,
    "G": -3.700439718141092,
    "H": "-inf",
    "I": -4.285402218862249,
    "K": -3.2854022188622483,
    "L": -4.285402218862249,
    "M": "-inf",
    "N": -3.2854022188622483,
    "P": -3.2854022188622483,
    "Q": -3.700439718141092,
    "R": -3.700439718141092,
    "S": -5.285402218862249,
    "T": -5.285402218862249,
    "V": "-inf",
    "W": "-inf",
    "Y": "-inf"
  },
  "-4": {
    "A": -3.2854022188622483,
    "C": "-inf",
    "D": -3.700439718141092,
    "E": -5.285402218862249,
    "F": -5.285402218862249,
    "G": -5.285402218862249,
    "H": "-inf",
    "I": -4.285402218862249,
    "K": -5.285402218862249,
    "L": -5.285402218862249,
    "M": -5.285402218862249,
    "N": -4.285402218862249,
    "P": -2.700439718141092,
    "Q": -4.285402218862249,
    "R": -3.700439718141092,
    "S": -2.700439718141092,
    "T": -4.285402218862249,
    "V": -4.285402218862249,
    "W": "-inf",
    "Y": "-inf"
  },
  "-3": {
    "A": -3.2854022188622483,
    "C": "-inf",
    "D": -5.285402218862249,
    "E": -4.285402218862249,
    "F": -4.285402218862249,
    "G": -4.285402218862249,
    "H": "-inf",
    "I": -5.285402218862249,
    "K": -4.285402218862249,
    "L": -5.285402218862249,
    "M": "-inf",
    "N": -4.285402218862249,
    "P": -1.963474123974886,
    "Q": -5.285402218862249,
    "R": -5.285402218862249,
    "S": -3.2854022188622483,
    "T": -5.285402218862249,
    "V": -4.285402218862249,
    "W": "-inf",
    "Y": -4.285402218862249
  },
  "-2": {
    "A": -2.963474123974886,
    "C": "-inf",
    "D": -5.285402218862249,
    "E": -3.2854022188622483,
    "F": -5.285402218862249,
    "G": -4.285402218862249,
    "H": "-inf",
    "I": -5.285402218862249,
    "K": -5.285402218862249,
    "L": -2.963474123974886,
    "M": -5.285402218862249,
    "N": -5.285402218862249,
    "P": -5.285402218862249,
    "Q": -5.285402218862249,
    "R": -3.2854022188622483,
    "S": -2.700439718141092,
    "T": -4.285402218862249,
    "V": -3.700439718141092,
    "W": "-inf",
    "Y": "-inf"
  },
  "-1": {
    "A": -3.700439718141092,
    "C": "-inf",
    "D": -4.285402218862249,
    "E": -3.700439718141092,
    "F": -4.285402218862249,
    "G": -2.700439718141092,
    "H": -3.700439718141092,
    "I": -5.285402218862249,
    "K": -5.285402218862249,
    "L": -4.285402218862249,
    "M": -5.285402218862249,
    "N": "-inf",
    "P": -3.700439718141092,
    "Q": -5.285402218862249,
    "R": -4.285402218862249,
    "S": -3.700439718141092,
    "T": -2.963474123974886,
    "V": "-inf",
    "W": "-inf",
    "Y": -5.285402218862249
  },
  "0": {
    "A": "-inf",
    "C": "-inf",
    "D": "-inf",
    "E": "-inf",
    "F": 0.0,
    "G": "-inf",
    "H": "-inf",
    "I": "-inf",
    "K": "-inf",
    "L": "-inf",
    "M": "-inf",
    "N": "-inf",
    "P": "-inf",
    "Q": "-inf",
    "R": "-inf",
    "S": "-inf",
    "T": "-inf",
    "V": "-inf",
    "W": "-inf",
    "Y": "-inf"
  },
  "+1": {
    "A": -5.285402218862249,
    "C": "-inf",
    "D": -3.700439718141092,
    "E": "-inf",
    "F": "-inf",
    "G": -3.700439718141092,
    "H": -5.285402218862249,
    "I": "-inf",
    "K": -4.285402218862249,
    "L": "-inf",
    "M": -5.285402218862249,
    "N": -5.285402218862249,
    "P": -4.285402218862249,
    "Q": -2.963474123974886,
    "R": -4.285402218862249,
    "S": -1.8259706002249512,
    "T": -5.285402218862249,
    "V": -3.700439718141092,
    "W": "-inf",
    "Y": -3.700439718141092
  },
  "+2": {
    "A": -2.478047296804644,
    "C": "-inf",
    "D": -3.700439718141092,
    "E": -2.963474123974886,
    "F": -5.285402218862249,
    "G": -5.285402218862249,
    "H": -5.285402218862249,
    "I": -5.285402218862249,
    "K": -3.2854022188622483,
    "L": -4.285402218862249,
    "M": -5.285402218862249,
    "N": -3.2854022188622483,
    "P": -4.285402218862249,
    "Q": -5.285402218862249,
    "R": -3.2854022188622483,
    "S": -4.285402218862249,
    "T": "-inf",
    "V": "-inf",
    "W": "-inf",
    "Y": "-inf"
  },
  "+3": {
    "A": -5.285402218862249,
    "C": "-inf",
    "D": -3.700439718141092,
    "E": -3.2854022188622483,
    "F": -4.285402218862249,
    "G": -5.285402218862249,
    "H": "-inf",
    "I": "-inf",
    "K": -3.700439718141092,
    "L": -3.700439718141092,
    "M": -5.285402218862249,
    "N": -5.285402218862249,
    "P": -3.2854022188622483,
    "Q": -5.285402218862249,
    "R": -2.963474123974886,
    "S": -2.963474123974886,
    "T": -5.285402218862249,
    "V": -5.285402218862249,
    "W": -5.285402218862249,
    "Y": -4.285402218862249
  },
  "+4": {
    "A": "-inf",
    "C": "-inf",
    "D": -5.285402218862249,
    "E": -2.115477217419936,
    "F": "-inf",
    "G": -5.285402218862249,
    "H": -5.285402218862249,
    "I": -5.285402218862249,
    "K": -3.700439718141092,
    "L": -3.2854022188622483,
    "M": -4.285402218862249,
    "N": "-inf",
    "P": -2.700439718141092,
    "Q": -5.285402218862249,
    "R": "-inf",
    "S": -3.700439718141092,
    "T": -3.700439718141092,
    "V": "-inf",
    "W": "-inf",
    "Y": -3.2854022188622483
  },
  "+5": {
    "A": -4.285402218862249,
    "C": "-inf",
    "D": -5.285402218862249,
    "E": -2.478047296804644,
    "F": "-inf",