{
  "-10": {
    "A": -4.459431618637297,
    "C": -5.78135971352466,
    "D": -4.459431618637297,
    "E": -5.196397212803504,
    "F": -6.78135971352466,
    "G": -3.6114347120823473,
    "H": -6.78135971352466,
    "I": -3.7813597135246595,
    "K": -3.9740047914670558,
    "L": -3.1963972128035034,
    "M": -5.196397212803504,
    "N": -5.78135971352466,
    "P": -3.4594316186372973,
    "Q": -6.78135971352466,
    "R": -3.7813597135246595,
    "S": -2.7813597135246595,
    "T": -3.7813597135246595,
    "V": -4.459431618637297,
    "W": -6.78135971352466,
    "Y": -6.78135971352466
  },
  "-9": {
    "A": -3.9740047914670558,
    "C": -4.459431618637297,
    "D": -4.78135971352466,
    "E": -4.196397212803504,
    "F": -5.196397212803504,
    "G": -4.196397212803504,
    "H": -5.196397212803504,
    "I": -4.78135971352466,
    "K": -3.7813597135246595,
    "L": -4.78135971352466,
    "M": "-inf",
    "N": -4.459431618637297,
    "P": -3.1963972128035034,
    "Q": -4.78135971352466,
    "R": -3.9740047914670558,
    "S": -3.0809199953835673,
    "T": -3.321928094887362,
    "V": -5.196397212803504,
    "W": -6.78135971352466,
    "Y": -5.78135971352466
  },
  "-8": {
    "A": -3.9740047914670558,
    "C": "-inf",
    "D": -4.196397212803504,
    "E": -3.9740047914670558,
    "F": -5.78135971352466,
    "G": -3.9740047914670558,
    "H": -5.196397212803504,
    "I": -5.196397212803504,
    "K": -3.9740047914670558,
    "L": -3.7813597135246595,
    "M": -6.78135971352466,
    "N": -6.78135971352466,
    "P": -3.4594316186372973,
    "Q": -4.459431618637297,
    "R": -3.0809199953835673,
    "S": -3.0809199953835673,
    "T": -5.78135971352466,
    "V": -3.321928094887362,
    "W": "-inf",
    "Y": -5.78135971352466
  },
  "-7": {
    "A": -3.1963972128035034,
    "C": "-inf",
    "D": -4.78135971352466,
    "E": -3.7813597135246595,
    "F": -6.78135971352466,
    "G": -4.78135971352466,
    "H": -5.196397212803504,
    "I": -5.196397212803504,
    "K": -4.78135971352466,
    "L": -3.7813597135246595,
    "M": -6.78135971352466,
    "N": -5.196397212803504,
    "P": -3.6114347120823473,
    "Q": -4.459431618637297,
    "R": -3.6114347120823473,
    "S": -2.3890422907458992,
    "T": -4.459431618637297,
    "V": -4.196397212803504,
    "W": -6.78135971352466,
    "Y": -6.78135971352466
  },
  "-6": {
    "A": -2.5334322000810743,
    "C": -6.78135971352466,
    "D": -4.196397212803504,
    "E": -6.78135971352466,
    "F": -5.78135971352466,
    "G": -3.6114347120823473,
    "H": -6.78135971352466,
    "I": "-inf",
    "K": -4.78135971352466,
    "L": -2.9740047914670558,
    "M": -5.196397212803504,
    "N": -5.78135971352466,
    "P": -3.4594316186372973,
    "Q": -4.196397212803504,
    "R": -5.196397212803504,
    "S": -3.321928094887362,
    "T": -3.7813597135246595,
    "V": -5.196397212803504,
    "W": -5.78135971352466,
    "Y": -5.196397212803504
  },
  "-5": {
    "A": -3.9740047914670558,
    "C": -5.78135971352466,
    "D": -4.196397212803504,
    "E": -5.196397212803504,
    "F": -4.459431618637297,
    "G": -3.9740047914670558,
    "H": -5.196397212803504,
    "I": -4.196397212803504,
    "K": -3.6114347120823473,
    "L": -3.6114347120823473,
    "M": -5.78135971352466,
    "N": -4.459431618637297,
    "P": -3.6114347120823473,
    "Q": -3.6114347120823473,
    "R": -3.9740047914670558,
    "S": -3.4594316186372973,
    "T": -4.196397212803504,
    "V": -5.78135971352466,
    "W": "-inf",
    "Y": -5.78135971352466
  },
  "-4": {
    "A": -3.6114347120823473,
    "C": "-inf",
    "D": -3.9740047914670558,
    "E": -3.1963972128035034,
    "F": -5.78135971352466,
    "G": -3.6114347120823473,
    "H": "-inf",
    "I": -5.78135971352466,
    "K": -5.196397212803504,
    "L": -4.78135971352466,
    "M": -5.78135971352466,
    "N": -5.196397212803504,
    "P": -3.6114347120823473,
    "Q": -3.7813597135246595,
    "R": -3.6114347120823473,
    "S": -3.0809199953835673,
    "T": -3.321928094887362,
    "V": -3.9740047914670558,
    "W": "-inf",
    "Y": "-inf"
  },
  "-3": {
    "A": -3.6114347120823473,
    "C": -6.78135971352466,
    "D": -4.196397212803504,
    "E": -2.8744691179161412,
    "F": -4.459431618637297,
    "G": -3.7813597135246595,
    "H": "-inf",
    "I": -5.78135971352466,
    "K": -5.196397212803504,
    "L": -3.6114347120823473,
    "M": "-inf",
    "N": -5.196397212803504,
    "P": -2.6938968722743204,
    "Q": -5.196397212803504,
    "R": -4.196397212803504,
    "S": -3.7813597135246595,
    "T": -4.459431618637297,
    "V": -3.7813597135246595,
    "W": "-inf",
    "Y": -5.78135971352466
  },
  "-2": {
    "A": -2.8744691179161412,
    "C": -6.78135971352466,
    "D": -4.459431618637297,
    "E": -3.321928094887362,
    "F": -5.196397212803504,
    "G": -3.321928094887362,
    "H": -4.78135971352466,
    "I": -5.196397212803504,
    "K": -3.9740047914670558,
    "L": -3.6114347120823473,
    "M": "-inf",
    "N": -6.78135971352466,
    "P": -3.9740047914670558,
    "Q": -5.196397212803504,
    "R": -4.459431618637297,
    "S": -3.4594316186372973,
    "T": -3.6114347120823473,
    "V": -4.78135971352466,
    "W": "-inf",
    "Y": -5.78135971352466
  },
  "-1": {
    "A": -3.1963972128035034,
    "C": -6.78135971352466,
    "D": -3.9740047914670558,
    "E": -4.78135971352466,
    "F": "-inf",
    "G": -3.0809199953835673,
    "H": -6.78135971352466,
    "I": -4.459431618637297,
    "K": -4.78135971352466,
    "L": -3.1963972128035034,
    "M": -6.78135971352466,
    "N": -5.196397212803504,
    "P": -2.8744691179161412,
    "Q": -5.196397212803504,
    "R": -4.78135971352466,
    "S": -3.1963972128035034,
    "T": -5.196397212803504,
    "V": -4.196397212803504,
    "W": -5.78135971352466,
    "Y": -5.78135971352466
  },
  "0": {
    "A": "-inf",
    "C": "-inf",
    "D": "-inf",
    "E": "-inf",
    "F": "-inf",
    "G": 0.0,
    "H": "-inf",
    "I": "-inf",
    "K": "-inf",
    "L": "-inf",
    "M": "-inf",
    "N": "-inf",
    "P": "-inf",
    "Q": "-inf",
    "R": "-inf",
    "S": "-inf",
    "T": "-inf",
    "V": "-inf",
    "W": "-inf",
    "Y": "-inf"
  },
  "+1": {
    "A": -4.196397212803504,
    "C": "-inf",
    "D": -4.78135971352466,
    "E": -3.7813597135246595,
    "F": -5.78135971352466,
    "G": -3.0809199953835673,
    "H": -6.78135971352466,
    "I": -4.78135971352466,
    "K": -3.9740047914670558,
    "L": -4.459431618637297,
    "M": -6.78135971352466,
    "N": "-inf",
    "P": -3.7813597135246595,
    "Q": -3.9740047914670558,
    "R": -3.9740047914670558,
    "S": -2.321928094887362,
    "T": -5.196397212803504,
    "V": -4.196397212803504,
    "W": -6.78135971352466,
    "Y": -4.459431618637297
  },
  "+2": {
    "A": -3.1963972128035034,
    "C": -5.78135971352466,
    "D": -4.78135971352466,
    "E": -3.9740047914670558,
    "F": -6.78135971352466,
    "G": -3.321928094887362,
    "H": -4.78135971352466,
    "I": -5.196397212803504,
    "K": -5.196397212803504,
    "L": -3.4594316186372973,
    "M": -6.78135971352466,
    "N": -5.78135971352466,
    "P": -2.8744691179161412,
    "Q": -4.78135971352466,
    "R": -4.196397212803504,
    "S": -3.0809199953835673,
    "T": -4.196397212803504,
    "V": -5.78135971352466,
    "W": "-inf",
    "Y": -4.78135971352466
  },
  "+3": {
    "A": -3.4594316186372973,
    "C": -5.78135971352466,
    "D": -5.196397212803504,
    "E": -3.6114347120823473,
    "F": -6.78135971352466,
    "G": -3.1963972128035034,
    "H": -4.459431618637297,
    "I": -5.196397212803504,
    "K": -4.78135971352466,
    "L": -3.6114347120823473,
    "M": "-inf",
    "N": -4.459431618637297,
    "P": -3.6114347120823473,
    "Q": -4.78135971352466,
    "R": -3.4594316186372973,
    "S": -3.321928094887362,
    "T": -4.459431618637297,
    "V": -4.78135971352466,
    "W": -6.78135971352466,
    "Y": -5.196397212803504
  },
  "+4": {
    "A": -3.0809199953835673,
    "C": -5.78135971352466,
    "D": -4.459431618637297,
    "E": -4.459431618637297,
    "F": -6.78135971352466,