{
  "-10": {
    "A": -3.741081702638438,
    "C": -5.870364719583405,
    "D": -4.012383724455832,
    "E": -4.012383724455832,
    "F": -4.870364719583405,
    "G": -3.741081702638438,
    "H": -6.285402218862249,
    "I": -4.285402218862249,
    "K": -4.2265085298086795,
    "L": -3.825970600224951,
    "M": -5.285402218862249,
    "N": -5.4109331009461075,
    "P": -4.870364719583405,
    "Q": -4.963474123974886,
    "R": -4.169925001442312,
    "S": -4.115477217419936,
    "T": -3.9161684091965294,
    "V": -3.8703647195834043,
    "W": -7.285402218862249,
    "Y": -5.169925001442312
  },
  "-9": {
    "A": -3.478047296804644,
    "C": -6.0630097975258,
    "D": -4.548436624696042,
    "E": -3.825970600224951,
    "F": -4.346802763526392,
    "G": -4.478047296804644,
    "H": -6.285402218862249,
    "I": -4.548436624696042,
    "K": -3.700439718141092,
    "L": -3.825970600224951,
    "M": -5.285402218862249,
    "N": -5.0630097975258,
    "P": -5.0630097975258,
    "Q": -4.782901878333065,
    "R": -3.6609113539544547,
    "S": -3.963474123974886,
    "T": -4.548436624696042,
    "V": -3.9161684091965294,
    "W": -6.285402218862249,
    "Y": -5.4109331009461075
  },
  "-8": {
    "A": -4.0630097975258,
    "C": -7.285402218862249,
    "D": -4.012383724455832,
    "E": -4.285402218862249,
    "F": -6.0630097975258,
    "G": -4.115477217419936,
    "H": -5.870364719583405,
    "I": -3.963474123974886,
    "K": -4.285402218862249,
    "L": -3.1699250014423126,
    "M": -4.622437206139819,
    "N": -5.285402218862249,
    "P": -5.700439718141092,
    "Q": -5.548436624696042,
    "R": -3.478047296804644,
    "S": -4.4109331009461075,
    "T": -4.0630097975258,
    "V": -3.315775867905767,
    "W": -6.285402218862249,
    "Y": -5.548436624696042
  },
  "-7": {
    "A": -4.0630097975258,
    "C": -8.870364719583405,
    "D": -4.169925001442312,
    "E": -3.741081702638438,
    "F": -5.285402218862249,
    "G": -3.622437206139819,
    "H": -4.963474123974886,
    "I": -4.4109331009461075,
    "K": -4.285402218862249,
    "L": -3.584962500721156,
    "M": -4.622437206139819,
    "N": -4.346802763526392,
    "P": -4.622437206139819,
    "Q": -4.4109331009461075,
    "R": -3.9161684091965294,
    "S": -4.169925001442312,
    "T": -4.169925001442312,
    "V": -4.346802763526392,
    "W": "-inf",
    "Y": -4.963474123974886
  },
  "-6": {
    "A": -3.741081702638438,
    "C": -8.870364719583405,
    "D": -4.548436624696042,
    "E": -4.012383724455832,
    "F": -4.4109331009461075,
    "G": -4.478047296804644,
    "H": -5.548436624696042,
    "I": -4.2265085298086795,
    "K": -3.782901878333065,
    "L": -3.3468027635263917,
    "M": -5.0630097975258,
    "N": -4.622437206139819,
    "P": -4.870364719583405,
    "Q": -4.548436624696042,
    "R": -3.963474123974886,
    "S": -4.115477217419936,
    "T": -4.115477217419936,
    "V": -3.741081702638438,
    "W": -8.870364719583405,
    "Y": -4.870364719583405
  },
  "-5": {
    "A": -4.012383724455832,
    "C": -6.870364719583405,
    "D": -4.478047296804644,
    "E": -4.169925001442312,
    "F": -4.782901878333065,
    "G": -3.512812714965321,
    "H": -5.700439718141092,
    "I": -3.6609113539544547,
    "K": -4.285402218862249,
    "L": -3.0630097975258,
    "M": -4.548436624696042,
    "N": -4.870364719583405,
    "P": -5.0630097975258,
    "Q": -4.700439718141092,
    "R": -3.8703647195834043,
    "S": -3.8703647195834043,
    "T": -4.782901878333065,
    "V": -4.0630097975258,
    "W": -8.870364719583405,
    "Y": -5.169925001442312
  },
  "-4": {
    "A": -3.478047296804644,
    "C": -7.870364719583405,
    "D": -4.548436624696042,
    "E": -4.169925001442312,
    "F": -5.285402218862249,
    "G": -3.825970600224951,
    "H": -5.4109331009461075,
    "I": -4.115477217419936,
    "K": -4.548436624696042,
    "L": -3.1979393776119087,
    "M": -5.285402218862249,
    "N": -5.700439718141092,
    "P": -5.548436624696042,
    "Q": -4.4109331009461075,
    "R": -3.741081702638438,
    "S": -3.4109331009461075,
    "T": -3.782901878333065,
    "V": -3.741081702638438,
    "W": "-inf",
    "Y": -5.169925001442312
  },
  "-3": {
    "A": -3.9161684091965294,
    "C": -7.285402218862249,
    "D": -4.478047296804644,
    "E": -3.782901878333065,
    "F": -5.548436624696042,
    "G": -4.012383724455832,
    "H": -5.4109331009461075,
    "I": -4.2265085298086795,
    "K": -4.0630097975258,
    "L": -3.22650852980868,
    "M": -4.478047296804644,
    "N": -4.4109331009461075,
    "P": -5.4109331009461075,
    "Q": -4.870364719583405,
    "R": -3.622437206139819,
    "S": -3.8703647195834043,
    "T": -3.741081702638438,
    "V": -3.9161684091965294,
    "W": "-inf",
    "Y": -5.169925001442312
  },
  "-2": {
    "A": -3.825970600224951,
    "C": -7.870364719583405,
    "D": -4.478047296804644,
    "E": -4.548436624696042,
    "F": -5.169925001442312,
    "G": -4.0630097975258,
    "H": -6.0630097975258,
    "I": -3.4440999648813064,
    "K": -4.0630097975258,
    "L": -3.1699250014423126,
    "M": -4.346802763526392,
    "N": -4.870364719583405,
    "P": -4.700439718141092,
    "Q": -4.700439718141092,
    "R": -4.346802763526392,
    "S": -3.6609113539544547,
    "T": -4.012383724455832,
    "V": -3.478047296804644,
    "W": -8.870364719583405,
    "Y": -5.169925001442312
  },
  "-1": {
    "A": -3.622437206139819,
    "C": -6.548436624696042,
    "D": -4.012383724455832,
    "E": -4.548436624696042,
    "F": -6.285402218862249,
    "G": -4.169925001442312,
    "H": -5.548436624696042,
    "I": -3.6609113539544547,
    "K": -3.963474123974886,
    "L": -3.825970600224951,
    "M": -4.963474123974886,
    "N": -5.548436624696042,
    "P": -4.169925001442312,
    "Q": -4.346802763526392,
    "R": -3.963474123974886,
    "S": -2.963474123974886,
    "T": -4.169925001442312,
    "V": -3.8703647195834043,
    "W": "-inf",
    "Y": -5.285402218862249
  },
  "0": {
    "A": "-inf",
    "C": "-inf",
    "D": "-inf",
    "E": "-inf",
    "F": "-inf",
    "G": "-inf",
    "H": 0.0,
    "I": "-inf",
    "K": "-inf",
    "L": "-inf",
    "M": "-inf",
    "N": "-inf",
    "P": "-inf",
    "Q": "-inf",
    "R": "-inf",
    "S": "-inf",
    "T": "-inf",
    "V": "-inf",
    "W": "-inf",
    "Y": "-inf"
  },
  "+1": {
    "A": -3.548436624696042,
    "C": -7.870364719583405,
    "D": -4.012383724455832,
    "E": -3.548436624696042,
    "F": -4.346802763526392,
    "G": -3.142444265020205,
    "H": -5.548436624696042,
    "I": -3.6609113539544547,
    "K": -4.782901878333065,
    "L": -3.584962500721156,
    "M": -6.0630097975258,
    "N": -4.782901878333065,
    "P": -4.622437206139819,
    "Q": -4.548436624696042,
    "R": -4.782901878333065,
    "S": -3.6609113539544547,
    "T": -4.870364719583405,
    "V": -4.115477217419936,
    "W": -7.285402218862249,
    "Y": -4.963474123974886
  },
  "+2": {
    "A": -3.963474123974886,
    "C": -6.548436624696042,
    "D": -4.622437206139819,
    "E": -4.622437206139819,
    "F": -5.700439718141092,
    "G": -4.285402218862249,
    "H": -5.169925001442312,
    "I": -3.963474123974886,
    "K": -4.012383724455832,
    "L": -2.939627382020518,
    "M": -4.700439718141092,
    "N": -4.4109331009461075,
    "P": -4.0630097975258,
    "Q": -4.2265085298086795,
    "R": -3.8703647195834043,
    "S": -3.622437206139819,
    "T": -3.9161684091965294,
    "V": -4.622437206139819,
    "W": -6.285402218862249,
    "Y": -5.548436624696042
  },
  "+3": {
    "A": -4.0630097975258,
    "C": -6.0630097975258,
    "D": -3.9161684091965294,
    "E": -4.700439718141092,
    "F": -4.622437206139819,
    "G": -3.963474123974886,
    "H": -5.169925001442312,
    "I": -4.285402218862249,
    "K": -3.622437206139819,
    "L": -3.584962500721156,
    "M": -6.285402218862249,
    "N": -5.0630097975258,
    "P": -4.169925001442312,
    "Q": -4.963474123974886,
    "R": -3.478047296804644,
    "S": -3.741081702638438,
    "T": -3.700439718141092,
    "V": -4.0630097975258,
    "W": -8.870364719583405,