{
  "-10": {
    "A": -3.94251450533924,
    "C": "-inf",
    "D": -3.7725895038969277,
    "E": -3.7725895038969277,
    "F": -4.94251450533924,
    "G": -2.8550516640889003,
    "H": -4.94251450533924,
    "I": -6.94251450533924,
    "K": -3.94251450533924,
    "L": -3.035623909730721,
    "M": -5.94251450533924,
    "N": -6.94251450533924,
    "P": -3.357552004618084,
    "Q": -5.94251450533924,
    "R": -4.135159583281636,
    "S": -3.357552004618084,
    "T": -4.94251450533924,
    "V": -4.357552004618084,
    "W": "-inf",
    "Y": -5.94251450533924
  },
  "-9": {
    "A": -4.357552004618084,
    "C": -6.94251450533924,
    "D": -3.2420747871981477,
    "E": -3.357552004618084,
    "F": -5.94251450533924,
    "G": -4.620586410451877,
    "H": "-inf",
    "I": -4.94251450533924,
    "K": -3.4830828867019425,
    "L": -2.94251450533924,
    "M": -5.94251450533924,
    "N": -5.357552004618084,
    "P": -3.94251450533924,
    "Q": -4.135159583281636,
    "R": -4.620586410451877,
    "S": -3.035623909730721,
    "T": -4.357552004618084,
    "V": -5.94251450533924,
    "W": -6.94251450533924,
    "Y": -4.94251450533924
  },
  "-8": {
    "A": -3.4830828867019425,
    "C": -5.94251450533924,
    "D": -3.357552004618084,
    "E": -4.94251450533924,
    "F": -6.94251450533924,
    "G": -3.7725895038969277,
    "H": -4.357552004618084,
    "I": -5.94251450533924,
    "K": -3.6205864104518777,
    "L": -4.357552004618084,
    "M": -4.94251450533924,
    "N": -3.7725895038969277,
    "P": -4.620586410451877,
    "Q": -4.357552004618084,
    "R": -3.94251450533924,
    "S": -3.2420747871981477,
    "T": -4.94251450533924,
    "V": -4.357552004618084,
    "W": -5.94251450533924,
    "Y": -5.357552004618084
  },
  "-7": {
    "A": -4.357552004618084,
    "C": "-inf",
    "D": -3.94251450533924,
    "E": -4.135159583281636,
    "F": -5.357552004618084,
    "G": -3.94251450533924,
    "H": -5.94251450533924,
    "I": -5.357552004618084,
    "K": -3.4830828867019425,
    "L": -3.4830828867019425,
    "M": -5.94251450533924,
    "N": "-inf",
    "P": -3.1351595832816357,
    "Q": -5.94251450533924,
    "R": -3.357552004618084,
    "S": -2.7725895038969277,
    "T": -5.357552004618084,
    "V": -4.135159583281636,
    "W": -5.94251450533924,
    "Y": -4.94251450533924
  },
  "-6": {
    "A": -4.620586410451877,
    "C": -5.94251450533924,
    "D": -5.94251450533924,
    "E": -3.7725895038969277,
    "F": -6.94251450533924,
    "G": -3.94251450533924,
    "H": "-inf",
    "I": -5.357552004618084,
    "K": -3.2420747871981477,
    "L": -3.2420747871981477,
    "M": -5.357552004618084,
    "N": -4.135159583281636,
    "P": -3.6205864104518777,
    "Q": -4.94251450533924,
    "R": -4.94251450533924,
    "S": -2.694586991895654,
    "T": -4.135159583281636,
    "V": -3.6205864104518777,
    "W": -6.94251450533924,
    "Y": -5.94251450533924
  },
  "-5": {
    "A": -4.357552004618084,
    "C": -5.94251450533924,
    "D": -4.94251450533924,
    "E": -3.94251450533924,
    "F": -5.357552004618084,
    "G": -3.6205864104518777,
    "H": -4.94251450533924,
    "I": -4.94251450533924,
    "K": -4.135159583281636,
    "L": -3.1351595832816357,
    "M": -6.94251450533924,
    "N": -4.135159583281636,
    "P": -3.94251450533924,
    "Q": -4.357552004618084,
    "R": -3.4830828867019425,
    "S": -3.4830828867019425,
    "T": -3.7725895038969277,
    "V": -4.94251450533924,
    "W": -5.94251450533924,
    "Y": -5.94251450533924
  },
  "-4": {
    "A": -4.357552004618084,
    "C": -6.94251450533924,
    "D": -3.4830828867019425,
    "E": -4.135159583281636,
    "F": -5.357552004618084,
    "G": -3.4830828867019425,
    "H": -4.94251450533924,
    "I": -4.94251450533924,
    "K": -4.620586410451877,
    "L": -2.7725895038969277,
    "M": -6.94251450533924,
    "N": -5.357552004618084,
    "P": -3.94251450533924,
    "Q": -5.357552004618084,
    "R": -3.7725895038969277,
    "S": -3.1351595832816357,
    "T": -4.620586410451877,
    "V": -3.6205864104518777,
    "W": "-inf",
    "Y": "-inf"
  },
  "-3": {
    "A": -3.7725895038969277,
    "C": -5.94251450533924,
    "D": -3.7725895038969277,
    "E": -3.6205864104518777,
    "F": -5.357552004618084,
    "G": -3.94251450533924,
    "H": -6.94251450533924,
    "I": -4.620586410451877,
    "K": -3.6205864104518777,
    "L": -3.4830828867019425,
    "M": -6.94251450533924,
    "N": -4.94251450533924,
    "P": -3.357552004618084,
    "Q": -4.94251450533924,
    "R": -4.135159583281636,
    "S": -3.1351595832816357,
    "T": -4.620586410451877,
    "V": -4.620586410451877,
    "W": -5.94251450533924,
    "Y": -6.94251450533924
  },
  "-2": {
    "A": -3.94251450533924,
    "C": "-inf",
    "D": -4.135159583281636,
    "E": -3.4830828867019425,
    "F": -5.357552004618084,
    "G": -4.620586410451877,
    "H": -3.94251450533924,
    "I": -4.620586410451877,
    "K": -3.94251450533924,
    "L": -4.135159583281636,
    "M": "-inf",
    "N": -5.94251450533924,
    "P": -4.357552004618084,
    "Q": -3.6205864104518777,
    "R": -3.6205864104518777,
    "S": -2.357552004618084,
    "T": -6.94251450533924,
    "V": -4.357552004618084,
    "W": -6.94251450533924,
    "Y": -6.94251450533924
  },
  "-1": {
    "A": -4.620586410451877,
    "C": "-inf",
    "D": -3.2420747871981477,
    "E": -4.357552004618084,
    "F": -5.357552004618084,
    "G": -4.357552004618084,
    "H": -5.357552004618084,
    "I": -5.357552004618084,
    "K": -4.620586410451877,
    "L": -3.357552004618084,
    "M": "-inf",
    "N": -4.357552004618084,
    "P": -3.357552004618084,
    "Q": -3.4830828867019425,
    "R": -4.357552004618084,
    "S": -3.4830828867019425,
    "T": -3.4830828867019425,
    "V": -4.94251450533924,
    "W": "-inf",
    "Y": -4.357552004618084
  },
  "0": {
    "A": "-inf",
    "C": "-inf",
    "D": "-inf",
    "E": "-inf",
    "F": "-inf",
    "G": "-inf",
    "H": "-inf",
    "I": "-inf",
    "K": "-inf",
    "L": 0.0,
    "M": "-inf",
    "N": "-inf",
    "P": "-inf",
    "Q": "-inf",
    "R": "-inf",
    "S": "-inf",
    "T": "-inf",
    "V": "-inf",
    "W": "-inf",
    "Y": "-inf"
  },
  "+1": {
    "A": -4.357552004618084,
    "C": -6.94251450533924,
    "D": -3.94251450533924,
    "E": -3.4830828867019425,
    "F": -5.94251450533924,
    "G": -3.94251450533924,
    "H": -5.357552004618084,
    "I": -6.94251450533924,
    "K": -3.94251450533924,
    "L": -3.94251450533924,
    "M": -5.357552004618084,
    "N": -4.357552004618084,
    "P": -3.7725895038969277,
    "Q": -5.357552004618084,
    "R": -4.135159583281636,
    "S": -2.8550516640889003,
    "T": -3.7725895038969277,
    "V": -4.94251450533924,
    "W": -6.94251450533924,
    "Y": -3.94251450533924
  },
  "+2": {
    "A": -4.135159583281636,
    "C": -6.94251450533924,
    "D": -3.6205864104518777,
    "E": -3.7725895038969277,
    "F": -4.94251450533924,
    "G": -4.620586410451877,
    "H": -5.94251450533924,
    "I": -6.94251450533924,
    "K": -3.1351595832816357,
    "L": -3.2420747871981477,
    "M": "-inf",
    "N": -4.135159583281636,
    "P": -3.6205864104518777,
    "Q": -4.357552004618084,
    "R": -3.94251450533924,
    "S": -3.1351595832816357,
    "T": -5.357552004618084,
    "V": -4.620586410451877,
    "W": -6.94251450533924,
    "Y": -5.94251450533924
  },
  "+3": {
    "A": -4.94251450533924,
    "C": "-inf",
    "D": -3.4830828867019425,
    "E": -3.357552004618084,
    "F": -4.357552004618084,
    "G": -4.620586410451877,
    "H": -6.94251450533924,
    "I": -6.94251450533924,
    "K": -4.357552004618084,
    "L": -3.035623909730721,
    "M": -5.357552004618084,
    "N": -4.94251450533924,
    "P": -3.94251450533924,
    "Q": -4.357552004618084,
    "R": -3.94251450533924,
    "S": -3.1351595832816357,
    "T": -4.357552004618084,
    "V": -3.7725895038969277,
    "W": -6.94251450533924,
    "Y": -6.94251450533924
  },
  "+4": {
    "A": -3.7725895038969277,
    "C": -5.94251450533924,
    "D": -4.135159583281636,
    "E": -4.620586410451877,