{
  "-10": {
    "A": -3.4854268271702415,
    "C": "-inf",
    "D": -5.807354922057605,
    "E": -3.222392421336448,
    "F": -5.807354922057605,
    "G": -4.807354922057605,
    "H": -4.807354922057605,
    "I": -5.807354922057605,
    "K": -3.4854268271702415,
    "L": -2.222392421336448,
    "M": -4.807354922057605,
    "N": -5.807354922057605,
    "P": -4.807354922057605,
    "Q": "-inf",
    "R": -4.222392421336448,
    "S": -2.6374299206152916,
    "T": "-inf",
    "V": -4.807354922057605,
    "W": -5.807354922057605,
    "Y": -5.807354922057605
  },
  "-9": {
    "A": -3.0,
    "C": "-inf",
    "D": -3.4854268271702415,
    "E": -4.222392421336448,
    "F": "-inf",
    "G": -4.807354922057605,
    "H": "-inf",
    "I": -4.807354922057605,
    "K": -4.807354922057605,
    "L": -2.4854268271702415,
    "M": "-inf",
    "N": -3.4854268271702415,
    "P": -5.807354922057605,
    "Q": -4.222392421336448,
    "R": -4.222392421336448,
    "S": -3.4854268271702415,
    "T": -4.807354922057605,
    "V": -4.222392421336448,
    "W": "-inf",
    "Y": -4.222392421336448
  },
  "-8": {
    "A": -4.807354922057605,
    "C": "-inf",
    "D": -5.807354922057605,
    "E": -4.222392421336448,
    "F": -4.222392421336448,
    "G": -4.222392421336448,
    "H": -2.807354922057604,
    "I": -5.807354922057605,
    "K": -4.222392421336448,
    "L": -4.807354922057605,
    "M": -4.222392421336448,
    "N": -4.807354922057605,
    "P": -4.807354922057605,
    "Q": -3.222392421336448,
    "R": -4.807354922057605,
    "S": -3.4854268271702415,
    "T": -3.222392421336448,
    "V": "-inf",
    "W": -4.807354922057605,
    "Y": -4.807354922057605
  },
  "-7": {
    "A": -4.222392421336448,
    "C": "-inf",
    "D": -5.807354922057605,
    "E": -3.4854268271702415,
    "F": -4.807354922057605,
    "G": -5.807354922057605,
    "H": -4.807354922057605,
    "I": -5.807354922057605,
    "K": -3.222392421336448,
    "L": -4.222392421336448,
    "M": -4.222392421336448,
    "N": -3.807354922057604,
    "P": -3.4854268271702415,
    "Q": -4.807354922057605,
    "R": -5.807354922057605,
    "S": -2.106915203916512,
    "T": -4.807354922057605,
    "V": "-inf",
    "W": "-inf",
    "Y": -4.807354922057605
  },
  "-6": {
    "A": -4.807354922057605,
    "C": "-inf",
    "D": -3.4854268271702415,
    "E": -3.4854268271702415,
    "F": -4.807354922057605,
    "G": -3.4854268271702415,
    "H": -5.807354922057605,
    "I": -4.807354922057605,
    "K": -3.807354922057604,
    "L": -3.4854268271702415,
    "M": -4.222392421336448,
    "N": -3.222392421336448,
    "P": "-inf",
    "Q": -4.222392421336448,
    "R": -4.807354922057605,
    "S": -5.807354922057605,
    "T": "-inf",
    "V": -2.4854268271702415,
    "W": "-inf",
    "Y": "-inf"
  },
  "-5": {
    "A": -3.0,
    "C": "-inf",
    "D": "-inf",
    "E": -3.222392421336448,
    "F": -4.807354922057605,
    "G": -3.0,
    "H": -3.0,
    "I": -5.807354922057605,
    "K": -4.222392421336448,
    "L": -3.807354922057604,
    "M": -5.807354922057605,
    "N": "-inf",
    "P": -3.807354922057604,
    "Q": -5.807354922057605,
    "R": -4.807354922057605,
    "S": -3.0,
    "T": -5.807354922057605,
    "V": -4.807354922057605,
    "W": "-inf",
    "Y": -5.807354922057605
  },
  "-4": {
    "A": -3.807354922057604,
    "C": "-inf",
    "D": -3.807354922057604,
    "E": -3.0,
    "F": -5.807354922057605,
    "G": -3.807354922057604,
    "H": "-inf",
    "I": -5.807354922057605,
    "K": -3.4854268271702415,
    "L": -4.222392421336448,
    "M": -4.807354922057605,
    "N": -5.807354922057605,
    "P": -2.222392421336448,
    "Q": -4.222392421336448,
    "R": "-inf",
    "S": -4.222392421336448,
    "T": -4.222392421336448,
    "V": -4.222392421336448,
    "W": "-inf",
    "Y": "-inf"
  },
  "-3": {
    "A": -4.807354922057605,
    "C": "-inf",
    "D": "-inf",
    "E": -2.0,
    "F": "-inf",
    "G": -4.807354922057605,
    "H": -5.807354922057605,
    "I": -5.807354922057605,
    "K": -3.807354922057604,
    "L": -4.222392421336448,
    "M": -4.807354922057605,
    "N": -5.807354922057605,
    "P": -3.4854268271702415,
    "Q": -4.222392421336448,
    "R": -3.807354922057604,
    "S": -2.4854268271702415,
    "T": "-inf",
    "V": -4.807354922057605,
    "W": "-inf",
    "Y": -4.807354922057605
  },
  "-2": {
    "A": -3.4854268271702415,
    "C": "-inf",
    "D": -4.222392421336448,
    "E": "-inf",
    "F": "-inf",
    "G": -3.807354922057604,
    "H": "-inf",
    "I": -5.807354922057605,
    "K": "-inf",
    "L": -4.807354922057605,
    "M": "-inf",
    "N": -4.807354922057605,
    "P": -4.222392421336448,
    "Q": -5.807354922057605,
    "R": -4.222392421336448,
    "S": -1.4854268271702418,
    "T": -3.4854268271702415,
    "V": -3.222392421336448,
    "W": "-inf",
    "Y": -5.807354922057605
  },
  "-1": {
    "A": -4.222392421336448,
    "C": "-inf",
    "D": -4.807354922057605,
    "E": -3.807354922057604,
    "F": "-inf",
    "G": -4.807354922057605,
    "H": -5.807354922057605,
    "I": -4.807354922057605,
    "K": -4.807354922057605,
    "L": -3.4854268271702415,
    "M": "-inf",
    "N": -3.4854268271702415,
    "P": -2.347923303420307,
    "Q": -3.4854268271702415,
    "R": -4.807354922057605,
    "S": -4.222392421336448,
    "T": -5.807354922057605,
    "V": -3.4854268271702415,
    "W": -4.807354922057605,
    "Y": -5.807354922057605
  },
  "0": {
    "A": "-inf",
    "C": "-inf",
    "D": "-inf",
    "E": "-inf",
    "F": "-inf",
    "G": "-inf",
    "H": "-inf",
    "I": "-inf",
    "K": "-inf",
    "L": "-inf",
    "M": "-inf",
    "N": 0.0,
    "P": "-inf",
    "Q": "-inf",
    "R": "-inf",
    "S": "-inf",
    "T": "-inf",
    "V": "-inf",
    "W": "-inf",
    "Y": "-inf"
  },
  "+1": {
    "A": -5.807354922057605,
    "C": "-inf",
    "D": -4.222392421336448,
    "E": -3.807354922057604,
    "F": -5.807354922057605,
    "G": -4.222392421336448,
    "H": "-inf",
    "I": -3.807354922057604,
    "K": -4.222392421336448,
    "L": -2.4854268271702415,
    "M": "-inf",
    "N": "-inf",
    "P": -4.222392421336448,
    "Q": -4.807354922057605,
    "R": -3.222392421336448,
    "S": -3.222392421336448,
    "T": -4.222392421336448,
    "V": -4.807354922057605,
    "W": "-inf",
    "Y": -3.4854268271702415
  },
  "+2": {
    "A": -5.807354922057605,
    "C": "-inf",
    "D": -3.4854268271702415,
    "E": -3.807354922057604,
    "F": "-inf",
    "G": -4.222392421336448,
    "H": -4.222392421336448,
    "I": -4.807354922057605,
    "K": -2.347923303420307,
    "L": -4.222392421336448,
    "M": -5.807354922057605,
    "N": -3.0,
    "P": -4.222392421336448,
    "Q": -4.807354922057605,
    "R": -4.807354922057605,
    "S": -3.807354922057604,
    "T": -4.222392421336448,
    "V": -5.807354922057605,
    "W": -5.807354922057605,
    "Y": "-inf"
  },
  "+3": {
    "A": -3.807354922057604,
    "C": -3.4854268271702415,
    "D": -3.0,
    "E": -3.4854268271702415,
    "F": -5.807354922057605,
    "G": -4.807354922057605,
    "H": -5.807354922057605,
    "I": -5.807354922057605,
    "K": -3.807354922057604,
    "L": -3.807354922057604,
    "M": -5.807354922057605,
    "N": -4.807354922057605,
    "P": -5.807354922057605,
    "Q": -5.807354922057605,
    "R": -4.807354922057605,
    "S": -3.0,
    "T": -2.807354922057604,
    "V": "-inf",
    "W": "-inf",
    "Y": "-inf"
  },
  "+4": {
    "A": -4.807354922057605,
    "C": "-inf",
    "D": -3.222392421336448,
    "E": -4.222392421336448,
    "F": -5.807354922057605,
    "G": -4.222392421336448,
    "H": "-inf",
    "I": -5.807354922057605,
    "K": -5.807354922057605,
    "L": -3.222392421336448,
    "M": -4.807354922057605,
    "N": -5.807354922057605,
    "P": -2.347923303420307,
    "Q": -4.807354922057605,
    "R": -5.807354922057605,
    "S": -2.106915203916512,
    "T": "-inf",
    "V": -4.807354922057605,
    "W": -5.807354922057605,
    "Y": "-inf"
  },
  "+5": {
    "A": -5.807354922057605,
    "C": "-inf",
    "D": -3.807354922057604,
    "E": -3.4854268271702415,