{
  "-10": {
    "A": -3.5413732321734734,
    "C": -7.348728154231077,
    "D": -4.026800059343715,
    "E": -4.348728154231077,
    "F": -6.348728154231077,
    "G": -4.178803152788765,
    "H": -5.348728154231077,
    "I": -5.348728154231077,
    "K": -5.348728154231077,
    "L": -3.100800640787492,
    "M": -5.348728154231077,
    "N": -5.026800059343715,
    "P": -3.178803152788765,
    "Q": -4.026800059343715,
    "R": -4.763765653509921,
    "S": -3.261265312980738,
    "T": -4.541373232173473,
    "V": -3.8892965355937803,
    "W": "-inf",
    "Y": -4.178803152788765
  },
  "-9": {
    "A": -3.6482884360899854,
    "C": -5.763765653509921,
    "D": -3.8892965355937803,
    "E": -3.8892965355937803,
    "F": -7.348728154231077,
    "G": -4.541373232173473,
    "H": -5.026800059343715,
    "I": -4.541373232173473,
    "K": -4.178803152788765,
    "L": -3.5413732321734734,
    "M": "-inf",
    "N": -6.348728154231077,
    "P": -2.8892965355937803,
    "Q": -4.178803152788765,
    "R": -3.8892965355937803,
    "S": -3.261265312980738,
    "T": -4.541373232173473,
    "V": -5.026800059343715,
    "W": "-inf",
    "Y": -4.348728154231077
  },
  "-8": {
    "A": -4.348728154231077,
    "C": -6.348728154231077,
    "D": -5.763765653509921,
    "E": -4.178803152788765,
    "F": -5.763765653509921,
    "G": -4.026800059343715,
    "H": -4.348728154231077,
    "I": -5.348728154231077,
    "K": -4.541373232173473,
    "L": -4.026800059343715,
    "M": -5.348728154231077,
    "N": -5.348728154231077,
    "P": -2.8251661981740646,
    "Q": -3.6482884360899854,
    "R": -4.348728154231077,
    "S": -2.593840652067609,
    "T": -4.026800059343715,
    "V": -4.348728154231077,
    "W": -7.348728154231077,
    "Y": "-inf"
  },
  "-7": {
    "A": -2.8251661981740646,
    "C": "-inf",
    "D": -5.026800059343715,
    "E": -3.6482884360899854,
    "F": -5.763765653509921,
    "G": -3.6482884360899854,
    "H": -5.348728154231077,
    "I": -5.348728154231077,
    "K": -6.348728154231077,
    "L": -4.026800059343715,
    "M": -5.763765653509921,
    "N": -7.348728154231077,
    "P": -3.261265312980738,
    "Q": -3.6482884360899854,
    "R": -3.6482884360899854,
    "S": -3.8892965355937803,
    "T": -3.763765653509921,
    "V": -3.763765653509921,
    "W": "-inf",
    "Y": -5.763765653509921
  },
  "-6": {
    "A": -3.261265312980738,
    "C": -7.348728154231077,
    "D": -3.6482884360899854,
    "E": -4.763765653509921,
    "F": -7.348728154231077,
    "G": -4.541373232173473,
    "H": -5.026800059343715,
    "I": -4.178803152788765,
    "K": -4.763765653509921,
    "L": -4.178803152788765,
    "M": -6.348728154231077,
    "N": -5.763765653509921,
    "P": -3.5413732321734734,
    "Q": -3.763765653509921,
    "R": -4.763765653509921,
    "S": -2.704871964456353,
    "T": -3.5413732321734734,
    "V": -3.8892965355937803,
    "W": "-inf",
    "Y": -7.348728154231077
  },
  "-5": {
    "A": -4.348728154231077,
    "C": -5.763765653509921,
    "D": -4.541373232173473,
    "E": -3.6482884360899854,
    "F": -4.763765653509921,
    "G": -3.178803152788765,
    "H": -6.348728154231077,
    "I": -5.026800059343715,
    "K": -5.763765653509921,
    "L": -4.178803152788765,
    "M": -5.026800059343715,
    "N": -4.541373232173473,
    "P": -2.704871964456353,
    "Q": -3.6482884360899854,
    "R": -4.348728154231077,
    "S": -3.261265312980738,
    "T": -5.348728154231077,
    "V": -4.763765653509921,
    "W": -7.348728154231077,
    "Y": -5.763765653509921
  },
  "-4": {
    "A": -4.026800059343715,
    "C": "-inf",
    "D": -4.348728154231077,
    "E": -4.026800059343715,
    "F": -5.026800059343715,
    "G": -3.5413732321734734,
    "H": -4.763765653509921,
    "I": -5.763765653509921,
    "K": -5.026800059343715,
    "L": -3.178803152788765,
    "M": "-inf",
    "N": -4.763765653509921,
    "P": -3.0268000593437154,
    "Q": -3.8892965355937803,
    "R": -4.541373232173473,
    "S": -3.763765653509921,
    "T": -4.178803152788765,
    "V": -3.441837558622559,
    "W": -5.763765653509921,
    "Y": -7.348728154231077
  },
  "-3": {
    "A": -3.441837558622559,
    "C": -7.348728154231077,
    "D": -4.348728154231077,
    "E": -4.348728154231077,
    "F": -5.348728154231077,
    "G": -3.3487281542310776,
    "H": -7.348728154231077,
    "I": -5.026800059343715,
    "K": -5.763765653509921,
    "L": -3.6482884360899854,
    "M": -7.348728154231077,
    "N": -5.763765653509921,
    "P": -2.3945318438442023,
    "Q": -4.348728154231077,
    "R": -5.026800059343715,
    "S": -2.8892965355937803,
    "T": -3.8892965355937803,
    "V": -5.026800059343715,
    "W": -7.348728154231077,
    "Y": -6.348728154231077
  },
  "-2": {
    "A": -3.6482884360899854,
    "C": -5.763765653509921,
    "D": -4.763765653509921,
    "E": -4.026800059343715,
    "F": -6.348728154231077,
    "G": -4.348728154231077,
    "H": -4.763765653509921,
    "I": -5.026800059343715,
    "K": -3.763765653509921,
    "L": -3.5413732321734734,
    "M": -7.348728154231077,
    "N": -5.026800059343715,
    "P": -2.704871964456353,
    "Q": -4.178803152788765,
    "R": -4.178803152788765,
    "S": -3.5413732321734734,
    "T": -3.8892965355937803,
    "V": -4.348728154231077,
    "W": "-inf",
    "Y": -6.348728154231077
  },
  "-1": {
    "A": -3.8892965355937803,
    "C": -5.763765653509921,
    "D": -5.763765653509921,
    "E": -4.541373232173473,
    "F": -5.763765653509921,
    "G": -3.8892965355937803,
    "H": -6.348728154231077,
    "I": -4.541373232173473,
    "K": -3.763765653509921,
    "L": -3.6482884360899854,
    "M": -6.348728154231077,
    "N": -5.348728154231077,
    "P": -3.100800640787492,
    "Q": -4.026800059343715,
    "R": -3.763765653509921,
    "S": -2.8892965355937803,
    "T": -3.8892965355937803,
    "V": -4.348728154231077,
    "W": -7.348728154231077,
    "Y": -6.348728154231077
  },
  "0": {
    "A": "-inf",
    "C": "-inf",
    "D": "-inf",
    "E": "-inf",
    "F": "-inf",
    "G": "-inf",
    "H": "-inf",
    "I": "-inf",
    "K": "-inf",
    "L": "-inf",
    "M": "-inf",
    "N": "-inf",
    "P": 0.0,
    "Q": "-inf",
    "R": "-inf",
    "S": "-inf",
    "T": "-inf",
    "V": "-inf",
    "W": "-inf",
    "Y": "-inf"
  },
  "+1": {
    "A": -3.100800640787492,
    "C": -5.763765653509921,
    "D": -4.348728154231077,
    "E": -4.763765653509921,
    "F": -4.763765653509921,
    "G": -4.178803152788765,
    "H": -5.763765653509921,
    "I": -5.348728154231077,
    "K": -4.763765653509921,
    "L": -4.026800059343715,
    "M": -6.348728154231077,
    "N": -5.763765653509921,
    "P": -2.8892965355937803,
    "Q": -4.763765653509921,
    "R": -5.348728154231077,
    "S": -3.0268000593437154,
    "T": -3.763765653509921,
    "V": -4.348728154231077,
    "W": "-inf",
    "Y": -3.8892965355937803
  },
  "+2": {
    "A": -3.3487281542310776,
    "C": -6.348728154231077,
    "D": -4.541373232173473,
    "E": -3.6482884360899854,
    "F": -5.026800059343715,
    "G": -3.763765653509921,
    "H": -5.763765653509921,
    "I": -4.541373232173473,
    "K": -4.763765653509921,
    "L": -3.441837558622559,
    "M": -7.348728154231077,
    "N": -5.763765653509921,
    "P": -2.9564107314523174,
    "Q": -4.348728154231077,
    "R": -4.763765653509921,
    "S": -2.763765653509921,
    "T": -4.541373232173473,
    "V": -5.348728154231077,
    "W": "-inf",
    "Y": -6.348728154231077
  },
  "+3": {
    "A": -3.6482884360899854,
    "C": -7.348728154231077,
    "D": -4.348728154231077,
    "E": -4.348728154231077,
    "F": -5.763765653509921,
    "G": -3.8892965355937803,
    "H": -5.348728154231077,
    "I": "-inf",
    "K": -4.541373232173473,
    "L": -4.348728154231077,
    "M": -6.348728154231077,
    "N": -4.348728154231077,
    "P": -2.6482884360899854,
    "Q": -4.026800059343715,
    "R": -5.026800059343715,
    "S": -2.704871964456353,
    "T": -4.026800059343715,
    "V": -3.8892965355937803,
    "W": -7.348728154231077,
    "Y": -7.348728154231077
  },