{
  "-10": {
    "A": -3.7441610955704103,
    "C": "-inf",
    "D": -3.7441610955704103,
    "E": -3.0660891904577725,
    "F": -5.066089190457772,
    "G": -5.066089190457772,
    "H": "-inf",
    "I": -6.066089190457772,
    "K": -3.4811266897366164,
    "L": -5.066089190457772,
    "M": "-inf",
    "N": -6.066089190457772,
    "P": -3.2587342684001683,
    "Q": -3.4811266897366164,
    "R": -4.066089190457772,
    "S": -2.7441610955704103,
    "T": -3.7441610955704103,
    "V": -5.066089190457772,
    "W": "-inf",
    "Y": -6.066089190457772
  },
  "-9": {
    "A": -4.481126689736616,
    "C": -6.066089190457772,
    "D": -5.066089190457772,
    "E": -3.7441610955704103,
    "F": -4.066089190457772,
    "G": -4.066089190457772,
    "H": -6.066089190457772,
    "I": -4.066089190457772,
    "K": -4.481126689736616,
    "L": -4.481126689736616,
    "M": "-inf",
    "N": -4.481126689736616,
    "P": -4.481126689736616,
    "Q": -3.4811266897366164,
    "R": -2.89616418901546,
    "S": -4.066089190457772,
    "T": -3.7441610955704103,
    "V": -3.4811266897366164,
    "W": -6.066089190457772,
    "Y": "-inf"
  },
  "-8": {
    "A": -3.0660891904577725,
    "C": "-inf",
    "D": -5.066089190457772,
    "E": -4.066089190457772,
    "F": "-inf",
    "G": -3.4811266897366164,
    "H": "-inf",
    "I": -6.066089190457772,
    "K": -4.481126689736616,
    "L": -3.7441610955704103,
    "M": -5.066089190457772,
    "N": -4.481126689736616,
    "P": -3.0660891904577725,
    "Q": -4.066089190457772,
    "R": -3.0660891904577725,
    "S": -3.7441610955704103,
    "T": -4.066089190457772,
    "V": -5.066089190457772,
    "W": -5.066089190457772,
    "Y": "-inf"
  },
  "-7": {
    "A": -3.2587342684001683,
    "C": -6.066089190457772,
    "D": -3.4811266897366164,
    "E": -3.7441610955704103,
    "F": -4.481126689736616,
    "G": -4.481126689736616,
    "H": -5.066089190457772,
    "I": -5.066089190457772,
    "K": -3.7441610955704103,
    "L": -5.066089190457772,
    "M": "-inf",
    "N": -4.066089190457772,
    "P": -3.7441610955704103,
    "Q": -4.481126689736616,
    "R": -3.4811266897366164,
    "S": -4.066089190457772,
    "T": -4.066089190457772,
    "V": -4.481126689736616,
    "W": "-inf",
    "Y": -5.066089190457772
  },
  "-6": {
    "A": -3.2587342684001683,
    "C": -6.066089190457772,
    "D": -4.481126689736616,
    "E": -5.066089190457772,
    "F": -4.481126689736616,
    "G": -3.7441610955704103,
    "H": -5.066089190457772,
    "I": -6.066089190457772,
    "K": -6.066089190457772,
    "L": -3.4811266897366164,
    "M": -5.066089190457772,
    "N": -5.066089190457772,
    "P": -6.066089190457772,
    "Q": -4.066089190457772,
    "R": -3.2587342684001683,
    "S": -2.7441610955704103,
    "T": -4.481126689736616,
    "V": -3.7441610955704103,
    "W": "-inf",
    "Y": -5.066089190457772
  },
  "-5": {
    "A": -4.066089190457772,
    "C": "-inf",
    "D": -4.066089190457772,
    "E": -3.4811266897366164,
    "F": "-inf",
    "G": -4.066089190457772,
    "H": -5.066089190457772,
    "I": -6.066089190457772,
    "K": -3.7441610955704103,
    "L": -3.4811266897366164,
    "M": "-inf",
    "N": -3.7441610955704103,
    "P": -3.7441610955704103,
    "Q": -5.066089190457772,
    "R": -3.4811266897366164,
    "S": -3.0660891904577725,
    "T": -4.481126689736616,
    "V": -4.481126689736616,
    "W": -6.066089190457772,
    "Y": -5.066089190457772
  },
  "-4": {
    "A": -4.066089190457772,
    "C": -6.066089190457772,
    "D": -4.481126689736616,
    "E": -2.4811266897366164,
    "F": "-inf",
    "G": -5.066089190457772,
    "H": "-inf",
    "I": -4.481126689736616,
    "K": -5.066089190457772,
    "L": -4.066089190457772,
    "M": -6.066089190457772,
    "N": -6.066089190457772,
    "P": -2.89616418901546,
    "Q": -3.7441610955704103,
    "R": -4.066089190457772,
    "S": -2.89616418901546,
    "T": -4.066089190457772,
    "V": -4.481126689736616,
    "W": "-inf",
    "Y": "-inf"
  },
  "-3": {
    "A": -4.066089190457772,
    "C": "-inf",
    "D": -5.066089190457772,
    "E": -2.89616418901546,
    "F": -4.481126689736616,
    "G": -4.066089190457772,
    "H": -4.481126689736616,
    "I": "-inf",
    "K": -3.4811266897366164,
    "L": -3.7441610955704103,
    "M": -6.066089190457772,
    "N": -6.066089190457772,
    "P": -2.7441610955704103,
    "Q": -3.2587342684001683,
    "R": -5.066089190457772,
    "S": -4.481126689736616,
    "T": -4.481126689736616,
    "V": -4.481126689736616,
    "W": "-inf",
    "Y": -6.066089190457772
  },
  "-2": {
    "A": -2.89616418901546,
    "C": "-inf",
    "D": -3.2587342684001683,
    "E": -4.066089190457772,
    "F": -6.066089190457772,
    "G": -6.066089190457772,
    "H": "-inf",
    "I": "-inf",
    "K": -4.066089190457772,
    "L": -3.4811266897366164,
    "M": -6.066089190457772,
    "N": -6.066089190457772,
    "P": -3.7441610955704103,
    "Q": -3.0660891904577725,
    "R": -3.7441610955704103,
    "S": -3.0660891904577725,
    "T": -5.066089190457772,
    "V": -3.7441610955704103,
    "W": "-inf",
    "Y": "-inf"
  },
  "-1": {
    "A": -3.2587342684001683,
    "C": -4.481126689736616,
    "D": -5.066089190457772,
    "E": -4.066089190457772,
    "F": "-inf",
    "G": -4.066089190457772,
    "H": -5.066089190457772,
    "I": -5.066089190457772,
    "K": -5.066089190457772,
    "L": -5.066089190457772,
    "M": -5.066089190457772,
    "N": -4.066089190457772,
    "P": -3.0660891904577725,
    "Q": -2.89616418901546,
    "R": -4.066089190457772,
    "S": -4.481126689736616,
    "T": -5.066089190457772,
    "V": -3.2587342684001683,
    "W": "-inf",
    "Y": "-inf"
  },
  "0": {
    "A": "-inf",
    "C": "-inf",
    "D": "-inf",
    "E": "-inf",
    "F": "-inf",
    "G": "-inf",
    "H": "-inf",
    "I": "-inf",
    "K": "-inf",
    "L": "-inf",
    "M": "-inf",
    "N": "-inf",
    "P": "-inf",
    "Q": 0.0,
    "R": "-inf",
    "S": "-inf",
    "T": "-inf",
    "V": "-inf",
    "W": "-inf",
    "Y": "-inf"
  },
  "+1": {
    "A": -4.481126689736616,
    "C": "-inf",
    "D": -5.066089190457772,
    "E": -3.7441610955704103,
    "F": -5.066089190457772,
    "G": -5.066089190457772,
    "H": -3.7441610955704103,
    "I": -6.066089190457772,
    "K": -3.4811266897366164,
    "L": -4.066089190457772,
    "M": -6.066089190457772,
    "N": -3.4811266897366164,
    "P": -4.066089190457772,
    "Q": -3.2587342684001683,
    "R": -3.2587342684001683,
    "S": -4.481126689736616,
    "T": -4.481126689736616,
    "V": -3.7441610955704103,
    "W": "-inf",
    "Y": -6.066089190457772
  },
  "+2": {
    "A": -3.7441610955704103,
    "C": -6.066089190457772,
    "D": -3.7441610955704103,
    "E": -3.2587342684001683,
    "F": -4.481126689736616,
    "G": -4.481126689736616,
    "H": -5.066089190457772,
    "I": -4.481126689736616,
    "K": -4.481126689736616,
    "L": -3.7441610955704103,
    "M": -6.066089190457772,
    "N": -6.066089190457772,
    "P": -3.2587342684001683,
    "Q": -3.7441610955704103,
    "R": -3.4811266897366164,
    "S": -4.481126689736616,
    "T": -5.066089190457772,
    "V": -4.066089190457772,
    "W": -6.066089190457772,
    "Y": "-inf"
  },
  "+3": {
    "A": -4.481126689736616,
    "C": -5.066089190457772,
    "D": -6.066089190457772,
    "E": -3.4811266897366164,
    "F": -6.066089190457772,
    "G": -5.066089190457772,
    "H": -4.066089190457772,
    "I": -6.066089190457772,
    "K": -4.481126689736616,
    "L": -3.7441610955704103,
    "M": -6.066089190457772,
    "N": -6.066089190457772,
    "P": -3.4811266897366164,
    "Q": -3.0660891904577725,
    "R": -5.066089190457772,
    "S": -2.89616418901546,
    "T": -5.066089190457772,
    "V": -3.4811266897366164,
    "W": -5.066089190457772,
    "Y": -5.066089190457772
  },
  "+4": {
    "A": -4.066089190457772,
    "C": "-inf",
    "D": -3.4811266897366164,
    "E": -3.2587342684001683,
    "F": -6.066089190457772,
    "G": -3.7441610955704103,
    "H": "-inf",
    "I": "-inf",
    "K": -3.4811266897366164,
    "L": -4.481126689736616,