{
  "-10": {
    "A": -3.649092838140872,
    "C": -7.693486957499325,
    "D": -4.649092838140872,
    "E": -3.3897062093222226,
    "F": -5.606024116248986,
    "G": -3.7865963618908065,
    "H": -6.371558862611963,
    "I": -4.021061615527829,
    "K": -3.835505962371753,
    "L": -3.584962500721156,
    "M": -5.3011695347205645,
    "N": -4.693486957499325,
    "P": -4.938599455335857,
    "Q": -5.3011695347205645,
    "R": -3.9121272439746657,
    "S": -4.078777113384117,
    "T": -4.4080847386370765,
    "V": -3.762749619936439,
    "W": -7.108524456778169,
    "Y": -4.9930472393582335
  },
  "-9": {
    "A": -3.6273977670415527,
    "C": -6.523561956057013,
    "D": -4.267222202797227,
    "E": -3.73929064711245,
    "F": -5.234055338862028,
    "G": -3.835505962371753,
    "H": -5.8861320354417215,
    "I": -3.835505962371753,
    "K": -3.886132035441721,
    "L": -3.810843908137484,
    "M": -5.108524456778169,
    "N": -4.835505962371753,
    "P": -4.564203940554359,
    "Q": -5.169925001442312,
    "R": -4.021061615527829,
    "S": -3.693486957499325,
    "T": -4.564203940554359,
    "V": -3.671119144470871,
    "W": -8.108524456778168,
    "Y": -6.108524456778169
  },
  "-8": {
    "A": -3.7865963618908065,
    "C": -8.108524456778168,
    "D": -3.716207033999409,
    "E": -3.716207033999409,
    "F": -4.564203940554359,
    "G": -3.564203940554359,
    "H": -5.9930472393582335,
    "I": -4.169925001442312,
    "K": -3.716207033999409,
    "L": -3.584962500721156,
    "M": -5.44555944405574,
    "N": -5.234055338862028,
    "P": -4.7865963618908065,
    "Q": -4.938599455335857,
    "R": -3.9121272439746657,
    "S": -3.993047239358233,
    "T": -4.371558862611963,
    "V": -4.267222202797227,
    "W": -7.693486957499325,
    "Y": -5.7865963618908065
  },
  "-7": {
    "A": -3.7865963618908065,
    "C": "-inf",
    "D": -3.810843908137484,
    "E": -3.762749619936439,
    "F": -4.938599455335857,
    "G": -4.138898105821688,
    "H": -5.44555944405574,
    "I": -3.716207033999409,
    "K": -3.9385994553358565,
    "L": -3.8605969433345835,
    "M": -4.835505962371753,
    "N": -4.335934952881241,
    "P": -4.484033591870376,
    "Q": -4.73929064711245,
    "R": -4.138898105821688,
    "S": -3.73929064711245,
    "T": -4.564203940554359,
    "V": -3.886132035441721,
    "W": -8.693486957499326,
    "Y": -5.9930472393582335
  },
  "-6": {
    "A": -3.693486957499325,
    "C": -8.108524456778168,
    "D": -4.234055338862028,
    "E": -4.049630767724601,
    "F": -5.523561956057013,
    "G": -3.716207033999409,
    "H": -5.169925001442312,
    "I": -4.4080847386370765,
    "K": -3.6060241162489857,
    "L": -3.810843908137484,
    "M": -5.169925001442312,
    "N": -4.335934952881241,
    "P": -4.20163386116965,
    "Q": -4.606024116248986,
    "R": -4.3011695347205645,
    "S": -3.8605969433345835,
    "T": -4.267222202797227,
    "V": -3.8605969433345835,
    "W": -7.693486957499325,
    "Y": -4.8861320354417215
  },
  "-5": {
    "A": -3.762749619936439,
    "C": -7.371558862611963,
    "D": -3.835505962371753,
    "E": -3.8605969433345835,
    "F": -5.7865963618908065,
    "G": -3.8605969433345835,
    "H": -6.371558862611963,
    "I": -3.993047239358233,
    "K": -4.049630767724601,
    "L": -3.523561956057013,
    "M": -5.523561956057013,
    "N": -4.335934952881241,
    "P": -5.108524456778169,
    "Q": -4.835505962371753,
    "R": -3.810843908137484,
    "S": -3.649092838140872,
    "T": -3.9385994553358565,
    "V": -3.9385994553358565,
    "W": -7.693486957499325,
    "Y": -5.234055338862028
  },
  "-4": {
    "A": -4.078777113384117,
    "C": -8.693486957499326,
    "D": -4.3011695347205645,
    "E": -3.6060241162489857,
    "F": -5.169925001442312,
    "G": -3.4646682670034443,
    "H": -5.44555944405574,
    "I": -3.993047239358233,
    "K": -3.810843908137484,
    "L": -3.9121272439746657,
    "M": -5.523561956057013,
    "N": -4.371558862611963,
    "P": -4.371558862611963,
    "Q": -4.44555944405574,
    "R": -3.9121272439746657,
    "S": -3.835505962371753,
    "T": -4.169925001442312,
    "V": -4.049630767724601,
    "W": -8.693486957499326,
    "Y": -5.108524456778169
  },
  "-3": {
    "A": -3.810843908137484,
    "C": -9.693486957499326,
    "D": -3.9385994553358565,
    "E": -3.4646682670034443,
    "F": -4.484033591870376,
    "G": -3.4840335918703755,
    "H": -6.371558862611963,
    "I": -4.606024116248986,
    "K": -4.138898105821688,
    "L": -3.7865963618908065,
    "M": -5.693486957499325,
    "N": -4.649092838140872,
    "P": -4.335934952881241,
    "Q": -4.3011695347205645,
    "R": -3.671119144470871,
    "S": -4.4080847386370765,
    "T": -3.993047239358233,
    "V": -3.9385994553358565,
    "W": -7.693486957499325,
    "Y": -5.108524456778169
  },
  "-2": {
    "A": -3.835505962371753,
    "C": -7.693486957499325,
    "D": -4.335934952881241,
    "E": -3.671119144470871,
    "F": -4.523561956057013,
    "G": -3.564203940554359,
    "H": -5.8861320354417215,
    "I": -4.108524456778169,
    "K": -3.9385994553358565,
    "L": -3.3536369546147005,
    "M": -5.44555944405574,
    "N": -4.649092838140872,
    "P": -4.9930472393582335,
    "Q": -4.523561956057013,
    "R": -3.993047239358233,
    "S": -3.73929064711245,
    "T": -4.138898105821688,
    "V": -3.9121272439746657,
    "W": -7.108524456778169,
    "Y": -5.44555944405574
  },
  "-1": {
    "A": -3.965566502936126,
    "C": -9.693486957499326,
    "D": -3.6273977670415527,
    "E": -3.6273977670415527,
    "F": -4.693486957499325,
    "G": -3.4840335918703755,
    "H": -6.108524456778169,
    "I": -4.44555944405574,
    "K": -3.693486957499325,
    "L": -3.762749619936439,
    "M": -5.606024116248986,
    "N": -3.73929064711245,
    "P": -4.484033591870376,
    "Q": -4.606024116248986,
    "R": -3.810843908137484,
    "S": -4.021061615527829,
    "T": -4.44555944405574,
    "V": -4.267222202797227,
    "W": -7.371558862611963,
    "Y": -5.9930472393582335
  },
  "0": {
    "A": "-inf",
    "C": "-inf",
    "D": "-inf",
    "E": "-inf",
    "F": "-inf",
    "G": "-inf",
    "H": "-inf",
    "I": "-inf",
    "K": "-inf",
    "L": "-inf",
    "M": "-inf",
    "N": "-inf",
    "P": "-inf",
    "Q": "-inf",
    "R": 0.0,
    "S": "-inf",
    "T": "-inf",
    "V": "-inf",
    "W": "-inf",
    "Y": "-inf"
  },
  "+1": {
    "A": -3.9385994553358565,
    "C": -8.108524456778168,
    "D": -4.335934952881241,
    "E": -3.886132035441721,
    "F": -4.371558862611963,
    "G": -3.3359349528812414,
    "H": -6.371558862611963,
    "I": -3.73929064711245,
    "K": -3.9385994553358565,
    "L": -3.543739837994643,
    "M": -5.8861320354417215,
    "N": -4.484033591870376,
    "P": -4.938599455335857,
    "Q": -4.169925001442312,
    "R": -4.267222202797227,
    "S": -4.049630767724601,
    "T": -4.335934952881241,
    "V": -3.762749619936439,
    "W": -7.108524456778169,
    "Y": -5.108524456778169
  },
  "+2": {
    "A": -3.835505962371753,
    "C": -8.693486957499326,
    "D": -4.484033591870376,
    "E": -3.8605969433345835,
    "F": -4.835505962371753,
    "G": -3.7865963618908065,
    "H": -5.9930472393582335,
    "I": -4.049630767724601,
    "K": -3.762749619936439,
    "L": -3.503662398619308,
    "M": -6.234055338862028,
    "N": -4.523561956057013,
    "P": -4.371558862611963,
    "Q": -4.108524456778169,
    "R": -4.108524456778169,
    "S": -3.993047239358233,
    "T": -4.078777113384117,
    "V": -3.886132035441721,
    "W": -7.108524456778169,
    "Y": -4.835505962371753
  },
  "+3": {
    "A": -3.73929064711245,
    "C": -8.108524456778168,
    "D": -3.965566502936126,
    "E": -3.564203940554359,
    "F": -4.44555944405574,
    "G": -3.564203940554359,
    "H": -5.9930472393582335,
    "I": -3.9385994553358565,
    "K": -4.078777113384117,
    "L": -3.4267004168044237,
    "M": -6.108524456778169,
    "N": -4.8861320354417215,
    "P": -4.564203940554359,
    "Q": -4.693486957499325,
    "R": -4.049630767724601,
    "S": -3.7865963618908065,