{
  "-10": {
    "A": -3.835006615210011,
    "C": -6.706094842349116,
    "D": -4.245844053608867,
    "E": -3.8281350739985256,
    "F": -5.389475306415588,
    "G": -3.9440427409774528,
    "H": -5.571561605214277,
    "I": -4.920757822515614,
    "K": -3.812962773806758,
    "L": -3.8399804634504076,
    "M": -5.7393188750480375,
    "N": -4.5887698999844515,
    "P": -3.769164846501537,
    "Q": -4.573273227388337,
    "R": -3.88030459202735,
    "S": -3.101801614179246,
    "T": -4.221555974657303,
    "V": -4.394225760218555,
    "W": -7.308299136442863,
    "Y": -5.804786972860627
  },
  "-9": {
    "A": -3.8257776224772124,
    "C": -6.680511832750522,
    "D": -4.255455084386669,
    "E": -3.8471534878926663,
    "F": -5.398440102494543,
    "G": -3.930876320121504,
    "H": -5.547503793336848,
    "I": -4.9326528785876915,
    "K": -3.7978937977449885,
    "L": -3.8303289198145234,
    "M": -5.694262160551987,
    "N": -4.6092155672161175,
    "P": -3.779653445301542,
    "Q": -4.589305076810077,
    "R": -3.83711747112636,
    "S": -3.091552232969499,
    "T": -4.2127251310311635,
    "V": -4.38906415333324,
    "W": -7.380130013515439,
    "Y": -5.80164631161483
  },
  "-8": {
    "A": -3.8327870122011216,
    "C": -6.6123795486144825,
    "D": -4.2524603350038435,
    "E": -3.873176077498518,
    "F": -5.3782246748074245,
    "G": -3.946904312445529,
    "H": -5.537505782196792,
    "I": -4.903860509011255,
    "K": -3.820279519044926,
    "L": -3.809125743408335,
    "M": -5.697516667147034,
    "N": -4.6016057435721045,
    "P": -3.7670085776883453,
    "Q": -4.575766490268742,
    "R": -3.831538820702241,
    "S": -3.063462813174679,
    "T": -4.2132830599634445,
    "V": -4.383675189586586,
    "W": -7.486827337035722,
    "Y": -5.792482618197836
  },
  "-7": {
    "A": -3.815354601670427,
    "C": -6.808374220389386,
    "D": -4.226567077440789,
    "E": -3.8494707378803183,
    "F": -5.427304996107499,
    "G": -3.9000671826464086,
    "H": -5.558557570110857,
    "I": -4.97814346726023,
    "K": -3.7864959103632088,
    "L": -3.8587012333587474,
    "M": -5.75576282509352,
    "N": -4.602495198002798,
    "P": -3.7361256614912803,
    "Q": -4.595458111146501,
    "R": -3.7961483819816793,
    "S": -3.0473912610466307,
    "T": -4.2046713738541515,
    "V": -4.408599481347511,
    "W": -7.455036871717458,
    "Y": -5.821111219354796
  },
  "-6": {
    "A": -3.8171602969215037,
    "C": -6.8166072930020425,
    "D": -4.228748059785559,
    "E": -3.8569944403831675,
    "F": -5.38761235016013,
    "G": -3.902079923164146,
    "H": -5.599321089882492,
    "I": -4.893443047931321,
    "K": -3.8628628839629156,
    "L": -3.801664551527858,
    "M": -5.73743350094539,
    "N": -4.6107807109385,
    "P": -3.746744630702917,
    "Q": -4.645388680951118,
    "R": -3.7905265194672526,
    "S": -3.0152783617934413,
    "T": -4.192495038525733,
    "V": -4.366656285499218,
    "W": -7.5977366507739434,
    "Y": -5.7955307199261545
  },
  "-5": {
    "A": -3.856350177062197,
    "C": -6.8500176240172,
    "D": -4.230392100949271,
    "E": -3.9148271431085675,
    "F": -5.257430026571726,
    "G": -3.975425052869309,
    "H": -5.485127324397745,
    "I": -4.805664658083674,
    "K": -3.9699625482169116,
    "L": -3.5702559143518364,
    "M": -5.587574339746938,
    "N": -4.6442761214959,
    "P": -3.7656914542481985,
    "Q": -4.694600829311233,
    "R": -3.7734155294613045,
    "S": -3.0501946817469023,
    "T": -4.211949240837366,
    "V": -4.344325420151221,
    "W": -7.49199829253888,
    "Y": -5.77125290292576
  },
  "-4": {
    "A": -3.8296778547550105,
    "C": -6.938216259847193,
    "D": -4.178240383065431,
    "E": -3.821554988980223,
    "F": -5.40673942571303,
    "G": -3.8864042202371336,
    "H": -5.5970400484537235,
    "I": -4.992562251100056,
    "K": -3.929380916975216,
    "L": -3.8931126382395944,
    "M": -5.83150157784865,
    "N": -4.5876686900684644,
    "P": -3.7918484067839593,
    "Q": -4.575704106153845,
    "R": -3.8737512001056515,
    "S": -2.8193559695799957,
    "T": -4.146574766166521,
    "V": -4.405352885442067,
    "W": -7.610461155918945,
    "Y": -5.8788991600716844
  },
  "-3": {
    "A": -3.9528065673214496,
    "C": -7.086765841309936,
    "D": -4.168023103787745,
    "E": -3.96660496614422,
    "F": -5.539025400446889,
    "G": -3.90307756321238,
    "H": -5.516996329721624,
    "I": -5.097518454207416,
    "K": -3.9168013285898504,
    "L": -3.8657393408397804,
    "M": -5.8860754184862465,
    "N": -4.801500400611834,
    "P": -3.8399617326244684,
    "Q": -4.772503613919471,
    "R": -3.103543178725281,
    "S": -2.8666072134053824,
    "T": -4.270371336009547,
    "V": -4.585468788695434,
    "W": -7.840542501340132,
    "Y": -5.957106946601131
  },
  "-2": {
    "A": -3.806744211537337,
    "C": -6.773183025657669,
    "D": -4.247433171071861,
    "E": -4.019928479240813,
    "F": -5.4855960933522425,
    "G": -3.995667847865333,
    "H": -5.670750755801567,
    "I": -4.927110868686109,
    "K": -4.329128305128537,
    "L": -3.834484048373622,
    "M": -5.800406538218929,
    "N": -4.522457112346105,
    "P": -3.6769942473997457,
    "Q": -4.64728855889913,
    "R": -3.7647666269016757,
    "S": -2.645732438954625,
    "T": -4.073403771296812,
    "V": -4.340689988593976,
    "W": -7.779491779678075,
    "Y": -5.898974054349675
  },
  "-1": {
    "A": -3.773648070741143,
    "C": -6.785251048966759,
    "D": -3.9524420304814067,
    "E": -4.116201599751169,
    "F": -5.256529717613928,
    "G": -3.5992735313819284,
    "H": -5.360812626751848,
    "I": -4.89573856782373,
    "K": -4.351997789295904,
    "L": -3.636772433034792,
    "M": -5.672817797787023,
    "N": -4.519184161623329,
    "P": -3.673585357420225,
    "Q": -4.820187137489195,
    "R": -4.0114445646402395,
    "S": -2.862605996360856,
    "T": -4.258881707136458,
    "V": -4.381765166179306,
    "W": -7.823257371546505,
    "Y": -5.7570355418363235
  },
  "0": {
    "A": "-inf",
    "C": "-inf",
    "D": "-inf",
    "E": "-inf",
    "F": "-inf",
    "G": "-inf",
    "H": "-inf",
    "I": "-inf",
    "K": "-inf",
    "L": "-inf",
    "M": "-inf",
    "N": "-inf",
    "P": "-inf",
    "Q": "-inf",
    "R": "-inf",
    "S": 0.0,
    "T": "-inf",
    "V": "-inf",
    "W": "-inf",
    "Y": "-inf"
  },
  "+1": {
    "A": -4.186909666413134,
    "C": -7.064885017647953,
    "D": -3.885476031671029,
    "E": -3.9922291613344463,
    "F": -4.893637441927558,
    "G": -4.03475173199413,
    "H": -6.053285835297484,
    "I": -4.876053985975072,
    "K": -4.9086064141936205,
    "L": -3.6236696695592294,
    "M": -6.053459570249632,
    "N": -4.966277815137203,
    "P": -2.5066120316778466,
    "Q": -4.781109251708977,
    "R": -4.568361655817073,
    "S": -2.9384368354899375,
    "T": -4.376077382088841,
    "V": -4.431730141881236,
    "W": -7.497187848641444,
    "Y": -6.0246468543577345
  },
  "+2": {
    "A": -3.9791538806885622,
    "C": -6.940624364296952,
    "D": -3.8072018932220724,
    "E": -3.570116088964528,
    "F": -5.5779203958286985,
    "G": -3.8488486712416963,
    "H": -5.772253384963698,
    "I": -4.867972068843882,
    "K": -4.356331495440296,
    "L": -3.857733802768283,
    "M": -6.267824164199474,
    "N": -4.703911421514821,
    "P": -3.545562786638111,
    "Q": -4.837996347998732,
    "R": -4.257455043175667,
    "S": -2.7009656332574443,
    "T": -4.038099999953116,
    "V": -4.345654505111722,
    "W": -8.113323664152023,
    "Y": -6.027886376581269
  },
  "+3": {
    "A": -3.9394599452530477,
    "C": -6.989151721263328,
    "D": -3.8391190970560625,
    "E": -3.3993782971872517,
    "F": -5.417544511850403,
    "G": -3.8254808937552927,
    "H": -5.608672954665443,
    "I": -5.088856542883616,
    "K": -4.1299908229473905,
    "L": -3.9215107845505024,
    "M": -6.1949125157876725,
    "N": -4.52020428543653,
    "P": -3.7093248536219625,
    "Q": -4.716064468157019,
    "R": -4.060622603345048,