{
  "-10": {
    "A": -3.079727192470734,
    "C": -6.539158811108031,
    "D": -2.9541963103868754,
    "E": -5.539158811108031,
    "F": -4.954196310386875,
    "G": -4.954196310386875,
    "H": -4.539158811108031,
    "I": -5.539158811108031,
    "K": -3.7318038890504273,
    "L": -3.079727192470734,
    "M": -6.539158811108031,
    "N": -4.954196310386875,
    "P": -3.5391588111080314,
    "Q": -6.539158811108031,
    "R": -3.9541963103868754,
    "S": -4.539158811108031,
    "T": -4.539158811108031,
    "V": -3.3692338096657193,
    "W": "-inf",
    "Y": -6.539158811108031
  },
  "-9": {
    "A": -4.954196310386875,
    "C": -6.539158811108031,
    "D": -4.539158811108031,
    "E": -4.539158811108031,
    "F": -4.954196310386875,
    "G": -3.7318038890504273,
    "H": -5.539158811108031,
    "I": -6.539158811108031,
    "K": -2.9541963103868754,
    "L": -3.9541963103868754,
    "M": -5.539158811108031,
    "N": -4.954196310386875,
    "P": -3.9541963103868754,
    "Q": -4.217230716220669,
    "R": -3.7318038890504273,
    "S": -3.217230716220669,
    "T": -5.539158811108031,
    "V": -3.079727192470734,
    "W": -5.539158811108031,
    "Y": -5.539158811108031
  },
  "-8": {
    "A": -3.5391588111080314,
    "C": "-inf",
    "D": -4.954196310386875,
    "E": -4.954196310386875,
    "F": -5.539158811108031,
    "G": -3.079727192470734,
    "H": -6.539158811108031,
    "I": -6.539158811108031,
    "K": -3.7318038890504273,
    "L": -2.451695969857692,
    "M": -6.539158811108031,
    "N": -5.539158811108031,
    "P": -3.7318038890504273,
    "Q": -4.539158811108031,
    "R": -4.539158811108031,
    "S": -2.6322682154995127,
    "T": -4.954196310386875,
    "V": -5.539158811108031,
    "W": -6.539158811108031,
    "Y": -6.539158811108031
  },
  "-7": {
    "A": -4.217230716220669,
    "C": -6.539158811108031,
    "D": -4.217230716220669,
    "E": -4.217230716220669,
    "F": -5.539158811108031,
    "G": -4.217230716220669,
    "H": "-inf",
    "I": -3.217230716220669,
    "K": -4.217230716220669,
    "L": -3.079727192470734,
    "M": -5.539158811108031,
    "N": "-inf",
    "P": -2.9541963103868754,
    "Q": -4.217230716220669,
    "R": -4.217230716220669,
    "S": -3.217230716220669,
    "T": -4.217230716220669,
    "V": -4.954196310386875,
    "W": "-inf",
    "Y": -5.539158811108031
  },
  "-6": {
    "A": -4.954196310386875,
    "C": -6.539158811108031,
    "D": "-inf",
    "E": -3.3692338096657193,
    "F": -5.539158811108031,
    "G": -3.5391588111080314,
    "H": -6.539158811108031,
    "I": -4.539158811108031,
    "K": -2.9541963103868754,
    "L": -3.7318038890504273,
    "M": -6.539158811108031,
    "N": -6.539158811108031,
    "P": -3.3692338096657193,
    "Q": -4.539158811108031,
    "R": -3.9541963103868754,
    "S": -3.5391588111080314,
    "T": -3.9541963103868754,
    "V": -3.9541963103868754,
    "W": -5.539158811108031,
    "Y": -4.954196310386875
  },
  "-5": {
    "A": -4.217230716220669,
    "C": "-inf",
    "D": -4.217230716220669,
    "E": -4.954196310386875,
    "F": -4.539158811108031,
    "G": -4.539158811108031,
    "H": -4.539158811108031,
    "I": -5.539158811108031,
    "K": -2.8387190929669393,
    "L": -3.9541963103868754,
    "M": -3.5391588111080314,
    "N": -4.954196310386875,
    "P": -3.217230716220669,
    "Q": -3.9541963103868754,
    "R": -4.539158811108031,
    "S": -3.5391588111080314,
    "T": -4.954196310386875,
    "V": -4.539158811108031,
    "W": "-inf",
    "Y": -6.539158811108031
  },
  "-4": {
    "A": -2.9541963103868754,
    "C": -6.539158811108031,
    "D": -4.217230716220669,
    "E": -3.7318038890504273,
    "F": -6.539158811108031,
    "G": -2.9541963103868754,
    "H": -4.954196310386875,
    "I": -4.954196310386875,
    "K": -4.954196310386875,
    "L": -3.3692338096657193,
    "M": -6.539158811108031,
    "N": -4.539158811108031,
    "P": -3.5391588111080314,
    "Q": -6.539158811108031,
    "R": -3.7318038890504273,
    "S": -3.217230716220669,
    "T": -4.539158811108031,
    "V": "-inf",
    "W": "-inf",
    "Y": -5.539158811108031
  },
  "-3": {
    "A": -3.9541963103868754,
    "C": "-inf",
    "D": -4.217230716220669,
    "E": -4.217230716220669,
    "F": -4.217230716220669,
    "G": -4.539158811108031,
    "H": -6.539158811108031,
    "I": -4.217230716220669,
    "K": -2.079727192470734,
    "L": -3.9541963103868754,
    "M": -6.539158811108031,
    "N": -4.539158811108031,
    "P": -3.9541963103868754,
    "Q": -6.539158811108031,
    "R": -3.7318038890504273,
    "S": -4.539158811108031,
    "T": -4.217230716220669,
    "V": -4.217230716220669,
    "W": -6.539158811108031,
    "Y": "-inf"
  },
  "-2": {
    "A": -4.217230716220669,
    "C": "-inf",
    "D": -4.539158811108031,
    "E": -3.9541963103868754,
    "F": -6.539158811108031,
    "G": -4.539158811108031,
    "H": -5.539158811108031,
    "I": -4.954196310386875,
    "K": -4.217230716220669,
    "L": -4.539158811108031,
    "M": -5.539158811108031,
    "N": -4.954196310386875,
    "P": -3.5391588111080314,
    "Q": -4.954196310386875,
    "R": -5.539158811108031,
    "S": -2.3692338096657193,
    "T": -2.5391588111080314,
    "V": -4.539158811108031,
    "W": -6.539158811108031,
    "Y": -5.539158811108031
  },
  "-1": {
    "A": -4.217230716220669,
    "C": "-inf",
    "D": -3.217230716220669,
    "E": -6.539158811108031,
    "F": -5.539158811108031,
    "G": -4.217230716220669,
    "H": -6.539158811108031,
    "I": -6.539158811108031,
    "K": -3.9541963103868754,
    "L": -3.3692338096657193,
    "M": -6.539158811108031,
    "N": -6.539158811108031,
    "P": -2.3692338096657193,
    "Q": -4.217230716220669,
    "R": -4.217230716220669,
    "S": -2.7318038890504273,
    "T": -3.9541963103868754,
    "V": -5.539158811108031,
    "W": -6.539158811108031,
    "Y": "-inf"
  },
  "0": {
    "A": "-inf",
    "C": "-inf",
    "D": "-inf",
    "E": "-inf",
    "F": "-inf",
    "G": "-inf",
    "H": "-inf",
    "I": "-inf",
    "K": "-inf",
    "L": "-inf",
    "M": "-inf",
    "N": "-inf",
    "P": "-inf",
    "Q": "-inf",
    "R": "-inf",
    "S": "-inf",
    "T": "-inf",
    "V": 0.0,
    "W": "-inf",
    "Y": "-inf"
  },
  "+1": {
    "A": -4.217230716220669,
    "C": -6.539158811108031,
    "D": -3.079727192470734,
    "E": -3.9541963103868754,
    "F": -6.539158811108031,
    "G": -4.217230716220669,
    "H": -5.539158811108031,
    "I": -4.217230716220669,
    "K": -3.217230716220669,
    "L": -4.217230716220669,
    "M": -5.539158811108031,
    "N": -3.9541963103868754,
    "P": -4.217230716220669,
    "Q": -6.539158811108031,
    "R": -5.539158811108031,
    "S": -3.217230716220669,
    "T": -3.9541963103868754,
    "V": -4.539158811108031,
    "W": "-inf",
    "Y": -3.9541963103868754
  },
  "+2": {
    "A": -3.7318038890504273,
    "C": -6.539158811108031,
    "D": -4.539158811108031,
    "E": -2.8387190929669393,
    "F": "-inf",
    "G": -3.9541963103868754,
    "H": -6.539158811108031,
    "I": -4.954196310386875,
    "K": -4.217230716220669,
    "L": -4.217230716220669,
    "M": -6.539158811108031,
    "N": -4.954196310386875,
    "P": -2.8387190929669393,
    "Q": -4.217230716220669,
    "R": -4.539158811108031,
    "S": -3.217230716220669,
    "T": -3.5391588111080314,
    "V": -5.539158811108031,
    "W": -6.539158811108031,
    "Y": -6.539158811108031
  },
  "+3": {
    "A": -2.8387190929669393,
    "C": -6.539158811108031,
    "D": -4.539158811108031,
    "E": -2.8387190929669393,
    "F": -4.954196310386875,
    "G": -4.539158811108031,
    "H": -5.539158811108031,
    "I": -4.954196310386875,
    "K": -3.9541963103868754,
    "L": -2.9541963103868754,
    "M": -6.539158811108031,
    "N": -5.539158811108031,
    "P": -4.539158811108031,
    "Q": -4.539158811108031,
    "R": -4.539158811108031,
    "S": -3.9541963103868754,
    "T": -6.539158811108031,
    "V": -3.7318038890504273,
    "W": -6.539158811108031,
    "Y": -5.539158811108031
  },
  "+4": {
    "A": -2.5391588111080314,
    "C": "-inf",