{
  "-10": {
    "A": 0.0,
    "C": 0.0,
    "D": 0.0,
    "E": 0.0,
    "F": 0.0,
    "G": 0.09090909090909091,
    "H": 0.0,
    "I": 0.0,
    "K": 0.0,
    "L": 0.45454545454545453,
    "M": 0.0,
    "N": 0.09090909090909091,
    "P": 0.0,
    "Q": 0.0,
    "R": 0.18181818181818182,
    "S": 0.09090909090909091,
    "T": 0.09090909090909091,
    "V": 0.0,
    "W": 0.0,
    "Y": 0.0
  },
  "-9": {
    "A": 0.09090909090909091,
    "C": 0.0,
    "D": 0.18181818181818182,
    "E": 0.09090909090909091,
    "F": 0.0,
    "G": 0.2727272727272727,
    "H": 0.0,
    "I": 0.18181818181818182,
    "K": 0.0,
    "L": 0.09090909090909091,
    "M": 0.0,
    "N": 0.0,
    "P": 0.0,
    "Q": 0.0,
    "R": 0.0,
    "S": 0.0,
    "T": 0.09090909090909091,
    "V": 0.0,
    "W": 0.0,
    "Y": 0.0
  },
  "-8": {
    "A": 0.0,
    "C": 0.0,
    "D": 0.2727272727272727,
    "E": 0.2727272727272727,
    "F": 0.0,
    "G": 0.09090909090909091,
    "H": 0.0,
    "I": 0.0,
    "K": 0.0,
    "L": 0.09090909090909091,
    "M": 0.0,
    "N": 0.0,
    "P": 0.0,
    "Q": 0.09090909090909091,
    "R": 0.0,
    "S": 0.09090909090909091,
    "T": 0.0,
    "V": 0.09090909090909091,
    "W": 0.0,
    "Y": 0.0
  },
  "-7": {
    "A": 0.0,
    "C": 0.0,
    "D": 0.09090909090909091,
    "E": 0.09090909090909091,
    "F": 0.0,
    "G": 0.18181818181818182,
    "H": 0.0,
    "I": 0.0,
    "K": 0.0,
    "L": 0.0,
    "M": 0.0,
    "N": 0.18181818181818182,
    "P": 0.18181818181818182,
    "Q": 0.0,
    "R": 0.09090909090909091,
    "S": 0.09090909090909091,
    "T": 0.0,
    "V": 0.0,
    "W": 0.0,
    "Y": 0.09090909090909091
  },
  "-6": {
    "A": 0.09090909090909091,
    "C": 0.0,
    "D": 0.09090909090909091,
    "E": 0.0,
    "F": 0.09090909090909091,
    "G": 0.18181818181818182,
    "H": 0.0,
    "I": 0.0,
    "K": 0.0,
    "L": 0.09090909090909091,
    "M": 0.0,
    "N": 0.09090909090909091,
    "P": 0.0,
    "Q": 0.09090909090909091,
    "R": 0.0,
    "S": 0.0,
    "T": 0.0,
    "V": 0.2727272727272727,
    "W": 0.0,
    "Y": 0.0
  },
  "-5": {
    "A": 0.0,
    "C": 0.09090909090909091,
    "D": 0.09090909090909091,
    "E": 0.09090909090909091,
    "F": 0.0,
    "G": 0.0,
    "H": 0.18181818181818182,
    "I": 0.09090909090909091,
    "K": 0.09090909090909091,
    "L": 0.09090909090909091,
    "M": 0.0,
    "N": 0.09090909090909091,
    "P": 0.0,
    "Q": 0.0,
    "R": 0.09090909090909091,
    "S": 0.09090909090909091,
    "T": 0.0,
    "V": 0.0,
    "W": 0.0,
    "Y": 0.0
  },
  "-4": {
    "A": 0.09090909090909091,
    "C": 0.09090909090909091,
    "D": 0.09090909090909091,
    "E": 0.09090909090909091,
    "F": 0.0,
    "G": 0.0,
    "H": 0.0,
    "I": 0.09090909090909091,
    "K": 0.0,
    "L": 0.0,
    "M": 0.0,
    "N": 0.09090909090909091,
    "P": 0.09090909090909091,
    "Q": 0.09090909090909091,
    "R": 0.09090909090909091,
    "S": 0.0,
    "T": 0.0,
    "V": 0.0,
    "W": 0.09090909090909091,
    "Y": 0.09090909090909091
  },
  "-3": {
    "A": 0.0,
    "C": 0.0,
    "D": 0.0,
    "E": 0.09090909090909091,
    "F": 0.09090909090909091,
    "G": 0.0,
    "H": 0.0,
    "I": 0.0,
    "K": 0.09090909090909091,
    "L": 0.18181818181818182,
    "M": 0.09090909090909091,
    "N": 0.0,
    "P": 0.09090909090909091,
    "Q": 0.0,
    "R": 0.0,
    "S": 0.09090909090909091,
    "T": 0.0,
    "V": 0.09090909090909091,
    "W": 0.18181818181818182,
    "Y": 0.0
  },
  "-2": {
    "A": 0.0,
    "C": 0.0,
    "D": 0.09090909090909091,
    "E": 0.18181818181818182,
    "F": 0.09090909090909091,
    "G": 0.09090909090909091,
    "H": 0.09090909090909091,
    "I": 0.0,
    "K": 0.0,
    "L": 0.09090909090909091,
    "M": 0.0,
    "N": 0.0,
    "P": 0.09090909090909091,
    "Q": 0.0,
    "R": 0.0,
    "S": 0.0,
    "T": 0.0,
    "V": 0.09090909090909091,
    "W": 0.18181818181818182,
    "Y": 0.0
  },
  "-1": {
    "A": 0.0,
    "C": 0.09090909090909091,
    "D": 0.18181818181818182,
    "E": 0.0,
    "F": 0.0,
    "G": 0.0,
    "H": 0.0,
    "I": 0.0,
    "K": 0.0,
    "L": 0.18181818181818182,
    "M": 0.0,
    "N": 0.36363636363636365,
    "P": 0.0,
    "Q": 0.09090909090909091,
    "R": 0.0,
    "S": 0.0,
    "T": 0.0,
    "V": 0.09090909090909091,
    "W": 0.0,
    "Y": 0.0
  },
  "0": {
    "A": 0.0,
    "C": 0.0,
    "D": 0.0,
    "E": 0.0,
    "F": 0.0,
    "G": 1.0,
    "H": 0.0,
    "I": 0.0,
    "K": 0.0,
    "L": 0.0,
    "M": 0.0,
    "N": 0.0,
    "P": 0.0,
    "Q": 0.0,
    "R": 0.0,
    "S": 0.0,
    "T": 0.0,
    "V": 0.0,
    "W": 0.0,
    "Y": 0.0
  },
  "+1": {
    "A": 0.18181818181818182,
    "C": 0.09090909090909091,
    "D": 0.0,
    "E": 0.09090909090909091,
    "F": 0.0,
    "G": 0.0,
    "H": 0.0,
    "I": 0.0,
    "K": 0.0,
    "L": 0.09090909090909091,
    "M": 0.0,
    "N": 0.0,
    "P": 0.09090909090909091,
    "Q": 0.09090909090909091,
    "R": 0.0,
    "S": 0.18181818181818182,
    "T": 0.18181818181818182,
    "V": 0.0,
    "W": 0.0,
    "Y": 0.0
  },
  "+2": {
    "A": 0.09090909090909091,
    "C": 0.09090909090909091,
    "D": 0.0,
    "E": 0.0,
    "F": 0.0,
    "G": 0.09090909090909091,
    "H": 0.0,
    "I": 0.18181818181818182,
    "K": 0.0,
    "L": 0.09090909090909091,
    "M": 0.0,
    "N": 0.09090909090909091,
    "P": 0.18181818181818182,
    "Q": 0.0,
    "R": 0.09090909090909091,
    "S": 0.09090909090909091,
    "T": 0.0,
    "V": 0.0,
    "W": 0.0,
    "Y": 0.0
  },
  "+3": {
    "A": 0.0,
    "C": 0.0,
    "D": 0.0,
    "E": 0.0,
    "F": 0.0,
    "G": 0.0,
    "H": 0.0,
    "I": 0.09090909090909091,
    "K": 0.18181818181818182,
    "L": 0.2727272727272727,
    "M": 0.0,
    "N": 0.09090909090909091,
    "P": 0.09090909090909091,
    "Q": 0.09090909090909091,
    "R": 0.0,
    "S": 0.0,
    "T": 0.0,
    "V": 0.18181818181818182,
    "W": 0.0,
    "Y": 0.0
  },
  "+4": {
    "A": 0.0,
    "C": 0.0,
    "D": 0.0,
    "E": 0.0,
    "F": 0.0,
    "G": 0.09090909090909091,
    "H": 0.09090909090909091,
    "I": 0.0,
    "K": 0.09090909090909091,
    "L": 0.09090909090909091,
    "M": 0.09090909090909091,
    "N": 0.09090909090909091,
    "P": 0.0,
    "Q": 0.09090909090909091,
    "R": 0.09090909090909091,
    "S": 0.18181818181818182,
    "T": 0.09090909090909091,
    "V": 0.0,
    "W": 0.0,
    "Y": 0.0
  },
  "+5": {
    "A": 0.09090909090909091,
    "C": 0.0,
    "D": 0.0,
    "E": 0.09090909090909091,
    "F": 0.0,
    "G": 0.0,
    "H": 0.09090909090909091,
    "I": 0.09090909090909091,
    "K": 0.18181818181818182,
    "L": 0.0,
    "M": 0.09090909090909091,
    "N": 0.0,
    "P": 0.0,
    "Q": 0.0,
    "R": 0.18181818181818182,
    "S": 0.0,
    "T": 0.0,
    "V": 0.09090909090909091,
    "W": 0.09090909090909091,
    "Y": 0.0
  },
  "+6": {
    "A": 0.18181818181818182,
    "C": 0.0,
    "D": 0.09090909090909091,
    "E": 0.0,
    "F": 0.09090909090909091,
    "G": 0.0,
    "H": 0.0,
    "I": 0.0,
    "K": 0.09090909090909091,
    "L": 0.09090909090909091,
    "M": 0.0,
    "N": 0.0,
    "P": 0.0,
    "Q": 0.09090909090909091,
    "R": 0.0,
    "S": 0.0,
    "T": 0.09090909090909091,
    "V": 0.2727272727272727,
    "W": 0.0,
    "Y": 0.0
  },
  "+7": {
    "A": 0.0,
    "C": 0.0,
    "D": 0.0,
    "E": 0.0,
    "F": 0.0,
    "G": 0.09090909090909091,
    "H": 0.0,
    "I": 0.0,
    "K": 0.0,
    "L": 0.0,
    "M": 0.0,
    "N": 0.09090909090909091,
    "P": 0.09090909090909091,
    "Q": 0.18181818181818182,
    "R": 0.18181818181818182,
    "S": 0.09090909090909091,
    "T": 0.18181818181818182,
    "V": 0.0,
    "W": 0.0,
    "Y": 0.09090909090909091
  },
  "+8": {
    "A": 0.0,
    "C": 0.0,
    "D": 0.09090909090909091,
    "E": 0.2727272727272727,
    "F": 0.0,
    "G": 0.09090909090909091,
    "H": 0.0,
    "I": 0.18181818181818182,
    "K": 0.09090909090909091,
    "L": 0.0,
    "M": 0.0,
    "N": 0.0,
    "P": 0.0,
    "Q": 0.0,
    "R": 0.0,
    "S": 0.0,
    "T": 0.18181818181818182,
    "V": 0.09090909090909091,
    "W": 0.0,
    "Y": 0.0
  },
  "+9": {
    "A": 0.0,
    "C": 0.0,
    "D": 0.0,