{
  "-10": {
    "A": 0.0,
    "C": 0.0,
    "D": 0.0,
    "E": 0.1111111111111111,
    "F": 0.0,
    "G": 0.1111111111111111,
    "H": 0.0,
    "I": 0.1111111111111111,
    "K": 0.0,
    "L": 0.2222222222222222,
    "M": 0.0,
    "N": 0.3333333333333333,
    "P": 0.1111111111111111,
    "Q": 0.0,
    "R": 0.0,
    "S": 0.0,
    "T": 0.0,
    "V": 0.0,
    "W": 0.0,
    "Y": 0.0
  },
  "-9": {
    "A": 0.2222222222222222,
    "C": 0.0,
    "D": 0.0,
    "E": 0.2222222222222222,
    "F": 0.1111111111111111,
    "G": 0.1111111111111111,
    "H": 0.0,
    "I": 0.0,
    "K": 0.0,
    "L": 0.0,
    "M": 0.0,
    "N": 0.0,
    "P": 0.1111111111111111,
    "Q": 0.0,
    "R": 0.2222222222222222,
    "S": 0.0,
    "T": 0.0,
    "V": 0.0,
    "W": 0.0,
    "Y": 0.0
  },
  "-8": {
    "A": 0.0,
    "C": 0.0,
    "D": 0.2222222222222222,
    "E": 0.2222222222222222,
    "F": 0.0,
    "G": 0.0,
    "H": 0.0,
    "I": 0.1111111111111111,
    "K": 0.1111111111111111,
    "L": 0.0,
    "M": 0.0,
    "N": 0.0,
    "P": 0.0,
    "Q": 0.0,
    "R": 0.1111111111111111,
    "S": 0.1111111111111111,
    "T": 0.1111111111111111,
    "V": 0.0,
    "W": 0.0,
    "Y": 0.0
  },
  "-7": {
    "A": 0.2222222222222222,
    "C": 0.0,
    "D": 0.0,
    "E": 0.0,
    "F": 0.0,
    "G": 0.0,
    "H": 0.0,
    "I": 0.3333333333333333,
    "K": 0.0,
    "L": 0.0,
    "M": 0.0,
    "N": 0.0,
    "P": 0.0,
    "Q": 0.1111111111111111,
    "R": 0.2222222222222222,
    "S": 0.1111111111111111,
    "T": 0.0,
    "V": 0.0,
    "W": 0.0,
    "Y": 0.0
  },
  "-6": {
    "A": 0.0,
    "C": 0.0,
    "D": 0.0,
    "E": 0.0,
    "F": 0.0,
    "G": 0.0,
    "H": 0.1111111111111111,
    "I": 0.0,
    "K": 0.0,
    "L": 0.1111111111111111,
    "M": 0.0,
    "N": 0.0,
    "P": 0.2222222222222222,
    "Q": 0.0,
    "R": 0.0,
    "S": 0.1111111111111111,
    "T": 0.0,
    "V": 0.4444444444444444,
    "W": 0.0,
    "Y": 0.0
  },
  "-5": {
    "A": 0.0,
    "C": 0.0,
    "D": 0.0,
    "E": 0.0,
    "F": 0.1111111111111111,
    "G": 0.1111111111111111,
    "H": 0.0,
    "I": 0.0,
    "K": 0.0,
    "L": 0.2222222222222222,
    "M": 0.0,
    "N": 0.0,
    "P": 0.0,
    "Q": 0.3333333333333333,
    "R": 0.0,
    "S": 0.0,
    "T": 0.0,
    "V": 0.2222222222222222,
    "W": 0.0,
    "Y": 0.0
  },
  "-4": {
    "A": 0.0,
    "C": 0.0,
    "D": 0.2222222222222222,
    "E": 0.1111111111111111,
    "F": 0.0,
    "G": 0.0,
    "H": 0.1111111111111111,
    "I": 0.0,
    "K": 0.1111111111111111,
    "L": 0.1111111111111111,
    "M": 0.0,
    "N": 0.0,
    "P": 0.0,
    "Q": 0.1111111111111111,
    "R": 0.1111111111111111,
    "S": 0.1111111111111111,
    "T": 0.0,
    "V": 0.0,
    "W": 0.0,
    "Y": 0.0
  },
  "-3": {
    "A": 0.2222222222222222,
    "C": 0.0,
    "D": 0.1111111111111111,
    "E": 0.1111111111111111,
    "F": 0.1111111111111111,
    "G": 0.0,
    "H": 0.0,
    "I": 0.0,
    "K": 0.1111111111111111,
    "L": 0.1111111111111111,
    "M": 0.1111111111111111,
    "N": 0.0,
    "P": 0.1111111111111111,
    "Q": 0.0,
    "R": 0.0,
    "S": 0.0,
    "T": 0.0,
    "V": 0.0,
    "W": 0.0,
    "Y": 0.0
  },
  "-2": {
    "A": 0.0,
    "C": 0.0,
    "D": 0.0,
    "E": 0.1111111111111111,
    "F": 0.1111111111111111,
    "G": 0.0,
    "H": 0.0,
    "I": 0.0,
    "K": 0.0,
    "L": 0.3333333333333333,
    "M": 0.0,
    "N": 0.1111111111111111,
    "P": 0.1111111111111111,
    "Q": 0.0,
    "R": 0.1111111111111111,
    "S": 0.0,
    "T": 0.0,
    "V": 0.1111111111111111,
    "W": 0.0,
    "Y": 0.0
  },
  "-1": {
    "A": 0.0,
    "C": 0.0,
    "D": 0.1111111111111111,
    "E": 0.0,
    "F": 0.1111111111111111,
    "G": 0.0,
    "H": 0.0,
    "I": 0.0,
    "K": 0.0,
    "L": 0.0,
    "M": 0.0,
    "N": 0.1111111111111111,
    "P": 0.0,
    "Q": 0.1111111111111111,
    "R": 0.1111111111111111,
    "S": 0.1111111111111111,
    "T": 0.1111111111111111,
    "V": 0.1111111111111111,
    "W": 0.0,
    "Y": 0.1111111111111111
  },
  "0": {
    "A": 0.0,
    "C": 0.0,
    "D": 0.0,
    "E": 0.0,
    "F": 0.0,
    "G": 0.0,
    "H": 0.0,
    "I": 0.0,
    "K": 0.0,
    "L": 1.0,
    "M": 0.0,
    "N": 0.0,
    "P": 0.0,
    "Q": 0.0,
    "R": 0.0,
    "S": 0.0,
    "T": 0.0,
    "V": 0.0,
    "W": 0.0,
    "Y": 0.0
  },
  "+1": {
    "A": 0.0,
    "C": 0.0,
    "D": 0.0,
    "E": 0.0,
    "F": 0.1111111111111111,
    "G": 0.1111111111111111,
    "H": 0.0,
    "I": 0.0,
    "K": 0.1111111111111111,
    "L": 0.1111111111111111,
    "M": 0.0,
    "N": 0.0,
    "P": 0.0,
    "Q": 0.2222222222222222,
    "R": 0.0,
    "S": 0.1111111111111111,
    "T": 0.2222222222222222,
    "V": 0.0,
    "W": 0.0,
    "Y": 0.0
  },
  "+2": {
    "A": 0.1111111111111111,
    "C": 0.1111111111111111,
    "D": 0.2222222222222222,
    "E": 0.0,
    "F": 0.0,
    "G": 0.1111111111111111,
    "H": 0.1111111111111111,
    "I": 0.0,
    "K": 0.0,
    "L": 0.0,
    "M": 0.0,
    "N": 0.0,
    "P": 0.3333333333333333,
    "Q": 0.0,
    "R": 0.0,
    "S": 0.0,
    "T": 0.0,
    "V": 0.0,
    "W": 0.0,
    "Y": 0.0
  },
  "+3": {
    "A": 0.2222222222222222,
    "C": 0.0,
    "D": 0.1111111111111111,
    "E": 0.1111111111111111,
    "F": 0.0,
    "G": 0.0,
    "H": 0.1111111111111111,
    "I": 0.1111111111111111,
    "K": 0.0,
    "L": 0.0,
    "M": 0.0,
    "N": 0.3333333333333333,
    "P": 0.0,
    "Q": 0.0,
    "R": 0.0,
    "S": 0.0,
    "T": 0.0,
    "V": 0.0,
    "W": 0.0,
    "Y": 0.0
  },
  "+4": {
    "A": 0.2222222222222222,
    "C": 0.0,
    "D": 0.0,
    "E": 0.0,
    "F": 0.0,
    "G": 0.1111111111111111,
    "H": 0.0,
    "I": 0.0,
    "K": 0.0,
    "L": 0.2222222222222222,
    "M": 0.0,
    "N": 0.0,
    "P": 0.0,
    "Q": 0.0,
    "R": 0.2222222222222222,
    "S": 0.0,
    "T": 0.0,
    "V": 0.1111111111111111,
    "W": 0.0,
    "Y": 0.1111111111111111
  },
  "+5": {
    "A": 0.0,
    "C": 0.0,
    "D": 0.1111111111111111,
    "E": 0.0,
    "F": 0.0,
    "G": 0.0,
    "H": 0.1111111111111111,
    "I": 0.2222222222222222,
    "K": 0.2222222222222222,
    "L": 0.0,
    "M": 0.0,
    "N": 0.0,
    "P": 0.0,
    "Q": 0.0,
    "R": 0.0,
    "S": 0.2222222222222222,
    "T": 0.1111111111111111,
    "V": 0.0,
    "W": 0.0,
    "Y": 0.0
  },
  "+6": {
    "A": 0.1111111111111111,
    "C": 0.0,
    "D": 0.0,
    "E": 0.0,
    "F": 0.1111111111111111,
    "G": 0.0,
    "H": 0.1111111111111111,
    "I": 0.0,
    "K": 0.0,
    "L": 0.2222222222222222,
    "M": 0.0,
    "N": 0.1111111111111111,
    "P": 0.0,
    "Q": 0.0,
    "R": 0.0,
    "S": 0.3333333333333333,
    "T": 0.0,
    "V": 0.0,
    "W": 0.0,
    "Y": 0.0
  },
  "+7": {
    "A": 0.0,
    "C": 0.0,
    "D": 0.0,
    "E": 0.1111111111111111,
    "F": 0.0,
    "G": 0.0,
    "H": 0.2222222222222222,
    "I": 0.0,
    "K": 0.0,
    "L": 0.1111111111111111,
    "M": 0.0,
    "N": 0.1111111111111111,
    "P": 0.1111111111111111,
    "Q": 0.0,
    "R": 0.0,
    "S": 0.1111111111111111,
    "T": 0.0,
    "V": 0.1111111111111111,
    "W": 0.0,
    "Y": 0.1111111111111111
  },
  "+8": {
    "A": 0.1111111111111111,
    "C": 0.1111111111111111,
    "D": 0.0,
    "E": 0.0,
    "F": 0.0,
    "G": 0.0,
    "H": 0.0,
    "I": 0.1111111111111111,
    "K": 0.1111111111111111,
    "L": 0.1111111111111111,
    "M": 0.0,
    "N": 0.0,
    "P": 0.0,
    "Q": 0.0,
    "R": 0.0,
    "S": 0.1111111111111111,
    "T": 0.0,
    "V": 0.1111111111111111,
    "W": 0.0,
    "Y": 0.2222222222222222
  },
  "+9": {
    "A": 0.0,
    "C": 0.0,
    "D": 0.0,
    "E": 0.1111111111111111,
    "F": 0.0,
    "G": 0.0,
    "H": 0.1111111111111111,
    "I": 0.1111111111111111,
    "K": 0.1111111111111111,
    "L": 0.2222222222222222,
    "M": 0.0,
    "N": 0.0,
    "P": 0.2222222222222222,
    "Q": 0.0,
    "R": 0.0,
    "S": 0.1111111111111111,
    "T": 0.0,
    "V": 0.0,
    "W": 0.0,
    "Y": 0.0
  },
  "+10": {
    "A": 0.2222222222222222,
    "C": 0.0,
    "D": 0.0,
    "E": 0.0,
    "F": 0.2222222222222222,
    "G": 0.0,
    "H": 0.0,
    "I": 0.0,
    "K": 0.0,
    "L": 0.2222222222222222,
    "M": 0.0,
    "N": 0.0,