{
  "-10": {
    "A": 0.07692307692307693,
    "C": 0.15384615384615385,
    "D": 0.0,
    "E": 0.0,
    "F": 0.07692307692307693,
    "G": 0.0,
    "H": 0.0,
    "I": 0.07692307692307693,
    "K": 0.0,
    "L": 0.0,
    "M": 0.0,
    "N": 0.15384615384615385,
    "P": 0.23076923076923078,
    "Q": 0.0,
    "R": 0.07692307692307693,
    "S": 0.07692307692307693,
    "T": 0.0,
    "V": 0.07692307692307693,
    "W": 0.0,
    "Y": 0.0
  },
  "-9": {
    "A": 0.0,
    "C": 0.07692307692307693,
    "D": 0.0,
    "E": 0.07692307692307693,
    "F": 0.0,
    "G": 0.0,
    "H": 0.15384615384615385,
    "I": 0.07692307692307693,
    "K": 0.0,
    "L": 0.15384615384615385,
    "M": 0.0,
    "N": 0.07692307692307693,
    "P": 0.0,
    "Q": 0.0,
    "R": 0.07692307692307693,
    "S": 0.0,
    "T": 0.23076923076923078,
    "V": 0.07692307692307693,
    "W": 0.0,
    "Y": 0.0
  },
  "-8": {
    "A": 0.07692307692307693,
    "C": 0.07692307692307693,
    "D": 0.15384615384615385,
    "E": 0.07692307692307693,
    "F": 0.0,
    "G": 0.07692307692307693,
    "H": 0.0,
    "I": 0.0,
    "K": 0.0,
    "L": 0.15384615384615385,
    "M": 0.0,
    "N": 0.07692307692307693,
    "P": 0.0,
    "Q": 0.0,
    "R": 0.15384615384615385,
    "S": 0.15384615384615385,
    "T": 0.0,
    "V": 0.0,
    "W": 0.0,
    "Y": 0.0
  },
  "-7": {
    "A": 0.0,
    "C": 0.0,
    "D": 0.0,
    "E": 0.15384615384615385,
    "F": 0.0,
    "G": 0.15384615384615385,
    "H": 0.0,
    "I": 0.0,
    "K": 0.0,
    "L": 0.23076923076923078,
    "M": 0.07692307692307693,
    "N": 0.07692307692307693,
    "P": 0.0,
    "Q": 0.07692307692307693,
    "R": 0.07692307692307693,
    "S": 0.0,
    "T": 0.07692307692307693,
    "V": 0.07692307692307693,
    "W": 0.0,
    "Y": 0.0
  },
  "-6": {
    "A": 0.07692307692307693,
    "C": 0.0,
    "D": 0.07692307692307693,
    "E": 0.0,
    "F": 0.0,
    "G": 0.07692307692307693,
    "H": 0.0,
    "I": 0.15384615384615385,
    "K": 0.07692307692307693,
    "L": 0.0,
    "M": 0.07692307692307693,
    "N": 0.07692307692307693,
    "P": 0.07692307692307693,
    "Q": 0.0,
    "R": 0.0,
    "S": 0.07692307692307693,
    "T": 0.07692307692307693,
    "V": 0.15384615384615385,
    "W": 0.0,
    "Y": 0.0
  },
  "-5": {
    "A": 0.0,
    "C": 0.0,
    "D": 0.0,
    "E": 0.0,
    "F": 0.07692307692307693,
    "G": 0.07692307692307693,
    "H": 0.15384615384615385,
    "I": 0.07692307692307693,
    "K": 0.0,
    "L": 0.15384615384615385,
    "M": 0.07692307692307693,
    "N": 0.0,
    "P": 0.15384615384615385,
    "Q": 0.0,
    "R": 0.07692307692307693,
    "S": 0.07692307692307693,
    "T": 0.0,
    "V": 0.0,
    "W": 0.0,
    "Y": 0.07692307692307693
  },
  "-4": {
    "A": 0.07692307692307693,
    "C": 0.07692307692307693,
    "D": 0.0,
    "E": 0.07692307692307693,
    "F": 0.0,
    "G": 0.07692307692307693,
    "H": 0.07692307692307693,
    "I": 0.0,
    "K": 0.15384615384615385,
    "L": 0.07692307692307693,
    "M": 0.0,
    "N": 0.0,
    "P": 0.0,
    "Q": 0.0,
    "R": 0.15384615384615385,
    "S": 0.15384615384615385,
    "T": 0.0,
    "V": 0.0,
    "W": 0.0,
    "Y": 0.07692307692307693
  },
  "-3": {
    "A": 0.0,
    "C": 0.0,
    "D": 0.15384615384615385,
    "E": 0.07692307692307693,
    "F": 0.15384615384615385,
    "G": 0.07692307692307693,
    "H": 0.07692307692307693,
    "I": 0.07692307692307693,
    "K": 0.0,
    "L": 0.0,
    "M": 0.0,
    "N": 0.15384615384615385,
    "P": 0.07692307692307693,
    "Q": 0.15384615384615385,
    "R": 0.0,
    "S": 0.0,
    "T": 0.0,
    "V": 0.0,
    "W": 0.0,
    "Y": 0.0
  },
  "-2": {
    "A": 0.0,
    "C": 0.0,
    "D": 0.07692307692307693,
    "E": 0.0,
    "F": 0.0,
    "G": 0.0,
    "H": 0.0,
    "I": 0.0,
    "K": 0.0,
    "L": 0.07692307692307693,
    "M": 0.0,
    "N": 0.5384615384615384,
    "P": 0.0,
    "Q": 0.0,
    "R": 0.0,
    "S": 0.15384615384615385,
    "T": 0.07692307692307693,
    "V": 0.07692307692307693,
    "W": 0.0,
    "Y": 0.0
  },
  "-1": {
    "A": 0.15384615384615385,
    "C": 0.0,
    "D": 0.07692307692307693,
    "E": 0.0,
    "F": 0.15384615384615385,
    "G": 0.15384615384615385,
    "H": 0.0,
    "I": 0.0,
    "K": 0.0,
    "L": 0.15384615384615385,
    "M": 0.0,
    "N": 0.07692307692307693,
    "P": 0.0,
    "Q": 0.0,
    "R": 0.0,
    "S": 0.07692307692307693,
    "T": 0.07692307692307693,
    "V": 0.07692307692307693,
    "W": 0.0,
    "Y": 0.0
  },
  "0": {
    "A": 0.0,
    "C": 0.0,
    "D": 0.0,
    "E": 0.0,
    "F": 0.0,
    "G": 0.0,
    "H": 0.0,
    "I": 0.0,
    "K": 0.0,
    "L": 0.0,
    "M": 0.0,
    "N": 0.0,
    "P": 0.0,
    "Q": 0.0,
    "R": 0.0,
    "S": 0.0,
    "T": 1.0,
    "V": 0.0,
    "W": 0.0,
    "Y": 0.0
  },
  "+1": {
    "A": 0.0,
    "C": 0.07692307692307693,
    "D": 0.0,
    "E": 0.07692307692307693,
    "F": 0.0,
    "G": 0.07692307692307693,
    "H": 0.0,
    "I": 0.0,
    "K": 0.0,
    "L": 0.23076923076923078,
    "M": 0.0,
    "N": 0.0,
    "P": 0.0,
    "Q": 0.0,
    "R": 0.07692307692307693,
    "S": 0.07692307692307693,
    "T": 0.15384615384615385,
    "V": 0.07692307692307693,
    "W": 0.0,
    "Y": 0.15384615384615385
  },
  "+2": {
    "A": 0.0,
    "C": 0.0,
    "D": 0.07692307692307693,
    "E": 0.15384615384615385,
    "F": 0.15384615384615385,
    "G": 0.0,
    "H": 0.0,
    "I": 0.0,
    "K": 0.0,
    "L": 0.07692307692307693,
    "M": 0.0,
    "N": 0.0,
    "P": 0.0,
    "Q": 0.0,
    "R": 0.07692307692307693,
    "S": 0.07692307692307693,
    "T": 0.15384615384615385,
    "V": 0.23076923076923078,
    "W": 0.0,
    "Y": 0.0
  },
  "+3": {
    "A": 0.07692307692307693,
    "C": 0.07692307692307693,
    "D": 0.07692307692307693,
    "E": 0.0,
    "F": 0.07692307692307693,
    "G": 0.07692307692307693,
    "H": 0.0,
    "I": 0.0,
    "K": 0.0,
    "L": 0.07692307692307693,
    "M": 0.0,
    "N": 0.0,
    "P": 0.15384615384615385,
    "Q": 0.07692307692307693,
    "R": 0.0,
    "S": 0.07692307692307693,
    "T": 0.15384615384615385,
    "V": 0.0,
    "W": 0.0,
    "Y": 0.07692307692307693
  },
  "+4": {
    "A": 0.0,
    "C": 0.0,
    "D": 0.07692307692307693,
    "E": 0.07692307692307693,
    "F": 0.07692307692307693,
    "G": 0.0,
    "H": 0.0,
    "I": 0.15384615384615385,
    "K": 0.0,
    "L": 0.0,
    "M": 0.0,
    "N": 0.0,
    "P": 0.07692307692307693,
    "Q": 0.07692307692307693,
    "R": 0.23076923076923078,
    "S": 0.0,
    "T": 0.07692307692307693,
    "V": 0.07692307692307693,
    "W": 0.07692307692307693,
    "Y": 0.0
  },
  "+5": {
    "A": 0.15384615384615385,
    "C": 0.0,
    "D": 0.07692307692307693,
    "E": 0.0,
    "F": 0.0,
    "G": 0.0,
    "H": 0.0,
    "I": 0.07692307692307693,
    "K": 0.0,
    "L": 0.15384615384615385,
    "M": 0.0,
    "N": 0.0,
    "P": 0.07692307692307693,
    "Q": 0.0,
    "R": 0.15384615384615385,
    "S": 0.0,
    "T": 0.07692307692307693,
    "V": 0.0,
    "W": 0.07692307692307693,
    "Y": 0.15384615384615385
  },
  "+6": {
    "A": 0.07692307692307693,
    "C": 0.0,
    "D": 0.0,
    "E": 0.0,
    "F": 0.0,
    "G": 0.07692307692307693,
    "H": 0.0,
    "I": 0.0,
    "K": 0.07692307692307693,
    "L": 0.3076923076923077,
    "M": 0.0,
    "N": 0.0,
    "P": 0.15384615384615385,
    "Q": 0.0,
    "R": 0.07692307692307693,
    "S": 0.15384615384615385,
    "T": 0.07692307692307693,
    "V": 0.0,
    "W": 0.0,
    "Y": 0.0
  },
  "+7": {
    "A": 0.0,
    "C": 0.0,
    "D": 0.0,
    "E": 0.0,
    "F": 0.07692307692307693,
    "G": 0.0,
    "H": 0.07692307692307693,
    "I": 0.0,
    "K": 0.15384615384615385,
    "L": 0.0,
    "M": 0.0,
    "N": 0.23076923076923078,
    "P": 0.07692307692307693,
    "Q": 0.0,
    "R": 0.07692307692307693,
    "S": 0.15384615384615385,
    "T": 0.07692307692307693,
    "V": 0.07692307692307693,
    "W": 0.0,
    "Y": 0.0
  },
  "+8": {
    "A": 0.0,
    "C": 0.15384615384615385,
    "D": 0.07692307692307693,
    "E": 0.07692307692307693,
    "F": 0.0,
    "G": 0.07692307692307693,
    "H": 0.07692307692307693,
    "I": 0.0,