{
  "-10": {
    "A": -2.6855773452501515,
    "C": "-inf",
    "D": -3.0910424533583156,
    "E": -1.2192402764567243,
    "F": "-inf",
    "G": -2.3978952727983707,
    "H": -3.0910424533583156,
    "I": "-inf",
    "K": -2.3978952727983707,
    "L": -2.6855773452501515,
    "M": "-inf",
    "N": "-inf",
    "P": "-inf",
    "Q": -3.0910424533583156,
    "R": -3.784189633918261,
    "S": -2.174751721484161,
    "T": "-inf",
    "V": -2.174751721484161,
    "W": "-inf",
    "Y": "-inf"
  },
  "-9": {
    "A": -2.6855773452501515,
    "C": -1.9924301646902063,
    "D": -2.3978952727983707,
    "E": -3.0910424533583156,
    "F": -3.784189633918261,
    "G": -2.3978952727983707,
    "H": -3.0910424533583156,
    "I": -3.0910424533583156,
    "K": -2.6855773452501515,
    "L": -2.3978952727983707,
    "M": -3.784189633918261,
    "N": "-inf",
    "P": -3.784189633918261,
    "Q": -2.174751721484161,
    "R": -3.0910424533583156,
    "S": "-inf",
    "T": -3.0910424533583156,
    "V": -3.784189633918261,
    "W": "-inf",
    "Y": -3.784189633918261
  },
  "-8": {
    "A": -2.6855773452501515,
    "C": -3.784189633918261,
    "D": -2.6855773452501515,
    "E": -3.0910424533583156,
    "F": -3.784189633918261,
    "G": "-inf",
    "H": -3.784189633918261,
    "I": -2.174751721484161,
    "K": -3.784189633918261,
    "L": -1.4816045409242156,
    "M": -3.784189633918261,
    "N": -2.6855773452501515,
    "P": -3.0910424533583156,
    "Q": -3.784189633918261,
    "R": -2.6855773452501515,
    "S": -3.784189633918261,
    "T": -2.3978952727983707,
    "V": -3.0910424533583156,
    "W": "-inf",
    "Y": "-inf"
  },
  "-7": {
    "A": -3.0910424533583156,
    "C": "-inf",
    "D": -1.9924301646902063,
    "E": -2.174751721484161,
    "F": -3.784189633918261,
    "G": -2.3978952727983707,
    "H": "-inf",
    "I": -3.0910424533583156,
    "K": -2.6855773452501515,
    "L": -2.6855773452501515,
    "M": -3.0910424533583156,
    "N": "-inf",
    "P": -3.784189633918261,
    "Q": "-inf",
    "R": -1.7047480922384253,
    "S": -3.0910424533583156,
    "T": -3.784189633918261,
    "V": "-inf",
    "W": -3.784189633918261,
    "Y": -2.6855773452501515
  },
  "-6": {
    "A": -1.5869650565820417,
    "C": "-inf",
    "D": -3.0910424533583156,
    "E": -2.3978952727983707,
    "F": "-inf",
    "G": -1.3862943611198906,
    "H": "-inf",
    "I": -3.0910424533583156,
    "K": -3.784189633918261,
    "L": -2.6855773452501515,
    "M": "-inf",
    "N": -3.0910424533583156,
    "P": -2.3978952727983707,
    "Q": "-inf",
    "R": -3.784189633918261,
    "S": -3.0910424533583156,
    "T": -3.0910424533583156,
    "V": "-inf",
    "W": "-inf",
    "Y": -3.784189633918261
  },
  "-5": {
    "A": -3.784189633918261,
    "C": "-inf",
    "D": -3.784189633918261,
    "E": "-inf",
    "F": -3.784189633918261,
    "G": -0.7396671961948381,
    "H": -2.6855773452501515,
    "I": -3.784189633918261,
    "K": -3.0910424533583156,
    "L": -2.6855773452501515,
    "M": "-inf",
    "N": "-inf",
    "P": -2.3978952727983707,
    "Q": "-inf",
    "R": -2.6855773452501515,
    "S": -3.0910424533583156,
    "T": "-inf",
    "V": -3.0910424533583156,
    "W": "-inf",
    "Y": "-inf"
  },
  "-4": {
    "A": -1.2192402764567243,
    "C": "-inf",
    "D": -3.784189633918261,
    "E": "-inf",
    "F": -3.784189633918261,
    "G": -3.784189633918261,
    "H": -3.784189633918261,
    "I": -1.9924301646902063,
    "K": "-inf",
    "L": -1.8382794848629478,
    "M": "-inf",
    "N": -3.0910424533583156,
    "P": "-inf",
    "Q": "-inf",
    "R": -3.784189633918261,
    "S": -3.784189633918261,
    "T": -3.0910424533583156,
    "V": -1.8382794848629478,
    "W": "-inf",
    "Y": -3.784189633918261
  },
  "-3": {
    "A": -2.3978952727983707,
    "C": "-inf",
    "D": -1.4816045409242156,
    "E": -3.784189633918261,
    "F": -3.784189633918261,
    "G": -2.174751721484161,
    "H": "-inf",
    "I": -2.3978952727983707,
    "K": "-inf",
    "L": -3.784189633918261,
    "M": -3.784189633918261,
    "N": -3.0910424533583156,
    "P": "-inf",
    "Q": "-inf",
    "R": -3.784189633918261,
    "S": -2.174751721484161,
    "T": -2.6855773452501515,
    "V": -1.9924301646902063,
    "W": "-inf",
    "Y": "-inf"
  },
  "-2": {
    "A": -2.6855773452501515,
    "C": -3.784189633918261,
    "D": "-inf",
    "E": "-inf",
    "F": -1.5869650565820417,
    "G": -1.4816045409242156,
    "H": -3.0910424533583156,
    "I": -2.6855773452501515,
    "K": -3.784189633918261,
    "L": -3.784189633918261,
    "M": "-inf",
    "N": -3.784189633918261,
    "P": "-inf",
    "Q": "-inf",
    "R": -3.784189633918261,
    "S": -2.174751721484161,
    "T": -2.3978952727983707,
    "V": "-inf",
    "W": -3.0910424533583156,
    "Y": -3.784189633918261
  },
  "-1": {
    "A": -3.0910424533583156,
    "C": "-inf",
    "D": "-inf",
    "E": -3.784189633918261,
    "F": -1.5869650565820417,
    "G": "-inf",
    "H": -3.784189633918261,
    "I": -1.9924301646902063,
    "K": "-inf",
    "L": -1.4816045409242156,
    "M": -2.6855773452501515,
    "N": "-inf",
    "P": "-inf",
    "Q": "-inf",
    "R": "-inf",
    "S": "-inf",
    "T": -1.9924301646902063,
    "V": -2.174751721484161,
    "W": "-inf",
    "Y": -3.784189633918261
  },
  "0": {
    "A": "-inf",
    "C": "-inf",
    "D": "-inf",
    "E": "-inf",
    "F": "-inf",
    "G": "-inf",
    "H": "-inf",
    "I": "-inf",
    "K": 0.0,
    "L": "-inf",
    "M": "-inf",
    "N": "-inf",
    "P": "-inf",
    "Q": "-inf",
    "R": "-inf",
    "S": "-inf",
    "T": "-inf",
    "V": "-inf",
    "W": "-inf",
    "Y": "-inf"
  },
  "+1": {
    "A": -2.174751721484161,
    "C": -3.0910424533583156,
    "D": -1.3862943611198906,
    "E": "-inf",
    "F": "-inf",
    "G": "-inf",
    "H": "-inf",
    "I": -1.4816045409242156,
    "K": "-inf",
    "L": -2.3978952727983707,
    "M": -2.3978952727983707,
    "N": -3.784189633918261,
    "P": "-inf",
    "Q": "-inf",
    "R": "-inf",
    "S": -3.784189633918261,
    "T": "-inf",
    "V": -2.174751721484161,
    "W": -3.784189633918261,
    "Y": "-inf"
  },
  "+2": {
    "A": -2.174751721484161,
    "C": "-inf",
    "D": -1.1451323043030026,
    "E": "-inf",
    "F": -2.174751721484161,
    "G": -2.6855773452501515,
    "H": -2.174751721484161,
    "I": "-inf",
    "K": "-inf",
    "L": -3.784189633918261,
    "M": -2.6855773452501515,
    "N": "-inf",
    "P": -3.0910424533583156,
    "Q": "-inf",
    "R": -3.0910424533583156,
    "S": "-inf",
    "T": -3.784189633918261,
    "V": "-inf",
    "W": "-inf",
    "Y": -2.6855773452501515
  },
  "+3": {
    "A": -2.3978952727983707,
    "C": "-inf",
    "D": -3.784189633918261,
    "E": -1.0761394328160512,
    "F": "-inf",
    "G": "-inf",
    "H": -3.784189633918261,
    "I": -2.6855773452501515,
    "K": "-inf",
    "L": -2.3978952727983707,
    "M": -1.8382794848629478,
    "N": -3.784189633918261,
    "P": -3.784189633918261,
    "Q": "-inf",
    "R": "-inf",
    "S": -3.0910424533583156,
    "T": -2.174751721484161,
    "V": "-inf",
    "W": "-inf",
    "Y": "-inf"
  },
  "+4": {
    "A": -1.4816045409242156,
    "C": "-inf",
    "D": -1.9924301646902063,
    "E": "-inf",
    "F": -3.784189633918261,
    "G": -1.9924301646902063,
    "H": "-inf",
    "I": -3.0910424533583156,
    "K": "-inf",
    "L": "-inf",
    "M": "-inf",
    "N": -1.5869650565820417,
    "P": -3.784189633918261,
    "Q": "-inf",
    "R": "-inf",
    "S": -2.3978952727983707,
    "T": -2.3978952727983707,
    "V": "-inf",
    "W": "-inf",
    "Y": -3.784189633918261
  },
  "+5": {
    "A": -3.784189633918261,
    "C": "-inf",
    "D": -3.784189633918261,
    "E": -3.0910424533583156,
    "F": "-inf",
    "G": -3.0910424533583156,
    "H": -3.784189633918261,
    "I": -2.6855773452501515,
    "K": -3.784189633918261,
    "L": -1.9924301646902063,
    "M": -2.174751721484161,
    "N": -3.784189633918261,
    "P": "-inf",
    "Q": -3.784189633918261,
    "R": -3.0910424533583156,
    "S": -3.784189633918261,
    "T": "-inf",