{
  "-10": {
    "A": -3.9194239284880537,
    "C": -6.586328042745386,
    "D": -4.283258975109339,
    "E": -3.586328042745386,
    "F": -4.819691581902837,
    "G": -3.9552691274347755,
    "H": -5.841887328017033,
    "I": -4.22011938629733,
    "K": -3.5470528940119457,
    "L": -3.5311864885529247,
    "M": -5.353268696357082,
    "N": -4.792418651752733,
    "P": -4.447973120303943,
    "Q": -4.5723438133096845,
    "R": -4.101570524351189,
    "S": -4.029747343394052,
    "T": -4.242089786132935,
    "V": -3.985835843730625,
    "W": -7.098227081276819,
    "Y": -5.337414745156245
  },
  "-9": {
    "A": -3.602816165533955,
    "C": -6.66329002456027,
    "D": -4.260657546172206,
    "E": -3.6218934027291017,
    "F": -5.045759661382683,
    "G": -3.9018298684733153,
    "H": -5.7550825004797606,
    "I": -4.279467395946965,
    "K": -3.5470528940119457,
    "L": -3.6632900245602698,
    "M": -5.401903471607958,
    "N": -4.792418651752733,
    "P": -4.3692988061760305,
    "Q": -4.486792369194471,
    "R": -4.007624532495912,
    "S": -4.020224569275546,
    "T": -4.3453199432415905,
    "V": -4.032935621025099,
    "W": -7.125194128877088,
    "Y": -5.595726740747636
  },
  "-8": {
    "A": -3.6608217689695204,
    "C": -6.478075152093362,
    "D": -4.013910795343343,
    "E": -3.5677123645780386,
    "F": -5.125194128877088,
    "G": -3.7212576228314944,
    "H": -5.787025392982515,
    "I": -4.52219770532567,
    "K": -3.593371319749506,
    "L": -3.588671983213685,
    "M": -5.853114583440287,
    "N": -4.609940599967336,
    "P": -4.55849383454866,
    "Q": -4.553906565053008,
    "R": -3.9889284387860067,
    "S": -4.04898356225697,
    "T": -4.381439369048243,
    "V": -3.9796704709249107,
    "W": -7.2384047393250786,
    "Y": -5.66329002456027
  },
  "-7": {
    "A": -3.695767648077444,
    "C": -6.643661217811338,
    "D": -4.1913364856683,
    "E": -3.773629799613472,
    "F": -4.916476644437717,
    "G": -4.01076424002648,
    "H": -5.66329002456027,
    "I": -4.234729081181681,
    "K": -3.698296474388183,
    "L": -3.5289340368215463,
    "M": -5.337414745156245,
    "N": -4.792418651752733,
    "P": -4.27191400151533,
    "Q": -4.406031357230635,
    "R": -4.118404963214449,
    "S": -4.081625113939689,
    "T": -4.2310627639839105,
    "V": -3.870121008745977,
    "W": -7.329552627383274,
    "Y": -5.410171087591559
  },
  "-6": {
    "A": -3.52219770532567,
    "C": -7.098227081276819,
    "D": -4.11164759703914,
    "E": -3.5334424624932925,
    "F": -5.104921733850827,
    "G": -3.8196915819028368,
    "H": -6.032935621025099,
    "I": -4.426849828738189,
    "K": -3.4205726830520287,
    "L": -3.822447447193346,
    "M": -5.66329002456027,
    "N": -4.765651742189948,
    "P": -4.377381152473889,
    "Q": -4.418486355803562,
    "R": -4.029747343394052,
    "S": -3.9076707470623755,
    "T": -4.381439369048243,
    "V": -4.088242992704196,
    "W": -7.495562578822203,
    "Y": -5.605187069996702
  },
  "-5": {
    "A": -3.703367463935605,
    "C": -7.045759661382683,
    "D": -3.9522477754595386,
    "E": -3.4019034716079584,
    "F": -4.995133588312715,
    "G": -4.004491643010949,
    "H": -6.098227081276819,
    "I": -4.486792369194471,
    "K": -3.5839879042908693,
    "L": -3.6218934027291017,
    "M": -5.55849383454866,
    "N": -4.614709844115208,
    "P": -4.499967757942205,
    "Q": -4.586328042745386,
    "R": -4.075037453904929,
    "S": -3.8446859613697066,
    "T": -4.198478554912319,
    "V": -3.9704715340784458,
    "W": -8.045759661382682,
    "Y": -5.819691581902837
  },
  "-4": {
    "A": -3.7135632310414937,
    "C": -6.995133588312715,
    "D": -4.202062892261359,
    "E": -3.602816165533955,
    "F": -5.071754869915628,
    "G": -3.87297500580113,
    "H": -5.787025392982515,
    "I": -4.353268696357082,
    "K": -3.7289932716110994,
    "L": -3.5793189842260222,
    "M": -5.495562578822203,
    "N": -4.658357729018039,
    "P": -4.256924827295877,
    "Q": -4.397787363135726,
    "R": -4.104921733850827,
    "S": -3.8446859613697066,
    "T": -4.365274549617236,
    "V": -3.8114554318030724,
    "W": -7.643661217811338,
    "Y": -5.614709844115208
  },
  "-3": {
    "A": -3.6171003915402022,
    "C": -7.071754869915628,
    "D": -4.013910795343343,
    "E": -3.5311864885529247,
    "F": -4.90474735185561,
    "G": -3.87297500580113,
    "H": -6.152674865299195,
    "I": -4.401903471607958,
    "K": -3.765651742189948,
    "L": -3.4331544055923984,
    "M": -5.2310627639839105,
    "N": -4.718688263219361,
    "P": -4.614709844115208,
    "Q": -4.414322730862026,
    "R": -4.3334783305970745,
    "S": -4.013910795343343,
    "T": -4.460797160661527,
    "V": -3.7238315664953205,
    "W": -7.531186488552924,
    "Y": -5.401903471607958
  },
  "-2": {
    "A": -3.6436612178113372,
    "C": -6.946223987831769,
    "D": -4.026566096149372,
    "E": -3.2719140015153303,
    "F": -5.104921733850827,
    "G": -3.8307467704118325,
    "H": -5.982749863856883,
    "I": -4.499967757942205,
    "K": -3.776298986389456,
    "L": -3.6682392405320035,
    "M": -6.180689241468792,
    "N": -4.73417351071678,
    "P": -4.38550903335729,
    "Q": -4.242089786132935,
    "R": -4.18422959917404,
    "S": -3.9223772458774007,
    "T": -4.294693870171623,
    "V": -3.8615927373645915,
    "W": -7.495562578822203,
    "Y": -5.703367463935606
  },
  "-1": {
    "A": -3.4458468191955554,
    "C": -7.605187069996702,
    "D": -3.8363062957537335,
    "E": -3.1949031006884923,
    "F": -5.275685755404538,
    "G": -3.8363062957537335,
    "H": -6.253201741253159,
    "I": -4.321733122923975,
    "K": -4.159627625940962,
    "L": -3.680687074794805,
    "M": -6.098227081276819,
    "N": -4.439486654416115,
    "P": -4.591019738070107,
    "Q": -4.045759661382683,
    "R": -4.633946062978126,
    "S": -3.855935102502666,
    "T": -4.142308149740935,
    "V": -3.995133588312715,
    "W": -7.946223987831769,
    "Y": -5.744590126662118
  },
  "0": {
    "A": "-inf",
    "C": "-inf",
    "D": "-inf",
    "E": "-inf",
    "F": "-inf",
    "G": "-inf",
    "H": "-inf",
    "I": "-inf",
    "K": "-inf",
    "L": "-inf",
    "M": 0.0,
    "N": "-inf",
    "P": "-inf",
    "Q": "-inf",
    "R": "-inf",
    "S": "-inf",
    "T": "-inf",
    "V": "-inf",
    "W": "-inf",
    "Y": "-inf"
  },
  "+1": {
    "A": -3.609940599967336,
    "C": -7.071754869915628,
    "D": -3.6608217689695204,
    "E": -3.1337257624982047,
    "F": -5.065212024048855,
    "G": -3.7498267750282652,
    "H": -6.166614056257068,
    "I": -4.50881867552447,
    "K": -3.937235204604514,
    "L": -3.551618388457738,
    "M": -5.87583465994037,
    "N": -4.31008276318505,
    "P": -4.27191400151533,
    "Q": -4.337414745156245,
    "R": -4.910600078101047,
    "S": -4.1217955524152226,
    "T": -4.202062892261359,
    "V": -3.87297500580113,
    "W": -8.209258393665563,
    "Y": -5.8873302987782
  },
  "+2": {
    "A": -3.5980860136215576,
    "C": -7.268152082719131,
    "D": -3.7843363054548744,
    "E": -3.387548178630888,
    "F": -5.2092583936655625,
    "G": -3.7315810661002553,
    "H": -5.995133588312715,
    "I": -4.353268696357082,
    "K": -4.04254294869914,
    "L": -3.54477555330088,
    "M": -6.2092583936655625,
    "N": -4.486792369194471,
    "P": -4.068479737882766,
    "Q": -4.298525731762649,
    "R": -4.389590210169107,
    "S": -3.9164766444377164,
    "T": -4.152674865299195,
    "V": -3.9827498638568826,
    "W": -7.567712364578039,
    "Y": -5.853114583440287
  },
  "+3": {
    "A": -3.670720230035758,
    "C": -7.020224569275546,
    "D": -3.898918273053412,
    "E": -3.5311864885529247,
    "F": -4.898918273053412,
    "G": -3.9106000781010475,
    "H": -5.8307467704118325,
    "I": -4.253201741253159,
    "K": -3.8363062957537335,
    "L": -3.593371319749506,
    "M": -5.202062892261359,
    "N": -4.581651555535912,
    "P": -4.1771575504985385,
    "Q": -4.373334319411187,
    "R": -4.50881867552447,
    "S": -3.9462239878317686,