{
  "-10": {
    "A": -2.0175661379617487,
    "C": "-inf",
    "D": -2.751535313041949,
    "E": -2.597384633214691,
    "F": -3.8501476017100584,
    "G": -2.292002983663509,
    "H": -3.4446824936018943,
    "I": -2.751535313041949,
    "K": -2.597384633214691,
    "L": -2.751535313041949,
    "M": -4.543294782270004,
    "N": -2.8385466900315786,
    "P": -3.2905318137746358,
    "Q": -3.8501476017100584,
    "R": -3.6270040503958487,
    "S": -3.1570004211501135,
    "T": -2.8385466900315786,
    "V": -2.9338568698359033,
    "W": "-inf",
    "Y": -3.6270040503958487
  },
  "-9": {
    "A": -2.597384633214691,
    "C": -5.236441962829949,
    "D": -2.751535313041949,
    "E": -2.9338568698359033,
    "F": -3.4446824936018943,
    "G": -2.528391761727739,
    "H": -4.543294782270004,
    "I": -3.0392173854937297,
    "K": -2.6714926053684125,
    "L": -2.6714926053684125,
    "M": -4.137829674161839,
    "N": -3.2905318137746358,
    "P": -3.8501476017100584,
    "Q": -3.8501476017100584,
    "R": -2.751535313041949,
    "S": -2.6714926053684125,
    "T": -2.597384633214691,
    "V": -2.0583881324820035,
    "W": "-inf",
    "Y": -3.2905318137746358
  },
  "-8": {
    "A": -2.191919525106526,
    "C": "-inf",
    "D": -2.6714926053684125,
    "E": -2.751535313041949,
    "F": -5.236441962829949,
    "G": -2.1009477469007996,
    "H": "-inf",
    "I": -2.528391761727739,
    "K": -2.597384633214691,
    "L": -2.6714926053684125,
    "M": -3.8501476017100584,
    "N": -3.2905318137746358,
    "P": -3.2905318137746358,
    "Q": -3.4446824936018943,
    "R": -3.4446824936018943,
    "S": -2.463853240590168,
    "T": -2.9338568698359033,
    "V": -3.0392173854937297,
    "W": -4.137829674161839,
    "Y": -3.6270040503958487
  },
  "-7": {
    "A": -2.6714926053684125,
    "C": -5.236441962829949,
    "D": -2.3460702049337847,
    "E": -2.8385466900315786,
    "F": -4.137829674161839,
    "G": -2.597384633214691,
    "H": -3.6270040503958487,
    "I": -2.8385466900315786,
    "K": -2.528391761727739,
    "L": -2.528391761727739,
    "M": -4.543294782270004,
    "N": -3.1570004211501135,
    "P": -2.751535313041949,
    "Q": -3.4446824936018943,
    "R": -3.1570004211501135,
    "S": -2.528391761727739,
    "T": -2.751535313041949,
    "V": -2.597384633214691,
    "W": -5.236441962829949,
    "Y": -4.543294782270004
  },
  "-6": {
    "A": -2.2407096892759584,
    "C": "-inf",
    "D": -2.8385466900315786,
    "E": -2.9338568698359033,
    "F": -2.9338568698359033,
    "G": -2.2407096892759584,
    "H": "-inf",
    "I": -3.0392173854937297,
    "K": -2.463853240590168,
    "L": -3.0392173854937297,
    "M": -3.8501476017100584,
    "N": -3.6270040503958487,
    "P": -3.8501476017100584,
    "Q": -3.0392173854937297,
    "R": -2.9338568698359033,
    "S": -2.6714926053684125,
    "T": -2.597384633214691,
    "V": -2.403228618773733,
    "W": "-inf",
    "Y": -3.6270040503958487
  },
  "-5": {
    "A": -2.145399509471633,
    "C": -5.236441962829949,
    "D": -2.8385466900315786,
    "E": -3.6270040503958487,
    "F": -4.543294782270004,
    "G": -2.8385466900315786,
    "H": -5.236441962829949,
    "I": -2.6714926053684125,
    "K": -2.9338568698359033,
    "L": -2.191919525106526,
    "M": -5.236441962829949,
    "N": -3.0392173854937297,
    "P": -3.4446824936018943,
    "Q": -3.4446824936018943,
    "R": -2.8385466900315786,
    "S": -2.191919525106526,
    "T": -2.463853240590168,
    "V": -2.597384633214691,
    "W": -3.8501476017100584,
    "Y": -4.543294782270004
  },
  "-4": {
    "A": -2.2407096892759584,
    "C": -5.236441962829949,
    "D": -2.9338568698359033,
    "E": -2.597384633214691,
    "F": -3.4446824936018943,
    "G": -3.0392173854937297,
    "H": -5.236441962829949,
    "I": -2.528391761727739,
    "K": -2.6714926053684125,
    "L": -2.597384633214691,
    "M": -5.236441962829949,
    "N": -3.2905318137746358,
    "P": -3.6270040503958487,
    "Q": -3.2905318137746358,
    "R": -2.8385466900315786,
    "S": -2.403228618773733,
    "T": -2.528391761727739,
    "V": -2.463853240590168,
    "W": "-inf",
    "Y": -3.4446824936018943
  },
  "-3": {
    "A": -2.0583881324820035,
    "C": "-inf",
    "D": -2.597384633214691,
    "E": -2.9338568698359033,
    "F": -3.1570004211501135,
    "G": -2.191919525106526,
    "H": -5.236441962829949,
    "I": -2.463853240590168,
    "K": -2.9338568698359033,
    "L": -2.8385466900315786,
    "M": -4.543294782270004,
    "N": -3.1570004211501135,
    "P": -3.4446824936018943,
    "Q": -3.4446824936018943,
    "R": -2.9338568698359033,
    "S": -2.751535313041949,
    "T": -2.8385466900315786,
    "V": -2.6714926053684125,
    "W": "-inf",
    "Y": -3.6270040503958487
  },
  "-2": {
    "A": -2.0583881324820035,
    "C": -5.236441962829949,
    "D": -2.8385466900315786,
    "E": -2.463853240590168,
    "F": -3.8501476017100584,
    "G": -2.292002983663509,
    "H": -4.137829674161839,
    "I": -2.751535313041949,
    "K": -2.9338568698359033,
    "L": -2.8385466900315786,
    "M": -4.543294782270004,
    "N": -3.2905318137746358,
    "P": -3.1570004211501135,
    "Q": -3.6270040503958487,
    "R": -3.0392173854937297,
    "S": -2.528391761727739,
    "T": -2.751535313041949,
    "V": -2.463853240590168,
    "W": "-inf",
    "Y": -4.137829674161839
  },
  "-1": {
    "A": -1.802454758344803,
    "C": "-inf",
    "D": -2.8385466900315786,
    "E": -2.9338568698359033,
    "F": -4.137829674161839,
    "G": -2.292002983663509,
    "H": "-inf",
    "I": -2.528391761727739,
    "K": -2.8385466900315786,
    "L": -2.528391761727739,
    "M": -5.236441962829949,
    "N": -3.4446824936018943,
    "P": -4.543294782270004,
    "Q": -3.4446824936018943,
    "R": -3.0392173854937297,
    "S": -2.751535313041949,
    "T": -3.4446824936018943,
    "V": -1.94060509682562,
    "W": -5.236441962829949,
    "Y": -4.137829674161839
  },
  "0": {
    "A": "-inf",
    "C": "-inf",
    "D": "-inf",
    "E": "-inf",
    "F": "-inf",
    "G": "-inf",
    "H": "-inf",
    "I": "-inf",
    "K": 0.0,
    "L": "-inf",
    "M": "-inf",
    "N": "-inf",
    "P": "-inf",
    "Q": "-inf",
    "R": "-inf",
    "S": "-inf",
    "T": "-inf",
    "V": "-inf",
    "W": "-inf",
    "Y": "-inf"
  },
  "+1": {
    "A": -1.5228698961256413,
    "C": "-inf",
    "D": -2.8385466900315786,
    "E": -2.6714926053684125,
    "F": -5.236441962829949,
    "G": -2.528391761727739,
    "H": "-inf",
    "I": -2.9338568698359033,
    "K": -3.4446824936018943,
    "L": -3.0392173854937297,
    "M": -4.543294782270004,
    "N": -2.751535313041949,
    "P": -3.2905318137746358,
    "Q": -3.2905318137746358,
    "R": -3.4446824936018943,
    "S": -2.463853240590168,
    "T": -2.9338568698359033,
    "V": -2.597384633214691,
    "W": -5.236441962829949,
    "Y": -3.2905318137746358
  },
  "+2": {
    "A": -1.802454758344803,
    "C": -5.236441962829949,
    "D": -3.4446824936018943,
    "E": -3.4446824936018943,
    "F": -3.6270040503958487,
    "G": -2.597384633214691,
    "H": -3.8501476017100584,
    "I": -3.0392173854937297,
    "K": -3.2905318137746358,
    "L": -2.597384633214691,
    "M": "-inf",
    "N": -3.8501476017100584,
    "P": -3.0392173854937297,
    "Q": -2.751535313041949,
    "R": -3.2905318137746358,
    "S": -2.528391761727739,
    "T": -2.528391761727739,
    "V": -2.191919525106526,
    "W": -4.543294782270004,
    "Y": -3.8501476017100584
  },
  "+3": {
    "A": -2.0175661379617487,
    "C": "-inf",
    "D": -2.8385466900315786,
    "E": -2.403228618773733,
    "F": -3.6270040503958487,
    "G": -2.145399509471633,
    "H": "-inf",
    "I": -3.0392173854937297,
    "K": -2.9338568698359033,
    "L": -2.403228618773733,
    "M": -4.543294782270004,
    "N": -3.0392173854937297,
    "P": -3.0392173854937297,
    "Q": -3.4446824936018943,
    "R": -3.8501476017100584,
    "S": -3.6270040503958487,
    "T": -2.751535313041949,
    "V": -2.3460702049337847,
    "W": -5.236441962829949,
    "Y": -3.8501476017100584
  },