{
  "-10": {
    "A": -2.482883460240976,
    "C": -4.34817701351518,
    "D": -2.894899831836362,
    "E": -2.5594341378265506,
    "F": -3.453811642269991,
    "G": -2.790666712013844,
    "H": -3.854362735575726,
    "I": -2.9603777612158693,
    "K": -2.489434723728198,
    "L": -2.475448481753458,
    "M": -3.8182577309336097,
    "N": -3.3733900749594166,
    "P": -3.0499899199055562,
    "Q": -3.192964253330361,
    "R": -2.841425818354504,
    "S": -2.9105140596379133,
    "T": -2.9785876725952924,
    "V": -2.6555502818091,
    "W": -4.732776983159383,
    "Y": -3.6918438060779515
  },
  "-9": {
    "A": -2.4856858908466783,
    "C": -4.239808976793399,
    "D": -2.9847320851676336,
    "E": -2.730340731382248,
    "F": -3.3224377477854894,
    "G": -2.768081059365095,
    "H": -3.8397639361545735,
    "I": -2.9893652980891217,
    "K": -2.4381883787995635,
    "L": -2.434626487233203,
    "M": -3.7431371004655016,
    "N": -3.296849997837082,
    "P": -3.189176370013424,
    "Q": -3.2395746317719842,
    "R": -2.8698637536750375,
    "S": -2.816375068724051,
    "T": -2.9801202399450704,
    "V": -2.5942737269882854,
    "W": -4.787335967409818,
    "Y": -3.607962322097249
  },
  "-8": {
    "A": -2.500766289737748,
    "C": -4.33026608694865,
    "D": -3.0565906039369084,
    "E": -2.662224388896793,
    "F": -3.4637127132527024,
    "G": -2.736332361050515,
    "H": -3.8956443945490298,
    "I": -2.963389811685861,
    "K": -2.348652685375567,
    "L": -2.4507558691630864,
    "M": -3.6520223118912796,
    "N": -3.3576062072581547,
    "P": -3.1005909331993458,
    "Q": -3.0988623242987283,
    "R": -2.7743038548033643,
    "S": -2.8906833814574275,
    "T": -2.994020077634104,
    "V": -2.670067566357819,
    "W": -4.971528432139584,
    "Y": -3.730065018898149
  },
  "-7": {
    "A": -2.5726122302071057,
    "C": -4.476558180163387,
    "D": -2.963389811685861,
    "E": -2.5474219813785473,
    "F": -3.339867382920773,
    "G": -2.776803856105449,
    "H": -3.891820298110627,
    "I": -3.022413152135322,
    "K": -2.317337400710103,
    "L": -2.5726122302071057,
    "M": -3.814717904228486,
    "N": -3.2316537982805404,
    "P": -3.1778980549757168,
    "Q": -3.1145284410431278,
    "R": -2.6825182082366066,
    "S": -2.850815558704343,
    "T": -3.020814430771625,
    "V": -2.709063332934963,
    "W": -4.796725707759657,
    "Y": -3.634164694491273
  },
  "-6": {
    "A": -2.478230124715335,
    "C": -4.462952528107609,
    "D": -2.9484194722269956,
    "E": -2.6644590266982093,
    "F": -3.3224377477854894,
    "G": -2.793208009442517,
    "H": -4.057487419999444,
    "I": -2.878139662978897,
    "K": -2.459830341596493,
    "L": -2.3189196795212323,
    "M": -3.807675621603073,
    "N": -3.3576062072581547,
    "P": -3.2140580363901607,
    "Q": -3.2515747757750946,
    "R": -2.758204435869183,
    "S": -2.882303444150677,
    "T": -2.990914485075951,
    "V": -2.5942737269882854,
    "W": -4.835191988587452,
    "Y": -3.6580464264946606
  },
  "-5": {
    "A": -2.4810195268029136,
    "C": -4.229056185017137,
    "D": -3.0834378539730967,
    "E": -2.6768396012677633,
    "F": -3.375665388796552,
    "G": -2.8374284779218835,
    "H": -4.098872636162298,
    "I": -2.9220249781040537,
    "K": -2.332471102524325,
    "L": -2.270997063451401,
    "M": -3.6887236787417077,
    "N": -3.3598458498516592,
    "P": -3.194863589134014,
    "Q": -3.2063359902962505,
    "R": -2.8726147870469276,
    "S": -2.8202889680451877,
    "T": -3.0467058447043667,
    "V": -2.5797807196857185,
    "W": -4.689480177406058,
    "Y": -3.717161614062241
  },
  "-4": {
    "A": -2.4838167314239747,
    "C": -4.1178305499069126,
    "D": -3.0002603474941885,
    "E": -2.4913144235297753,
    "F": -3.5017401088419415,
    "G": -2.6813799041865467,
    "H": -3.8842156987254075,
    "I": -3.027224709132544,
    "K": -2.4319633698137193,
    "L": -2.482883460240976,
    "M": -3.8433937042051523,
    "N": -3.3711199264248775,
    "P": -3.0800422649719583,
    "Q": -3.112775592215713,
    "R": -2.860294302658887,
    "S": -2.7125782750424077,
    "T": -2.958875131331334,
    "V": -2.6836578094995405,
    "W": -4.906287910271183,
    "Y": -3.71396161133157
  },
  "-3": {
    "A": -2.4534695750346827,
    "C": -4.213140729711237,
    "D": -3.0401698737245813,
    "E": -2.5634704702490114,
    "F": -3.3825225585226892,
    "G": -2.7399446467364283,
    "H": -3.911088716976504,
    "I": -3.1005909331993458,
    "K": -2.396260840399655,
    "L": -2.371756023196329,
    "M": -3.891820298110627,
    "N": -3.104057141175832,
    "P": -3.0434325193593974,
    "Q": -3.0434325193593974,
    "R": -2.9234732042804183,
    "S": -2.7606644617100455,
    "T": -3.0320595291871273,
    "V": -2.7149284523873614,
    "W": -5.090716949404702,
    "Y": -3.7464319963623542
  },
  "-2": {
    "A": -2.4310772377220613,
    "C": -4.318501245369064,
    "D": -3.0096943797275473,
    "E": -2.795755781521316,
    "F": -3.1760306408009216,
    "G": -2.722012307275766,
    "H": -4.044064399667303,
    "I": -2.745994271962252,
    "K": -2.573633159341213,
    "L": -2.2325023031430686,
    "M": -3.6918438060779515,
    "N": -3.172306241709939,
    "P": -3.1593790072084795,
    "Q": -3.139396507621141,
    "R": -3.1612155550157808,
    "S": -2.8795256645867746,
    "T": -2.936602495722211,
    "V": -2.613221662286344,
    "W": -4.854994615883632,
    "Y": -3.5439627392642885
  },
  "-1": {
    "A": -2.454375782618221,
    "C": -4.547509916135671,
    "D": -3.0665740479210917,
    "E": -2.5880367005327374,
    "F": -3.488902962081261,
    "G": -2.396260840399655,
    "H": -4.2783812515796384,
    "I": -2.9694412673692163,
    "K": -2.6058102996167016,
    "L": -2.2339557917710517,
    "M": -3.8218101325379776,
    "N": -3.1986731175506815,
    "P": -3.2719006787891334,
    "Q": -3.0766581669877175,
    "R": -2.983192438982041,
    "S": -2.711405254380044,
    "T": -3.081738618220137,
    "V": -2.674577156863794,
    "W": -4.938376224822683,
    "Y": -3.5685205900459525
  },
  "0": {
    "A": "-inf",
    "C": "-inf",
    "D": "-inf",
    "E": "-inf",
    "F": "-inf",
    "G": "-inf",
    "H": "-inf",
    "I": "-inf",
    "K": 0.0,
    "L": "-inf",
    "M": "-inf",
    "N": "-inf",
    "P": "-inf",
    "Q": "-inf",
    "R": "-inf",
    "S": "-inf",
    "T": "-inf",
    "V": "-inf",
    "W": "-inf",
    "Y": "-inf"
  },
  "+1": {
    "A": -2.382666748302492,
    "C": -4.449529507775468,
    "D": -2.8521641765756365,
    "E": -2.576702215458631,
    "F": -3.4562777347651843,
    "G": -2.481951059241025,
    "H": -3.8325436881810866,
    "I": -2.885088961272103,
    "K": -2.8934923720684824,
    "L": -2.343770657778258,
    "M": -3.922830534853187,
    "N": -3.081738618220137,
    "P": -3.061569867336516,
    "Q": -2.9971353449510536,
    "R": -3.2926483109833824,
    "S": -2.863019099985072,
    "T": -2.929287174145838,
    "V": -2.6928216766063313,
    "W": -4.895816610403887,
    "Y": -3.4127926228254455
  },
  "+2": {
    "A": -2.516077593642196,
    "C": -4.057487419999444,
    "D": -3.068247688479121,
    "E": -2.894899831836362,
    "F": -3.215997901207987,
    "G": -2.6336195783151295,
    "H": -3.9347118627399396,
    "I": -2.6836578094995405,
    "K": -2.8836952328234995,
    "L": -2.156321576594019,
    "M": -3.9033367401721857,
    "N": -3.255607039303033,
    "P": -2.897720708178004,
    "Q": -3.0665740479210917,
    "R": -3.1854027806297847,
    "S": -2.8334470526226987,
    "T": -2.9603777612158693,
    "V": -2.596361410418769,
    "W": -4.741665930576628,
    "Y": -3.4612282399250405
  },
  "+3": {
    "A": -2.5180080961722537,
    "C": -4.161847435323687,
    "D": -2.9679249668512524,
    "E": -2.5634704702490114,
    "F": -3.355371569456738,
    "G": -2.607922232819845,
    "H": -4.084886394187558,
    "I": -3.0336763444140327,
    "K": -2.5355524058231635,
    "L": -2.49319766325774,
    "M": -3.926775313144203,
    "N": -3.202497213989085,
    "P": -2.987818507370823,