{
  "-10": {
    "A": 0.0,
    "C": 0.0,
    "D": 0.0,
    "E": 0.0,
    "F": 0.0,
    "G": 0.14285714285714285,
    "H": 0.0,
    "I": 0.07142857142857142,
    "K": 0.07142857142857142,
    "L": 0.07142857142857142,
    "M": 0.0,
    "N": 0.07142857142857142,
    "P": 0.07142857142857142,
    "Q": 0.0,
    "R": 0.14285714285714285,
    "S": 0.07142857142857142,
    "T": 0.07142857142857142,
    "V": 0.0,
    "W": 0.0,
    "Y": 0.0
  },
  "-9": {
    "A": 0.14285714285714285,
    "C": 0.0,
    "D": 0.0,
    "E": 0.0,
    "F": 0.0,
    "G": 0.0,
    "H": 0.0,
    "I": 0.0,
    "K": 0.07142857142857142,
    "L": 0.14285714285714285,
    "M": 0.0,
    "N": 0.0,
    "P": 0.0,
    "Q": 0.0,
    "R": 0.0,
    "S": 0.07142857142857142,
    "T": 0.07142857142857142,
    "V": 0.14285714285714285,
    "W": 0.0,
    "Y": 0.14285714285714285
  },
  "-8": {
    "A": 0.0,
    "C": 0.0,
    "D": 0.07142857142857142,
    "E": 0.0,
    "F": 0.0,
    "G": 0.07142857142857142,
    "H": 0.07142857142857142,
    "I": 0.0,
    "K": 0.07142857142857142,
    "L": 0.14285714285714285,
    "M": 0.07142857142857142,
    "N": 0.0,
    "P": 0.0,
    "Q": 0.07142857142857142,
    "R": 0.21428571428571427,
    "S": 0.0,
    "T": 0.0,
    "V": 0.0,
    "W": 0.0,
    "Y": 0.0
  },
  "-7": {
    "A": 0.0,
    "C": 0.0,
    "D": 0.14285714285714285,
    "E": 0.0,
    "F": 0.0,
    "G": 0.0,
    "H": 0.0,
    "I": 0.0,
    "K": 0.14285714285714285,
    "L": 0.07142857142857142,
    "M": 0.14285714285714285,
    "N": 0.0,
    "P": 0.07142857142857142,
    "Q": 0.14285714285714285,
    "R": 0.0,
    "S": 0.0,
    "T": 0.07142857142857142,
    "V": 0.0,
    "W": 0.0,
    "Y": 0.07142857142857142
  },
  "-6": {
    "A": 0.0,
    "C": 0.0,
    "D": 0.07142857142857142,
    "E": 0.0,
    "F": 0.0,
    "G": 0.0,
    "H": 0.0,
    "I": 0.2857142857142857,
    "K": 0.07142857142857142,
    "L": 0.14285714285714285,
    "M": 0.0,
    "N": 0.0,
    "P": 0.0,
    "Q": 0.0,
    "R": 0.0,
    "S": 0.14285714285714285,
    "T": 0.07142857142857142,
    "V": 0.07142857142857142,
    "W": 0.0,
    "Y": 0.0
  },
  "-5": {
    "A": 0.07142857142857142,
    "C": 0.0,
    "D": 0.0,
    "E": 0.07142857142857142,
    "F": 0.07142857142857142,
    "G": 0.0,
    "H": 0.0,
    "I": 0.07142857142857142,
    "K": 0.0,
    "L": 0.07142857142857142,
    "M": 0.0,
    "N": 0.07142857142857142,
    "P": 0.14285714285714285,
    "Q": 0.07142857142857142,
    "R": 0.0,
    "S": 0.07142857142857142,
    "T": 0.0,
    "V": 0.14285714285714285,
    "W": 0.0,
    "Y": 0.0
  },
  "-4": {
    "A": 0.14285714285714285,
    "C": 0.0,
    "D": 0.0,
    "E": 0.35714285714285715,
    "F": 0.0,
    "G": 0.0,
    "H": 0.0,
    "I": 0.0,
    "K": 0.0,
    "L": 0.07142857142857142,
    "M": 0.0,
    "N": 0.07142857142857142,
    "P": 0.14285714285714285,
    "Q": 0.0,
    "R": 0.0,
    "S": 0.0,
    "T": 0.07142857142857142,
    "V": 0.0,
    "W": 0.0,
    "Y": 0.0
  },
  "-3": {
    "A": 0.14285714285714285,
    "C": 0.0,
    "D": 0.0,
    "E": 0.07142857142857142,
    "F": 0.0,
    "G": 0.07142857142857142,
    "H": 0.0,
    "I": 0.0,
    "K": 0.07142857142857142,
    "L": 0.14285714285714285,
    "M": 0.14285714285714285,
    "N": 0.07142857142857142,
    "P": 0.14285714285714285,
    "Q": 0.0,
    "R": 0.0,
    "S": 0.0,
    "T": 0.0,
    "V": 0.07142857142857142,
    "W": 0.0,
    "Y": 0.0
  },
  "-2": {
    "A": 0.14285714285714285,
    "C": 0.0,
    "D": 0.07142857142857142,
    "E": 0.07142857142857142,
    "F": 0.0,
    "G": 0.0,
    "H": 0.0,
    "I": 0.14285714285714285,
    "K": 0.0,
    "L": 0.14285714285714285,
    "M": 0.14285714285714285,
    "N": 0.07142857142857142,
    "P": 0.0,
    "Q": 0.07142857142857142,
    "R": 0.0,
    "S": 0.0,
    "T": 0.07142857142857142,
    "V": 0.07142857142857142,
    "W": 0.0,
    "Y": 0.0
  },
  "-1": {
    "A": 0.21428571428571427,
    "C": 0.0,
    "D": 0.07142857142857142,
    "E": 0.07142857142857142,
    "F": 0.07142857142857142,
    "G": 0.07142857142857142,
    "H": 0.0,
    "I": 0.14285714285714285,
    "K": 0.07142857142857142,
    "L": 0.07142857142857142,
    "M": 0.07142857142857142,
    "N": 0.0,
    "P": 0.0,
    "Q": 0.0,
    "R": 0.07142857142857142,
    "S": 0.07142857142857142,
    "T": 0.0,
    "V": 0.0,
    "W": 0.0,
    "Y": 0.0
  },
  "0": {
    "A": 1.0,
    "C": 0.0,
    "D": 0.0,
    "E": 0.0,
    "F": 0.0,
    "G": 0.0,
    "H": 0.0,
    "I": 0.0,
    "K": 0.0,
    "L": 0.0,
    "M": 0.0,
    "N": 0.0,
    "P": 0.0,
    "Q": 0.0,
    "R": 0.0,
    "S": 0.0,
    "T": 0.0,
    "V": 0.0,
    "W": 0.0,
    "Y": 0.0
  },
  "+1": {
    "A": 0.14285714285714285,
    "C": 0.0,
    "D": 0.0,
    "E": 0.07142857142857142,
    "F": 0.0,
    "G": 0.07142857142857142,
    "H": 0.0,
    "I": 0.0,
    "K": 0.14285714285714285,
    "L": 0.2857142857142857,
    "M": 0.21428571428571427,
    "N": 0.0,
    "P": 0.0,
    "Q": 0.0,
    "R": 0.0,
    "S": 0.0,
    "T": 0.0,
    "V": 0.07142857142857142,
    "W": 0.0,
    "Y": 0.0
  },
  "+2": {
    "A": 0.07142857142857142,
    "C": 0.0,
    "D": 0.07142857142857142,
    "E": 0.07142857142857142,
    "F": 0.07142857142857142,
    "G": 0.0,
    "H": 0.0,
    "I": 0.0,
    "K": 0.0,
    "L": 0.21428571428571427,
    "M": 0.07142857142857142,
    "N": 0.07142857142857142,
    "P": 0.07142857142857142,
    "Q": 0.0,
    "R": 0.07142857142857142,
    "S": 0.07142857142857142,
    "T": 0.0,
    "V": 0.07142857142857142,
    "W": 0.0,
    "Y": 0.07142857142857142
  },
  "+3": {
    "A": 0.07142857142857142,
    "C": 0.14285714285714285,
    "D": 0.0,
    "E": 0.07142857142857142,
    "F": 0.07142857142857142,
    "G": 0.07142857142857142,
    "H": 0.0,
    "I": 0.0,
    "K": 0.14285714285714285,
    "L": 0.0,
    "M": 0.07142857142857142,
    "N": 0.0,
    "P": 0.0,
    "Q": 0.07142857142857142,
    "R": 0.14285714285714285,
    "S": 0.0,
    "T": 0.0,
    "V": 0.14285714285714285,
    "W": 0.0,
    "Y": 0.0
  },
  "+4": {
    "A": 0.0,
    "C": 0.0,
    "D": 0.0,
    "E": 0.21428571428571427,
    "F": 0.0,
    "G": 0.14285714285714285,
    "H": 0.0,
    "I": 0.14285714285714285,
    "K": 0.07142857142857142,
    "L": 0.14285714285714285,
    "M": 0.07142857142857142,
    "N": 0.0,
    "P": 0.0,
    "Q": 0.0,
    "R": 0.14285714285714285,
    "S": 0.0,
    "T": 0.07142857142857142,
    "V": 0.0,
    "W": 0.0,
    "Y": 0.0
  },
  "+5": {
    "A": 0.07142857142857142,
    "C": 0.0,
    "D": 0.07142857142857142,
    "E": 0.07142857142857142,
    "F": 0.07142857142857142,
    "G": 0.14285714285714285,
    "H": 0.0,
    "I": 0.07142857142857142,
    "K": 0.0,
    "L": 0.07142857142857142,
    "M": 0.0,
    "N": 0.0,
    "P": 0.07142857142857142,
    "Q": 0.0,
    "R": 0.07142857142857142,
    "S": 0.07142857142857142,
    "T": 0.0,
    "V": 0.14285714285714285,
    "W": 0.0,
    "Y": 0.07142857142857142
  },
  "+6": {
    "A": 0.07142857142857142,
    "C": 0.0,
    "D": 0.0,
    "E": 0.14285714285714285,
    "F": 0.0,
    "G": 0.14285714285714285,
    "H": 0.0,
    "I": 0.0,
    "K": 0.0,
    "L": 0.21428571428571427,
    "M": 0.07142857142857142,
    "N": 0.0,
    "P": 0.0,
    "Q": 0.0,
    "R": 0.0,
    "S": 0.07142857142857142,
    "T": 0.0,
    "V": 0.21428571428571427,
    "W": 0.07142857142857142,
    "Y": 0.0
  },
  "+7": {
    "A": 0.07142857142857142,
    "C": 0.07142857142857142,
    "D": 0.07142857142857142,
    "E": 0.0,
    "F": 0.0,
    "G": 0.07142857142857142,
    "H": 0.0,
    "I": 0.0,
    "K": 0.07142857142857142,
    "L": 0.2857142857142857,
    "M": 0.0,
    "N": 0.07142857142857142,
    "P": 0.0,
    "Q": 0.0,
    "R": 0.14285714285714285,
    "S": 0.0,
    "T": 0.0,
    "V": 0.14285714285714285,
    "W": 0.0,
    "Y": 0.0
  },
  "+8": {
    "A": 0.07142857142857142,
    "C": 0.0,
    "D": 0.0,
    "E": 0.07142857142857142,
    "F": 0.0,
    "G": 0.14285714285714285,
    "H": 0.0,
    "I": 0.0,
    "K": 0.0,
    "L": 0.21428571428571427,
    "M": 0.07142857142857142,
    "N": 0.0,
    "P": 0.0,