{
  "-10": {
    "A": 0.06609001216380592,
    "C": 0.010406811731315043,
    "D": 0.051358291661035275,
    "E": 0.08325449385052035,
    "F": 0.03541019056629274,
    "G": 0.06446817137451007,
    "H": 0.017434788484930398,
    "I": 0.05365589944587106,
    "K": 0.08555210163535613,
    "L": 0.08649817542911205,
    "M": 0.02446276523854575,
    "N": 0.03608595756183268,
    "P": 0.04581700229760779,
    "Q": 0.04203270712258413,
    "R": 0.05825111501554264,
    "S": 0.061224489795918366,
    "T": 0.05284497905122314,
    "V": 0.0631166373834302,
    "W": 0.007298283551831329,
    "Y": 0.024733072036761724
  },
  "-9": {
    "A": 0.08230842005676443,
    "C": 0.009866198134883092,
    "D": 0.0521692120556832,
    "E": 0.08122719286390052,
    "F": 0.030274361400189215,
    "G": 0.06690093255845385,
    "H": 0.018516015677794297,
    "I": 0.051493445060143264,
    "K": 0.08555210163535613,
    "L": 0.07892958507906474,
    "M": 0.023651844843897825,
    "N": 0.03608595756183268,
    "P": 0.048384916880659545,
    "Q": 0.0446006217056359,
    "R": 0.06217056358967428,
    "S": 0.06162994999324233,
    "T": 0.04919583727530748,
    "V": 0.06108933639681038,
    "W": 0.007163130152723341,
    "Y": 0.020678470063522098
  },
  "-8": {
    "A": 0.07906473847817272,
    "C": 0.011217732125962969,
    "D": 0.0619002567914583,
    "E": 0.08433572104338424,
    "F": 0.028652520610893364,
    "G": 0.07582105689958102,
    "H": 0.018110555480470334,
    "I": 0.043519394512771994,
    "K": 0.08284903365319637,
    "L": 0.08311934045141235,
    "M": 0.01729963508582241,
    "N": 0.04095147992972023,
    "P": 0.0424381673199081,
    "Q": 0.04257332071901608,
    "R": 0.06298148398432221,
    "S": 0.06041356940127044,
    "T": 0.047979456683335586,
    "V": 0.06338694418164617,
    "W": 0.006622516556291391,
    "Y": 0.019732396269766184
  },
  "-7": {
    "A": 0.0771725908906609,
    "C": 0.010001351533991079,
    "D": 0.054737126638734965,
    "E": 0.07311798891742127,
    "F": 0.033112582781456956,
    "G": 0.06203541019056629,
    "H": 0.019732396269766184,
    "I": 0.053115285849439114,
    "K": 0.07703743749155291,
    "L": 0.08663332882822003,
    "M": 0.024733072036761724,
    "N": 0.03608595756183268,
    "P": 0.051763751858359235,
    "Q": 0.04716853628868766,
    "R": 0.057575348020002706,
    "S": 0.05906203541019057,
    "T": 0.0532504392485471,
    "V": 0.0683876199486417,
    "W": 0.006217056358967428,
    "Y": 0.023516691444789836
  },
  "-6": {
    "A": 0.08703878902554399,
    "C": 0.007298283551831329,
    "D": 0.05784565481821868,
    "E": 0.08636302203000405,
    "F": 0.029057980808217327,
    "G": 0.07082038113258549,
    "H": 0.015272334099202594,
    "I": 0.046492769293147725,
    "K": 0.09339099878361941,
    "L": 0.07068522773347749,
    "M": 0.019732396269766184,
    "N": 0.036761724557372616,
    "P": 0.048114610082443575,
    "Q": 0.046763076091363695,
    "R": 0.061224489795918366,
    "S": 0.06663062576023787,
    "T": 0.047979456683335586,
    "V": 0.05879172861197459,
    "W": 0.00554128936342749,
    "Y": 0.02054331666441411
  },
  "-5": {
    "A": 0.07676713069333693,
    "C": 0.007568590350047304,
    "D": 0.06460332477361806,
    "E": 0.0946073793755913,
    "F": 0.03135558859305312,
    "G": 0.06230571698878227,
    "H": 0.014596567103662658,
    "I": 0.0446006217056359,
    "K": 0.08338964724962833,
    "L": 0.08122719286390052,
    "M": 0.02121908365995405,
    "N": 0.04081632653061224,
    "P": 0.04419516150831193,
    "Q": 0.041627246925260174,
    "R": 0.05933234220840654,
    "S": 0.0696040005406136,
    "T": 0.05446681984051899,
    "V": 0.06379240437897013,
    "W": 0.003784295175023652,
    "Y": 0.01770509528314637
  },
  "-4": {
    "A": 0.07622651709690499,
    "C": 0.00783889714826328,
    "D": 0.054331666441411,
    "E": 0.08230842005676443,
    "F": 0.029733747803757263,
    "G": 0.06825246654953372,
    "H": 0.018110555480470334,
    "I": 0.0489255304770915,
    "K": 0.07541559670225706,
    "L": 0.0836599540478443,
    "M": 0.02216515745370996,
    "N": 0.03959994593864036,
    "P": 0.05230436545479119,
    "Q": 0.04743884308690364,
    "R": 0.058115961616434654,
    "S": 0.0696040005406136,
    "T": 0.048520070279767534,
    "V": 0.07122584132990945,
    "W": 0.0050006757669955396,
    "Y": 0.02040816326530612
  },
  "-3": {
    "A": 0.0814974996621165,
    "C": 0.007433436950939316,
    "D": 0.0619002567914583,
    "E": 0.08649817542911205,
    "F": 0.03338288957967293,
    "G": 0.06825246654953372,
    "H": 0.014055953507230707,
    "I": 0.04730368968779565,
    "K": 0.07352344911474523,
    "L": 0.09258007838897148,
    "M": 0.02662521962427355,
    "N": 0.03797810514934451,
    "P": 0.04081632653061224,
    "Q": 0.046898229490471684,
    "R": 0.049601297472631437,
    "S": 0.0619002567914583,
    "T": 0.04541154210028382,
    "V": 0.07568590350047304,
    "W": 0.005406135964319503,
    "Y": 0.023651844843897825
  },
  "-2": {
    "A": 0.08001081227192863,
    "C": 0.008109203946479253,
    "D": 0.061359643195026355,
    "E": 0.10352750371671847,
    "F": 0.029057980808217327,
    "G": 0.07027976753615353,
    "H": 0.015812947695634544,
    "I": 0.04419516150831193,
    "K": 0.07298283551831329,
    "L": 0.07865927828084876,
    "M": 0.013785646709014731,
    "N": 0.03757264495202054,
    "P": 0.0478443032842276,
    "Q": 0.05284497905122314,
    "R": 0.05500743343695094,
    "S": 0.06595485876469794,
    "T": 0.05095283146371131,
    "V": 0.06879308014596568,
    "W": 0.00554128936342749,
    "Y": 0.019191782673334233
  },
  "-1": {
    "A": 0.09176915799432356,
    "C": 0.005135829166103527,
    "D": 0.07000946073793755,
    "E": 0.10920394647925395,
    "F": 0.025814299229625626,
    "G": 0.07000946073793755,
    "H": 0.013109879713474794,
    "I": 0.0500067576699554,
    "K": 0.05595350723070685,
    "L": 0.07798351128530882,
    "M": 0.014596567103662658,
    "N": 0.04608730909582376,
    "P": 0.041492093526152185,
    "Q": 0.06054872280037843,
    "R": 0.040275712934180294,
    "S": 0.06906338694418164,
    "T": 0.05662927422624679,
    "V": 0.06271117718610623,
    "W": 0.004054601973239627,
    "Y": 0.018651169076902285
  },
  "0": {
    "A": 0.0,
    "C": 0.0,
    "D": 0.0,
    "E": 0.0,
    "F": 0.0,
    "G": 0.0,
    "H": 0.0,
    "I": 0.0,
    "K": 0.0,
    "L": 0.0,
    "M": 1.0,
    "N": 0.0,
    "P": 0.0,
    "Q": 0.0,
    "R": 0.0,
    "S": 0.0,
    "T": 0.0,
    "V": 0.0,
    "W": 0.0,
    "Y": 0.0
  },
  "+1": {
    "A": 0.08190295985944046,
    "C": 0.007433436950939316,
    "D": 0.07906473847817272,
    "E": 0.11393431544803352,
    "F": 0.029868901202865252,
    "G": 0.07433436950939316,
    "H": 0.01392080010812272,
    "I": 0.04392485471009596,
    "K": 0.065279091769158,
    "L": 0.08528179483714016,
    "M": 0.017029328287606435,
    "N": 0.05041221786727936,
    "P": 0.051763751858359235,
    "Q": 0.04946614407352345,
    "R": 0.03324773618056494,
    "S": 0.05744019462089472,
    "T": 0.054331666441411,
    "V": 0.06825246654953372,
    "W": 0.0033788349776996893,
    "Y": 0.016894174888498446
  },
  "+2": {
    "A": 0.0825787268549804,
    "C": 0.006487363157183403,
    "D": 0.07257737532098932,
    "E": 0.09555345316934721,
    "F": 0.027030679821597514,
    "G": 0.07528044330314908,
    "H": 0.01567779429652656,
    "I": 0.0489255304770915,
    "K": 0.06068387619948642,
    "L": 0.08568725503446412,
    "M": 0.013515339910798757,
    "N": 0.0446006217056359,
    "P": 0.059602649006622516,
    "Q": 0.05081767806460333,
    "R": 0.04770914988511961,
    "S": 0.06622516556291391,
    "T": 0.056223814028922826,
    "V": 0.06325179078253818,
    "W": 0.005270982565211515,
    "Y": 0.01729963508582241
  },
  "+3": {
    "A": 0.07852412488174078,
    "C": 0.0077037437491552915,
    "D": 0.06703608595756183,
    "E": 0.08649817542911205,
    "F": 0.033518042978780915,
    "G": 0.06649547236112988,
    "H": 0.017569941884038383,
    "I": 0.05243951885389918,