{
  "-10": {
    "A": -3.646890249864358,
    "C": -6.194378045166851,
    "D": -4.340228911630306,
    "E": -4.280107919192735,
    "F": -4.724892761865632,
    "G": -4.340228911630306,
    "H": -5.987927167699425,
    "I": -4.435386144670646,
    "K": -3.3712558072509307,
    "L": -3.139930261144475,
    "M": -5.724892761865632,
    "N": -4.53726575868986,
    "P": -4.724892761865632,
    "Q": -5.036836768180372,
    "R": -3.828728572850171,
    "S": -3.5910370151308406,
    "T": -4.194378045166851,
    "V": -3.6853643976789936,
    "W": -7.572889668420581,
    "Y": -5.807354922057605
  },
  "-9": {
    "A": -3.309855262586787,
    "C": -6.435386144670646,
    "D": -3.9406214529210684,
    "E": -4.53726575868986,
    "F": -5.371255807250931,
    "G": -3.9406214529210684,
    "H": -6.435386144670646,
    "I": -4.280107919192735,
    "K": -3.309855262586787,
    "L": -3.4353861446706464,
    "M": -5.2509615735332185,
    "N": -4.987927167699425,
    "P": -4.6468902498643585,
    "Q": -5.087462841250339,
    "R": -3.8948177633079437,
    "S": -4.435386144670646,
    "T": -4.572889668420581,
    "V": -3.309855262586787,
    "W": -7.894817763307944,
    "Y": -4.685364397678994
  },
  "-8": {
    "A": -3.7450706438032615,
    "C": -7.572889668420581,
    "D": -5.309855262586788,
    "E": -3.3870231231092474,
    "F": -5.194378045166851,
    "G": -3.6853643976789936,
    "H": -6.572889668420581,
    "I": -3.6853643976789936,
    "K": -3.4518742674592153,
    "L": -3.609415544445695,
    "M": -5.6468902498643585,
    "N": -4.807354922057605,
    "P": -3.9640804257450575,
    "Q": -4.85042364394949,
    "R": -4.572889668420581,
    "S": -3.5197783319610187,
    "T": -4.502500340529183,
    "V": -3.828728572850171,
    "W": -7.572889668420581,
    "Y": -5.502500340529183
  },
  "-7": {
    "A": -3.665999072812063,
    "C": -7.087462841250339,
    "D": -4.609415544445695,
    "E": -3.4190843323415456,
    "F": -4.940621452921068,
    "G": -3.917537839808027,
    "H": -5.502500340529183,
    "I": -3.9406214529210684,
    "K": -3.139930261144475,
    "L": -3.5549677604233185,
    "M": -6.309855262586788,
    "N": -5.371255807250931,
    "P": -4.765534746362977,
    "Q": -4.609415544445695,
    "R": -3.8948177633079437,
    "S": -4.012174713946102,
    "T": -4.309855262586788,
    "V": -3.987927167699425,
    "W": -7.309855262586788,
    "Y": -5.309855262586788
  },
  "-6": {
    "A": -3.3249621549769954,
    "C": -6.572889668420581,
    "D": -4.609415544445695,
    "E": -3.9640804257450575,
    "F": -4.765534746362977,
    "G": -3.765534746362977,
    "H": -6.435386144670646,
    "I": -4.402964666978269,
    "K": -3.53726575868986,
    "L": -3.3249621549769954,
    "M": -5.435386144670646,
    "N": -5.036836768180372,
    "P": -4.371255807250931,
    "Q": -4.685364397678994,
    "R": -4.166897308744744,
    "S": -4.139930261144475,
    "T": -4.280107919192735,
    "V": -3.917537839808027,
    "W": -8.309855262586787,
    "Y": -4.280107919192735
  },
  "-5": {
    "A": -3.4190843323415456,
    "C": -6.435386144670646,
    "D": -4.2509615735332185,
    "E": -4.113458049783284,
    "F": -4.940621452921068,
    "G": -4.113458049783284,
    "H": -5.987927167699425,
    "I": -4.139930261144475,
    "K": -3.572889668420581,
    "L": -3.5910370151308406,
    "M": -6.194378045166851,
    "N": -4.894817763307944,
    "P": -4.572889668420581,
    "Q": -4.724892761865632,
    "R": -4.012174713946102,
    "S": -3.9640804257450575,
    "T": -3.8724499502794894,
    "V": -3.250961573533219,
    "W": -7.894817763307944,
    "Y": -5.572889668420581
  },
  "-4": {
    "A": -3.85042364394949,
    "C": -6.435386144670646,
    "D": -4.468553008605846,
    "E": -3.53726575868986,
    "F": -5.894817763307944,
    "G": -3.704993204427926,
    "H": -7.087462841250339,
    "I": -4.765534746362977,
    "K": -3.0,
    "L": -3.5910370151308406,
    "M": -5.987927167699425,
    "N": -5.2509615735332185,
    "P": -4.685364397678994,
    "Q": -4.222392421336448,
    "R": -4.468553008605846,
    "S": -3.8724499502794894,
    "T": -4.166897308744744,
    "V": -3.572889668420581,
    "W": -6.724892761865632,
    "Y": -4.572889668420581
  },
  "-3": {
    "A": -3.4190843323415456,
    "C": -6.724892761865632,
    "D": -4.139930261144475,
    "E": -3.1943780451668515,
    "F": -5.036836768180372,
    "G": -3.85042364394949,
    "H": -6.194378045166851,
    "I": -4.765534746362977,
    "K": -3.572889668420581,
    "L": -3.468553008605846,
    "M": -5.807354922057605,
    "N": -4.724892761865632,
    "P": -4.940621452921068,
    "Q": -4.468553008605846,
    "R": -4.280107919192735,
    "S": -4.036836768180372,
    "T": -4.572889668420581,
    "V": -3.724892761865631,
    "W": -8.309855262586787,
    "Y": -4.765534746362977
  },
  "-2": {
    "A": -3.665999072812063,
    "C": -7.894817763307944,
    "D": -3.917537839808027,
    "E": -4.724892761865632,
    "F": -4.894817763307944,
    "G": -3.5549677604233185,
    "H": -5.371255807250931,
    "I": -4.371255807250931,
    "K": -4.402964666978269,
    "L": -2.807354922057604,
    "M": -5.371255807250931,
    "N": -5.309855262586788,
    "P": -4.435386144670646,
    "Q": -5.194378045166851,
    "R": -5.502500340529183,
    "S": -3.502500340529183,
    "T": -4.280107919192735,
    "V": -3.1004018969578375,
    "W": -7.309855262586788,
    "Y": -5.371255807250931
  },
  "-1": {
    "A": -3.309855262586787,
    "C": -7.087462841250339,
    "D": -4.572889668420581,
    "E": -3.9640804257450575,
    "F": -4.85042364394949,
    "G": -3.4518742674592153,
    "H": -6.435386144670646,
    "I": -4.85042364394949,
    "K": -3.572889668420581,
    "L": -3.3712558072509307,
    "M": -5.807354922057605,
    "N": -4.894817763307944,
    "P": -4.309855262586788,
    "Q": -4.609415544445695,
    "R": -4.166897308744744,
    "S": -4.609415544445695,
    "T": -3.5197783319610187,
    "V": -3.987927167699425,
    "W": -6.724892761865632,
    "Y": -4.894817763307944
  },
  "0": {
    "A": "-inf",
    "C": "-inf",
    "D": "-inf",
    "E": "-inf",
    "F": "-inf",
    "G": "-inf",
    "H": "-inf",
    "I": "-inf",
    "K": 0.0,
    "L": "-inf",
    "M": "-inf",
    "N": "-inf",
    "P": "-inf",
    "Q": "-inf",
    "R": "-inf",
    "S": "-inf",
    "T": "-inf",
    "V": "-inf",
    "W": "-inf",
    "Y": "-inf"
  },
  "+1": {
    "A": -2.861394761770493,
    "C": -7.309855262586788,
    "D": -3.987927167699425,
    "E": -3.4854268271702415,
    "F": -5.724892761865632,
    "G": -4.087462841250339,
    "H": -5.139930261144475,
    "I": -4.724892761865632,
    "K": -4.280107919192735,
    "L": -3.786293306529774,
    "M": -5.807354922057605,
    "N": -4.685364397678994,
    "P": -4.85042364394949,
    "Q": -4.340228911630306,
    "R": -4.402964666978269,
    "S": -4.222392421336448,
    "T": -3.9640804257450575,
    "V": -3.5910370151308406,
    "W": -6.894817763307944,
    "Y": -4.765534746362977
  },
  "+2": {
    "A": -3.4518742674592153,
    "C": -6.894817763307944,
    "D": -5.087462841250339,
    "E": -4.340228911630306,
    "F": -5.2509615735332185,
    "G": -3.9406214529210684,
    "H": -6.724892761865632,
    "I": -3.8948177633079437,
    "K": -4.087462841250339,
    "L": -2.6853643976789936,
    "M": -5.572889668420581,
    "N": -4.807354922057605,
    "P": -4.402964666978269,
    "Q": -5.435386144670646,
    "R": -4.987927167699425,
    "S": -4.402964666978269,
    "T": -3.572889668420581,
    "V": -3.1134580497832838,
    "W": -7.087462841250339,
    "Y": -5.572889668420581
  },
  "+3": {
    "A": -3.7450706438032615,
    "C": -6.309855262586788,
    "D": -4.53726575868986,
    "E": -3.265461143228334,
    "F": -5.371255807250931,
    "G": -3.3556589521999123,
    "H": -5.139930261144475,
    "I": -4.724892761865632,
    "K": -3.6280312226130422,
    "L": -3.828728572850171,
    "M": -6.309855262586788,
    "N": -5.036836768180372,
    "P": -4.6468902498643585,
    "Q": -4.6468902498643585,
    "R": -4.435386144670646,
    "S": -3.8724499502794894,