{
  "-10": {
    "A": -3.582043655194886,
    "C": -6.273093414305734,
    "D": -4.176457631260614,
    "E": -3.6924829381242845,
    "F": -4.982796928467482,
    "G": -4.026081026196282,
    "H": -5.560670004402319,
    "I": -4.270922315264107,
    "K": -3.591495130539458,
    "L": -3.5713172486018276,
    "M": -5.508581493253865,
    "N": -4.866773132127999,
    "P": -4.400205332209073,
    "Q": -4.606473694015444,
    "R": -4.099310937193907,
    "S": -4.198984200277222,
    "T": -4.297193664106228,
    "V": -3.8311492223972774,
    "W": -6.827953883237471,
    "Y": -5.326204750765296
  },
  "-9": {
    "A": -3.586086707932168,
    "C": -6.116751385136347,
    "D": -4.30605817765352,
    "E": -3.939049033102315,
    "F": -4.793264462392422,
    "G": -3.9934968171246914,
    "H": -5.539608388874489,
    "I": -4.312742490958733,
    "K": -3.5175622828472317,
    "L": -3.512423559548259,
    "M": -5.400205332209073,
    "N": -4.756349142434348,
    "P": -4.601008933538632,
    "Q": -4.673718255847131,
    "R": -4.140338205453962,
    "S": -4.063170344931502,
    "T": -4.29940469142158,
    "V": -3.742745840634528,
    "W": -6.906665859251512,
    "Y": -5.2051893498039306
  },
  "-8": {
    "A": -3.6078431246269416,
    "C": -6.247253409370474,
    "D": -4.40972810632758,
    "E": -3.8407779235950543,
    "F": -4.9970811544737295,
    "G": -3.9476931275115663,
    "H": -5.620226849082774,
    "I": -4.275267785540071,
    "K": -3.388389581961877,
    "L": -3.5356933388711065,
    "M": -5.268754478581396,
    "N": -4.844001824469341,
    "P": -4.473207163151979,
    "Q": -4.470713307663422,
    "R": -4.002474413243949,
    "S": -4.1703745792087705,
    "T": -4.319457918324711,
    "V": -3.8520932368228884,
    "W": -7.172399414686261,
    "Y": -5.3813463049577575
  },
  "-7": {
    "A": -3.711494906650088,
    "C": -6.458308286772641,
    "D": -4.275267785540071,
    "E": -3.6751530595863677,
    "F": -4.8184101105665995,
    "G": -4.006081152724682,
    "H": -5.614709844115208,
    "I": -4.360420466103209,
    "K": -3.343211176070986,
    "L": -3.711494906650088,
    "M": -5.503474602820776,
    "N": -4.662290908649318,
    "P": -4.584737764364149,
    "Q": -4.493314736600555,
    "R": -3.8700557161173004,
    "S": -4.112857469031855,
    "T": -4.35811399872004,
    "V": -3.908352235879398,
    "W": -6.92021239108946,
    "Y": -5.242991382516315
  },
  "-6": {
    "A": -3.5753303111084507,
    "C": -6.438679480023708,
    "D": -4.253670151042341,
    "E": -3.844001824469341,
    "F": -4.793264462392422,
    "G": -4.029747343394052,
    "H": -5.853716979302552,
    "I": -4.152277818765487,
    "K": -3.5487850352494656,
    "L": -3.3454939218651063,
    "M": -5.493314736600555,
    "N": -4.844001824469341,
    "P": -4.6369055902294045,
    "Q": -4.6910308040903725,
    "R": -3.9792478613864115,
    "S": -4.1582848852133605,
    "T": -4.314977495342042,
    "V": -3.742745840634528,
    "W": -6.975707503681162,
    "Y": -5.277445438845441
  },
  "-5": {
    "A": -3.579354567667246,
    "C": -6.101238385765022,
    "D": -4.448460500816294,
    "E": -3.8618632180041925,
    "F": -4.8700557161173,
    "G": -4.093543993975021,
    "H": -5.91342322542682,
    "I": -4.2155909452644,
    "K": -3.3650444926286567,
    "L": -3.2763562013147345,
    "M": -5.321703358530355,
    "N": -4.847232945732354,
    "P": -4.609213856360356,
    "Q": -4.625765032624204,
    "R": -4.144307107656908,
    "S": -4.068816908072645,
    "T": -4.39546741320241,
    "V": -3.721836850871547,
    "W": -6.765489796290817,
    "Y": -5.362730626790411
  },
  "-4": {
    "A": -3.5833900809024026,
    "C": -5.940773713571776,
    "D": -4.328460724705664,
    "E": -3.594206964121554,
    "F": -5.051943089508248,
    "G": -3.8684134905092544,
    "H": -5.603738726294205,
    "I": -4.367362075522056,
    "K": -3.508581493253865,
    "L": -3.582043655194886,
    "M": -5.544845037240637,
    "N": -4.863498000095138,
    "P": -4.443561701403455,
    "Q": -4.490785910289816,
    "R": -4.1265324059289314,
    "S": -3.91342322542682,
    "T": -4.268754478581396,
    "V": -3.8716998132079254,
    "W": -7.078277237321711,
    "Y": -5.35811399872004
  },
  "-3": {
    "A": -3.5396083888744894,
    "C": -6.078277237321711,
    "D": -4.386038000282479,
    "E": -3.6983061348935475,
    "F": -4.879948520875732,
    "G": -3.952904554156908,
    "H": -5.6425082964587805,
    "I": -4.473207163151979,
    "K": -3.457073631121002,
    "L": -3.421720652863873,
    "M": -5.614709844115208,
    "N": -4.478207844210346,
    "P": -4.390745002960006,
    "Q": -4.390745002960006,
    "R": -4.217680293987127,
    "S": -3.982796928467482,
    "T": -4.374337246438394,
    "V": -3.916813814627594,
    "W": -7.344352097475555,
    "Y": -5.404958862179708
  },
  "-2": {
    "A": -3.5073030748796574,
    "C": -6.230280330766761,
    "D": -4.342071156224317,
    "E": -4.03342300153745,
    "F": -4.5820436551948855,
    "G": -3.9270336569454733,
    "H": -5.834351654435621,
    "I": -3.9616323184694404,
    "K": -3.7129677960489635,
    "L": -3.220820001517694,
    "M": -5.326204750765296,
    "N": -4.576670483096034,
    "P": -4.55802042598837,
    "Q": -4.529191772929151,
    "R": -4.560670004402319,
    "S": -4.154277396411836,
    "T": -4.236621857640587,
    "V": -3.7700819329241217,
    "W": -7.004276655877934,
    "Y": -5.112857469031855
  },
  "-1": {
    "A": -3.540915770061276,
    "C": -6.560670004402319,
    "D": -4.424131171454554,
    "E": -3.7337477134972157,
    "F": -5.03342300153745,
    "G": -3.457073631121002,
    "H": -6.172399414686261,
    "I": -4.283998190644606,
    "K": -3.7593895967543993,
    "L": -3.222916942353274,
    "M": -5.513706525431733,
    "N": -4.614709844115208,
    "P": -4.720354883570316,
    "Q": -4.438679480023708,
    "R": -4.3038369377368415,
    "S": -3.911730914334368,
    "T": -4.4460090218221975,
    "V": -3.8585992006822987,
    "W": -7.124570889595645,
    "Y": -5.148286958569453
  },
  "0": {
    "A": "-inf",
    "C": "-inf",
    "D": "-inf",
    "E": "-inf",
    "F": "-inf",
    "G": "-inf",
    "H": "-inf",
    "I": "-inf",
    "K": 0.0,
    "L": "-inf",
    "M": "-inf",
    "N": "-inf",
    "P": "-inf",
    "Q": "-inf",
    "R": "-inf",
    "S": "-inf",
    "T": "-inf",
    "V": "-inf",
    "W": "-inf",
    "Y": "-inf"
  },
  "+1": {
    "A": -3.437461501867037,
    "C": -6.419314155156778,
    "D": -4.114803113346825,
    "E": -3.7173955080897723,
    "F": -4.986354747880672,
    "G": -3.5806984848961365,
    "H": -5.529191772929151,
    "I": -4.162303536950754,
    "K": -4.174427096033243,
    "L": -3.381346304957757,
    "M": -5.659448158880492,
    "N": -4.4460090218221975,
    "P": -4.416911664941473,
    "Q": -4.323952299033918,
    "R": -4.750287389647147,
    "S": -4.130463457518847,
    "T": -4.226068079479846,
    "V": -3.884920478838258,
    "W": -7.063170344931502,
    "Y": -4.923618992532709
  },
  "+2": {
    "A": -3.6299326668394327,
    "C": -5.853716979302552,
    "D": -4.426545724387854,
    "E": -4.176457631260614,
    "F": -4.639704223582077,
    "G": -3.7995099052233208,
    "H": -5.6765892917018865,
    "I": -3.8716998132079254,
    "K": -4.160292811829607,
    "L": -3.1109144451140622,
    "M": -5.631324557966105,
    "N": -4.696848130685686,
    "P": -4.180527295569661,
    "Q": -4.424131171454554,
    "R": -4.595564794848505,
    "S": -4.087800011440217,
    "T": -4.270922315264107,
    "V": -3.745757731166633,
    "W": -6.840777923595054,
    "Y": -4.993496817124691
  },
  "+3": {
    "A": -3.6327177932659707,
    "C": -6.004276655877934,
    "D": -4.2818106314068425,
    "E": -3.6983061348935475,
    "F": -4.840777923595054,
    "G": -3.7624364723132633,
    "H": -5.89324534348919,
    "I": -4.376669817748284,
    "K": -3.6580288817951585,
    "L": -3.596923904737894,
    "M": -5.665139270958348,
    "N": -4.620226849082774,
    "P": -4.310510943660151,
    "Q": -4.308282842768033,
    "R": -4.240865081407927,
    "S": -4.018776225573049,