{
  "-10": {
    "A": 0.09803921568627451,
    "C": 0.0196078431372549,
    "D": 0.0392156862745098,
    "E": 0.13725490196078433,
    "F": 0.0,
    "G": 0.058823529411764705,
    "H": 0.0392156862745098,
    "I": 0.0392156862745098,
    "K": 0.0196078431372549,
    "L": 0.0196078431372549,
    "M": 0.0196078431372549,
    "N": 0.0196078431372549,
    "P": 0.058823529411764705,
    "Q": 0.11764705882352941,
    "R": 0.0196078431372549,
    "S": 0.09803921568627451,
    "T": 0.0784313725490196,
    "V": 0.0,
    "W": 0.0196078431372549,
    "Y": 0.09803921568627451
  },
  "-9": {
    "A": 0.11764705882352941,
    "C": 0.0,
    "D": 0.0,
    "E": 0.058823529411764705,
    "F": 0.0392156862745098,
    "G": 0.0784313725490196,
    "H": 0.0,
    "I": 0.0196078431372549,
    "K": 0.0392156862745098,
    "L": 0.11764705882352941,
    "M": 0.0,
    "N": 0.0196078431372549,
    "P": 0.09803921568627451,
    "Q": 0.0196078431372549,
    "R": 0.0196078431372549,
    "S": 0.1568627450980392,
    "T": 0.11764705882352941,
    "V": 0.09803921568627451,
    "W": 0.0,
    "Y": 0.0
  },
  "-8": {
    "A": 0.17647058823529413,
    "C": 0.0196078431372549,
    "D": 0.0392156862745098,
    "E": 0.0784313725490196,
    "F": 0.0,
    "G": 0.058823529411764705,
    "H": 0.0196078431372549,
    "I": 0.0196078431372549,
    "K": 0.0,
    "L": 0.09803921568627451,
    "M": 0.0196078431372549,
    "N": 0.0196078431372549,
    "P": 0.13725490196078433,
    "Q": 0.058823529411764705,
    "R": 0.0196078431372549,
    "S": 0.1568627450980392,
    "T": 0.058823529411764705,
    "V": 0.0,
    "W": 0.0,
    "Y": 0.0196078431372549
  },
  "-7": {
    "A": 0.29411764705882354,
    "C": 0.0196078431372549,
    "D": 0.0196078431372549,
    "E": 0.0196078431372549,
    "F": 0.0,
    "G": 0.09803921568627451,
    "H": 0.0,
    "I": 0.0,
    "K": 0.0196078431372549,
    "L": 0.0392156862745098,
    "M": 0.0,
    "N": 0.0196078431372549,
    "P": 0.1568627450980392,
    "Q": 0.0196078431372549,
    "R": 0.058823529411764705,
    "S": 0.11764705882352941,
    "T": 0.058823529411764705,
    "V": 0.0392156862745098,
    "W": 0.0,
    "Y": 0.0196078431372549
  },
  "-6": {
    "A": 0.058823529411764705,
    "C": 0.0196078431372549,
    "D": 0.0,
    "E": 0.0392156862745098,
    "F": 0.0196078431372549,
    "G": 0.0392156862745098,
    "H": 0.0,
    "I": 0.0196078431372549,
    "K": 0.0196078431372549,
    "L": 0.0784313725490196,
    "M": 0.0196078431372549,
    "N": 0.0,
    "P": 0.3137254901960784,
    "Q": 0.0784313725490196,
    "R": 0.058823529411764705,
    "S": 0.09803921568627451,
    "T": 0.09803921568627451,
    "V": 0.0,
    "W": 0.0,
    "Y": 0.0392156862745098
  },
  "-5": {
    "A": 0.3137254901960784,
    "C": 0.0392156862745098,
    "D": 0.0392156862745098,
    "E": 0.0196078431372549,
    "F": 0.0,
    "G": 0.0784313725490196,
    "H": 0.0196078431372549,
    "I": 0.0196078431372549,
    "K": 0.0196078431372549,
    "L": 0.0392156862745098,
    "M": 0.0,
    "N": 0.0196078431372549,
    "P": 0.11764705882352941,
    "Q": 0.0392156862745098,
    "R": 0.0196078431372549,
    "S": 0.0784313725490196,
    "T": 0.0784313725490196,
    "V": 0.0196078431372549,
    "W": 0.0,
    "Y": 0.0392156862745098
  },
  "-4": {
    "A": 0.0784313725490196,
    "C": 0.0,
    "D": 0.0392156862745098,
    "E": 0.0196078431372549,
    "F": 0.0,
    "G": 0.058823529411764705,
    "H": 0.0,
    "I": 0.0,
    "K": 0.0196078431372549,
    "L": 0.058823529411764705,
    "M": 0.0,
    "N": 0.0784313725490196,
    "P": 0.37254901960784315,
    "Q": 0.0196078431372549,
    "R": 0.0392156862745098,
    "S": 0.0784313725490196,
    "T": 0.11764705882352941,
    "V": 0.0,
    "W": 0.0,
    "Y": 0.0196078431372549
  },
  "-3": {
    "A": 0.11764705882352941,
    "C": 0.0,
    "D": 0.0,
    "E": 0.0392156862745098,
    "F": 0.0,
    "G": 0.1568627450980392,
    "H": 0.0,
    "I": 0.0392156862745098,
    "K": 0.0196078431372549,
    "L": 0.058823529411764705,
    "M": 0.0,
    "N": 0.0196078431372549,
    "P": 0.1568627450980392,
    "Q": 0.058823529411764705,
    "R": 0.0,
    "S": 0.19607843137254902,
    "T": 0.0392156862745098,
    "V": 0.0784313725490196,
    "W": 0.0,
    "Y": 0.0196078431372549
  },
  "-2": {
    "A": 0.09803921568627451,
    "C": 0.0,
    "D": 0.0196078431372549,
    "E": 0.0,
    "F": 0.0,
    "G": 0.09803921568627451,
    "H": 0.0196078431372549,
    "I": 0.0196078431372549,
    "K": 0.09803921568627451,
    "L": 0.0392156862745098,
    "M": 0.0196078431372549,
    "N": 0.0196078431372549,
    "P": 0.23529411764705882,
    "Q": 0.0196078431372549,
    "R": 0.0196078431372549,
    "S": 0.1568627450980392,
    "T": 0.0784313725490196,
    "V": 0.0392156862745098,
    "W": 0.0,
    "Y": 0.0196078431372549
  },
  "-1": {
    "A": 0.0784313725490196,
    "C": 0.0196078431372549,
    "D": 0.0196078431372549,
    "E": 0.0196078431372549,
    "F": 0.058823529411764705,
    "G": 0.0196078431372549,
    "H": 0.058823529411764705,
    "I": 0.0392156862745098,
    "K": 0.0392156862745098,
    "L": 0.0,
    "M": 0.0392156862745098,
    "N": 0.058823529411764705,
    "P": 0.058823529411764705,
    "Q": 0.0196078431372549,
    "R": 0.13725490196078433,
    "S": 0.0784313725490196,
    "T": 0.23529411764705882,
    "V": 0.0,
    "W": 0.0,
    "Y": 0.0196078431372549
  },
  "0": {
    "A": 0.0,
    "C": 0.0,
    "D": 0.0,
    "E": 0.0,
    "F": 0.0,
    "G": 0.0,
    "H": 0.0,
    "I": 0.0,
    "K": 0.0,
    "L": 0.0,
    "M": 0.0,
    "N": 0.0,
    "P": 0.0,
    "Q": 0.0,
    "R": 0.0,
    "S": 1.0,
    "T": 0.0,
    "V": 0.0,
    "W": 0.0,
    "Y": 0.0
  },
  "+1": {
    "A": 0.19607843137254902,
    "C": 0.0,
    "D": 0.19607843137254902,
    "E": 0.0,
    "F": 0.0,
    "G": 0.23529411764705882,
    "H": 0.0,
    "I": 0.0,
    "K": 0.0,
    "L": 0.0,
    "M": 0.0,
    "N": 0.0,
    "P": 0.0,
    "Q": 0.0,
    "R": 0.0,
    "S": 0.29411764705882354,
    "T": 0.0392156862745098,
    "V": 0.0196078431372549,
    "W": 0.0196078431372549,
    "Y": 0.0
  },
  "+2": {
    "A": 0.47058823529411764,
    "C": 0.0196078431372549,
    "D": 0.0,
    "E": 0.0,
    "F": 0.0,
    "G": 0.27450980392156865,
    "H": 0.0,
    "I": 0.0,
    "K": 0.0,
    "L": 0.0,
    "M": 0.0,
    "N": 0.0,
    "P": 0.0,
    "Q": 0.0196078431372549,
    "R": 0.0196078431372549,
    "S": 0.1568627450980392,
    "T": 0.0392156862745098,
    "V": 0.0,
    "W": 0.0,
    "Y": 0.0
  },
  "+3": {
    "A": 0.0392156862745098,
    "C": 0.0196078431372549,
    "D": 0.0,
    "E": 0.0196078431372549,
    "F": 0.058823529411764705,
    "G": 0.0196078431372549,
    "H": 0.0196078431372549,
    "I": 0.058823529411764705,
    "K": 0.0196078431372549,
    "L": 0.0196078431372549,
    "M": 0.0,
    "N": 0.0392156862745098,
    "P": 0.0392156862745098,
    "Q": 0.0,
    "R": 0.0392156862745098,
    "S": 0.2549019607843137,
    "T": 0.21568627450980393,
    "V": 0.0784313725490196,
    "W": 0.0196078431372549,
    "Y": 0.0392156862745098
  },
  "+4": {
    "A": 0.058823529411764705,
    "C": 0.0392156862745098,
    "D": 0.0,
    "E": 0.0,
    "F": 0.0,
    "G": 0.058823529411764705,
    "H": 0.058823529411764705,
    "I": 0.0,
    "K": 0.09803921568627451,
    "L": 0.0392156862745098,
    "M": 0.058823529411764705,
    "N": 0.0196078431372549,
    "P": 0.0392156862745098,
    "Q": 0.0,
    "R": 0.11764705882352941,
    "S": 0.27450980392156865,
    "T": 0.0784313725490196,
    "V": 0.0196078431372549,
    "W": 0.0196078431372549,
    "Y": 0.0196078431372549
  },
  "+5": {
    "A": 0.09803921568627451,
    "C": 0.0392156862745098,
    "D": 0.0,
    "E": 0.0,
    "F": 0.11764705882352941,
    "G": 0.0196078431372549,
    "H": 0.0196078431372549,
    "I": 0.21568627450980393,
    "K": 0.058823529411764705,
    "L": 0.09803921568627451,
    "M": 0.0196078431372549,
    "N": 0.0,
    "P": 0.0392156862745098,
    "Q": 0.0392156862745098,
    "R": 0.0392156862745098,
    "S": 0.0784313725490196,
    "T": 0.0,
    "V": 0.0392156862745098,