{
  "-10": {
    "A": -5.339850002884625,
    "C": -4.754887502163468,
    "D": -3.7548875021634687,
    "E": -4.339850002884625,
    "F": -4.754887502163468,
    "G": -3.1699250014423126,
    "H": -4.754887502163468,
    "I": -4.017921907997263,
    "K": -5.339850002884625,
    "L": -3.7548875021634687,
    "M": "-inf",
    "N": -5.339850002884625,
    "P": -4.754887502163468,
    "Q": -3.7548875021634687,
    "R": -4.754887502163468,
    "S": -4.017921907997263,
    "T": -5.339850002884625,
    "V": -4.339850002884625,
    "W": "-inf",
    "Y": -4.017921907997263
  },
  "-9": {
    "A": -4.017921907997263,
    "C": -4.754887502163468,
    "D": -5.339850002884625,
    "E": -4.339850002884625,
    "F": -6.339850002884625,
    "G": -2.7548875021634687,
    "H": -5.339850002884625,
    "I": -4.754887502163468,
    "K": -3.7548875021634687,
    "L": -2.3398500028846247,
    "M": -6.339850002884625,
    "N": -5.339850002884625,
    "P": -4.754887502163468,
    "Q": -6.339850002884625,
    "R": -6.339850002884625,
    "S": -5.339850002884625,
    "T": -4.339850002884625,
    "V": -4.339850002884625,
    "W": -6.339850002884625,
    "Y": -6.339850002884625
  },
  "-8": {
    "A": -5.339850002884625,
    "C": "-inf",
    "D": -3.3398500028846247,
    "E": -3.0179219079972626,
    "F": -5.339850002884625,
    "G": -3.7548875021634687,
    "H": -5.339850002884625,
    "I": -3.5324950808270206,
    "K": -3.5324950808270206,
    "L": -4.754887502163468,
    "M": -5.339850002884625,
    "N": -4.754887502163468,
    "P": -4.017921907997263,
    "Q": -5.339850002884625,
    "R": -4.339850002884625,
    "S": -4.017921907997263,
    "T": "-inf",
    "V": -5.339850002884625,
    "W": -5.339850002884625,
    "Y": -4.754887502163468
  },
  "-7": {
    "A": -2.8804183842473274,
    "C": -6.339850002884625,
    "D": -3.7548875021634687,
    "E": -4.339850002884625,
    "F": -5.339850002884625,
    "G": -4.339850002884625,
    "H": -4.754887502163468,
    "I": -6.339850002884625,
    "K": -3.7548875021634687,
    "L": -4.017921907997263,
    "M": -3.7548875021634687,
    "N": -5.339850002884625,
    "P": -5.339850002884625,
    "Q": -6.339850002884625,
    "R": -3.5324950808270206,
    "S": -4.339850002884625,
    "T": -5.339850002884625,
    "V": -4.017921907997263,
    "W": -4.754887502163468,
    "Y": "-inf"
  },
  "-6": {
    "A": -4.017921907997263,
    "C": "-inf",
    "D": -3.7548875021634687,
    "E": -4.339850002884625,
    "F": -4.754887502163468,
    "G": -3.5324950808270206,
    "H": -6.339850002884625,
    "I": -4.017921907997263,
    "K": -3.1699250014423126,
    "L": -3.5324950808270206,
    "M": -5.339850002884625,
    "N": -5.339850002884625,
    "P": -4.754887502163468,
    "Q": -4.754887502163468,
    "R": -6.339850002884625,
    "S": -3.7548875021634687,
    "T": -6.339850002884625,
    "V": -3.5324950808270206,
    "W": -5.339850002884625,
    "Y": -6.339850002884625
  },
  "-5": {
    "A": -5.339850002884625,
    "C": "-inf",
    "D": -5.339850002884625,
    "E": -3.7548875021634687,
    "F": -4.339850002884625,
    "G": -4.017921907997263,
    "H": -4.754887502163468,
    "I": -3.3398500028846247,
    "K": -2.7548875021634687,
    "L": -5.339850002884625,
    "M": -5.339850002884625,
    "N": -6.339850002884625,
    "P": -5.339850002884625,
    "Q": -4.339850002884625,
    "R": -2.8804183842473274,
    "S": -4.339850002884625,
    "T": -4.754887502163468,
    "V": -5.339850002884625,
    "W": -6.339850002884625,
    "Y": -5.339850002884625
  },
  "-4": {
    "A": -3.7548875021634687,
    "C": "-inf",
    "D": "-inf",
    "E": -3.3398500028846247,
    "F": -6.339850002884625,
    "G": -3.5324950808270206,
    "H": -4.017921907997263,
    "I": -3.3398500028846247,
    "K": -4.339850002884625,
    "L": -3.7548875021634687,
    "M": -4.754887502163468,
    "N": -4.754887502163468,
    "P": -4.339850002884625,
    "Q": -4.754887502163468,
    "R": -4.339850002884625,
    "S": -4.017921907997263,
    "T": -4.017921907997263,
    "V": -5.339850002884625,
    "W": -5.339850002884625,
    "Y": -6.339850002884625
  },
  "-3": {
    "A": -4.339850002884625,
    "C": -4.754887502163468,
    "D": -4.339850002884625,
    "E": -4.017921907997263,
    "F": -6.339850002884625,
    "G": -2.6394102847435326,
    "H": -4.754887502163468,
    "I": -4.017921907997263,
    "K": -4.339850002884625,
    "L": -3.1699250014423126,
    "M": -4.017921907997263,
    "N": -4.017921907997263,
    "P": -5.339850002884625,
    "Q": -4.754887502163468,
    "R": -4.339850002884625,
    "S": -4.017921907997263,
    "T": -5.339850002884625,
    "V": -4.754887502163468,
    "W": "-inf",
    "Y": "-inf"
  },
  "-2": {
    "A": -4.339850002884625,
    "C": "-inf",
    "D": -4.017921907997263,
    "E": -3.0179219079972626,
    "F": -4.339850002884625,
    "G": -5.339850002884625,
    "H": "-inf",
    "I": -3.5324950808270206,
    "K": -3.0179219079972626,
    "L": -4.017921907997263,
    "M": -6.339850002884625,
    "N": -3.1699250014423126,
    "P": -4.017921907997263,
    "Q": -4.339850002884625,
    "R": -3.7548875021634687,
    "S": -4.339850002884625,
    "T": -6.339850002884625,
    "V": -5.339850002884625,
    "W": "-inf",
    "Y": -6.339850002884625
  },
  "-1": {
    "A": -4.339850002884625,
    "C": -4.017921907997263,
    "D": -5.339850002884625,
    "E": -3.5324950808270206,
    "F": -5.339850002884625,
    "G": -5.339850002884625,
    "H": -5.339850002884625,
    "I": -3.5324950808270206,
    "K": -3.7548875021634687,
    "L": -3.5324950808270206,
    "M": -5.339850002884625,
    "N": -4.017921907997263,
    "P": -4.754887502163468,
    "Q": -6.339850002884625,
    "R": -3.7548875021634687,
    "S": -4.339850002884625,
    "T": -4.754887502163468,
    "V": -3.3398500028846247,
    "W": "-inf",
    "Y": -4.017921907997263
  },
  "0": {
    "A": "-inf",
    "C": "-inf",
    "D": "-inf",
    "E": "-inf",
    "F": "-inf",
    "G": "-inf",
    "H": "-inf",
    "I": "-inf",
    "K": "-inf",
    "L": "-inf",
    "M": "-inf",
    "N": "-inf",
    "P": "-inf",
    "Q": "-inf",
    "R": "-inf",
    "S": "-inf",
    "T": "-inf",
    "V": "-inf",
    "W": "-inf",
    "Y": 0.0
  },
  "+1": {
    "A": -4.339850002884625,
    "C": "-inf",
    "D": -5.339850002884625,
    "E": -3.0179219079972626,
    "F": -4.017921907997263,
    "G": -4.017921907997263,
    "H": -4.754887502163468,
    "I": "-inf",
    "K": -5.339850002884625,
    "L": -3.5324950808270206,
    "M": -5.339850002884625,
    "N": -4.339850002884625,
    "P": -5.339850002884625,
    "Q": -4.017921907997263,
    "R": -3.1699250014423126,
    "S": -3.7548875021634687,
    "T": -5.339850002884625,
    "V": -4.017921907997263,
    "W": "-inf",
    "Y": -3.7548875021634687
  },
  "+2": {
    "A": -3.3398500028846247,
    "C": -5.339850002884625,
    "D": -4.754887502163468,
    "E": -3.3398500028846247,
    "F": -4.017921907997263,
    "G": -3.7548875021634687,
    "H": -6.339850002884625,
    "I": -4.754887502163468,
    "K": -4.339850002884625,
    "L": -4.339850002884625,
    "M": -4.754887502163468,
    "N": -4.754887502163468,
    "P": -3.7548875021634687,
    "Q": -4.017921907997263,
    "R": -3.3398500028846247,
    "S": -6.339850002884625,
    "T": -5.339850002884625,
    "V": -4.017921907997263,
    "W": -5.339850002884625,
    "Y": "-inf"
  },
  "+3": {
    "A": -5.339850002884625,
    "C": "-inf",
    "D": -5.339850002884625,
    "E": "-inf",
    "F": -5.339850002884625,
    "G": -5.339850002884625,
    "H": -6.339850002884625,
    "I": -3.7548875021634687,
    "K": -2.7548875021634687,
    "L": -3.7548875021634687,
    "M": -4.754887502163468,
    "N": -3.5324950808270206,
    "P": -3.5324950808270206,
    "Q": -6.339850002884625,
    "R": -3.5324950808270206,
    "S": -2.8804183842473274,
    "T": -3.7548875021634687,
    "V": -4.339850002884625,
    "W": "-inf",
    "Y": "-inf"
  },
  "+4": {
    "A": -3.3398500028846247,
    "C": -4.339850002884625,
    "D": -6.339850002884625,
    "E": -4.754887502163468,