{"-10": {"A": -2.6313556837367886, "C": -4.520521347080004, "D": -2.978983124151796, "E": -2.5936228124028493, "F": -3.469634543215384, "G": -2.8328656011216737, "H": -3.904148806920696, "I": -2.995507675746136, "K": -2.435436636897522, "L": -2.5007478276469106, "M": -3.882459067753085, "N": -3.2189410401329437, "P": -3.0913830688610635, "Q": -3.206518520134386, "R": -2.83953723446711, "S": -2.7794012874400407, "T": -2.9748588205029014, "V": -2.8248935223517364, "W": -4.873778133493918, "Y": -3.7162711824240495}, "-9": {"A": -2.638021701754837, "C": -4.441195889296329, "D": -2.9488032773320723, "E": -2.65663735644091, "F": -3.4353140848799426, "G": -2.83397445357312, "H": -3.8966286282392963, "I": -3.0154088300634307, "K": -2.3995124163187262, "L": -2.5058846735895206, "M": -3.81513249172672, "N": -3.1972575456641086, "P": -3.136893654207029, "Q": -3.2379613648119734, "R": -2.8384221999713564, "S": -2.7543870156547725, "T": -3.026256696303442, "V": -2.771611003288662, "W": -4.825665246695448, "Y": -3.6860503113523144}, "-8": {"A": -2.6177581936914764, "C": -4.51256374540669, "D": -3.0004459573867184, "E": -2.6113241205179842, "F": -3.5352910074542963, "G": -2.846503303188968, "H": -3.841791851302493, "I": -3.0302989205363993, "K": -2.34121037012498, "L": -2.5112265666343068, "M": -3.8337191535773822, "N": -3.2128005115373397, "P": -3.087880995877151, "Q": -3.2058030845824965, "R": -2.837803273170637, "S": -2.7343254840579965, "T": -2.9952179466408206, "V": -2.8273397075245637, "W": -4.892917473704615, "Y": -3.748971643734984}, "-7": {"A": -2.6313556837367886, "C": -4.542056499631302, "D": -2.940678189597654, "E": -2.5229898235446178, "F": -3.496290207961886, "G": -2.8216006356638923, "H": -3.91535441847951, "I": -3.0606065779574916, "K": -2.317837516052317, "L": -2.577087153960549, "M": -3.8934229264735287, "N": -3.1698058699224836, "P": -3.138898332459407, "Q": -3.1603645501128637, "R": -2.7776519138526146, "S": -2.795166319829443, "T": -3.0123098827003263, "V": -2.854398575732377, "W": -4.976509144612719, "Y": -3.720450292983986}, "-6": {"A": -2.5766105322461734, "C": -4.504013874185452, "D": -2.9574132458104185, "E": -2.6610866368937, "F": -3.3923890401629087, "G": -2.85038048896023, "H": -3.9441174632651657, "I": -2.9767055430960663, "K": -2.41026779730738, "L": -2.4206507588524344, "M": -3.798824237271968, "N": -3.207592634093724, "P": -3.1521970723469157, "Q": -3.2871578153450063, "R": -2.8531411884172106, "S": -2.747692714828349, "T": -2.9946387401375154, "V": -2.8018290452502748, "W": -4.861531159883945, "Y": -3.636984930447968}, "-5": {"A": -2.6003339206043665, "C": -4.386740318506609, "D": -2.984556557657365, "E": -2.673189027697305, "F": -3.4064936463444506, "G": -2.8631179081583964, "H": -3.8807019068722184, "I": -2.957692224749318, "K": -2.400630716618992, "L": -2.413986776450243, "M": -3.8121773098026273, "N": -3.211900664450615, "P": -3.1643019000595465, "Q": -3.211001626360751, "R": -2.89065438809817, "S": -2.7298721255512066, "T": -2.992614155208795, "V": -2.763651106614571, "W": -4.8842594109615005, "Y": -3.624406148241108}, "-4": {"A": -2.642083445763015, "C": -4.361437070907878, "D": -2.87396469350543, "E": -2.4304836797686735, "F": -3.459444552309634, "G": -2.8376795337656655, "H": -3.7400854201003093, "I": -3.02267727413722, "K": -2.491777580179276, "L": -2.4826267908030717, "M": -3.8577921926489345, "N": -3.2117207921594564, "P": -3.067589304754625, "Q": -3.1984992309677667, "R": -3.044348551140508, "S": -2.7108365064813134, "T": -2.994349262642369, "V": -2.8217224012652604, "W": -4.809535864765564, "Y": -3.6010399717120434}, "-3": {"A": -2.5826326314092665, "C": -4.45046379622711, "D": -2.730761212073432, "E": -2.3714102876125596, "F": -3.2796222758707567, "G": -2.886748133131105, "H": -3.7859664580776786, "I": -3.0095143243432334, "K": -2.631557032776027, "L": -2.455328642567174, "M": -3.8930673709142276, "N": -3.165159900970183, "P": -3.0867692670244606, "Q": -3.1710139121782945, "R": -3.199920190354282, "S": -2.808776845120197, "T": -3.008046110894933, "V": -2.825871278479497, "W": -4.794537789188129, "Y": -3.5119512918163496}, "-2": {"A": -2.5122090165860573, "C": -4.457315271176212, "D": -2.854901973679076, "E": -2.6516939890106848, "F": -3.0201495796830646, "G": -2.770800583562685, "H": -3.8754488743059694, "I": -2.7911426457618074, "K": -2.899565467900863, "L": -2.236414858154708, "M": -3.731579901023115, "N": -3.2061607383774393, "P": -3.180208182862774, "Q": -3.290849648936817, "R": -3.5039696313510458, "S": -2.7714951888233057, "T": -3.0547477884574787, "V": -2.6934410054376925, "W": -4.513224465615728, "Y": -3.463600642337253}, "-1": {"A": -2.577087153960549, "C": -4.736698540813298, "D": -2.7446441041004594, "E": -2.2495217424907583, "F": -3.198321752930208, "G": -2.486015888116079, "H": -4.029192139175463, "I": -3.0319504485748725, "K": -3.0771333027252803, "L": -2.2928434803118005, "M": -3.146114945133409, "N": -3.189487773219448, "P": -3.370438238726523, "Q": -3.139734802604373, "R": -3.7264509110494903, "S": -2.6975195771535545, "T": -3.0864518570868644, "V": -2.8410258837930096, "W": -4.682022544466604, "Y": -3.4436709940461467}, "0": {"A": -4.560594620630214, "C": -8.890635200237645, "D": -10.043314710176029, "E": -10.043314710176029, "F": "-inf", "G": -7.250106700733513, "H": "-inf", "I": -11.14192699884414, "K": -0.03241624548240227, "L": -11.835074179404085, "M": -4.777176241992228, "N": -10.736461890735974, "P": -8.699579963474935, "Q": -11.835074179404085, "R": -9.350167529616083, "S": -4.665724162733485, "T": -6.23665222040571, "V": -7.943253881293458, "W": "-inf", "Y": -9.755632637724249}, "+1": {"A": -2.718934602826729, "C": -4.881389968533548, "D": -2.687567116599471, "E": -2.422364555330169, "F": -3.0375256909225268, "G": -2.9479739752803966, "H": -3.5143826083556355, "I": -3.074150803065249, "K": -2.5906222777991337, "L": -2.31879441870529, "M": -3.974117814527695, "N": -3.2505962411822504, "P": -2.876534067991916, "Q": -3.3188814883214306, "R": -3.027901556487383, "S": -2.9365719697574417, "T": -3.0419173084902646, "V": -2.903918749625736, "W": -4.48584335479075, "Y": -2.9305798505073537}, "+2": {"A": -2.6427959502463105, "C": -4.500744829103548, "D": -3.0328524330016298, "E": -2.523080153701402, "F": -3.039491962447659, "G": -2.7838467790849752, "H": -3.9135385472705355, "I": -2.6948344351073907, "K": -2.5974105117790116, "L": -2.186930591407793, "M": -3.7811870957858615, "N": -3.2603670817872406, "P": -3.132231641101218, "Q": -3.2455603264082207, "R": -3.05183121566318, "S": -2.894968966275962, "T": -3.1305718896828534, "V": -2.6871412675565187, "W": -4.540696880115263, "Y": -3.3947620323238046}, "+3": {"A": -2.615476786165225, "C": -4.42472708158306, "D": -2.7602099469903516, "E": -2.4470061196441746, "F": -3.3733936979181056, "G": -2.7472404819206986, "H": -3.8622633952826804, "I": -3.036770460919105, "K": -2.3589906424948746, "L": -2.482713547407473, "M": -4.003853964799792, "N": -3.140571973017437, "P": -3.0640142640307966, "Q": -3.1187023141274697, "R": -2.8370610663082623, "S": -2.7351068649092722, "T": -3.061380033019641, "V": -2.8522619570599357, "W": -4.896789695387125, "Y": -3.616826252718339}, "+4": {"A": -2.60072435496755, "C": -4.338421741235801, "D": -2.8486276401328157, "E": -2.41018710333921, "F": -3.388088883031344, "G": -2.831757976862228, "H": -3.8976994832407894, "I": -2.9934813326009033, "K": -2.3049718415127094, "L": -2.472356127007019, "M": -4.005046096870245, "N": -3.2526552030701397, "P": -3.084391144619493, "Q": -3.1571236091097328, "R": -2.855531577678971, "S": -2.7480320237723954, "T": -2.969621353650462, "V": -2.81528916914896, "W": -4.798925685653549, "Y": -3.72584922631413}, "+5": {"A": -2.610732287792088, "C": -4.483915952973391, "D": -2.9445259337979164, "E": -2.5508329995883674, "F": -3.3750864617586265, "G": -2.7699908200850403, "H": -3.8230559402450233, "I": -3.002632387818261, "K": -2.3012020820824235, "L": -2.3855594390411645, "M": -3.993974413981965,