{"-10": {"A": -2.4756042571256867, "C": -3.5742165457937967, "D": -3.2865344733420154, "E": -2.8810693652338513, "F": -3.5742165457937967, "G": -3.0633909220278057, "H": -3.5742165457937967, "I": -3.2865344733420154, "K": -2.3702437414678603, "L": -2.5933872927820705, "M": -3.0633909220278057, "N": -3.2865344733420154, "P": -2.4756042571256867, "Q": -4.672828834461907, "R": -2.7269186854065928, "S": -3.2865344733420154, "T": -3.2865344733420154, "V": -2.8810693652338513, "W": -4.672828834461907, "Y": -3.979681653901961}, "-9": {"A": -2.033771504846648, "C": -3.2865344733420154, "D": -3.2865344733420154, "E": -2.4756042571256867, "F": -3.979681653901961, "G": -3.0633909220278057, "H": "-inf", "I": -3.0633909220278057, "K": -2.7269186854065928, "L": -2.7269186854065928, "M": -3.979681653901961, "N": -3.979681653901961, "P": -2.2749335616635356, "Q": -3.0633909220278057, "R": -3.2865344733420154, "S": -3.0633909220278057, "T": -3.0633909220278057, "V": -2.8810693652338513, "W": "-inf", "Y": -4.672828834461907}, "-8": {"A": -2.8810693652338513, "C": -4.672828834461907, "D": -3.979681653901961, "E": -2.7269186854065928, "F": -3.5742165457937967, "G": -3.5742165457937967, "H": -3.0633909220278057, "I": -3.5742165457937967, "K": -2.5933872927820705, "L": -2.5933872927820705, "M": -3.2865344733420154, "N": -3.5742165457937967, "P": -2.4756042571256867, "Q": -3.5742165457937967, "R": -2.7269186854065928, "S": -2.7269186854065928, "T": -2.5933872927820705, "V": -2.4756042571256867, "W": "-inf", "Y": -3.2865344733420154}, "-7": {"A": -2.2749335616635356, "C": -4.672828834461907, "D": -3.0633909220278057, "E": -3.5742165457937967, "F": "-inf", "G": -2.3702437414678603, "H": -4.672828834461907, "I": -4.672828834461907, "K": -1.83961549040569, "L": -2.8810693652338513, "M": -3.979681653901961, "N": -3.979681653901961, "P": -2.8810693652338513, "Q": -3.0633909220278057, "R": -3.0633909220278057, "S": -2.4756042571256867, "T": -2.8810693652338513, "V": -3.2865344733420154, "W": -3.979681653901961, "Y": -3.0633909220278057}, "-6": {"A": -2.4756042571256867, "C": -3.5742165457937967, "D": -3.0633909220278057, "E": -2.8810693652338513, "F": -3.5742165457937967, "G": -3.5742165457937967, "H": -3.979681653901961, "I": -3.2865344733420154, "K": -2.2749335616635356, "L": -2.8810693652338513, "M": -3.0633909220278057, "N": -3.2865344733420154, "P": -3.2865344733420154, "Q": -3.0633909220278057, "R": -2.8810693652338513, "S": -2.7269186854065928, "T": -2.7269186854065928, "V": -2.033771504846648, "W": "-inf", "Y": -4.672828834461907}, "-5": {"A": -2.8810693652338513, "C": -3.979681653901961, "D": -3.2865344733420154, "E": -2.5933872927820705, "F": -2.8810693652338513, "G": -3.979681653901961, "H": -3.2865344733420154, "I": -3.5742165457937967, "K": -2.1078794770003695, "L": -2.2749335616635356, "M": -3.979681653901961, "N": -4.672828834461907, "P": -2.3702437414678603, "Q": -2.3702437414678603, "R": -3.2865344733420154, "S": -2.7269186854065928, "T": -2.7269186854065928, "V": -2.8810693652338513, "W": "-inf", "Y": "-inf"}, "-4": {"A": -2.033771504846648, "C": -4.672828834461907, "D": -3.5742165457937967, "E": -2.2749335616635356, "F": -3.979681653901961, "G": -3.0633909220278057, "H": -3.979681653901961, "I": -3.5742165457937967, "K": -2.5933872927820705, "L": -3.979681653901961, "M": -3.5742165457937967, "N": -3.979681653901961, "P": -2.3702437414678603, "Q": -4.672828834461907, "R": -2.7269186854065928, "S": -2.3702437414678603, "T": -2.033771504846648, "V": -3.979681653901961, "W": -3.979681653901961, "Y": -3.2865344733420154}, "-3": {"A": -1.6770965609079151, "C": -4.672828834461907, "D": -2.8810693652338513, "E": -3.0633909220278057, "F": -3.979681653901961, "G": -3.5742165457937967, "H": -4.672828834461907, "I": -3.0633909220278057, "K": -3.0633909220278057, "L": -2.4756042571256867, "M": -3.5742165457937967, "N": -3.0633909220278057, "P": -2.4756042571256867, "Q": -3.5742165457937967, "R": -3.2865344733420154, "S": -2.5933872927820705, "T": -2.8810693652338513, "V": -2.5933872927820705, "W": "-inf", "Y": -3.2865344733420154}, "-2": {"A": -2.2749335616635356, "C": "-inf", "D": -4.672828834461907, "E": -3.2865344733420154, "F": -3.5742165457937967, "G": -2.4756042571256867, "H": "-inf", "I": -3.979681653901961, "K": -1.83961549040569, "L": -2.7269186854065928, "M": -4.672828834461907, "N": -3.5742165457937967, "P": -2.8810693652338513, "Q": -3.2865344733420154, "R": -1.83961549040569, "S": -3.0633909220278057, "T": -2.8810693652338513, "V": -2.8810693652338513, "W": "-inf", "Y": -3.0633909220278057}, "-1": {"A": -2.8810693652338513, "C": -4.672828834461907, "D": -3.5742165457937967, "E": -2.5933872927820705, "F": -3.5742165457937967, "G": -2.3702437414678603, "H": "-inf", "I": -3.5742165457937967, "K": -1.3055330044754323, "L": -2.5933872927820705, "M": -3.5742165457937967, "N": "-inf", "P": -3.0633909220278057, "Q": -3.2865344733420154, "R": -2.8810693652338513, "S": -2.5933872927820705, "T": -3.2865344733420154, "V": -2.8810693652338513, "W": "-inf", "Y": "-inf"}, "0": {"A": "-inf", "C": -2.1078794770003695, "D": -2.4756042571256867, "E": -1.6770965609079151, "F": "-inf", "G": -3.2865344733420154, "H": -3.979681653901961, "I": "-inf", "K": -2.4756042571256867, "L": "-inf", "M": "-inf", "N": -3.979681653901961, "P": "-inf", "Q": "-inf", "R": -1.900240112222125, "S": -1.271631452799751, "T": "-inf", "V": "-inf", "W": "-inf", "Y": -3.979681653901961}, "+1": {"A": -1.5817863811035904, "C": "-inf", "D": -3.979681653901961, "E": -3.0633909220278057, "F": -3.2865344733420154, "G": -2.3702437414678603, "H": -3.979681653901961, "I": -4.672828834461907, "K": -2.5933872927820705, "L": -2.5933872927820705, "M": -3.5742165457937967, "N": -3.5742165457937967, "P": -2.8810693652338513, "Q": -3.2865344733420154, "R": -3.0633909220278057, "S": -2.8810693652338513, "T": -2.5933872927820705, "V": -3.2865344733420154, "W": -4.672828834461907, "Y": -3.0633909220278057}, "+2": {"A": -2.3702437414678603, "C": -4.672828834461907, "D": -3.5742165457937967, "E": -4.672828834461907, "F": -3.5742165457937967, "G": -2.3702437414678603, "H": -3.5742165457937967, "I": -2.8810693652338513, "K": -2.2749335616635356, "L": -3.0633909220278057, "M": -4.672828834461907, "N": -3.979681653901961, "P": -2.2749335616635356, "Q": -2.4756042571256867, "R": -3.979681653901961, "S": -3.5742165457937967, "T": -2.5933872927820705, "V": -2.033771504846648, "W": -3.979681653901961, "Y": -3.979681653901961}, "+3": {"A": -2.2749335616635356, "C": "-inf", "D": -3.979681653901961, "E": -2.7269186854065928, "F": -3.5742165457937967, "G": -2.2749335616635356, "H": -3.5742165457937967, "I": -3.0633909220278057, "K": -2.033771504846648, "L": -2.5933872927820705, "M": "-inf", "N": -2.8810693652338513, "P": -2.4756042571256867, "Q": -3.0633909220278057, "R": -3.5742165457937967, "S": -2.8810693652338513, "T": -3.979681653901961, "V": -2.3702437414678603, "W": "-inf", "Y": -3.979681653901961}, "+4": {"A": -2.4756042571256867, "C": -3.2865344733420154, "D": -2.8810693652338513, "E": -3.2865344733420154, "F": -2.7269186854065928, "G": -2.7269186854065928, "H": -3.5742165457937967, "I": -4.672828834461907, "K": -2.1078794770003695, "L": -3.5742165457937967, "M": -3.979681653901961, "N": -3.5742165457937967, "P": -2.5933872927820705, "Q": -3.0633909220278057, "R": -3.5742165457937967, "S": -2.3702437414678603, "T": -2.2749335616635356, "V": -2.8810693652338513, "W": "-inf", "Y": -4.672828834461907}, "+5": {"A": -2.2749335616635356, "C": -3.5742165457937967, "D": -3.5742165457937967, "E": -2.8810693652338513, "F": -3.5742165457937967, "G": -2.5933872927820705, "H": -3.2865344733420154, "I": -3.2865344733420154, "K": -1.83961549040569, "L": -3.0633909220278057, "M": -4.672828834461907, "N": -3.2865344733420154, "P": -2.5933872927820705, "Q": -3.0633909220278057, "R": -3.979681653901961, "S": -2.4756042571256867, "T": -3.2865344733420154, "V": -2.4756042571256867, "W": "-inf", "Y": "-inf"}, "+6": {"A": -3.0633909220278057,