{"-10": {"A": -2.7768687654595587, "C": -3.3413985681974103, "D": -3.3676009405914344, "E": -2.635403245159616, "F": -3.629080640649191, "G": -1.9594238682220362, "H": -3.700539604631336, "I": -3.6641719604604615, "K": -2.4965668003054002, "L": -2.9951223314795765, "M": -4.45740259957739, "N": -4.26634736281468, "P": -3.1251754597277746, "Q": -3.551693977033771, "R": -2.752654507338964, "S": -3.0260845570835433, "T": -3.920601489408138, "V": -3.6641719604604615, "W": -5.150549780137335, "Y": -4.310799125385514}, "-9": {"A": -2.3648889763302003, "C": -3.7642554190174438, "D": -3.3676009405914344, "E": -3.385458557991441, "F": -3.470015946019504, "G": -2.7059170294872743, "H": -3.7255409068367533, "I": -3.790923666099605, "K": -2.91320520901169, "L": -2.9830009709472316, "M": -3.510021280633203, "N": -3.3676009405914344, "P": -3.299198213707034, "Q": -2.791683851244699, "R": -2.519039656157459, "S": -2.3424161204781417, "T": -3.3587903109092796, "V": -3.242958495384158, "W": -5.150549780137335, "Y": -3.7255409068367533}, "-8": {"A": -2.358416461824583, "C": -3.350056630940525, "D": -3.1182550168832006, "E": -3.606352389571635, "F": -2.947494282490322, "G": -2.61019182581312, "H": -4.223787748395884, "I": -3.146228868925607, "K": -2.4637769774824094, "L": -3.146228868925607, "M": -4.431427113174129, "N": -3.562389266150519, "P": -2.8117850305657863, "Q": -3.4898185733156835, "R": -2.930202785380261, "S": -2.1211791474345136, "T": -3.584129252786925, "V": -2.8585467964738256, "W": -4.598481197837295, "Y": -4.143745040722347}, "-7": {"A": -2.5002773797019358, "C": -3.8183226402877195, "D": -3.1533463366944705, "E": -3.3945083935113587, "F": -4.106004712739501, "G": -1.6749938311566326, "H": -3.4602597710741394, "I": -3.83230888226246, "K": -3.1391617017025144, "L": -2.8067217286092396, "M": -4.727692929317301, "N": -3.146228868925607, "P": -2.7384024846317625, "Q": -3.219791436102623, "R": -2.78672106190257, "S": -2.885502606462354, "T": -3.3158652661922456, "V": -2.827130600240447, "W": -3.676148151507177, "Y": -3.299198213707034}, "-6": {"A": -2.9245047642656234, "C": -3.204639631082021, "D": -2.4709712531164363, "E": -3.688269512039522, "F": -3.2909677145705185, "G": -2.593730548759048, "H": -4.661001554818629, "I": -3.4221599248418686, "K": -2.5498113148242125, "L": -2.1186378500058414, "M": -2.7243507311761124, "N": -3.182333873567723, "P": -2.847964687143289, "Q": -3.520277780800392, "R": -2.7384024846317625, "S": -2.6269286181686438, "T": -4.203168461193148, "V": -3.1897139808653456, "W": -4.288326269533456, "Y": -3.3676009405914344}, "-5": {"A": -2.5002773797019358, "C": -3.499868909169185, "D": -3.182333873567723, "E": -3.584129252786925, "F": -3.804529318155384, "G": -2.3424161204781417, "H": -3.7642554190174438, "I": -2.2285207023704783, "K": -2.771978780165367, "L": -2.847964687143289, "M": -3.8754810541276683, "N": -3.146228868925607, "P": -2.9650900443807013, "Q": -3.1251754597277746, "R": -3.038742953955467, "S": -2.6569094503805797, "T": -3.6176519448255684, "V": -3.2274543088481926, "W": -3.045132752054238, "Y": -2.9650900443807013}, "-4": {"A": -2.762269966038406, "C": -3.3413985681974103, "D": -3.16773507414657, "E": -4.034545748757355, "F": -1.9401306652873573, "G": -2.5695358201719913, "H": -4.26634736281468, "I": -3.258706852352297, "K": -3.5306405678359387, "L": -2.4745878935866252, "M": -4.916934928955829, "N": -2.6185252073722642, "P": -2.391206284647574, "Q": -4.203168461193148, "R": -3.0012385584970125, "S": -2.5266442555426782, "T": -3.584129252786925, "V": -3.1971489593528637, "W": -3.676148151507177, "Y": -3.1971489593528637}, "-3": {"A": -2.7150914057633155, "C": -3.431549665191708, "D": -3.7642554190174438, "E": -4.539640697814361, "F": -1.7336862817307799, "G": -2.4389969484839225, "H": -3.0843534652075193, "I": -3.790923666099605, "K": -2.7817827802619877, "L": -2.8909820722269797, "M": -2.896491728037949, "N": -3.688269512039522, "P": -3.3413985681974103, "Q": -3.307497016521729, "R": -2.7817827802619877, "S": -2.5576544922852387, "T": -3.37648988800868, "V": -3.2828044039313578, "W": -3.9053340172773496, "Y": -3.4036408770746314}, "-2": {"A": -3.712962124629893, "C": -3.8754810541276683, "D": -4.310799125385514, "E": -3.6176519448255684, "F": -3.1971489593528637, "G": -2.001418989258639, "H": -4.034545748757355, "I": -3.5306405678359387, "K": -2.7478812285863063, "L": -2.323547636173759, "M": -2.3978952727983707, "N": -3.676148151507177, "P": -1.636650475958985, "Q": -3.204639631082021, "R": -3.510021280633203, "S": -3.1391617017025144, "T": -4.087655574071304, "V": -3.2274543088481926, "W": -3.83230888226246, "Y": -3.629080640649191}, "-1": {"A": -3.242958495384158, "C": -3.258706852352297, "D": -3.688269512039522, "E": -5.003946305945459, "F": -3.0777089224888505, "G": -2.428562071191343, "H": -3.9518540329122422, "I": -3.6523375028134586, "K": -3.038742953955467, "L": -2.7384024846317625, "M": -3.4798682424625156, "N": -3.4602597710741394, "P": -3.5306405678359387, "Q": -4.876112934435574, "R": -0.9561217593582513, "S": -3.4602597710741394, "T": -3.59517908897351, "V": -3.470015946019504, "W": -4.26634736281468, "Y": -4.4840708466595505}, "0": {"A": -4.069637068568626, "C": -2.9650900443807013, "D": -6.30322929007572, "E": -4.727692929317301, "F": -1.5129636204109487, "G": -3.204639631082021, "H": -4.727692929317301, "I": -3.258706852352297, "K": -3.6523375028134586, "L": -1.5467696565414024, "M": -3.712962124629893, "N": -3.1533463366944705, "P": -3.984114895130464, "Q": -4.000644197081674, "R": -3.038742953955467, "S": -3.751183337450091, "T": -3.499868909169185, "V": -2.1734103396599593, "W": -3.4602597710741394, "Y": -3.7775006457674647}, "+1": {"A": -8.094988759303774, "C": "-inf", "D": -7.40184157874383, "E": -8.094988759303774, "F": "-inf", "G": -0.7704987799552427, "H": "-inf", "I": "-inf", "K": -6.996376470635665, "L": -7.40184157874383, "M": "-inf", "N": "-inf", "P": "-inf", "Q": "-inf", "R": -5.792403666309729, "S": -8.094988759303774, "T": -8.094988759303774, "V": "-inf", "W": "-inf", "Y": "-inf"}, "+2": {"A": -7.40184157874383, "C": "-inf", "D": -6.485550846869675, "E": -4.333788643610212, "F": -7.40184157874383, "G": -5.530039401842238, "H": "-inf", "I": -8.094988759303774, "K": -1.4344136094640891, "L": -8.094988759303774, "M": "-inf", "N": -8.094988759303774, "P": "-inf", "Q": -7.40184157874383, "R": -2.0667102390730765, "S": -6.996376470635665, "T": -6.996376470635665, "V": "-inf", "W": "-inf", "Y": -8.094988759303774}, "+3": {"A": -4.406109305189839, "C": "-inf", "D": -5.003946305945459, "E": -3.751183337450091, "F": -6.7086943981838845, "G": -4.629252856504048, "H": -7.40184157874383, "I": "-inf", "K": -3.541111867703234, "L": -7.40184157874383, "M": -6.996376470635665, "N": -4.959494543374626, "P": -6.485550846869675, "Q": -4.333788643610212, "R": -1.6445183371595988, "S": -3.4602597710741394, "T": -5.386938558201565, "V": "-inf", "W": -8.094988759303774, "Y": -8.094988759303774}, "+4": {"A": -3.7255409068367533, "C": "-inf", "D": -3.1391617017025144, "E": -3.8183226402877195, "F": -4.916934928955829, "G": -3.6641719604604615, "H": -6.7086943981838845, "I": -5.6100821095157745, "K": -4.629252856504048, "L": -4.182965753875629, "M": -5.530039401842238, "N": -4.310799125385514, "P": -3.8608822547065156, "Q": -4.916934928955829, "R": -4.106004712739501, "S": -2.7966713927557385, "T": -4.26634736281468, "V": -4.124696845751653, "W": -6.7086943981838845, "Y": -5.697093486505405}, "+5": {"A": -3.16773507414657, "C": "-inf", "D": -3.790923666099605, "E": -3.984114895130464, "F": -5.386938558201565, "G": -3.7775006457674647, "H": -6.149078610248462, "I": -4.836892221282293, "K": -4.693791377641619, "L": -3.9678543742586836, "M": -3.984114895130464, "N": -4.4840708466595505, "P": -3.332814824506019, "Q": -3.920601489408138, "R": -4.203168461193148, "S": -3.470015946019504, "T": -5.20461700140761, "V": -4.511469820847665, "W": -6.149078610248462, "Y": -5.150549780137335}, "+6": {"A": -4.203168461193148,