{"-10": {"A": -2.501435951739211, "C": "-inf", "D": -3.417726683613366, "E": -3.012261575505202, "F": -4.804021044733257, "G": -2.7245795030534206, "H": -4.110873864173311, "I": -3.012261575505202, "K": -2.606796467397037, "L": -2.8581108956779433, "M": -3.1945831322991562, "N": -4.110873864173311, "P": -2.606796467397037, "Q": -4.110873864173311, "R": -2.8581108956779433, "S": -2.7245795030534206, "T": -3.012261575505202, "V": -4.110873864173311, "W": "-inf", "Y": "-inf"}, "-9": {"A": -2.8581108956779433, "C": -4.110873864173311, "D": -3.012261575505202, "E": -3.7054087560651467, "F": -4.804021044733257, "G": -3.417726683613366, "H": -4.110873864173311, "I": -3.417726683613366, "K": -3.1945831322991562, "L": -2.8581108956779433, "M": -4.110873864173311, "N": -3.417726683613366, "P": -3.417726683613366, "Q": -3.417726683613366, "R": -2.0959708436310467, "S": -2.501435951739211, "T": -2.7245795030534206, "V": -3.012261575505202, "W": "-inf", "Y": "-inf"}, "-8": {"A": -3.1945831322991562, "C": "-inf", "D": -4.804021044733257, "E": -3.1945831322991562, "F": -3.1945831322991562, "G": -2.7245795030534206, "H": -3.417726683613366, "I": -4.110873864173311, "K": -1.4718165345580525, "L": -3.012261575505202, "M": -2.8581108956779433, "N": -4.110873864173311, "P": -3.1945831322991562, "Q": -4.804021044733257, "R": -3.012261575505202, "S": -2.7245795030534206, "T": -3.1945831322991562, "V": -3.7054087560651467, "W": "-inf", "Y": "-inf"}, "-7": {"A": -1.9708077006770406, "C": -4.804021044733257, "D": -4.804021044733257, "E": -3.1945831322991562, "F": -4.110873864173311, "G": -3.012261575505202, "H": -4.804021044733257, "I": -4.804021044733257, "K": -2.501435951739211, "L": -3.7054087560651467, "M": "-inf", "N": -4.804021044733257, "P": -2.7245795030534206, "Q": -2.7245795030534206, "R": -2.406125771934886, "S": -2.164963715117998, "T": -3.417726683613366, "V": -2.8581108956779433, "W": "-inf", "Y": -4.804021044733257}, "-6": {"A": -4.110873864173311, "C": -4.804021044733257, "D": -3.7054087560651467, "E": -3.7054087560651467, "F": -4.110873864173311, "G": -2.406125771934886, "H": -4.110873864173311, "I": -3.417726683613366, "K": -2.3191143949452564, "L": -2.23907168727172, "M": -3.7054087560651467, "N": -4.110873864173311, "P": -4.110873864173311, "Q": -4.804021044733257, "R": -2.23907168727172, "S": -2.406125771934886, "T": -2.8581108956779433, "V": -2.7245795030534206, "W": -4.110873864173311, "Y": -4.804021044733257}, "-5": {"A": -2.23907168727172, "C": "-inf", "D": -4.110873864173311, "E": -3.1945831322991562, "F": -2.606796467397037, "G": -1.8082887711792657, "H": -4.804021044733257, "I": -4.804021044733257, "K": -3.012261575505202, "L": -3.012261575505202, "M": "-inf", "N": -4.110873864173311, "P": -3.7054087560651467, "Q": -4.110873864173311, "R": -3.7054087560651467, "S": -2.406125771934886, "T": -2.3191143949452564, "V": -3.417726683613366, "W": "-inf", "Y": -3.7054087560651467}, "-4": {"A": -2.031432322493475, "C": "-inf", "D": -2.8581108956779433, "E": -4.110873864173311, "F": -3.1945831322991562, "G": -2.164963715117998, "H": -4.110873864173311, "I": -4.110873864173311, "K": -2.501435951739211, "L": -2.8581108956779433, "M": -3.012261575505202, "N": -4.804021044733257, "P": -3.012261575505202, "Q": -3.417726683613366, "R": -4.804021044733257, "S": -2.606796467397037, "T": -2.7245795030534206, "V": -3.417726683613366, "W": "-inf", "Y": "-inf"}, "-3": {"A": -3.012261575505202, "C": "-inf", "D": -2.8581108956779433, "E": -3.417726683613366, "F": -4.110873864173311, "G": -2.406125771934886, "H": -3.1945831322991562, "I": -4.110873864173311, "K": -1.9136492868370918, "L": -3.7054087560651467, "M": -1.9708077006770406, "N": -4.804021044733257, "P": -2.501435951739211, "Q": -2.7245795030534206, "R": -4.110873864173311, "S": -2.501435951739211, "T": -4.804021044733257, "V": -3.012261575505202, "W": "-inf", "Y": -3.417726683613366}, "-2": {"A": -1.9136492868370918, "C": "-inf", "D": -3.7054087560651467, "E": -3.1945831322991562, "F": -3.7054087560651467, "G": -2.501435951739211, "H": -3.417726683613366, "I": -3.7054087560651467, "K": -2.23907168727172, "L": -2.23907168727172, "M": -2.501435951739211, "N": -4.804021044733257, "P": -4.804021044733257, "Q": -4.110873864173311, "R": -3.1945831322991562, "S": -2.164963715117998, "T": -2.501435951739211, "V": -3.012261575505202, "W": "-inf", "Y": -4.804021044733257}, "-1": {"A": -1.4028236630711013, "C": "-inf", "D": -3.1945831322991562, "E": -2.8581108956779433, "F": -4.110873864173311, "G": -1.7594986070098335, "H": -4.110873864173311, "I": -3.7054087560651467, "K": -2.8581108956779433, "L": -3.012261575505202, "M": -4.110873864173311, "N": -4.110873864173311, "P": -2.406125771934886, "Q": -3.7054087560651467, "R": -3.417726683613366, "S": -2.501435951739211, "T": -3.417726683613366, "V": -3.7054087560651467, "W": "-inf", "Y": "-inf"}, "0": {"A": "-inf", "C": "-inf", "D": "-inf", "E": "-inf", "F": "-inf", "G": "-inf", "H": "-inf", "I": "-inf", "K": "-inf", "L": "-inf", "M": "-inf", "N": "-inf", "P": "-inf", "Q": "-inf", "R": 0.0, "S": "-inf", "T": "-inf", "V": "-inf", "W": "-inf", "Y": "-inf"}, "+1": {"A": -3.1945831322991562, "C": -4.804021044733257, "D": -2.7245795030534206, "E": -3.1945831322991562, "F": -3.7054087560651467, "G": -1.5459245067117746, "H": -3.417726683613366, "I": -4.804021044733257, "K": -1.9136492868370918, "L": -3.417726683613366, "M": "-inf", "N": -3.417726683613366, "P": -4.804021044733257, "Q": -4.110873864173311, "R": -3.7054087560651467, "S": -2.0959708436310467, "T": -2.164963715117998, "V": -3.012261575505202, "W": "-inf", "Y": "-inf"}, "+2": {"A": -2.7245795030534206, "C": -4.804021044733257, "D": -4.110873864173311, "E": -3.417726683613366, "F": -3.417726683613366, "G": -1.7594986070098335, "H": "-inf", "I": -4.110873864173311, "K": -1.859582065566816, "L": -3.1945831322991562, "M": -4.110873864173311, "N": "-inf", "P": -3.417726683613366, "Q": -2.3191143949452564, "R": -2.8581108956779433, "S": -1.7594986070098335, "T": -3.417726683613366, "V": -4.804021044733257, "W": "-inf", "Y": -4.804021044733257}, "+3": {"A": -2.8581108956779433, "C": -4.804021044733257, "D": -3.012261575505202, "E": -3.012261575505202, "F": -3.1945831322991562, "G": -2.8581108956779433, "H": -3.417726683613366, "I": -4.804021044733257, "K": -2.7245795030534206, "L": -2.0959708436310467, "M": -4.110873864173311, "N": -4.804021044733257, "P": -2.8581108956779433, "Q": -1.9708077006770406, "R": -3.012261575505202, "S": -2.7245795030534206, "T": -2.8581108956779433, "V": -2.7245795030534206, "W": -4.804021044733257, "Y": -4.804021044733257}, "+4": {"A": -2.406125771934886, "C": -4.804021044733257, "D": -4.804021044733257, "E": -2.606796467397037, "F": -4.804021044733257, "G": -1.4367252147467826, "H": "-inf", "I": -4.110873864173311, "K": -2.8581108956779433, "L": -2.606796467397037, "M": "-inf", "N": -3.7054087560651467, "P": -2.23907168727172, "Q": -4.804021044733257, "R": -3.417726683613366, "S": -2.406125771934886, "T": -2.8581108956779433, "V": -4.110873864173311, "W": -4.804021044733257, "Y": -3.012261575505202}, "+5": {"A": -2.3191143949452564, "C": -4.804021044733257, "D": -3.417726683613366, "E": -3.012261575505202, "F": -4.110873864173311, "G": -1.625967214385311, "H": "-inf", "I": -3.7054087560651467, "K": -2.406125771934886, "L": -2.164963715117998, "M": -3.7054087560651467, "N": -4.110873864173311, "P": -3.012261575505202, "Q": -3.417726683613366, "R": -3.417726683613366, "S": -3.012261575505202, "T": -2.406125771934886, "V": -4.110873864173311, "W": "-inf", "Y": -3.7054087560651467}, "+6": {"A": -2.406125771934886, "C": -4.804021044733257, "D": -4.804021044733257, "E": -3.7054087560651467, "F": -4.804021044733257, "G": -2.606796467397037, "H": -4.804021044733257, "I": -3.1945831322991562, "K": -1.3700338402481103, "L": -3.012261575505202, "M": -4.804021044733257, "N": -4.110873864173311, "P": -4.110873864173311, "Q": -2.8581108956779433, "R": -1.8082887711792657, "S": -3.012261575505202,