{"-10": {"A": -2.5877640352277083, "C": -4.197201947661808, "D": -2.810907586541918, "E": -2.5877640352277083, "F": -3.2809112157876537, "G": -2.1177604059819726, "H": -3.791736839553644, "I": -3.2809112157876537, "K": -3.5040547671018634, "L": -2.4924538554233835, "M": -3.791736839553644, "N": -3.0985896589936988, "P": -2.4924538554233835, "Q": -3.0985896589936988, "R": -3.0985896589936988, "S": -2.325399770760217, "T": -3.2809112157876537, "V": -2.9444389791664407, "W": "-inf", "Y": -4.197201947661808}, "-9": {"A": -2.4054424784337534, "C": -4.890349128221754, "D": -2.810907586541918, "E": -2.4054424784337534, "F": -4.890349128221754, "G": -2.5877640352277083, "H": -3.791736839553644, "I": -3.5040547671018634, "K": -2.1822989271195437, "L": -2.5877640352277083, "M": -3.0985896589936988, "N": -3.791736839553644, "P": -2.4054424784337534, "Q": -3.5040547671018634, "R": -3.791736839553644, "S": -2.1822989271195437, "T": -2.6931245508855346, "V": -4.197201947661808, "W": "-inf", "Y": -3.791736839553644}, "-8": {"A": -2.9444389791664407, "C": -4.890349128221754, "D": -2.6931245508855346, "E": -3.0985896589936988, "F": -2.9444389791664407, "G": -2.325399770760217, "H": -3.791736839553644, "I": -3.0985896589936988, "K": -2.9444389791664407, "L": -2.6931245508855346, "M": -3.791736839553644, "N": -3.2809112157876537, "P": -2.4054424784337534, "Q": -3.0985896589936988, "R": -2.6931245508855346, "S": -2.2512917986064953, "T": -3.2809112157876537, "V": -2.9444389791664407, "W": "-inf", "Y": -3.5040547671018634}, "-7": {"A": -2.9444389791664407, "C": -3.5040547671018634, "D": -2.6931245508855346, "E": -2.9444389791664407, "F": -3.5040547671018634, "G": -3.0985896589936988, "H": -4.197201947661808, "I": -3.791736839553644, "K": -3.0985896589936988, "L": -2.810907586541918, "M": -4.197201947661808, "N": -2.9444389791664407, "P": -2.1177604059819726, "Q": -4.197201947661808, "R": -2.1177604059819726, "S": -2.325399770760217, "T": -2.810907586541918, "V": -2.9444389791664407, "W": "-inf", "Y": -3.0985896589936988}, "-6": {"A": -2.810907586541918, "C": "-inf", "D": -2.810907586541918, "E": -2.1822989271195437, "F": -4.197201947661808, "G": -2.6931245508855346, "H": -3.791736839553644, "I": -3.0985896589936988, "K": -2.4924538554233835, "L": -2.6931245508855346, "M": -3.5040547671018634, "N": -2.9444389791664407, "P": -2.810907586541918, "Q": -3.0985896589936988, "R": -3.5040547671018634, "S": -2.325399770760217, "T": -2.6931245508855346, "V": -3.0985896589936988, "W": -4.197201947661808, "Y": -3.791736839553644}, "-5": {"A": -2.5877640352277083, "C": -4.890349128221754, "D": -2.4924538554233835, "E": -2.325399770760217, "F": -4.197201947661808, "G": -2.4054424784337534, "H": -3.2809112157876537, "I": -2.4924538554233835, "K": -2.6931245508855346, "L": -3.2809112157876537, "M": -3.5040547671018634, "N": -3.791736839553644, "P": -2.9444389791664407, "Q": -3.0985896589936988, "R": -2.4924538554233835, "S": -2.5877640352277083, "T": -3.2809112157876537, "V": -3.791736839553644, "W": "-inf", "Y": -3.2809112157876537}, "-4": {"A": -3.5040547671018634, "C": "-inf", "D": -2.6931245508855346, "E": -1.7122952978738082, "F": -3.5040547671018634, "G": -2.4924538554233835, "H": -4.890349128221754, "I": -2.9444389791664407, "K": -2.810907586541918, "L": -3.2809112157876537, "M": -4.890349128221754, "N": -3.5040547671018634, "P": -3.5040547671018634, "Q": -2.810907586541918, "R": -2.5877640352277083, "S": -2.0571357841655376, "T": -2.4924538554233835, "V": -3.791736839553644, "W": "-inf", "Y": -4.197201947661808}, "-3": {"A": -2.9444389791664407, "C": "-inf", "D": -1.9999773703255892, "E": -2.325399770760217, "F": -3.0985896589936988, "G": -2.4924538554233835, "H": -4.197201947661808, "I": -4.197201947661808, "K": -2.4924538554233835, "L": -3.791736839553644, "M": -3.791736839553644, "N": -2.9444389791664407, "P": -2.6931245508855346, "Q": -3.791736839553644, "R": -1.8946168546677629, "S": -3.0985896589936988, "T": -2.810907586541918, "V": -4.197201947661808, "W": -4.197201947661808, "Y": "-inf"}, "-2": {"A": -3.0985896589936988, "C": -4.197201947661808, "D": -2.9444389791664407, "E": -2.2512917986064953, "F": -4.890349128221754, "G": -2.2512917986064953, "H": -3.791736839553644, "I": -3.791736839553644, "K": -3.5040547671018634, "L": -3.0985896589936988, "M": -4.890349128221754, "N": -2.810907586541918, "P": -2.6931245508855346, "Q": -3.2809112157876537, "R": -2.1822989271195437, "S": -2.5877640352277083, "T": -2.4054424784337534, "V": -2.4924538554233835, "W": "-inf", "Y": -4.197201947661808}, "-1": {"A": -3.5040547671018634, "C": -4.890349128221754, "D": -2.2512917986064953, "E": -2.1177604059819726, "F": -3.2809112157876537, "G": -2.810907586541918, "H": -2.9444389791664407, "I": -2.810907586541918, "K": -2.9444389791664407, "L": -3.0985896589936988, "M": -4.197201947661808, "N": -2.9444389791664407, "P": -3.791736839553644, "Q": -3.0985896589936988, "R": -3.2809112157876537, "S": -2.9444389791664407, "T": -2.5877640352277083, "V": -2.9444389791664407, "W": "-inf", "Y": -2.5877640352277083}, "0": {"A": "-inf", "C": "-inf", "D": "-inf", "E": "-inf", "F": "-inf", "G": "-inf", "H": "-inf", "I": "-inf", "K": "-inf", "L": "-inf", "M": "-inf", "N": "-inf", "P": "-inf", "Q": "-inf", "R": "-inf", "S": -1.0191481173138628, "T": -2.1177604059819726, "V": "-inf", "W": "-inf", "Y": -0.6562426236244944}, "+1": {"A": -2.5877640352277083, "C": "-inf", "D": -3.2809112157876537, "E": -3.0985896589936988, "F": -2.810907586541918, "G": -3.791736839553644, "H": -4.890349128221754, "I": -2.9444389791664407, "K": -3.2809112157876537, "L": -2.2512917986064953, "M": -3.5040547671018634, "N": "-inf", "P": -2.1822989271195437, "Q": -2.9444389791664407, "R": -3.791736839553644, "S": -2.6931245508855346, "T": -2.4924538554233835, "V": -2.325399770760217, "W": "-inf", "Y": -2.4054424784337534}, "+2": {"A": -2.325399770760217, "C": -3.5040547671018634, "D": -2.9444389791664407, "E": -2.325399770760217, "F": -4.890349128221754, "G": -3.0985896589936988, "H": -3.791736839553644, "I": -3.5040547671018634, "K": -2.9444389791664407, "L": -3.791736839553644, "M": "-inf", "N": -3.5040547671018634, "P": -2.5877640352277083, "Q": -2.5877640352277083, "R": -2.9444389791664407, "S": -2.2512917986064953, "T": -2.6931245508855346, "V": -2.1177604059819726, "W": -4.890349128221754, "Y": -4.890349128221754}, "+3": {"A": -2.9444389791664407, "C": -4.890349128221754, "D": -2.810907586541918, "E": -3.0985896589936988, "F": -4.890349128221754, "G": -2.810907586541918, "H": -3.5040547671018634, "I": -3.2809112157876537, "K": -2.9444389791664407, "L": -2.5877640352277083, "M": -2.9444389791664407, "N": -4.197201947661808, "P": -2.325399770760217, "Q": -3.5040547671018634, "R": -2.6931245508855346, "S": -3.0985896589936988, "T": -2.9444389791664407, "V": -1.6714733033535532, "W": "-inf", "Y": -3.791736839553644}, "+4": {"A": -3.0985896589936988, "C": -4.890349128221754, "D": -2.4924538554233835, "E": -2.4924538554233835, "F": -4.890349128221754, "G": -3.2809112157876537, "H": -4.890349128221754, "I": -3.5040547671018634, "K": -3.0985896589936988, "L": -2.9444389791664407, "M": -4.890349128221754, "N": -2.9444389791664407, "P": -2.4924538554233835, "Q": -2.9444389791664407, "R": -2.6931245508855346, "S": -1.7993066748634379, "T": -2.9444389791664407, "V": -2.6931245508855346, "W": -4.890349128221754, "Y": -3.2809112157876537}, "+5": {"A": -2.9444389791664407, "C": -4.197201947661808, "D": -2.4054424784337534, "E": -2.9444389791664407, "F": -2.810907586541918, "G": -2.5877640352277083, "H": -3.2809112157876537, "I": -4.197201947661808, "K": -2.325399770760217, "L": -2.810907586541918, "M": "-inf", "N": -4.197201947661808, "P": -2.0571357841655376, "Q": -3.2809112157876537, "R": -3.5040547671018634, "S": -2.810907586541918, "T": -2.810907586541918, "V": -3.2809112157876537, "W": -4.197201947661808, "Y": -3.5040547671018634}, "+6": {"A": -2.1822989271195437, "C": "-inf", "D": -2.9444389791664407, "E": -2.4924538554233835,