{"-10": {"A": -2.573217887060457, "C": -4.198656140840999, "D": -2.9644983601766652, "E": -2.5637391431059133, "F": -3.377030635507922, "G": -2.6354310715620297, "H": -3.6910615376564544, "I": -2.969204251214078, "K": -2.4939080486025733, "L": -2.4968449082758832, "M": -3.720620339897999, "N": -3.2631954928591234, "P": -3.0631003369812047, "Q": -3.225924098061892, "R": -2.9412954630970014, "S": -2.8204589899537273, "T": -2.8493269739545797, "V": -2.652467258714598, "W": -4.588120907602722, "Y": -3.652961691424184}, "-9": {"A": -2.570048312299178, "C": -4.265347515339671, "D": -2.836852799729404, "E": -2.6422107585474084, "F": -3.166735226671561, "G": -2.6593638377736584, "H": -3.6718301757285667, "I": -2.9834562739212793, "K": -2.5057075955337287, "L": -2.414993881845563, "M": -3.8259808555558252, "N": -3.349056783465516, "P": -2.9598145108642386, "Q": -3.057932366822762, "R": -2.8790531542197804, "S": -2.840993592395435, "T": -3.057932366822762, "V": -2.709019428219519, "W": -4.860054623086364, "Y": -3.80400194883705}, "-8": {"A": -2.5297327751207184, "C": -4.336806479321816, "D": -2.8877112169628947, "E": -2.589218228406898, "F": -3.497476788583789, "G": -2.6803436282428525, "H": -3.8714432296325825, "I": -2.8964448969316496, "K": -2.6186802611372144, "L": -2.4068966716129436, "M": -4.035331084737699, "N": -3.1054347008077654, "P": -3.032485701161598, "Q": -3.288837923472461, "R": -2.7273685668877152, "S": -2.7126624194980202, "T": -3.0274731593380535, "V": -2.7017730196987517, "W": -4.6622288797564435, "Y": -3.5466670327745606}, "-7": {"A": -2.508679365922886, "C": -4.106282820709984, "D": -2.90969012368167, "E": -2.79240103715857, "F": -3.473760261966473, "G": -2.579587335345937, "H": -3.8949737270427764, "I": -3.0076705320418737, "K": -2.6022054239337096, "L": -2.4650043024202244, "M": -3.995057185599759, "N": -3.178296049072637, "P": -2.9412954630970014, "Q": -3.1610045519625762, "R": -2.4536727364106743, "S": -2.8920685223318507, "T": -3.0076705320418737, "V": -2.662830045750144, "W": -5.281268088162667, "Y": -3.652961691424184}, "-6": {"A": -2.4313876916212394, "C": -4.770442464396677, "D": -2.9276278243683374, "E": -2.6945787440647244, "F": -3.662351431774023, "G": -2.548138202663434, "H": -3.6813996267447178, "I": -3.047675866655573, "K": -2.4968449082758832, "L": -2.4341463140603192, "M": -3.7719136342855495, "N": -3.238194190653706, "P": -2.8535198522146157, "Q": -3.13283367499588, "R": -2.8286223005928885, "S": -2.7126624194980202, "T": -3.0274731593380535, "V": -2.7460606998998682, "W": -5.281268088162667, "Y": -3.625310160093674}, "-5": {"A": -2.5512389803416817, "C": -4.336806479321816, "D": -2.780613081406528, "E": -2.5327769175019466, "F": -3.5722003347797258, "G": -2.595690742912516, "H": -3.9313413712136516, "I": -2.8704694105283886, "K": -2.7348035453752337, "L": -2.4095884632786553, "M": -3.9563426734190688, "N": -3.1610045519625762, "P": -3.1272934946202646, "Q": -3.232040325079328, "R": -2.7884562588675537, "S": -2.7612701185633965, "T": -2.8535198522146157, "V": -2.6910009227168405, "W": -5.19029630995694, "Y": -3.4505932026849386}, "-4": {"A": -2.5116599940610236, "C": -4.51912803611577, "D": -2.836852799729404, "E": -2.8790531542197804, "F": -3.1054347008077654, "G": -2.6981694121954534, "H": -3.919071278621837, "I": -2.8704694105283886, "K": -2.923113144013811, "L": -2.1773222299684436, "M": -3.7510795473827074, "N": -3.232040325079328, "P": -3.0840435108264477, "Q": -3.1384047200453353, "R": -3.0175228284848856, "S": -2.784526980727664, "T": -2.7689624641865525, "V": -2.6153635085112206, "W": -5.029953659881762, "Y": -3.473760261966473}, "-3": {"A": -2.462159350287993, "C": -4.166907442526418, "D": -2.8245323153413633, "E": -2.456493612752316, "F": -3.652961691424184, "G": -2.5637391431059133, "H": -3.919071278621837, "I": -2.8833728153642966, "K": -2.8164021892581133, "L": -2.3935453384380794, "M": -3.720620339897999, "N": -3.225924098061892, "P": -3.057932366822762, "Q": -3.2018265464828315, "R": -3.0125845468443027, "S": -2.6803436282428525, "T": -2.9367187960695893, "V": -2.709019428219519, "W": -4.860054623086364, "Y": -3.6162603245737563}, "-2": {"A": -2.3647851862628166, "C": -4.799430001269929, "D": -2.7053896601689402, "E": -2.5450470100937608, "F": -3.377030635507922, "G": -2.6153635085112206, "H": -3.9437638912122086, "I": -3.0125845468443027, "K": -2.7348035453752337, "L": -2.4735880461116158, "M": -4.00830241234978, "N": -3.225924098061892, "P": -2.86195872086048, "Q": -3.13283367499588, "R": -3.1724989313883114, "S": -2.7163187307011305, "T": -2.9141444740310503, "V": -2.6388151695462705, "W": -4.82928296441961, "Y": -3.6072916545909957}, "-1": {"A": -2.4095884632786553, "C": -4.564590410192528, "D": -2.6803436282428525, "E": -2.6354310715620297, "F": -3.3151552317898343, "G": -2.5605994231012454, "H": -4.0217254326819205, "I": -2.840993592395435, "K": -3.0735170978394604, "L": -2.377755536705444, "M": -3.9563426734190688, "N": -3.047675866655573, "P": -3.0027805467476822, "Q": -3.1553065308479384, "R": -3.3985368407288856, "S": -2.5236721505090274, "T": -2.8790531542197804, "V": -2.723671705006389, "W": -4.799430001269929, "Y": -3.5722003347797258}, "0": {"A": "-inf", "C": 0.0, "D": "-inf", "E": "-inf", "F": "-inf", "G": "-inf", "H": "-inf", "I": "-inf", "K": "-inf", "L": "-inf", "M": "-inf", "N": "-inf", "P": "-inf", "Q": "-inf", "R": "-inf", "S": "-inf", "T": "-inf", "V": "-inf", "W": "-inf", "Y": "-inf"}, "+1": {"A": -2.6910009227168405, "C": -4.6622288797564435, "D": -2.780613081406528, "E": -2.6354310715620297, "F": -3.288837923472461, "G": -2.5206555569696016, "H": -3.9313413712136516, "I": -2.9598145108642386, "K": -2.978682995168622, "L": -2.467857371402631, "M": -4.00830241234978, "N": -3.2077967134693353, "P": -2.570048312299178, "Q": -3.288837923472461, "R": -3.0125845468443027, "S": -2.6945787440647244, "T": -2.780613081406528, "V": -2.5859976137068563, "W": -4.6622288797564435, "Y": -3.625310160093674}, "+2": {"A": -2.570048312299178, "C": -5.1477366955381445, "D": -2.845151602544099, "E": -2.448054744106451, "F": -3.427950725935179, "G": -2.7348035453752337, "H": -3.710670009044831, "I": -2.8790531542197804, "K": -2.9321629795337287, "L": -2.3647851862628166, "M": -4.166907442526418, "N": -3.4354413976643365, "P": -2.7574460221249932, "Q": -3.1163043730446693, "R": -2.8245323153413633, "S": -2.709019428219519, "T": -2.969204251214078, "V": -2.5176480359056463, "W": -5.10691470101789, "Y": -3.720620339897999}, "+3": {"A": -2.448054744106451, "C": -4.3184573406536195, "D": -2.8003375867543063, "E": -2.6022054239337096, "F": -3.497476788583789, "G": -2.79240103715857, "H": -3.7306706757515005, "I": -2.9321629795337287, "K": -2.812361779721108, "L": -2.3647851862628166, "M": -3.8949737270427764, "N": -3.1724989313883114, "P": -2.7163187307011305, "Q": -3.384148103276786, "R": -2.978682995168622, "S": -2.8204589899537273, "T": -2.9276278243683374, "V": -2.6422107585474084, "W": -4.248253081980371, "Y": -3.7306706757515005}, "+4": {"A": -2.5266978714255646, "C": -4.588120907602722, "D": -3.0027805467476822, "E": -2.625346952495404, "F": -3.295352604493655, "G": -2.5605994231012454, "H": -3.761442334418254, "I": -2.6803436282428525, "K": -2.9367187960695893, "L": -2.220997293471105, "M": -3.848453711407884, "N": -3.301910005039814, "P": -2.9644983601766652, "Q": -3.2568863236658587, "R": -3.0076705320418737, "S": -2.8833728153642966, "T": -3.057932366822762, "V": -2.6220080512298893, "W": -4.588120907602722, "Y": -3.563616591088334}, "+5": {"A": -2.5116599940610236, "C": -4.3939648931617645, "D": -2.86195872086048, "E": -2.6490367236178085, "F": -3.497476788583789, "G": -2.595690742912516, "H": -3.8259808555558252, "I": -2.9882524461847724, "K": -2.7460606998998682, "L": -2.4536727364106743, "M": -3.8949737270427764, "N": -3.3985368407288856, "P": -2.9052555266138045, "Q": -3.1054347008077654, "R": -2.6945787440647244, "S": -2.796361438374667, "T": -2.86195872086048, "V": -2.676816287724884,