{"-10": {"A": -2.5278316945050343, "C": -4.293615677329829, "D": -3.008417433081307, "E": -2.966744736680739, "F": -3.2750460963352555, "G": -3.008417433081307, "H": -4.150514833689155, "I": -3.074375400873104, "K": -2.336776457742325, "L": -2.1764338076671454, "M": -3.968193276895201, "N": -3.1449929680870574, "P": -3.2750460963352555, "Q": -3.4912692048048912, "R": -2.653872415400399, "S": -2.489117182324344, "T": -2.907321316209938, "V": -2.5544999415871956, "W": -5.249127122357264, "Y": -4.02535169073515}, "-9": {"A": -2.2942168433235293, "C": -4.460669761992995, "D": -2.7314306497462737, "E": -3.1449929680870574, "F": -3.7230708188622157, "G": -2.7314306497462737, "H": -4.460669761992995, "I": -2.966744736680739, "K": -2.2942168433235293, "L": -2.381228220313159, "M": -3.6396892099231644, "N": -3.45736765312921, "P": -3.2209788750649797, "Q": -3.5263605246161616, "R": -2.6996819514316934, "S": -3.074375400873104, "T": -3.169685580677429, "V": -2.2942168433235293, "W": -5.472270673671475, "Y": -3.247647122147141}, "-8": {"A": -2.59588515775005, "C": -5.249127122357264, "D": -3.6805112044434196, "E": -2.347705528274515, "F": -3.6004684967698832, "G": -2.5544999415871956, "H": -4.55597994179732, "I": -2.5544999415871956, "K": -2.3926569161367817, "L": -2.5018562081017737, "M": -3.914126055624925, "N": -3.332204510175204, "P": -2.747691170618054, "Q": -3.362057473324885, "R": -3.169685580677429, "S": -2.4397244269947675, "T": -3.120895416507997, "V": -2.653872415400399, "W": -5.249127122357264, "Y": -3.8140425970679424}, "-7": {"A": -2.541076921255055, "C": -4.912654885736052, "D": -3.195003388661719, "E": -2.3699286650592253, "F": -3.424577830306219, "G": -2.715430308399833, "H": -3.8140425970679424, "I": -2.7314306497462737, "K": -2.1764338076671454, "L": -2.4641158801189267, "M": -4.373658385003365, "N": -3.7230708188622157, "P": -3.3032169733019514, "Q": -3.195003388661719, "R": -2.6996819514316934, "S": -2.7810275908856457, "T": -2.987364023883474, "V": -2.7642204725692645, "W": -5.06680556556331, "Y": -3.6805112044434196}, "-6": {"A": -2.3046881431908246, "C": -4.55597994179732, "D": -3.195003388661719, "E": -2.747691170618054, "F": -3.3032169733019514, "G": -2.6100697927420065, "H": -4.460669761992995, "I": -3.0519025450210457, "K": -2.451845787527112, "L": -2.3046881431908246, "M": -3.7675225814330493, "N": -3.4912692048048912, "P": -3.0299236383022703, "Q": -3.247647122147141, "R": -2.8882731212392434, "S": -2.869580988227091, "T": -2.966744736680739, "V": -2.715430308399833, "W": -5.759952746123256, "Y": -2.966744736680739}, "-5": {"A": -2.3699286650592253, "C": -4.460669761992995, "D": -2.9465420293632194, "E": -2.851231849558894, "F": -3.424577830306219, "G": -2.851231849558894, "H": -4.150514833689155, "I": -2.869580988227091, "K": -2.4765384001174837, "L": -2.489117182324344, "M": -4.293615677329829, "N": -3.392829131991639, "P": -3.169685580677429, "Q": -3.2750460963352555, "R": -2.7810275908856457, "S": -2.747691170618054, "T": -2.684177764895728, "V": -2.253394848803274, "W": -5.472270673671475, "Y": -3.862832761237374}, "-4": {"A": -2.6689102927649397, "C": -4.460669761992995, "D": -3.097364919097803, "E": -2.451845787527112, "F": -4.085976312551584, "G": -2.568105593642974, "H": -4.912654885736052, "I": -3.3032169733019514, "K": -2.0794415416798357, "L": -2.489117182324344, "M": -4.150514833689155, "N": -3.6396892099231644, "P": -3.247647122147141, "Q": -2.9267394020670396, "R": -3.097364919097803, "S": -2.684177764895728, "T": -2.8882731212392434, "V": -2.4765384001174837, "W": -4.661340457455146, "Y": -3.169685580677429}, "-3": {"A": -2.3699286650592253, "C": -4.661340457455146, "D": -2.869580988227091, "E": -2.2141741356499924, "F": -3.4912692048048912, "G": -2.6689102927649397, "H": -4.293615677329829, "I": -3.3032169733019514, "K": -2.4765384001174837, "L": -2.4042177385378576, "M": -4.02535169073515, "N": -3.2750460963352555, "P": -3.424577830306219, "Q": -3.097364919097803, "R": -2.966744736680739, "S": -2.798122024244946, "T": -3.169685580677429, "V": -2.58189891577531, "W": -5.759952746123256, "Y": -3.3032169733019514}, "-2": {"A": -2.541076921255055, "C": -5.472270673671475, "D": -2.715430308399833, "E": -3.2750460963352555, "F": -3.392829131991639, "G": -2.4641158801189267, "H": -3.7230708188622157, "I": -3.0299236383022703, "K": -3.0519025450210457, "L": -1.9459101490553135, "M": -3.7230708188622157, "N": -3.6805112044434196, "P": -3.074375400873104, "Q": -3.6004684967698832, "R": -3.8140425970679424, "S": -2.4277482359480516, "T": -2.966744736680739, "V": -2.149034833479031, "W": -5.06680556556331, "Y": -3.7230708188622157}, "-1": {"A": -2.2942168433235293, "C": -4.912654885736052, "D": -3.169685580677429, "E": -2.747691170618054, "F": -3.362057473324885, "G": -2.3926569161367817, "H": -4.460669761992995, "I": -3.362057473324885, "K": -2.4765384001174837, "L": -2.336776457742325, "M": -4.02535169073515, "N": -3.392829131991639, "P": -2.987364023883474, "Q": -3.195003388661719, "R": -2.8882731212392434, "S": -3.195003388661719, "T": -2.4397244269947675, "V": -2.7642204725692645, "W": -4.661340457455146, "Y": -3.392829131991639}, "0": {"A": "-inf", "C": "-inf", "D": "-inf", "E": "-inf", "F": "-inf", "G": "-inf", "H": "-inf", "I": "-inf", "K": 0.0, "L": "-inf", "M": "-inf", "N": "-inf", "P": "-inf", "Q": "-inf", "R": "-inf", "S": "-inf", "T": "-inf", "V": "-inf", "W": "-inf", "Y": "-inf"}, "+1": {"A": -1.9833677115902137, "C": -5.06680556556331, "D": -2.7642204725692645, "E": -2.4159137783010487, "F": -3.968193276895201, "G": -2.833213344056216, "H": -3.5627281687870362, "I": -3.2750460963352555, "K": -2.966744736680739, "L": -2.6244585301941057, "M": -4.02535169073515, "N": -3.247647122147141, "P": -3.362057473324885, "Q": -3.008417433081307, "R": -3.0519025450210457, "S": -2.9267394020670396, "T": -2.747691170618054, "V": -2.489117182324344, "W": -4.77912349311153, "Y": -3.3032169733019514}, "+2": {"A": -2.3926569161367817, "C": -4.77912349311153, "D": -3.5263605246161616, "E": -3.008417433081307, "F": -3.6396892099231644, "G": -2.7314306497462737, "H": -4.661340457455146, "I": -2.6996819514316934, "K": -2.833213344056216, "L": -1.8613527610272502, "M": -3.862832761237374, "N": -3.332204510175204, "P": -3.0519025450210457, "Q": -3.7675225814330493, "R": -3.45736765312921, "S": -3.0519025450210457, "T": -2.4765384001174837, "V": -2.1580846689989492, "W": -4.912654885736052, "Y": -3.862832761237374}, "+3": {"A": -2.59588515775005, "C": -4.373658385003365, "D": -3.1449929680870574, "E": -2.263445184656775, "F": -3.7230708188622157, "G": -2.3259655416381095, "H": -3.5627281687870362, "I": -3.2750460963352555, "K": -2.5147596129376812, "L": -2.653872415400399, "M": -4.373658385003365, "N": -3.4912692048048912, "P": -3.2209788750649797, "Q": -3.2209788750649797, "R": -3.074375400873104, "S": -2.684177764895728, "T": -2.59588515775005, "V": -2.7314306497462737, "W": -4.77912349311153, "Y": -3.424577830306219}, "+4": {"A": -2.59588515775005, "C": -4.912654885736052, "D": -2.9465420293632194, "E": -2.6996819514316934, "F": -3.5627281687870362, "G": -2.747691170618054, "H": -3.7675225814330493, "I": -2.907321316209938, "K": -2.2838540562879825, "L": -2.851231849558894, "M": -4.293615677329829, "N": -4.150514833689155, "P": -2.9465420293632194, "Q": -3.0519025450210457, "R": -3.0299236383022703, "S": -2.0794415416798357, "T": -2.833213344056216, "V": -2.815513766956815, "W": -4.77912349311153, "Y": -3.5627281687870362}, "+5": {"A": -2.4641158801189267, "C": -4.661340457455146, "D": -2.7642204725692645, "E": -2.6689102927649397, "F": -3.362057473324885, "G": -2.747691170618054, "H": -3.392829131991639, "I": -3.0299236383022703, "K": -2.3699286650592253, "L": -2.639057329615259, "M": -4.150514833689155, "N": -3.392829131991639, "P": -3.424577830306219, "Q": -3.424577830306219, "R": -3.1449929680870574, "S": -2.7642204725692645, "T": -2.9267394020670396, "V": -2.336776457742325, "W": -5.249127122357264, "Y": -3.362057473324885},