{"-10": {"A": -2.515678308454754, "C": -3.2088254890146994, "D": -3.2088254890146994, "E": -2.3978952727983707, "F": -4.59511985013459, "G": -2.803360380906535, "H": -3.4965075614664802, "I": -2.803360380906535, "K": -4.59511985013459, "L": -3.2088254890146994, "M": -4.59511985013459, "N": -3.9019726695746444, "P": -2.2925347571405443, "Q": -2.803360380906535, "R": -3.4965075614664802, "S": -2.1972245773362196, "T": -2.3978952727983707, "V": -3.9019726695746444, "W": -3.9019726695746444, "Y": -2.649209701079277}, "-9": {"A": -2.030170492673053, "C": -4.59511985013459, "D": -3.9019726695746444, "E": -3.4965075614664802, "F": -3.2088254890146994, "G": -2.515678308454754, "H": "-inf", "I": -4.59511985013459, "K": -3.2088254890146994, "L": -2.2925347571405443, "M": -3.9019726695746444, "N": -2.803360380906535, "P": -2.3978952727983707, "Q": -3.9019726695746444, "R": -3.9019726695746444, "S": -1.9560625205193314, "T": -2.030170492673053, "V": -2.9856819377004897, "W": "-inf", "Y": "-inf"}, "-8": {"A": -2.3978952727983707, "C": -3.2088254890146994, "D": -3.4965075614664802, "E": -2.649209701079277, "F": -4.59511985013459, "G": -2.1972245773362196, "H": -3.9019726695746444, "I": -3.4965075614664802, "K": -4.59511985013459, "L": -2.803360380906535, "M": -4.59511985013459, "N": -3.4965075614664802, "P": -2.1972245773362196, "Q": -2.803360380906535, "R": "-inf", "S": -1.7047480922384253, "T": -2.649209701079277, "V": -2.9856819377004897, "W": "-inf", "Y": -4.59511985013459}, "-7": {"A": -1.4596256342054403, "C": -3.4965075614664802, "D": -3.9019726695746444, "E": -3.9019726695746444, "F": -4.59511985013459, "G": -2.2925347571405443, "H": -4.59511985013459, "I": -4.59511985013459, "K": -3.4965075614664802, "L": -3.4965075614664802, "M": -4.59511985013459, "N": -3.9019726695746444, "P": -2.1972245773362196, "Q": -3.4965075614664802, "R": -3.2088254890146994, "S": -1.8870696490323797, "T": -2.649209701079277, "V": -3.2088254890146994, "W": "-inf", "Y": -3.4965075614664802}, "-6": {"A": -1.8870696490323797, "C": -3.4965075614664802, "D": -3.9019726695746444, "E": -2.649209701079277, "F": -3.9019726695746444, "G": -3.9019726695746444, "H": -3.9019726695746444, "I": -3.9019726695746444, "K": -3.9019726695746444, "L": -3.2088254890146994, "M": -4.59511985013459, "N": -4.59511985013459, "P": -1.550597412411167, "Q": -2.9856819377004897, "R": -2.803360380906535, "S": -2.3978952727983707, "T": -2.1102132003465894, "V": -4.59511985013459, "W": "-inf", "Y": -3.9019726695746444}, "-5": {"A": -1.5040773967762742, "C": -3.9019726695746444, "D": -2.3978952727983707, "E": -2.803360380906535, "F": -3.9019726695746444, "G": -2.9856819377004897, "H": -4.59511985013459, "I": -3.4965075614664802, "K": -3.4965075614664802, "L": -3.9019726695746444, "M": -4.59511985013459, "N": -3.2088254890146994, "P": -2.1972245773362196, "Q": -3.4965075614664802, "R": -4.59511985013459, "S": -2.2925347571405443, "T": -2.2925347571405443, "V": -4.59511985013459, "W": "-inf", "Y": -3.4965075614664802}, "-4": {"A": -2.649209701079277, "C": -4.59511985013459, "D": -3.4965075614664802, "E": -2.649209701079277, "F": "-inf", "G": -2.9856819377004897, "H": "-inf", "I": -4.59511985013459, "K": -2.9856819377004897, "L": -2.803360380906535, "M": "-inf", "N": -2.9856819377004897, "P": -1.376244025266389, "Q": -4.59511985013459, "R": -3.9019726695746444, "S": -1.8225311278948086, "T": -2.2925347571405443, "V": -4.59511985013459, "W": -4.59511985013459, "Y": -3.4965075614664802}, "-3": {"A": -2.515678308454754, "C": -4.59511985013459, "D": -2.9856819377004897, "E": -3.4965075614664802, "F": "-inf", "G": -1.8225311278948086, "H": "-inf", "I": -3.2088254890146994, "K": -3.9019726695746444, "L": -2.649209701079277, "M": -3.9019726695746444, "N": -3.2088254890146994, "P": -2.030170492673053, "Q": -2.9856819377004897, "R": -3.9019726695746444, "S": -1.9560625205193314, "T": -2.515678308454754, "V": -3.4965075614664802, "W": "-inf", "Y": -3.9019726695746444}, "-2": {"A": -2.2925347571405443, "C": -4.59511985013459, "D": -4.59511985013459, "E": -3.9019726695746444, "F": -3.4965075614664802, "G": -2.2925347571405443, "H": -3.4965075614664802, "I": -3.9019726695746444, "K": -2.3978952727983707, "L": -2.515678308454754, "M": -3.4965075614664802, "N": -3.9019726695746444, "P": -1.9560625205193314, "Q": -4.59511985013459, "R": -3.4965075614664802, "S": -1.9560625205193314, "T": -2.803360380906535, "V": -2.9856819377004897, "W": "-inf", "Y": -3.9019726695746444}, "-1": {"A": -2.649209701079277, "C": -2.9856819377004897, "D": -3.9019726695746444, "E": -2.9856819377004897, "F": -3.4965075614664802, "G": -2.803360380906535, "H": -3.4965075614664802, "I": -3.4965075614664802, "K": -2.515678308454754, "L": "-inf", "M": -3.4965075614664802, "N": -2.3978952727983707, "P": -3.2088254890146994, "Q": -3.4965075614664802, "R": -2.515678308454754, "S": -2.1972245773362196, "T": -1.7619065060783738, "V": -4.59511985013459, "W": "-inf", "Y": -4.59511985013459}, "0": {"A": -2.515678308454754, "C": -3.9019726695746444, "D": -2.2925347571405443, "E": "-inf", "F": "-inf", "G": -2.030170492673053, "H": "-inf", "I": "-inf", "K": "-inf", "L": "-inf", "M": "-inf", "N": -1.8225311278948086, "P": "-inf", "Q": "-inf", "R": "-inf", "S": -0.6830968447064438, "T": "-inf", "V": "-inf", "W": "-inf", "Y": "-inf"}, "+1": {"A": -1.1939224684724346, "C": "-inf", "D": -2.2925347571405443, "E": "-inf", "F": "-inf", "G": -1.6506808709681495, "H": "-inf", "I": "-inf", "K": "-inf", "L": "-inf", "M": "-inf", "N": -4.59511985013459, "P": -4.59511985013459, "Q": -4.59511985013459, "R": -3.9019726695746444, "S": -1.3370233121131079, "T": -2.9856819377004897, "V": -3.9019726695746444, "W": -4.59511985013459, "Y": "-inf"}, "+2": {"A": -0.6632942174102642, "C": -4.59511985013459, "D": "-inf", "E": "-inf", "F": "-inf", "G": -1.4170660197866443, "H": "-inf", "I": "-inf", "K": -4.59511985013459, "L": -3.4965075614664802, "M": "-inf", "N": "-inf", "P": "-inf", "Q": -4.59511985013459, "R": -4.59511985013459, "S": -2.030170492673053, "T": -3.9019726695746444, "V": -4.59511985013459, "W": "-inf", "Y": "-inf"}, "+3": {"A": -2.649209701079277, "C": -4.59511985013459, "D": -3.4965075614664802, "E": -3.9019726695746444, "F": -3.2088254890146994, "G": -3.9019726695746444, "H": -3.9019726695746444, "I": -2.9856819377004897, "K": -3.4965075614664802, "L": -3.4965075614664802, "M": -4.59511985013459, "N": -3.2088254890146994, "P": -2.803360380906535, "Q": -3.4965075614664802, "R": -2.803360380906535, "S": -1.599387576580599, "T": -1.8225311278948086, "V": -2.649209701079277, "W": -4.59511985013459, "Y": -3.9019726695746444}, "+4": {"A": -3.2088254890146994, "C": -3.9019726695746444, "D": -3.9019726695746444, "E": -4.59511985013459, "F": -3.9019726695746444, "G": -2.649209701079277, "H": -2.9856819377004897, "I": -3.4965075614664802, "K": -2.649209701079277, "L": -2.9856819377004897, "M": -2.803360380906535, "N": -3.2088254890146994, "P": -2.803360380906535, "Q": -4.59511985013459, "R": -2.3978952727983707, "S": -1.5040773967762742, "T": -2.9856819377004897, "V": -2.9856819377004897, "W": -4.59511985013459, "Y": -4.59511985013459}, "+5": {"A": -2.649209701079277, "C": -3.9019726695746444, "D": -3.9019726695746444, "E": "-inf", "F": -2.803360380906535, "G": -2.803360380906535, "H": -3.9019726695746444, "I": -2.1102132003465894, "K": -3.2088254890146994, "L": -1.8225311278948086, "M": -3.9019726695746444, "N": "-inf", "P": -3.2088254890146994, "Q": -3.9019726695746444, "R": -2.515678308454754, "S": -2.515678308454754, "T": -3.9019726695746444, "V": -2.3978952727983707, "W": -3.4965075614664802, "Y": -3.4965075614664802}, "+6": {"A": -2.3978952727983707, "C": -4.59511985013459, "D": -2.649209701079277, "E": -4.59511985013459, "F": -3.4965075614664802, "G": -2.3978952727983707, "H": -2.515678308454754, "I": -2.803360380906535, "K": -3.4965075614664802, "L": -2.515678308454754, "M": "-inf", "N": -3.4965075614664802, "P": -3.4965075614664802, "Q": -2.9856819377004897,