{"-10": {"A": -2.5427262206768266, "C": -3.657338850691377, "D": -3.5078071167204135, "E": -2.7671933989215445, "F": -3.7240302251900497, "G": -2.7671933989215445, "H": -4.173555323092245, "I": -4.095593781622533, "K": -2.894124107514715, "L": -3.013788611270804, "M": -4.565597410868268, "N": -4.023273120042907, "P": -1.5758832096398403, "Q": -3.8141813221843472, "R": -3.3071364212582623, "S": -2.8077394933158946, "T": -3.4150253832694473, "V": -3.5078071167204135, "W": -3.199505757065897, "Y": -2.9722888803640513}, "-9": {"A": -2.62541793652194, "C": -4.070901169032161, "D": -3.209762257233086, "E": -3.641338509344936, "F": -4.146887076010083, "G": -3.402446601062587, "H": -4.951259891680253, "I": -4.3504860312513225, "K": -2.1111499685649764, "L": -3.5217933586951533, "M": -4.258112711120307, "N": -3.480408142532299, "P": -1.4583237625813699, "Q": -3.365632627939871, "R": -2.857219550579264, "S": -2.787260961972354, "T": -2.6545745208133953, "V": -3.4150253832694473, "W": -3.8926529376258423, "Y": -4.951259891680253}, "-8": {"A": -2.3683728335320486, "C": -3.625590152376797, "D": -4.693430782378153, "E": -4.258112711120307, "F": -4.8400342565700285, "G": -0.9743307856213322, "H": -5.299566585948469, "I": -4.648979019807319, "K": -3.5078071167204135, "L": -3.5797806163455026, "M": -4.951259891680253, "N": -4.000283601818207, "P": -2.32488772159231, "Q": -4.287965674269989, "R": -4.1209115896068225, "S": -3.251873742583213, "T": -2.7805269297910096, "V": -3.7954891891721947, "W": -4.417177405749995, "Y": -2.9561594984341677}, "-7": {"A": -2.456597066946888, "C": -3.427764409046877, "D": -3.594818493710043, "E": -2.864492309908344, "F": -3.852647603012143, "G": -2.7671933989215445, "H": -4.200954297280359, "I": -4.023273120042907, "K": -2.532199807689839, "L": -2.8146599361604685, "M": -4.258112711120307, "N": -3.9343256340264103, "P": -1.7394679217004572, "Q": -3.8926529376258423, "R": -3.402446601062587, "S": -3.0839928699440526, "T": -2.5587265620232675, "V": -3.1595004224521976, "W": -3.777140050503998, "Y": -3.2846635654062037}, "-6": {"A": -2.3954015059199683, "C": -3.5649655305603623, "D": -3.2846635654062037, "E": -3.7240302251900497, "F": -5.299566585948469, "G": -3.0482747873419735, "H": -4.648979019807319, "I": -4.258112711120307, "K": -2.3420555252146755, "L": -3.625590152376797, "M": -4.3504860312513225, "N": -3.852647603012143, "P": -1.3825560390092835, "Q": -3.2626846586874287, "R": -2.7540353143440335, "S": -3.039541107373219, "T": -3.0482747873419735, "V": -3.7069357918307495, "W": -3.440667813882785, "Y": -3.318565117081885}, "-5": {"A": -2.516615076673141, "C": -3.7591215450013196, "D": -4.565597410868268, "E": -4.894101477840304, "F": -4.383275854074314, "G": -0.9396577565282059, "H": -4.417177405749995, "I": -4.7887409621824775, "K": -2.3463939268132736, "L": -4.1209115896068225, "M": -5.838563086681155, "N": -4.046803617453101, "P": -2.4614632565980608, "Q": -4.318737332936743, "R": -3.7240302251900497, "S": -2.8357133453583008, "T": -2.8146599361604685, "V": -3.852647603012143, "W": -4.452268725561265, "Y": -4.1209115896068225}, "-4": {"A": -2.114592312755949, "C": -3.427764409046877, "D": -3.5797806163455026, "E": -2.7475206333228397, "F": -3.977810745966149, "G": -2.597087429895714, "H": -4.173555323092245, "I": -3.7069357918307495, "K": -2.787260961972354, "L": -3.1023420086122493, "M": -4.8400342565700285, "N": -4.095593781622533, "P": -1.534497993476986, "Q": -3.610085965840832, "R": -3.3536564368931554, "S": -2.964191670131432, "T": -3.2846635654062037, "V": -3.53597799368711, "W": -4.318737332936743, "Y": -2.857219550579264}, "-3": {"A": -2.1604557295491302, "C": -3.1305128855789457, "D": -3.4537398954501377, "E": -4.070901169032161, "F": -4.565597410868268, "G": -3.1793030497483774, "H": -5.2195238782749325, "I": -3.7591215450013196, "K": -2.4326151022604026, "L": -3.657338850691377, "M": -4.383275854074314, "N": -3.8141813221843472, "P": -1.467308548989185, "Q": -3.427764409046877, "R": -2.7346172284869317, "S": -2.6846068079122705, "T": -2.901671313150098, "V": -3.1116444012745625, "W": -3.209762257233086, "Y": -4.6064194053885235}, "-2": {"A": -2.932442971816852, "C": -2.8499993026057773, "D": -4.200954297280359, "E": -4.6064194053885235, "F": -4.894101477840304, "G": -0.9051174312760298, "H": -4.739950798013046, "I": -4.318737332936743, "K": -3.2201250442686327, "L": -3.673599371563158, "M": -5.299566585948469, "N": -4.146887076010083, "P": -1.9208420601383718, "Q": -4.7887409621824775, "R": -3.8141813221843472, "S": -2.8428308131271645, "T": -2.948191328784991, "V": -3.9343256340264103, "W": -6.175035323302368, "Y": -3.5649655305603623}, "-1": {"A": -1.9793382668199804, "C": -3.4537398954501377, "D": -4.6064194053885235, "E": -3.1400823365950963, "F": -3.610085965840832, "G": -3.013788611270804, "H": -4.070901169032161, "I": -3.625590152376797, "K": -2.648674798686207, "L": -3.1116444012745625, "M": -4.287965674269989, "N": -3.9558318392473737, "P": -1.5059518115706243, "Q": -4.146887076010083, "R": -3.5078071167204135, "S": -2.372827183881429, "T": -2.7738379416402132, "V": -3.074943034424135, "W": -5.992713766508414, "Y": -3.3071364212582623}, "0": {"A": "-inf", "C": -6.68586094706836, "D": -5.14541590612121, "E": -7.784473235736469, "F": "-inf", "G": "-inf", "H": -6.398178874616578, "I": -6.68586094706836, "K": -2.3507512321822293, "L": -7.091326055176523, "M": "-inf", "N": -4.023273120042907, "P": -0.2945023369016682, "Q": "-inf", "R": -5.992713766508414, "S": -4.200954297280359, "T": -3.9558318392473737, "V": -5.838563086681155, "W": -3.1793030497483774, "Y": -3.0053497426249396}, "+1": {"A": -2.924660831374797, "C": -3.1305128855789457, "D": -5.011884513496687, "E": -4.648979019807319, "F": -5.481888142742423, "G": -0.8539784697848425, "H": -5.076423034634259, "I": -4.739950798013046, "K": -2.66050925633321, "L": -4.6064194053885235, "M": -5.58724865840025, "N": -4.287965674269989, "P": -2.0350802498282157, "Q": -4.6064194053885235, "R": -4.452268725561265, "S": -2.7540353143440335, "T": -2.7805269297910096, "V": -3.7591215450013196, "W": -3.5078071167204135, "Y": -4.648979019807319}, "+2": {"A": -1.9975758543697613, "C": -3.189353385601879, "D": -3.610085965840832, "E": -2.857219550579264, "F": -3.977810745966149, "G": -2.8357133453583008, "H": -3.8926529376258423, "I": -3.8332295171550417, "K": -3.1305128855789457, "L": -3.3418219792461525, "M": -4.693430782378153, "N": -3.8926529376258423, "P": -1.6023883290198373, "Q": -3.7240302251900497, "R": -3.8141813221843472, "S": -2.63118164123869, "T": -2.574987082895048, "V": -3.402446601062587, "W": -4.526376697714987, "Y": -2.901671313150098}, "+3": {"A": -2.2630123178742223, "C": -3.1793030497483774, "D": -3.2201250442686327, "E": -4.417177405749995, "F": -4.452268725561265, "G": -3.1305128855789457, "H": -5.011884513496687, "I": -4.146887076010083, "K": -2.251083747008949, "L": -4.000283601818207, "M": -4.526376697714987, "N": -3.741421967901919, "P": -1.519172022998759, "Q": -3.5217933586951533, "R": -2.8286461781352084, "S": -2.7738379416402132, "T": -2.446935156035151, "V": -3.641338509344936, "W": -3.741421967901919, "Y": -3.295836866004329}, "+4": {"A": -3.0659743644413746, "C": -3.3071364212582623, "D": -4.318737332936743, "E": -4.739950798013046, "F": -5.705031694056633, "G": -0.9492886495891673, "H": -4.565597410868268, "I": -4.000283601818207, "K": -2.7671933989215445, "L": -4.6064194053885235, "M": -5.705031694056633, "N": -4.229125174247055, "P": -1.8390526271298937, "Q": -5.076423034634259, "R": -4.200954297280359, "S": -3.0659743644413746, "T": -3.4537398954501377, "V": -4.023273120042907, "W": -3.149744247506833, "Y": -3.4150253832694473}, "+5": {"A": -2.1713451293483987, "C": -3.6901286735143684, "D": -3.3536564368931554, "E": -2.948191328784991, "F": -3.5217933586951533, "G": -2.7605927148901923, "H": -4.070901169032161, "I": -3.8926529376258423, "K": -2.251083747008949, "L": -3.2201250442686327, "M": -4.6064194053885235,