{"-10": {"A": -2.4763634883017445, "C": -4.375798671840429, "D": -2.9161061457656707, "E": -2.5632847711429285, "F": -3.466152482684943, "G": -2.777013323522536, "H": -3.8518149634969276, "I": -2.9633590306162163, "K": -2.499422154052718, "L": -2.4763634883017445, "M": -3.794656549656979, "N": -3.381811334251192, "P": -3.0439395172755557, "Q": -3.2109936019387217, "R": -2.8462930978948298, "S": -2.8993246688036676, "T": -2.9649732359707577, "V": -2.65374188129818, "W": -4.768105695371083, "Y": -3.6892960339991525}, "-9": {"A": -2.488327738693515, "C": -4.234023209440824, "D": -2.9633590306162163, "E": -2.7325033588156677, "F": -3.348073194619342, "G": -2.7823824639375943, "H": -3.844002423760134, "I": -2.9796195514879966, "K": -2.4403498640304853, "L": -2.439394297784817, "M": -3.7266518205429215, "N": -3.3223407806528638, "P": -3.2027631028022063, "Q": -3.244610212737707, "R": -2.8783658177828237, "S": -2.819398341694708, "T": -2.9698315451218336, "V": -2.5774385185810225, "W": -4.768105695371083, "Y": -3.606181127288646}, "-8": {"A": -2.5014526116031, "C": -4.336832703307046, "D": -3.0527192049276013, "E": -2.6525591490491305, "F": -3.471500089011538, "G": -2.759760075374977, "H": -3.9334929945111945, "I": -2.9585319898679003, "K": -2.3595720243676563, "L": -2.455764427431672, "M": -3.6185269631109453, "N": -3.36239324839409, "P": -3.114557084489509, "Q": -3.1015093690970335, "R": -2.76901328085546, "S": -2.8813331790106256, "T": -2.987850050624512, "V": -2.663254438165878, "W": -4.9157416941771475, "Y": -3.7266518205429215}, "-7": {"A": -2.5643664370136694, "C": -4.444318618277185, "D": -2.9779815494837583, "E": -2.549328559649129, "F": -3.3672125348300392, "G": -2.759760075374977, "H": -3.8716175907931074, "I": -3.0231775258271267, "K": -2.3105299393000536, "L": -2.570881118034863, "M": -3.840118923733736, "N": -3.2424757402090743, "P": -3.1804724129038346, "Q": -3.114557084489509, "R": -2.684994424802284, "S": -2.8607442164330044, "T": -3.019758719078341, "V": -2.7109699112055448, "W": -4.839201617054813, "Y": -3.6310271258751765}, "-6": {"A": -2.481331208403679, "C": -4.444318618277185, "D": -2.966590051197663, "E": -2.6704487137999053, "F": -3.3177324775666697, "G": -2.7823824639375943, "H": -4.060359715389985, "I": -2.8695162025058414, "K": -2.464540690490688, "L": -2.3274651450576362, "M": -3.790959687775653, "N": -3.3672125348300392, "P": -3.219292404753417, "Q": -3.244610212737707, "R": -2.7532026748288176, "S": -2.89028846273973, "T": -2.9829036266891866, "V": -2.592908440353154, "W": -4.839201617054813, "Y": -3.6468753181152005}, "-5": {"A": -2.4753728988200487, "C": -4.239786914157575, "D": -3.083160230428837, "E": -2.668044866488511, "F": -3.3528237973779396, "G": -2.8320478427587807, "H": -4.135583136627572, "I": -2.9161061457656707, "K": -2.343823667399517, "L": -2.2766843645618886, "M": -3.676050807249132, "N": -3.3599922868565524, "P": -3.1986731175506815, "Q": -3.2234677761638975, "R": -2.8651205910328033, "S": -2.830634414961634, "T": -3.0527192049276013, "V": -2.5774385185810225, "W": -4.720249674193448, "Y": -3.6959850221499493}, "-4": {"A": -2.484323729340133, "C": -4.135583136627572, "D": -2.994483574120146, "E": -2.478347615936791, "F": -3.520960719179938, "G": -2.6776951223206726, "H": -3.8959102833621517, "I": -3.0300504051148884, "K": -2.4451414400403846, "L": -2.4893312510707553, "M": -3.847901064175791, "N": -3.376921348957, "P": -3.077720507133019, "Q": -3.112682669695159, "R": -2.8680488508118915, "S": -2.7084667809874263, "T": -2.9410295542181277, "V": -2.6825553992029256, "W": -4.938731212401846, "Y": -3.6959850221499493}, "-3": {"A": -2.4547940246383937, "C": -4.222594513617202, "D": -3.019758719078341, "E": -2.5622042740091744, "F": -3.3991170813487845, "G": -2.7299458126645506, "H": -3.9250183675202224, "I": -3.094129261799411, "K": -2.405588261654363, "L": -2.357809909374257, "M": -3.8836901720273764, "N": -3.112682669695159, "P": -3.0300504051148884, "Q": -3.0509570899342022, "R": -2.920732214154453, "S": -2.771672856891219, "T": -3.0580242571572946, "V": -2.709717562889079, "W": -5.089013415451184, "Y": -3.761866726833988}, "-2": {"A": -2.432730779554046, "C": -4.336832703307046, "D": -3.0163515607567266, "E": -2.8055284938305576, "F": -3.172488338555614, "G": -2.7235804187974746, "H": -4.036492233983341, "I": -2.7312237681100426, "K": -2.574154443379832, "L": -2.2455192374658997, "M": -3.672766732047942, "N": -3.1586677829369822, "P": -3.172488338555614, "Q": -3.156708918451649, "R": -3.1508552432001884, "S": -2.8783658177828237, "T": -2.919187812303079, "V": -2.607490863647424, "W": -4.882219002138504, "Y": -3.5408760288808794}, "-1": {"A": -2.4538245626138457, "C": -4.517881185454202, "D": -3.0687195462740426, "E": -2.5862491482631773, "F": -3.5014342968295824, "G": -2.3891043719326737, "H": -4.269114529252095, "I": -2.9633590306162163, "K": -2.631505739851298, "L": -2.240809652622814, "M": -3.82855810133266, "N": -3.2027631028022063, "P": -3.261852019172213, "Q": -3.077720507133019, "R": -2.994483574120146, "S": -2.7122238298651387, "T": -3.0615766587616626, "V": -2.663254438165878, "W": -4.938731212401846, "Y": -3.5553480614894135}, "0": {"A": "-inf", "C": "-inf", "D": "-inf", "E": "-inf", "F": "-inf", "G": "-inf", "H": "-inf", "I": "-inf", "K": 0.0, "L": "-inf", "M": "-inf", "N": "-inf", "P": "-inf", "Q": "-inf", "R": "-inf", "S": "-inf", "T": "-inf", "V": "-inf", "W": "-inf", "Y": "-inf"}, "+1": {"A": -2.3551725452081715, "C": -4.480423622919302, "D": -2.8563869110640487, "E": -2.560046775869153, "F": -3.4795755030170836, "G": -2.4793411579956692, "H": -3.832396877639826, "I": -2.882820168132204, "K": -2.919187812303079, "L": -2.3542949672668123, "M": -3.904140782498667, "N": -3.0705132687280696, "P": -3.0669290355002543, "Q": -3.0045171031097238, "R": -3.2882852762403685, "S": -2.8665836490845633, "T": -2.9426080865111772, "V": -2.6825553992029256, "W": -4.974237900858756, "Y": -3.41672759935742}, "+2": {"A": -2.5106410376575066, "C": -4.060359715389985, "D": -3.0597988805156633, "E": -2.9008386736348823, "F": -3.229763704620712, "G": -2.6384744091673915, "H": -3.95066079813356, "I": -2.6837741683970546, "K": -2.8887903351187076, "L": -2.1474234410608184, "M": -3.8836901720273764, "N": -3.2662093245411685, "P": -2.8917888381149646, "Q": -3.0705132687280696, "R": -3.1885207460866636, "S": -2.8405706216207633, "T": -2.9473586892697754, "V": -2.601857045929168, "W": -4.73911815849783, "Y": -3.4608333212073425}, "+3": {"A": -2.5034872003008877, "C": -4.183592355813933, "D": -2.9633590306162163, "E": -2.5578939225080517, "F": -3.3528237973779396, "G": -2.6029812731414492, "H": -4.070068529516945, "I": -3.040449112335787, "K": -2.541893581161611, "L": -2.490335771496761, "M": -3.9292467036297434, "N": -3.2007160191804815, "P": -2.994483574120146, "Q": -2.991161311928168, "R": -2.948947251954913, "S": -2.7864283224571382, "T": -2.9084432730201017, "V": -2.630349001723474, "W": -4.871289931606313, "Y": -3.6468753181152005}, "+4": {"A": -2.4863237300068, "C": -4.317904693421527, "D": -2.9222790048727516, "E": -2.5450732340789908, "F": -3.253193956429098, "G": -2.8462930978948298, "H": -3.95066079813356, "I": -2.9269337844177343, "K": -2.5261452241934714, "L": -2.399145533432164, "M": -3.985906737195235, "N": -3.240345813951249, "P": -2.999487754704722, "Q": -3.019758719078341, "R": -2.8978129527183456, "S": -2.789134684054881, "T": -2.9861985225860392, "V": -2.6837741683970546, "W": -4.797958658520764, "Y": -3.662978725681779}, "+5": {"A": -2.5408359396034754, "C": -4.194581477389528, "D": -3.021466661423497, "E": -2.6326638175719257, "F": -3.3131453135597635, "G": -2.623436531802851, "H": -4.0040067788388525, "I": -3.018053688827257, "K": -2.398228522822283, "L": -2.399145533432164, "M": -3.937757393297652, "N": -3.3292932999677456, "P": -3.141174625489465, "Q": -3.1431032663958707, "R": -2.791848389926477, "S": -2.8235970882410575, "T": -2.9796195514879966, "V": -2.6728583535200587, "W": -4.613955015543825,