{"-10": {"A": -2.675863514606309, "C": -4.646511526144533, "D": -3.136678717797638, "E": -2.763780278710751, "F": -3.528606034541744, "G": -2.358315170602587, "H": -4.00671032628988, "I": -3.1702340176458548, "K": -2.7490669186296035, "L": -2.6178507649604446, "M": -3.756538102587751, "N": -3.3152769422076696, "P": -2.6508398675301557, "Q": -3.188198572621154, "R": -2.513344585108534, "S": -2.606810313114211, "T": -3.17618641617315, "V": -2.944127501200988, "W": -5.161675551509122, "Y": -3.592154246480464}, "-9": {"A": -2.729779917687625, "C": -4.7931150003364085, "D": -3.1395522829933697, "E": -2.8777415751411763, "F": -3.554413918497617, "G": -2.279185010520894, "H": -3.9830205551674753, "I": -3.1111815858641543, "K": -2.7015294514017736, "L": -2.638559011428791, "M": -3.6575981547328476, "N": -3.3900448497116806, "P": -2.661487705486002, "Q": -3.2999574936741563, "R": -2.533547292426053, "S": -2.549370407365296, "T": -3.0357757549948325, "V": -2.9311937524164198, "W": -4.9472656801636665, "Y": -3.580905533944593}, "-8": {"A": -2.6195601670860933, "C": -4.8959723857761155, "D": -3.182174458017773, "E": -2.7969324860276514, "F": -3.5500660855615136, "G": -2.377604095874153, "H": -3.8783291596416736, "I": -3.2049544863495925, "K": -2.7288252636771744, "L": -2.6093473123607995, "M": -3.7645702742850156, "N": -3.3662994418108783, "P": -2.659705173819719, "Q": -3.182174458017773, "R": -2.5327626709656355, "S": -2.50797441493394, "T": -3.0038649427137787, "V": -2.990140460288213, "W": -5.088344278423572, "Y": -3.5328613601118826}, "-7": {"A": -2.694128862583602, "C": -4.763483202730037, "D": -3.001355531108353, "E": -2.7250157352605067, "F": -3.6721969541540003, "G": -2.3510949226290996, "H": -3.9897319897554624, "I": -3.1125811662185776, "K": -2.750041102827447, "L": -2.6178507649604446, "M": -3.973037111183292, "N": -3.346638397411721, "P": -2.596726194047585, "Q": -3.17618641617315, "R": -2.4837857828669896, "S": -2.546185691297776, "T": -3.0593989007582683, "V": -3.0165073361289556, "W": -5.1726046220413116, "Y": -3.5609713190437757}, "-6": {"A": -2.6085009305921183, "C": -4.929873937451797, "D": -3.185181979081728, "E": -2.832279201064419, "F": -3.48905873745349, "G": -2.279185010520894, "H": -4.154035041046739, "I": -3.031892254968435, "K": -2.9012720725513708, "L": -2.535904857368708, "M": -3.5222568068630853, "N": -3.271645860848265, "P": -2.7422740734897877, "Q": -3.270005171390805, "R": -2.5900595026893956, "S": -2.5445971286126383, "T": -2.9988524008902346, "V": -2.8832940602559622, "W": -4.855150391255861, "Y": -3.511763531147247}, "-5": {"A": -2.6051225490004914, "C": -4.727637070956901, "D": -3.1438781729404925, "E": -2.820706215506761, "F": -3.4768882018332343, "G": -2.311346100220375, "H": -4.070336022170092, "I": -3.03967439541049, "K": -2.8678241384838303, "L": -2.545391094513815, "M": -3.7538749851682676, "N": -3.3863548086242266, "P": -2.6144407019799027, "Q": -3.2298391296654705, "R": -2.661487705486002, "S": -2.461628303269713, "T": -3.0267376043797705, "V": -2.8755291848582356, "W": -4.887673582961421, "Y": -3.528606034541744}, "-4": {"A": -2.703388187996399, "C": -4.839277042099571, "D": -3.075463503262075, "E": -2.4399511538926806, "F": -3.403068289597967, "G": -2.3144937263633687, "H": -4.099967819776463, "I": -3.1927405940556546, "K": -3.0165073361289556, "L": -2.567069984464697, "M": -3.6845275666114787, "N": -3.334325137178364, "P": -2.5908904125834833, "Q": -3.0781662076099603, "R": -2.7959115568935444, "S": -2.5187437497863043, "T": -3.075463503262075, "V": -2.923049437474734, "W": -5.058491315273891, "Y": -3.351962278664471}, "-3": {"A": -2.5801420660320495, "C": -4.734704238179994, "D": -3.0849550999436466, "E": -2.3259079276478087, "F": -3.3204360250176967, "G": -2.220674971145714, "H": -4.099967819776463, "I": -3.1776800684299333, "K": -3.05278074291579, "L": -2.6017555424525867, "M": -3.780830795156796, "N": -3.3204360250176967, "P": -2.5597913433535546, "Q": -3.1836770879023075, "R": -2.9207346216262824, "S": -2.5438037925932426, "T": -3.083593629345325, "V": -3.0541008751207133, "W": -4.921290193760406, "Y": -3.499315237620679}, "-2": {"A": -2.433538591840174, "C": -4.501680578266077, "D": -3.2377443091725837, "E": -2.824899093766797, "F": -3.1973033396140726, "G": -2.1912610859394204, "H": -3.9897319897554624, "I": -2.9464971705563063, "K": -3.0945376510246425, "L": -2.435671546790316, "M": -3.702049917303681, "N": -3.3537432230354653, "P": -2.8041083240977227, "Q": -3.273289246591995, "R": -2.6438037786960864, "S": -2.5438037925932426, "T": -3.1927405940556546, "V": -2.924208857894469, "W": -4.699857506849826, "Y": -3.495200005475572}, "-1": {"A": -2.7747093492429413, "C": -4.82365172419649, "D": -2.673152261250933, "E": -2.8407808463197397, "F": -3.020331432567359, "G": -2.058356980319262, "H": -4.447022165728213, "I": -3.116791698754921, "K": -3.1111815858641543, "L": -2.1675750433430365, "M": -3.608118097469478, "N": -3.466858027473297, "P": -2.657037319858526, "Q": -3.4105871220119943, "R": -2.968080742223481, "S": -2.6017555424525867, "T": -3.420065865966538, "V": -2.9382277790737996, "W": -4.8959723857761155, "Y": -3.499315237620679}, "0": {"A": -6.592421675199846, "C": -5.252647329714848, "D": -8.297169767438271, "E": -6.072546215913937, "F": -7.2855688557597915, "G": -8.07402621612406, "H": -5.969892061853854, "I": -9.683464128558162, "K": -0.8235326589420652, "L": -6.850250784501946, "M": -5.03907322941679, "N": -6.128116067068748, "P": -7.2855688557597915, "Q": -5.54032940216663, "R": -0.6288423315813997, "S": -8.990316947998217, "T": -8.584851839890053, "V": -7.604022586878326, "W": "-inf", "Y": "-inf"}, "+1": {"A": -2.622129761647724, "C": -4.7931150003364085, "D": -3.3325784118434223, "E": -2.888877547681663, "F": -3.339583694431831, "G": -1.449960988324168, "H": -4.010140861386669, "I": -3.142434129368259, "K": -3.102824991273213, "L": -2.600076280932867, "M": -3.959879026605781, "N": -3.6746509431155667, "P": -2.9370519999847877, "Q": -3.3753656870486313, "R": -3.097292473703487, "S": -2.60259623186738, "T": -3.3735458503316456, "V": -3.0620584767940273, "W": -5.020025034446094, "Y": -3.4510161120076392}, "+2": {"A": -2.4652872901547545, "C": -4.847182221606684, "D": -3.4748741024615333, "E": -3.013966038700283, "F": -3.3735458503316456, "G": -2.0525175476677027, "H": -3.973037111183292, "I": -3.013966038700283, "K": -3.082234009829286, "L": -2.477828952147798, "M": -3.872323135581462, "N": -3.4143678448519004, "P": -2.7250157352605067, "Q": -3.208031411854072, "R": -2.669548653747634, "S": -2.517198154424524, "T": -3.058071760550206, "V": -2.8990070659205185, "W": -4.666184291743238, "Y": -3.3790153261361806}, "+3": {"A": -2.6904490056252017, "C": -4.7136508289821615, "D": -3.185181979081728, "E": -2.668649777282617, "F": -3.334325137178364, "G": -2.184594394581231, "H": -3.912023005428146, "I": -2.9938648593791957, "K": -3.0370736137104326, "L": -2.4815478110265348, "M": -3.937260938018009, "N": -3.3360749189021517, "P": -2.735527059943193, "Q": -3.225125845213372, "R": -2.7510162369856537, "S": -2.418034405304209, "T": -3.128107236747497, "V": -2.979049773594055, "W": -4.973933927245828, "Y": -3.3790153261361806}, "+4": {"A": -2.7480936825430518, "C": -4.879443083824905, "D": -2.968080742223481, "E": -2.5422190062076706, "F": -3.603530933462572, "G": -2.3201845415951237, "H": -4.1113100963803975, "I": -3.031892254968435, "K": -2.9951094146114, "L": -2.5581810370474507, "M": -4.166011232093454, "N": -3.344870050354979, "P": -2.4822932452764834, "Q": -3.2003567771009633, "R": -2.604279733948494, "S": -2.513344585108534, "T": -3.083593629345325, "V": -2.991380386051534, "W": -4.964965257263067, "Y": -3.63845881452215}, "+5": {"A": -2.6632734202462367, "C": -4.855150391255861, "D": -3.05278074291579, "E": -2.820706215506761, "F": -3.45298268097968, "G": -2.2109633838206038, "H": -3.930891489732529, "I": -3.0808762363688253, "K": -2.812372833947616, "L": -2.6526066524420413, "M": -4.013583205577643,