{"-10": {"A": -2.7424132429453714, "C": -3.3933319270858093, "D": -2.893447331498027, "E": -2.960320809750816, "F": -3.316894942156624, "G": -2.854607498181763, "H": -3.7645690950042705, "I": -2.929741637690797, "K": -3.1307165850758856, "L": -2.436732934370974, "M": -4.1645288805170795, "N": -2.9546909567387454, "P": -2.8693183486983322, "Q": -3.225441162320287, "R": -3.0557721427771973, "S": -2.565022475583896, "T": -2.6318449718292976, "V": -2.767120044058647, "W": -4.162178703172126, "Y": -3.498813354417805}, "-9": {"A": -2.8520710351858543, "C": -3.5912256814335404, "D": -2.9331698206848653, "E": -2.9020652171174164, "F": -3.2890601431631796, "G": -2.737318411658663, "H": -3.6359789121565473, "I": -2.968113977070886, "K": -3.125708227361513, "L": -2.4476620049031643, "M": -4.235203838187016, "N": -2.922240750152675, "P": -2.802647759251052, "Q": -3.2802753136074467, "R": -3.1174163058884043, "S": -2.613218709700827, "T": -2.599842240743124, "V": -2.7458242752464344, "W": -3.9782934244019885, "Y": -3.445828625532517}, "-8": {"A": -2.8894947571822036, "C": -3.1866451377351104, "D": -3.080134840851249, "E": -2.912102102981341, "F": -3.2939741579656086, "G": -2.7882848552506903, "H": -3.7885127767569005, "I": -2.9352323858712133, "K": -3.157859896922832, "L": -2.445550963376091, "M": -4.049101558553155, "N": -2.9270075279903285, "P": -2.8062709516204722, "Q": -3.1656286023734515, "R": -3.1638970002091735, "S": -2.6405207088183853, "T": -2.5885869225111615, "V": -2.7072827834249047, "W": -4.185932789180233, "Y": -3.4164479811392967}, "-7": {"A": -2.884248843512434, "C": -3.2969341995940855, "D": -3.1552836825310586, "E": -2.788879208908603, "F": -3.312870791856898, "G": -2.7133284187664146, "H": -3.4903846470827498, "I": -3.032747334379044, "K": -3.18399378841349, "L": -2.4119587523853943, "M": -4.032469158504013, "N": -2.901399659688522, "P": -2.8074816055213683, "Q": -3.1570004211501135, "R": -3.0511245743806503, "S": -2.6348984093161882, "T": -2.693677131369126, "V": -2.80808748254687, "W": -3.990081380154031, "Y": -3.5060949399890684}, "-6": {"A": -2.9483950282819307, "C": -3.5171177092798187, "D": -3.0365481751387002, "E": -2.8967531196325265, "F": -3.1570004211501135, "G": -2.8282901898643895, "H": -3.7740778829732977, "I": -2.929741637690797, "K": -3.21902206645957, "L": -2.436314961533123, "M": -3.9802484592377922, "N": -2.937989107120814, "P": -2.8153867850284815, "Q": -3.2346833722851076, "R": -3.1647624264856025, "S": -2.5006027827989095, "T": -2.6364286314969556, "V": -2.645659466272486, "W": -3.8280566438958665, "Y": -3.4378331517563194}, "-5": {"A": -2.8908105468457235, "C": -3.6304463945868215, "D": -3.1332302018162013, "E": -2.8074816055213683, "F": -3.18399378841349, "G": -2.7948422557968495, "H": -3.834802032035398, "I": -2.7572791542212007, "K": -3.1441961489041255, "L": -2.422618959937501, "M": -3.874496630720345, "N": -3.030473744919171, "P": -2.8577871510991426, "Q": -3.2045027551351164, "R": -3.0873205005121234, "S": -2.592487463780207, "T": -2.5263320287647284, "V": -2.7572791542212007, "W": -4.205350875037334, "Y": -3.3987874779873466}, "-4": {"A": -2.893447331498027, "C": -3.402075152181538, "D": -3.1699707715927405, "E": -2.860338172890748, "F": -3.18399378841349, "G": -2.687211591604484, "H": -3.6959969218828004, "I": -2.96953746485574, "K": -3.2783335654245365, "L": -2.337326564359226, "M": -3.664110162406906, "N": -2.9338568698359033, "P": -2.8388591412136237, "Q": -3.1691008280842006, "R": -3.1034759407344086, "S": -2.613218709700827, "T": -2.6797209198753267, "V": -2.7418458670436263, "W": -4.057522660949563, "Y": -3.2831950237107814}, "-3": {"A": -2.795440520846103, "C": -3.441251958505105, "D": -3.1298801149309194, "E": -2.8927874832391796, "F": -3.256270320340189, "G": -2.7067349882865828, "H": -3.5872547960040477, "I": -2.973105074776015, "K": -2.9456095111605043, "L": -2.387783521853407, "M": -3.939974560099852, "N": -3.1484460490534545, "P": -2.8667443447031595, "Q": -3.1124739564539694, "R": -3.0206808229659274, "S": -2.530914988206949, "T": -2.7636357199760364, "V": -2.675996520784344, "W": -4.1435735153410915, "Y": -3.3528146579885423}, "-2": {"A": -2.768866769393589, "C": -3.3846644838756412, "D": -3.3068647677966863, "E": -3.047268032770897, "F": -2.9991746177449636, "G": -2.7729543663259055, "H": -3.3771416112126538, "I": -2.9781212085471314, "K": -3.1760816592255408, "L": -2.312652415409331, "M": -3.9306199549326317, "N": -3.1307165850758856, "P": -2.840109923115276, "Q": -3.2949598652903678, "R": -3.15872011202964, "S": -2.5740939152085947, "T": -2.7361897433672886, "V": -2.728884288005052, "W": -3.666967307207686, "Y": -3.0643491934089573}, "-1": {"A": -2.7463939135415303, "C": -3.2686809808265274, "D": -3.32600892929433, "E": -2.9831626308200576, "F": -2.993322369879182, "G": -2.5536801989799613, "H": -3.7365734875148435, "I": -3.030473744919171, "K": -3.033506347698215, "L": -2.3708105468036917, "M": -4.014082532253574, "N": -3.1391199958722646, "P": -3.091334957930785, "Q": -3.253428063571259, "R": -2.9918646436735252, "S": -2.5674017296208635, "T": -2.7870972066550346, "V": -2.6701717756954726, "W": -3.8994533626942127, "Y": -3.077751049495973}, "0": {"A": "-inf", "C": -10.216618049441497, "D": -8.424858580213442, "E": -9.118005760773388, "F": -8.424858580213442, "G": -7.818722776643126, "H": -9.523470868881551, "I": -8.270707900386183, "K": -5.6522698579736605, "L": -8.019393472105277, "M": -9.523470868881551, "N": -0.00682296033042251, "P": -9.118005760773388, "Q": -8.830323688321606, "R": -8.424858580213442, "S": -8.607180137007395, "T": -7.6516686919799595, "V": -8.424858580213442, "W": -8.607180137007395, "Y": -10.216618049441497}, "+1": {"A": -2.6797209198753267, "C": -3.04189373960512, "D": -3.175206385646686, "E": -3.230976231802288, "F": -3.1647624264856025, "G": -2.3610733715258334, "H": -3.7458185456588944, "I": -2.5536801989799613, "K": -3.2638894048166285, "L": -2.4599947149026384, "M": -3.9724511487777603, "N": -3.1165908828122366, "P": -6.605700136797272, "Q": -3.281247603426386, "R": -3.3591039868961063, "S": -2.3305366476657516, "T": -2.7930496051823295, "V": -2.390174913985483, "W": -4.271197440834921, "Y": -3.2263615489476156}, "+2": {"A": -7.326246291545332, "C": -6.661269987952083, "D": -7.444029327201715, "E": -6.78263084495635, "F": -7.444029327201715, "G": -7.125575596083181, "H": -8.270707900386183, "I": -7.172095611718073, "K": -7.3834047053852805, "L": -6.432428415523235, "M": -7.914032956447451, "N": -6.9207811834371675, "P": -7.125575596083181, "Q": -7.444029327201715, "R": -7.220885775887505, "S": -0.8903630528689577, "T": -0.5517684691782269, "V": -6.884413539266292, "W": -8.607180137007395, "Y": -7.577560719826238}, "+3": {"A": -2.7665384796339976, "C": -3.2117360597286364, "D": -2.9999085627320388, "E": -2.761319563758206, "F": -3.120724828343965, "G": -2.7133284187664146, "H": -3.785286967508018, "I": -2.7990376470269522, "K": -3.2081128673592163, "L": -2.1710297686379683, "M": -4.107370466677131, "N": -3.193749963358855, "P": -5.834591414767615, "Q": -3.2861232834898697, "R": -3.0969824114238604, "S": -2.526789380705013, "T": -2.7865039108796954, "V": -2.4895235646616545, "W": -3.492785608620288, "Y": -3.2900410162187717}, "+4": {"A": -2.8105146682044815, "C": -3.4820263894685484, "D": -3.046498505991868, "E": -2.8693183486983322, "F": -3.272530841211969, "G": -2.9904090393408245, "H": -3.595212397677362, "I": -2.771784775549303, "K": -3.2171955819335354, "L": -2.425508538831469, "M": -4.136684854345906, "N": -3.001378070711399, "P": -2.650307034669033, "Q": -3.225441162320287, "R": -3.2477676710995484, "S": -2.531834105918712, "T": -2.5659734980046, "V": -2.551802264155761, "W": -4.281723853821909, "Y": -3.366491883295996}, "+5": {"A": -2.8270540957638612, "C": -3.3922443793984103, "D": -2.904064551338899, "E": -2.7538288920290483, "F": -3.047268032770897, "G": -2.8954294927020183, "H": -3.5832996161611197, "I": -2.812947759429123, "K": -3.288080231276831,