{"-10": {"A": -1.5314763709643884, "C": "-inf", "D": "-inf", "E": -2.917770732084279, "F": -2.6946271807700692, "G": -2.512305623976115, "H": "-inf", "I": -2.512305623976115, "K": "-inf", "L": -1.739115735742633, "M": -3.20545280453606, "N": "-inf", "P": -3.6109179126442243, "Q": "-inf", "R": "-inf", "S": -2.917770732084279, "T": -3.6109179126442243, "V": -2.001480000210124, "W": "-inf", "Y": "-inf"}, "-9": {"A": -1.6650077635889111, "C": -4.304065093204169, "D": "-inf", "E": -3.20545280453606, "F": -3.20545280453606, "G": -3.20545280453606, "H": "-inf", "I": -3.20545280453606, "K": "-inf", "L": -1.4708517491479536, "M": -3.6109179126442243, "N": -4.304065093204169, "P": -3.20545280453606, "Q": "-inf", "R": "-inf", "S": -2.512305623976115, "T": -2.917770732084279, "V": -1.8191584434161694, "W": "-inf", "Y": "-inf"}, "-8": {"A": -2.001480000210124, "C": -3.20545280453606, "D": "-inf", "E": "-inf", "F": -2.917770732084279, "G": -3.20545280453606, "H": -4.304065093204169, "I": -2.10684051586795, "K": -3.6109179126442243, "L": -1.16857087727502, "M": -3.6109179126442243, "N": "-inf", "P": -4.304065093204169, "Q": -4.304065093204169, "R": "-inf", "S": -2.917770732084279, "T": -3.6109179126442243, "V": -2.3581549441488563, "W": "-inf", "Y": "-inf"}, "-7": {"A": -1.4708517491479536, "C": -3.6109179126442243, "D": -4.304065093204169, "E": -3.6109179126442243, "F": -2.6946271807700692, "G": -2.6946271807700692, "H": "-inf", "I": "-inf", "K": "-inf", "L": -1.5314763709643884, "M": -3.6109179126442243, "N": "-inf", "P": -4.304065093204169, "Q": "-inf", "R": -3.20545280453606, "S": -2.3581549441488563, "T": -3.20545280453606, "V": -2.3581549441488563, "W": "-inf", "Y": -4.304065093204169}, "-6": {"A": -1.3083328196501787, "C": -4.304065093204169, "D": "-inf", "E": -3.6109179126442243, "F": -4.304065093204169, "G": -3.6109179126442243, "H": "-inf", "I": -2.512305623976115, "K": "-inf", "L": -2.3581549441488563, "M": "-inf", "N": -3.6109179126442243, "P": -4.304065093204169, "Q": -2.6946271807700692, "R": -4.304065093204169, "S": -2.3581549441488563, "T": -2.6946271807700692, "V": -1.8191584434161694, "W": -4.304065093204169, "Y": "-inf"}, "-5": {"A": -2.512305623976115, "C": -2.917770732084279, "D": "-inf", "E": -3.6109179126442243, "F": -2.3581549441488563, "G": -2.6946271807700692, "H": "-inf", "I": -3.6109179126442243, "K": "-inf", "L": -1.16857087727502, "M": -2.6946271807700692, "N": "-inf", "P": -3.6109179126442243, "Q": "-inf", "R": -3.20545280453606, "S": -3.6109179126442243, "T": -2.3581549441488563, "V": -2.6946271807700692, "W": "-inf", "Y": "-inf"}, "-4": {"A": -1.906169820405799, "C": "-inf", "D": "-inf", "E": -3.6109179126442243, "F": -2.6946271807700692, "G": -2.917770732084279, "H": "-inf", "I": -4.304065093204169, "K": "-inf", "L": -1.5960148921019597, "M": -2.917770732084279, "N": "-inf", "P": -3.6109179126442243, "Q": "-inf", "R": -3.6109179126442243, "S": -2.512305623976115, "T": -2.2246235515243336, "V": -2.001480000210124, "W": -3.6109179126442243, "Y": -4.304065093204169}, "-3": {"A": -2.917770732084279, "C": -4.304065093204169, "D": "-inf", "E": "-inf", "F": -2.917770732084279, "G": -3.6109179126442243, "H": "-inf", "I": -2.917770732084279, "K": -3.6109179126442243, "L": -0.5904930264998619, "M": -4.304065093204169, "N": "-inf", "P": "-inf", "Q": -3.20545280453606, "R": -4.304065093204169, "S": -3.6109179126442243, "T": -3.6109179126442243, "V": -2.512305623976115, "W": "-inf", "Y": "-inf"}, "-2": {"A": -1.126011262856224, "C": "-inf", "D": -4.304065093204169, "E": "-inf", "F": -2.917770732084279, "G": -3.6109179126442243, "H": -4.304065093204169, "I": -2.6946271807700692, "K": "-inf", "L": -3.20545280453606, "M": -4.304065093204169, "N": "-inf", "P": "-inf", "Q": "-inf", "R": "-inf", "S": -1.8191584434161694, "T": -1.906169820405799, "V": -2.512305623976115, "W": -4.304065093204169, "Y": -3.6109179126442243}, "-1": {"A": -1.213022639845854, "C": "-inf", "D": "-inf", "E": -4.304065093204169, "F": "-inf", "G": -0.5904930264998619, "H": "-inf", "I": -4.304065093204169, "K": "-inf", "L": "-inf", "M": -4.304065093204169, "N": "-inf", "P": "-inf", "Q": "-inf", "R": "-inf", "S": -2.2246235515243336, "T": "-inf", "V": "-inf", "W": "-inf", "Y": "-inf"}, "0": {"A": "-inf", "C": -0.14518200984449783, "D": "-inf", "E": "-inf", "F": "-inf", "G": -4.304065093204169, "H": "-inf", "I": "-inf", "K": -2.10684051586795, "L": "-inf", "M": "-inf", "N": "-inf", "P": "-inf", "Q": "-inf", "R": "-inf", "S": "-inf", "T": "-inf", "V": "-inf", "W": "-inf", "Y": "-inf"}, "+1": {"A": -3.20545280453606, "C": -3.6109179126442243, "D": -2.6946271807700692, "E": -4.304065093204169, "F": "-inf", "G": -1.739115735742633, "H": "-inf", "I": -4.304065093204169, "K": -3.6109179126442243, "L": -4.304065093204169, "M": "-inf", "N": -2.6946271807700692, "P": "-inf", "Q": -3.20545280453606, "R": -2.6946271807700692, "S": -1.0082282271998406, "T": -3.20545280453606, "V": -4.304065093204169, "W": "-inf", "Y": -3.6109179126442243}, "+2": {"A": "-inf", "C": "-inf", "D": -3.20545280453606, "E": -2.6946271807700692, "F": -4.304065093204169, "G": -2.512305623976115, "H": -4.304065093204169, "I": -4.304065093204169, "K": -2.3581549441488563, "L": -2.6946271807700692, "M": -4.304065093204169, "N": -2.10684051586795, "P": -2.512305623976115, "Q": -4.304065093204169, "R": -3.6109179126442243, "S": -1.4708517491479536, "T": -2.3581549441488563, "V": -3.6109179126442243, "W": "-inf", "Y": "-inf"}, "+3": {"A": -3.6109179126442243, "C": "-inf", "D": -2.512305623976115, "E": -2.6946271807700692, "F": -3.6109179126442243, "G": -1.906169820405799, "H": -4.304065093204169, "I": -3.20545280453606, "K": -2.3581549441488563, "L": -4.304065093204169, "M": -4.304065093204169, "N": -2.2246235515243336, "P": -4.304065093204169, "Q": -3.20545280453606, "R": -3.6109179126442243, "S": -2.001480000210124, "T": -2.2246235515243336, "V": "-inf", "W": -4.304065093204169, "Y": -3.6109179126442243}, "+4": {"A": -3.20545280453606, "C": "-inf", "D": -2.512305623976115, "E": -2.917770732084279, "F": -4.304065093204169, "G": -2.6946271807700692, "H": -2.917770732084279, "I": -3.20545280453606, "K": -2.10684051586795, "L": "-inf", "M": "-inf", "N": -2.3581549441488563, "P": -2.6946271807700692, "Q": -2.917770732084279, "R": -2.6946271807700692, "S": -2.001480000210124, "T": -2.917770732084279, "V": -2.917770732084279, "W": "-inf", "Y": "-inf"}, "+5": {"A": -3.20545280453606, "C": -4.304065093204169, "D": -2.3581549441488563, "E": -2.6946271807700692, "F": "-inf", "G": -2.6946271807700692, "H": -4.304065093204169, "I": -3.6109179126442243, "K": -2.512305623976115, "L": -4.304065093204169, "M": -4.304065093204169, "N": -2.917770732084279, "P": -2.6946271807700692, "Q": -3.6109179126442243, "R": -3.20545280453606, "S": -2.001480000210124, "T": -1.8191584434161694, "V": -3.20545280453606, "W": -4.304065093204169, "Y": -3.6109179126442243}, "+6": {"A": -2.6946271807700692, "C": -4.304065093204169, "D": -2.2246235515243336, "E": -2.2246235515243336, "F": -2.6946271807700692, "G": -4.304065093204169, "H": -4.304065093204169, "I": -4.304065093204169, "K": -2.917770732084279, "L": -3.20545280453606, "M": "-inf", "N": -2.512305623976115, "P": -2.917770732084279, "Q": -2.3581549441488563, "R": -3.6109179126442243, "S": -2.512305623976115, "T": -3.20545280453606, "V": -2.6946271807700692, "W": "-inf", "Y": -2.917770732084279}, "+7": {"A": -2.917770732084279, "C": -4.304065093204169, "D": -2.917770732084279, "E": -2.917770732084279, "F": -3.6109179126442243, "G": -2.001480000210124, "H": "-inf", "I": -3.6109179126442243, "K": -3.6109179126442243, "L": -2.917770732084279, "M": -4.304065093204169, "N": -2.917770732084279, "P": -3.20545280453606, "Q": -2.2246235515243336, "R": "-inf", "S": -1.739115735742633, "T": -2.917770732084279, "V": -2.917770732084279, "W": -4.304065093204169, "Y": -3.20545280453606}, "+8": {"A": -2.3581549441488563, "C": "-inf", "D": -3.6109179126442243, "E": -2.512305623976115, "F": -4.304065093204169,