{"-10": {"A": -2.687966832647533, "C": -4.246111450694083, "D": -2.946828466563822, "E": -2.5041843552139036, "F": -3.1201001878378585, "G": -2.7607261869299613, "H": -4.428433007488038, "I": -2.696777462329688, "K": -2.36791947569372, "L": -2.4135299869457727, "M": -3.3811140132074784, "N": -3.1756700389926693, "P": -3.0803598591883445, "Q": -3.1756700389926693, "R": -3.0421386463681466, "S": -3.297030895996937, "T": -2.8702883894414875, "V": -2.645041787930499, "W": -5.632405811813974, "Y": -3.639975647123767}, "-9": {"A": -2.5643528766803563, "C": -3.8406463425859183, "D": -2.620144236308772, "E": -2.3002013016387695, "F": -3.297030895996937, "G": -3.0674564543524365, "H": -4.651576558802247, "I": -2.818995095053937, "K": -2.5041843552139036, "L": -2.2942665661189547, "M": -4.246111450694083, "N": -3.4168320958095575, "P": -3.2652821976823563, "Q": -2.8808704987720244, "R": -3.0053246732454304, "S": -3.0297161263695895, "T": -3.106677167505718, "V": -2.7056664097469336, "W": -4.939258631254028, "Y": -3.595523884552933}, "-8": {"A": -2.9133057745251785, "C": -4.651576558802247, "D": -2.518890502603599, "E": -2.4754053906638602, "F": -3.4538733674899067, "G": -2.924355610711763, "H": -4.1660687430205465, "I": -2.8808704987720244, "K": -2.556630830586446, "L": -2.5115103953059763, "M": -3.8688172195526147, "N": -2.924355610711763, "P": -3.1614854040007128, "Q": -2.924355610711763, "R": -2.8391978023714564, "S": -2.620144236308772, "T": -2.981514024551712, "V": -2.8702883894414875, "W": -5.344723739362192, "Y": -3.346627837136309}, "-7": {"A": -2.5721350171224113, "C": -4.022967899379873, "D": -2.770204930884505, "E": -2.125847914493992, "F": -3.4538733674899067, "G": -2.579978194583437, "H": -3.735285826928092, "I": -3.0547174285750067, "K": -2.5721350171224113, "L": -2.4896913479113367, "M": -3.760603634912382, "N": -3.1201001878378585, "P": -3.2046575758659217, "Q": -2.946828466563822, "R": -3.346627837136309, "S": -2.924355610711763, "T": -3.234510539015603, "V": -2.7797743819006557, "W": -5.344723739362192, "Y": -3.7105932143377203}, "-6": {"A": -2.6366735382599824, "C": -4.533793523145864, "D": -2.9582571623874445, "E": -2.420218975096569, "F": -3.4351812344777537, "G": -2.8808704987720244, "H": -4.091960770866825, "I": -2.518890502603599, "K": -2.6119809256696107, "L": -2.5489679578408766, "M": -3.4923396483177025, "N": -3.0174460337777753, "P": -3.093431940755697, "Q": -3.147499162025973, "R": -3.0547174285750067, "S": -2.902376703992988, "T": -3.0053246732454304, "V": -2.5721350171224113, "W": -4.428433007488038, "Y": -3.57401767933197}, "-5": {"A": -2.387212678628399, "C": -4.246111450694083, "D": -2.6119809256696107, "E": -2.312177492685485, "F": -3.297030895996937, "G": -2.8290454309074384, "H": -4.333122827683712, "I": -2.5413633584556576, "K": -2.5338161528202745, "L": -2.6705750899356637, "M": -3.927657719575548, "N": -3.346627837136309, "P": -3.0674564543524365, "Q": -4.0568694510555545, "R": -2.9582571623874445, "S": -2.7513364465801224, "T": -2.770204930884505, "V": -2.7797743819006557, "W": -5.344723739362192, "Y": -3.9584293782423017}, "-4": {"A": -2.6119809256696107, "C": -4.533793523145864, "D": -2.789436292812393, "E": -2.595851543739727, "F": -3.760603634912382, "G": -2.809044764200769, "H": -3.813247368397804, "I": -2.5338161528202745, "K": -2.789436292812393, "L": -2.7513364465801224, "M": -3.9584293782423017, "N": -3.4538733674899067, "P": -2.8290454309074384, "Q": -3.1337058398936373, "R": -3.3811140132074784, "S": -2.7146350797296943, "T": -2.645041787930499, "V": -2.5338161528202745, "W": -4.651576558802247, "Y": -2.8915657878887724}, "-3": {"A": -2.393727359649593, "C": -4.333122827683712, "D": -2.6366735382599824, "E": -2.4613206507821213, "F": -2.8702883894414875, "G": -2.723684915249612, "H": -4.428433007488038, "I": -2.687966832647533, "K": -3.398813590306879, "L": -2.2942665661189547, "M": -4.1660687430205465, "N": -3.0053246732454304, "P": -2.7607261869299613, "Q": -3.1756700389926693, "R": -3.2497780111463914, "S": -3.1337058398936373, "T": -2.924355610711763, "V": -2.7797743819006557, "W": -5.121580188047982, "Y": -3.57401767933197}, "-2": {"A": -2.6534806565763636, "C": -4.2886710651128785, "D": -3.0053246732454304, "E": -2.620144236308772, "F": -3.0674564543524365, "G": -2.620144236308772, "H": -5.0262700082436575, "I": -2.799192467757757, "K": -3.106677167505718, "L": -2.242381730749943, "M": -3.398813590306879, "N": -2.6283747354452873, "P": -3.0053246732454304, "Q": -2.8702883894414875, "R": -4.428433007488038, "S": -2.687966832647533, "T": -2.6534806565763636, "V": -2.946828466563822, "W": -4.533793523145864, "Y": -3.4923396483177025}, "-1": {"A": -2.518890502603599, "C": -4.590951936985812, "D": -3.346627837136309, "E": -2.8808704987720244, "F": -3.57401767933197, "G": -2.187723318212079, "H": -4.379642843318606, "I": -2.770204930884505, "K": -4.716115079939819, "L": -2.3002013016387695, "M": -3.4538733674899067, "N": -2.8494543025386454, "P": -4.246111450694083, "Q": -2.8808704987720244, "R": -3.1201001878378585, "S": -2.7146350797296943, "T": -2.579978194583437, "V": -2.32429885321783, "W": -4.590951936985812, "Y": -3.234510539015603}, "0": {"A": "-inf", "C": "-inf", "D": "-inf", "E": "-inf", "F": "-inf", "G": "-inf", "H": "-inf", "I": "-inf", "K": 0.0, "L": "-inf", "M": "-inf", "N": "-inf", "P": "-inf", "Q": "-inf", "R": "-inf", "S": "-inf", "T": "-inf", "V": "-inf", "W": "-inf", "Y": "-inf"}, "+1": {"A": -2.426953007277913, "C": -3.813247368397804, "D": -3.147499162025973, "E": -2.433732694263292, "F": -3.2652821976823563, "G": -2.6792331526787785, "H": -3.897804756425867, "I": -3.2046575758659217, "K": -2.8702883894414875, "L": -2.3061714686252732, "M": -3.6864956627586603, "N": -2.9582571623874445, "P": -3.0803598591883445, "Q": -2.8290454309074384, "R": -3.639975647123767, "S": -3.2194726616510625, "T": -2.8494543025386454, "V": -2.7513364465801224, "W": -5.0262700082436575, "Y": -3.0421386463681466}, "+2": {"A": -2.482522858432724, "C": -4.379642843318606, "D": -2.993348482198715, "E": -2.6119809256696107, "F": -2.902376703992988, "G": -2.5878833740905502, "H": -4.716115079939819, "I": -2.7328173988128848, "K": -2.5041843552139036, "L": -2.2536812860038764, "M": -4.379642843318606, "N": -3.927657719575548, "P": -3.5323449829314018, "Q": -3.147499162025973, "R": -2.8702883894414875, "S": -3.0421386463681466, "T": -3.1201001878378585, "V": -2.6619913462442724, "W": -3.897804756425867, "Y": -3.329820718819928}, "+3": {"A": -2.859817089574192, "C": -4.246111450694083, "D": -3.297030895996937, "E": -2.330415080235266, "F": -3.8406463425859183, "G": -2.6534806565763636, "H": -4.939258631254028, "I": -2.696777462329688, "K": -2.799192467757757, "L": -2.7607261869299613, "M": -4.1660687430205465, "N": -3.093431940755697, "P": -2.818995095053937, "Q": -3.147499162025973, "R": -2.620144236308772, "S": -2.789436292812393, "T": -2.482522858432724, "V": -2.5413633584556576, "W": -5.121580188047982, "Y": -3.927657719575548}, "+4": {"A": -2.6283747354452873, "C": -3.990178076556882, "D": -2.8290454309074384, "E": -2.440558659333692, "F": -3.147499162025973, "G": -2.6038837154369916, "H": -4.246111450694083, "I": -3.0297161263695895, "K": -2.4754053906638602, "L": -2.6705750899356637, "M": -3.897804756425867, "N": -3.4923396483177025, "P": -2.8494543025386454, "Q": -2.981514024551712, "R": -3.3811140132074784, "S": -2.6283747354452873, "T": -2.687966832647533, "V": -3.0174460337777753, "W": -5.0262700082436575, "Y": -3.8406463425859183}, "+5": {"A": -2.902376703992988, "C": -4.785107951426769, "D": -2.6792331526787785, "E": -2.579978194583437, "F": -3.2194726616510625, "G": -2.6534806565763636, "H": -3.472921562460601, "I": -2.6038837154369916, "K": -2.259379307118514, "L": -2.595851543739727, "M": -4.091960770866825, "N": -3.2810305546504956, "P": -3.0674564543524365, "Q": -3.093431940755697, "R": -3.4351812344777537, "S": -3.297030895996937, "T": -3.3132914168687173, "V": -2.6283747354452873,