{"-10": {"A": -2.878730182880679, "C": -4.958171724560515, "D": -3.012261575505202, "E": -2.393222367098978, "F": -3.0610517396746335, "G": -3.284195290988843, "H": -4.670489652108734, "I": -2.7986874752071427, "K": -2.878730182880679, "L": -2.921289797299475, "M": -3.754198920234579, "N": -3.754198920234579, "P": -2.921289797299475, "Q": -3.417726683613366, "R": -2.2501215234583047, "S": -2.1447610078004784, "T": -3.223570669172408, "V": -3.4918346557670876, "W": -6.056784013228625, "Y": -4.670489652108734}, "-9": {"A": -3.012261575505202, "C": -4.670489652108734, "D": -3.16641225533246, "E": -2.921289797299475, "F": -4.110873864173311, "G": -2.7609471472242957, "H": -3.8595594358924052, "I": -3.658888740430254, "K": -2.5304234886124632, "L": -2.591048110428898, "M": -4.670489652108734, "N": -3.223570669172408, "P": -2.3191143949452564, "Q": -3.754198920234579, "R": -2.7245795030534206, "S": -2.3191143949452564, "T": -3.16641225533246, "V": -2.4732650747725144, "W": -4.958171724560515, "Y": -4.958171724560515}, "-8": {"A": -2.837908188360424, "C": -4.670489652108734, "D": -3.417726683613366, "E": -2.7609471472242957, "F": -4.447346100794524, "G": -2.295583897535062, "H": -4.110873864173311, "I": -3.658888740430254, "K": -3.16641225533246, "L": -2.68948818324215, "M": -3.9773424715487886, "N": -2.7986874752071427, "P": -2.878730182880679, "Q": -3.16641225533246, "R": -2.591048110428898, "S": -2.1055402946471973, "T": -3.112345034062184, "V": -2.9657415598703087, "W": -4.958171724560515, "Y": -4.447346100794524}, "-7": {"A": -3.012261575505202, "C": -4.265024544000569, "D": -3.0610517396746335, "E": -2.7609471472242957, "F": -3.5718773634406245, "G": -2.5304234886124632, "H": -2.9657415598703087, "I": -3.3487338121264147, "K": -3.4918346557670876, "L": -2.68948818324215, "M": -3.9773424715487886, "N": -3.5718773634406245, "P": -2.6555866315664693, "Q": -3.417726683613366, "R": -2.4191978535022387, "S": -2.295583897535062, "T": -2.9657415598703087, "V": -3.223570669172408, "W": -4.265024544000569, "Y": -3.8595594358924052}, "-6": {"A": -2.921289797299475, "C": -3.8595594358924052, "D": -3.012261575505202, "E": -3.16641225533246, "F": -3.284195290988843, "G": -2.68948818324215, "H": -3.4918346557670876, "I": -3.417726683613366, "K": -2.837908188360424, "L": -2.837908188360424, "M": -4.265024544000569, "N": -3.5718773634406245, "P": -2.7245795030534206, "Q": -2.7986874752071427, "R": -3.284195290988843, "S": -2.1855830023207337, "T": -2.9657415598703087, "V": -2.68948818324215, "W": -6.056784013228625, "Y": -3.223570669172408}, "-5": {"A": -3.284195290988843, "C": -4.447346100794524, "D": -3.223570669172408, "E": -2.591048110428898, "F": -3.9773424715487886, "G": -2.4191978535022387, "H": -4.958171724560515, "I": -3.284195290988843, "K": -3.754198920234579, "L": -2.393222367098978, "M": -5.363636832668679, "N": -3.3487338121264147, "P": -2.4191978535022387, "Q": -3.4918346557670876, "R": -2.591048110428898, "S": -1.8823967433329873, "T": -2.921289797299475, "V": -3.16641225533246, "W": "-inf", "Y": -3.9773424715487886}, "-4": {"A": -2.9657415598703087, "C": -3.8595594358924052, "D": -2.9657415598703087, "E": -2.6555866315664693, "F": -3.417726683613366, "G": -3.112345034062184, "H": -3.0610517396746335, "I": -3.3487338121264147, "K": -3.3487338121264147, "L": -2.7986874752071427, "M": -3.8595594358924052, "N": -3.5718773634406245, "P": -3.0610517396746335, "Q": -3.112345034062184, "R": -3.16641225533246, "S": -2.0677999666643503, "T": -2.7245795030534206, "V": -2.4458661005844, "W": -4.958171724560515, "Y": -3.9773424715487886}, "-3": {"A": -2.7245795030534206, "C": -3.754198920234579, "D": -2.6555866315664693, "E": -2.501435951739211, "F": -3.9773424715487886, "G": -3.3487338121264147, "H": -4.447346100794524, "I": -3.284195290988843, "K": -3.417726683613366, "L": -2.7245795030534206, "M": -3.012261575505202, "N": -3.9773424715487886, "P": -2.7986874752071427, "Q": -2.5304234886124632, "R": -3.223570669172408, "S": -2.1249583805042986, "T": -2.921289797299475, "V": -2.878730182880679, "W": -6.056784013228625, "Y": -3.9773424715487886}, "-2": {"A": -2.7245795030534206, "C": -3.8595594358924052, "D": -2.6227968087434785, "E": -2.591048110428898, "F": -4.447346100794524, "G": -2.367904559114688, "H": -4.670489652108734, "I": -3.5718773634406245, "K": -3.0610517396746335, "L": -2.921289797299475, "M": -4.265024544000569, "N": -3.417726683613366, "P": -2.591048110428898, "Q": -3.284195290988843, "R": -2.837908188360424, "S": -2.206636411518566, "T": -3.5718773634406245, "V": -2.560276451762144, "W": -6.056784013228625, "Y": -3.417726683613366}, "-1": {"A": -3.658888740430254, "C": -4.670489652108734, "D": -2.591048110428898, "E": -2.343211946524317, "F": -3.8595594358924052, "G": -2.343211946524317, "H": -4.265024544000569, "I": -3.417726683613366, "K": -3.3487338121264147, "L": -2.6555866315664693, "M": -4.110873864173311, "N": -3.284195290988843, "P": -2.9657415598703087, "Q": -3.658888740430254, "R": -2.6227968087434785, "S": -2.1055402946471973, "T": -2.921289797299475, "V": -2.837908188360424, "W": -4.265024544000569, "Y": -3.8595594358924052}, "0": {"A": "-inf", "C": -2.1249583805042986, "D": "-inf", "E": "-inf", "F": "-inf", "G": "-inf", "H": "-inf", "I": "-inf", "K": "-inf", "L": -6.056784013228625, "M": -0.13789015895547804, "N": "-inf", "P": "-inf", "Q": "-inf", "R": "-inf", "S": -6.056784013228625, "T": "-inf", "V": "-inf", "W": -5.363636832668679, "Y": "-inf"}, "+1": {"A": -2.343211946524317, "C": -3.4918346557670876, "D": -2.878730182880679, "E": -2.393222367098978, "F": -4.265024544000569, "G": -2.3191143949452564, "H": -3.8595594358924052, "I": -3.9773424715487886, "K": -2.921289797299475, "L": -2.921289797299475, "M": -3.9773424715487886, "N": -3.284195290988843, "P": -3.112345034062184, "Q": -3.417726683613366, "R": -3.658888740430254, "S": -1.7801178942125693, "T": -3.0610517396746335, "V": -2.6227968087434785, "W": -6.056784013228625, "Y": -4.265024544000569}, "+2": {"A": -2.5304234886124632, "C": -3.8595594358924052, "D": -2.9657415598703087, "E": -2.501435951739211, "F": -3.417726683613366, "G": -2.295583897535062, "H": -4.670489652108734, "I": -3.9773424715487886, "K": -3.012261575505202, "L": -2.68948818324215, "M": -3.5718773634406245, "N": -3.012261575505202, "P": -2.3191143949452564, "Q": -2.837908188360424, "R": -3.012261575505202, "S": -2.4458661005844, "T": -3.3487338121264147, "V": -3.012261575505202, "W": "-inf", "Y": -3.754198920234579}, "+3": {"A": -2.921289797299475, "C": -3.9773424715487886, "D": -2.7609471472242957, "E": -3.16641225533246, "F": -4.265024544000569, "G": -2.6227968087434785, "H": -3.754198920234579, "I": -3.3487338121264147, "K": -2.501435951739211, "L": -2.5304234886124632, "M": -3.417726683613366, "N": -3.4918346557670876, "P": -2.5304234886124632, "Q": -3.284195290988843, "R": -3.0610517396746335, "S": -1.8823967433329873, "T": -3.223570669172408, "V": -3.16641225533246, "W": -4.958171724560515, "Y": -3.658888740430254}, "+4": {"A": -3.0610517396746335, "C": -3.658888740430254, "D": -2.4191978535022387, "E": -2.9657415598703087, "F": -3.8595594358924052, "G": -2.4732650747725144, "H": -4.670489652108734, "I": -3.3487338121264147, "K": -3.012261575505202, "L": -2.367904559114688, "M": -3.8595594358924052, "N": -3.658888740430254, "P": -2.2281426167395297, "Q": -3.223570669172408, "R": -2.7609471472242957, "S": -2.4191978535022387, "T": -2.921289797299475, "V": -3.112345034062184, "W": -4.958171724560515, "Y": -3.8595594358924052}, "+5": {"A": -2.4732650747725144, "C": -3.9773424715487886, "D": -2.7245795030534206, "E": -2.6555866315664693, "F": -3.9773424715487886, "G": -2.9657415598703087, "H": -3.9773424715487886, "I": -3.5718773634406245, "K": -2.7986874752071427, "L": -2.9657415598703087, "M": -4.265024544000569, "N": -3.754198920234579, "P": -3.0610517396746335, "Q": -2.7609471472242957, "R": -2.837908188360424, "S": -1.9296496281835331, "T": -3.012261575505202, "V": -2.7986874752071427,