{"-10": {"A": -3.2345419416126, "C": -4.56954300834494, "D": -4.474232828540615, "E": -3.614031563317504, "F": -4.03891475728277, "G": -3.876395827784995, "H": -5.485833740219095, "I": -3.158556034634678, "K": -3.158556034634678, "L": -2.0200978374193688, "M": -4.926217952283673, "N": -4.926217952283673, "P": -3.0879384674207246, "Q": -4.56954300834494, "R": -4.474232828540615, "S": -3.614031563317504, "T": -5.262690188904886, "V": -3.1109279856454237, "W": -4.233070771723727, "Y": "-inf"}, "-9": {"A": -2.568063008134816, "C": -3.827605663615563, "D": -3.827605663615563, "E": -4.926217952283673, "F": -4.03891475728277, "G": -3.1109279856454237, "H": -4.674903524002767, "I": -4.307178743877449, "K": -5.262690188904886, "L": -2.2373991131093502, "M": -5.080368632110931, "N": -5.485833740219095, "P": -3.2345419416126, "Q": -4.307178743877449, "R": -3.981756343442821, "S": -3.2612101886947613, "T": -4.926217952283673, "V": -3.1109279856454237, "W": -3.827605663615563, "Y": -5.773515812670876}, "-8": {"A": -2.713245017979314, "C": -4.474232828540615, "D": -4.387221451550985, "E": -4.03891475728277, "F": -4.56954300834494, "G": -3.158556034634678, "H": -5.485833740219095, "I": -3.981756343442821, "K": -5.485833740219095, "L": -2.2974171228356033, "M": -4.56954300834494, "N": -4.674903524002767, "P": -3.2612101886947613, "Q": -3.43814089685384, "R": -3.876395827784995, "S": -2.96010509591084, "T": -3.4709307196768306, "V": -3.43814089685384, "W": -5.485833740219095, "Y": -5.773515812670876}, "-7": {"A": -3.1344584830556177, "C": -4.474232828540615, "D": -3.827605663615563, "E": -3.78108564798067, "F": -3.2085664552093394, "G": -3.4063921985392596, "H": -3.981756343442821, "I": -3.539923591163782, "K": -3.981756343442821, "L": -2.2570075844977264, "M": -4.926217952283673, "N": -3.827605663615563, "P": -3.576291235334657, "Q": -3.827605663615563, "R": -5.080368632110931, "S": -3.539923591163782, "T": -3.614031563317504, "V": -3.653252276470785, "W": -5.080368632110931, "Y": -5.485833740219095}, "-6": {"A": -2.652620396162879, "C": -4.56954300834494, "D": -3.614031563317504, "E": -5.262690188904886, "F": -4.0995393790992045, "G": -3.4063921985392596, "H": -4.674903524002767, "I": -3.288609162882876, "K": -5.080368632110931, "L": -2.6380215967417264, "M": -4.674903524002767, "N": -4.474232828540615, "P": -2.94030246861466, "Q": -4.164077900236776, "R": -3.78108564798067, "S": -3.2345419416126, "T": -3.653252276470785, "V": -2.980307803228359, "W": -6.178980920779041, "Y": -5.262690188904886}, "-5": {"A": -2.66743548194802, "C": -5.773515812670876, "D": -3.653252276470785, "E": -4.307178743877449, "F": -3.78108564798067, "G": -2.901836187786864, "H": -5.485833740219095, "I": -4.387221451550985, "K": -4.307178743877449, "L": -3.288609162882876, "M": -4.79268655965915, "N": -4.307178743877449, "P": -2.6824733593125605, "Q": -4.233070771723727, "R": -3.539923591163782, "S": -3.158556034634678, "T": -3.375620539872506, "V": -3.1109279856454237, "W": -6.872128101338986, "Y": -4.674903524002767}, "-4": {"A": -3.7366338854098364, "C": -5.262690188904886, "D": -4.674903524002767, "E": -3.9276891221725454, "F": -4.164077900236776, "G": -2.8467764106038365, "H": -4.674903524002767, "I": -3.375620539872506, "K": -4.474232828540615, "L": -2.5413947610526546, "M": -4.79268655965915, "N": -4.233070771723727, "P": -3.043486704849891, "Q": -3.1832486472250494, "R": -3.876395827784995, "S": -3.2612101886947613, "T": -4.233070771723727, "V": -3.2345419416126, "W": -3.827605663615563, "Y": -4.474232828540615}, "-3": {"A": -2.4177808050854783, "C": -3.653252276470785, "D": -4.307178743877449, "E": -3.78108564798067, "F": -4.56954300834494, "G": -3.316780039849572, "H": -5.080368632110931, "I": -4.926217952283673, "K": -4.233070771723727, "L": -3.288609162882876, "M": -6.178980920779041, "N": -4.674903524002767, "P": -3.288609162882876, "Q": -3.4709307196768306, "R": -3.9276891221725454, "S": -2.697740831443349, "T": -3.43814089685384, "V": -2.7777835391168852, "W": "-inf", "Y": -6.872128101338986}, "-2": {"A": -3.539923591163782, "C": -6.178980920779041, "D": -4.79268655965915, "E": -2.7449937162938944, "F": -4.0995393790992045, "G": -4.474232828540615, "H": -5.485833740219095, "I": -5.485833740219095, "K": -2.728993374947453, "L": -3.158556034634678, "M": -4.233070771723727, "N": -4.387221451550985, "P": -3.876395827784995, "Q": -3.065465611568666, "R": -3.316780039849572, "S": -2.864794916106515, "T": -4.0995393790992045, "V": -3.9276891221725454, "W": -3.1109279856454237, "Y": -4.674903524002767}, "-1": {"A": -1.7661826274384054, "C": -4.164077900236776, "D": -3.4709307196768306, "E": -3.827605663615563, "F": -6.178980920779041, "G": -3.1344584830556177, "H": "-inf", "I": -5.773515812670876, "K": -4.233070771723727, "L": -4.387221451550985, "M": -6.872128101338986, "N": -4.674903524002767, "P": -4.164077900236776, "Q": -3.7366338854098364, "R": -2.3288333190689823, "S": -3.2612101886947613, "T": -4.307178743877449, "V": -4.56954300834494, "W": -6.872128101338986, "Y": "-inf"}, "0": {"A": "-inf", "C": "-inf", "D": "-inf", "E": -4.233070771723727, "F": "-inf", "G": "-inf", "H": "-inf", "I": "-inf", "K": "-inf", "L": "-inf", "M": "-inf", "N": "-inf", "P": "-inf", "Q": -0.014614038793595628, "R": "-inf", "S": "-inf", "T": "-inf", "V": "-inf", "W": "-inf", "Y": "-inf"}, "+1": {"A": -2.728993374947453, "C": -3.981756343442821, "D": -2.697740831443349, "E": -3.2345419416126, "F": -3.4709307196768306, "G": -2.2086890072269187, "H": -3.4709307196768306, "I": -4.0995393790992045, "K": -2.4901014666651045, "L": -2.5026802488719646, "M": -5.773515812670876, "N": -3.3457675767228245, "P": -3.1832486472250494, "Q": -2.6094482242976706, "R": -3.316780039849572, "S": -2.980307803228359, "T": -3.043486704849891, "V": -2.1536292300438915, "W": -3.4709307196768306, "Y": -3.9276891221725454}, "+2": {"A": -3.043486704849891, "C": -3.0219804996289272, "D": -2.8831440547747116, "E": -3.614031563317504, "F": -3.158556034634678, "G": -2.66743548194802, "H": -4.674903524002767, "I": -4.0995393790992045, "K": -3.375620539872506, "L": -2.528322679485302, "M": -6.872128101338986, "N": -2.2669579153508947, "P": -2.4654088540747328, "Q": -3.78108564798067, "R": -2.5816686601905947, "S": -3.1344584830556177, "T": -2.96010509591084, "V": -2.8467764106038365, "W": -2.247155288054715, "Y": -3.827605663615563}, "+3": {"A": -2.6824733593125605, "C": -3.4063921985392596, "D": -2.5816686601905947, "E": -3.539923591163782, "F": -1.959473215602934, "G": -2.713245017979314, "H": -4.0995393790992045, "I": -3.4709307196768306, "K": -3.4709307196768306, "L": -2.6094482242976706, "M": -5.080368632110931, "N": -3.653252276470785, "P": -2.2181677511814626, "Q": -2.980307803228359, "R": -3.1344584830556177, "S": -2.9208843827575586, "T": -3.3457675767228245, "V": -3.576291235334657, "W": -3.539923591163782, "Y": -3.0219804996289272}, "+4": {"A": -3.375620539872506, "C": -3.981756343442821, "D": -2.901836187786864, "E": -3.1344584830556177, "F": -3.7366338854098364, "G": -2.4776789466665474, "H": -3.1109279856454237, "I": -4.387221451550985, "K": -3.375620539872506, "L": -3.43814089685384, "M": -5.080368632110931, "N": -3.0219804996289272, "P": -2.0358461943875077, "Q": -3.1344584830556177, "R": -3.043486704849891, "S": -2.0358461943875077, "T": -2.19929926687708, "V": -3.4709307196768306, "W": -5.080368632110931, "Y": -2.829076833504436}, "+5": {"A": -3.043486704849891, "C": -3.375620539872506, "D": -3.539923591163782, "E": -3.065465611568666, "F": -2.7612542371656748, "G": -2.1625979000266518, "H": -3.6940742709910404, "I": -4.03891475728277, "K": -3.0879384674207246, "L": -3.288609162882876, "M": -5.080368632110931, "N": -3.653252276470785, "P": -1.6042699422756577, "Q": -3.065465611568666, "R": -2.568063008134816, "S": -2.6824733593125605, "T": -3.504832271352512, "V": -3.0879384674207246, "W": -4.307178743877449, "Y": -3.876395827784995}, "+6": {"A": -3.2612101886947613, "C": -2.8467764106038365,