{"-10": {"A": -2.5772490422433827, "C": -4.161763546225026, "D": -3.0428459913961707, "E": -2.7377288571222884, "F": -3.2672466139004315, "G": -2.7340319952409624, "H": -3.701421827891027, "I": -3.0082746473310817, "K": -2.596357903941429, "L": -2.4417479818558125, "M": -3.7210302992794038, "N": -3.2547464511362, "P": -3.1376537848548374, "Q": -3.1600010835468337, "R": -2.8808297007629617, "S": -2.7988165491021264, "T": -2.7988165491021264, "V": -2.6093030685334657, "W": -4.347166769556389, "Y": -3.423495930384611}, "-9": {"A": -2.6028095392229176, "C": -3.9923453942669793, "D": -2.920050413916243, "E": -2.673190335984717, "F": -3.148765010279908, "G": -2.697796146786917, "H": -3.741030965986073, "I": -2.8851123625549624, "K": -2.5523256337909257, "L": -2.411895018706131, "M": -3.9923453942669793, "N": -3.2424006153139007, "P": -2.9842926826445964, "Q": -3.22416302776412, "R": -2.7639967839428987, "S": -2.8851123625549624, "T": -2.9795645414486507, "V": -2.708529702430026, "W": -4.8704149133209365, "Y": -3.672711722008596}, "-8": {"A": -2.561599270576255, "C": -4.1166431109445565, "D": -2.9068051871662224, "E": -2.8308192801883, "F": -3.359417073700089, "G": -2.540093065355291, "H": -3.792856033850659, "I": -2.9425232697683015, "K": -2.6257237987457933, "L": -2.5220202842955968, "M": -3.8934995596303468, "N": -3.1104041424074618, "P": -2.9156158168483772, "Q": -3.299198213707034, "R": -2.7870747312254434, "S": -2.6628275489491706, "T": -2.9245047642656234, "V": -2.741439436518824, "W": -4.404325183396337, "Y": -3.701421827891027}, "-7": {"A": -2.472519640522566, "C": -4.102044311523404, "D": -2.993816564155852, "E": -2.7716304087979697, "F": -3.540360270523922, "G": -2.4926063990893033, "H": -3.8934995596303468, "I": -3.0328459080615873, "K": -2.5461906452234095, "L": -2.4012566205010755, "M": -3.8588140016424566, "N": -3.299198213707034, "P": -3.094403801061021, "Q": -3.2121868367174042, "R": -2.596357903941429, "S": -2.9068051871662224, "T": -2.9245047642656234, "V": -2.676668600361042, "W": -4.902163611635517, "Y": -3.5825606250142985}, "-6": {"A": -2.5804086025337507, "C": -4.365858902568541, "D": -3.0278831187194584, "E": -2.58357817729503, "F": -3.3525441944123267, "G": -2.6158390395132516, "H": -3.484120552201046, "I": -3.0328459080615873, "K": -2.58994762558051, "L": -2.507205198510456, "M": -3.803551322967407, "N": -3.2927256992014167, "P": -2.9024288125664235, "Q": -3.171364842197149, "R": -2.760201712974347, "S": -2.673190335984717, "T": -2.947079086304162, "V": -2.7870747312254434, "W": -5.003946305945459, "Y": -3.5239664607482455}, "-5": {"A": -2.5340324407436, "C": -4.19301608972913, "D": -2.810697876988879, "E": -2.642418677317963, "F": -3.373306185860756, "G": -2.4556178297199627, "H": -3.8252913096038133, "I": -2.9156158168483772, "K": -2.5584984928980066, "L": -2.4145723964768475, "M": -3.8475144463885234, "N": -3.2062521011975895, "P": -3.2362843882964647, "Q": -3.2424006153139007, "R": -2.8146898982584165, "S": -2.7639967839428987, "T": -3.083877388074033, "V": -2.7193797184540918, "W": -4.7808027546312495, "Y": -3.6633219816587568}, "-4": {"A": -2.564709692990647, "C": -4.2757078055742435, "D": -2.8851123625549624, "E": -2.748902157720414, "F": -3.1050421992660766, "G": -2.642418677317963, "H": -3.711178002836392, "I": -2.9156158168483772, "K": -2.7303487498246657, "L": -2.310284842295349, "M": -3.9541241814467813, "N": -3.2003523790704014, "P": -3.2302053422200823, "Q": -3.2062521011975895, "R": -3.047883785426128, "S": -2.748902157720414, "T": -2.855511892778672, "V": -2.5042683388371465, "W": -4.698564656394277, "Y": -3.5239664607482455}, "-3": {"A": -2.4065616727307684, "C": -4.1166431109445565, "D": -2.9842926826445964, "E": -2.6357072427299766, "F": -3.491963729662072, "G": -2.561599270576255, "H": -3.8588140016424566, "I": -2.974858650411238, "K": -2.7754691851051354, "L": -2.359799906822729, "M": -3.6087629974083226, "N": -3.260977000886836, "P": -3.2062521011975895, "Q": -3.332204510175204, "R": -2.920050413916243, "S": -2.6907039184774253, "T": -2.7831912311990457, "V": -2.5340324407436, "W": -5.29162837839724, "Y": -3.6917599169792905}, "-2": {"A": -2.447272857787782, "C": -5.340418542566672, "D": -3.0786554440928815, "E": -2.7948872709622368, "F": -3.3122702952743865, "G": -2.6907039184774253, "H": -3.6540195889964435, "I": -2.868090674985532, "K": -2.5931476283111805, "L": -2.33721425417398, "M": -4.258613372214944, "N": -3.182859221622884, "P": -2.8851123625549624, "Q": -3.2424006153139007, "R": -2.8937331055988693, "S": -2.676668600361042, "T": -2.9425232697683015, "V": -2.4926063990893033, "W": -5.078054278099181, "Y": -3.6176519448255684}, "-1": {"A": -2.4926063990893033, "C": -4.258613372214944, "D": -2.889413444454353, "E": -2.8430893727801148, "F": -3.273555783093696, "G": -2.5340324407436, "H": -3.599952367726168, "I": -2.8067217286092396, "K": -2.868090674985532, "L": -2.4145723964768475, "M": -4.241806253898562, "N": -3.0082746473310817, "P": -3.0734606272157774, "Q": -3.177095516906134, "R": -3.148765010279908, "S": -2.5370581616601373, "T": -2.810697876988879, "V": -2.741439436518824, "W": -4.672589169991016, "Y": -3.491963729662072}, "0": {"A": -7.237538527452553, "C": -0.0007193382398661839, "D": "-inf", "E": "-inf", "F": "-inf", "G": "-inf", "H": "-inf", "I": "-inf", "K": "-inf", "L": "-inf", "M": "-inf", "N": "-inf", "P": "-inf", "Q": "-inf", "R": "-inf", "S": "-inf", "T": "-inf", "V": "-inf", "W": "-inf", "Y": "-inf"}, "+1": {"A": -2.7230227097325925, "C": -4.365858902568541, "D": -2.760201712974347, "E": -2.752654507338964, "F": -3.2302053422200823, "G": -2.5772490422433827, "H": -3.711178002836392, "I": -2.876565301976504, "K": -2.851353882630008, "L": -2.3297976565189304, "M": -4.161763546225026, "N": -3.2062521011975895, "P": -2.697796146786917, "Q": -3.1050421992660766, "R": -3.218157003703908, "S": -2.642418677317963, "T": -2.708529702430026, "V": -2.7193797184540918, "W": -5.078054278099181, "Y": -3.771802624652827}, "+2": {"A": -2.596357903941429, "C": -5.200656600191514, "D": -2.947079086304162, "E": -2.7049390342992976, "F": -3.3663375165446623, "G": -2.596357903941429, "H": -3.573976881322907, "I": -2.826762479492686, "K": -2.8472130899639767, "L": -2.2425810460755273, "M": -4.059484697104608, "N": -3.332204510175204, "P": -2.93798811460291, "Q": -3.165666821082511, "R": -2.998612736419345, "S": -2.767806312359566, "T": -2.889413444454353, "V": -2.4012566205010755, "W": -4.8704149133209365, "Y": -3.771802624652827}, "+3": {"A": -2.4335174827192967, "C": -4.258613372214944, "D": -2.9245047642656234, "E": -2.7716304087979697, "F": -3.5239664607482455, "G": -2.6457913617966025, "H": -3.8252913096038133, "I": -2.9334734342483837, "K": -2.708529702430026, "L": -2.390730207514088, "M": -3.881803519867155, "N": -3.115794991042338, "P": -2.9068051871662224, "Q": -3.1600010835468337, "R": -3.0734606272157774, "S": -2.7230227097325925, "T": -2.7870747312254434, "V": -2.6125657141682823, "W": -4.902163611635517, "Y": -3.548659073338617}, "+4": {"A": -2.6357072427299766, "C": -4.2757078055742435, "D": -2.9425232697683015, "E": -2.7451638356098065, "F": -3.416169890292538, "G": -2.5678298203268906, "H": -3.6176519448255684, "I": -2.7266790209357032, "K": -2.7451638356098065, "L": -2.3547366048661824, "M": -3.814362239071623, "N": -3.171364842197149, "P": -3.0082746473310817, "Q": -3.387390925742495, "R": -2.9842926826445964, "S": -2.741439436518824, "T": -2.8389825908274613, "V": -2.7049390342992976, "W": -4.598481197837295, "Y": -3.4308760376822334}, "+5": {"A": -2.574099433340486, "C": -4.365858902568541, "D": -2.9156158168483772, "E": -2.619123114714441, "F": -3.3122702952743865, "G": -2.5709597133358186, "H": -3.8252913096038133, "I": -3.003432022855294, "K": -2.619123114714441, "L": -2.444506604294892, "M": -3.9794419894310713, "N": -3.3525441944123267, "P": -2.9562534625802033, "Q": -3.2302053422200823, "R": -2.7988165491021264, "S": -2.826762479492686, "T": -2.7831912311990457,