{"-10": {"A": -2.759573354127711, "C": -3.782319892021107, "D": -3.1169522755682375, "E": -2.699818423625696, "F": -3.2052448827139157, "G": -2.654459174226765, "H": -4.0745786315003, "I": -3.048898812323222, "K": -2.7620394466229046, "L": -2.3107279503893214, "M": -3.868086713778532, "N": -3.4429165345910353, "P": -3.085753904712376, "Q": -3.358754742269325, "R": -2.8994584567961468, "S": -2.9194877386717195, "T": -2.797218953744078, "V": -2.6814271006542723, "W": -4.409217687039852, "Y": -3.6845221487449806}, "-9": {"A": -2.723293680047062, "C": -3.7754939269507073, "D": -3.0994998256170114, "E": -2.8390004877590327, "F": -3.075567059405383, "G": -2.6478293156880954, "H": -3.898392063273861, "I": -2.9976055179356713, "K": -2.587982399678843, "L": -2.397739327378951, "M": -3.755291219633188, "N": -3.220749069249881, "P": -3.058816248980568, "Q": -3.3148880601637427, "R": -2.8551298696889162, "S": -2.8023471701109974, "T": -3.0994998256170114, "V": -2.7620394466229046, "W": -4.655052649556132, "Y": -3.8386728285722387}, "-8": {"A": -2.6656075617093795, "C": -3.6301280766791817, "D": -3.085753904712376, "E": -2.8853935273287434, "F": -3.332204510175204, "G": -2.667852231563203, "H": -3.8171666233512753, "I": -3.01653352782119, "K": -2.7620394466229046, "L": -2.3740094003368415, "M": -3.7619802077839846, "N": -3.363249131857164, "P": -3.0197233231892904, "Q": -3.340976496248041, "R": -2.7870407488283218, "S": -2.6905804826407596, "T": -2.928196066563504, "V": -2.7719650864228744, "W": -4.347085905932846, "Y": -3.6479327013126883}, "-7": {"A": -2.553320417977925, "C": -3.545570688651119, "D": -3.134714731908078, "E": -2.8826041252411647, "F": -3.2978663725943123, "G": -2.6026117096948025, "H": -4.2120496221289025, "I": -3.2052448827139157, "K": -2.6566789309650782, "L": -2.3028970568087734, "M": -3.9784347709473975, "N": -3.428388434028126, "P": -3.072194374926744, "Q": -3.3365808847750027, "R": -2.6701019512972186, "S": -2.896629600595669, "T": -2.8551298696889162, "V": -2.7304450812046874, "W": -4.475467072581052, "Y": -3.6301280766791817}, "-6": {"A": -2.7669899517827607, "C": -3.5729696628392333, "D": -3.065482940338757, "E": -2.7522113576866416, "F": -3.2936558400579687, "G": -2.6500343882464095, "H": -4.083795286605224, "I": -2.9759663428321903, "K": -2.7620394466229046, "L": -2.4202901529008476, "M": -3.8831245911430727, "N": -3.24047357459766, "P": -2.9668338592689176, "Q": -3.2052448827139157, "R": -2.6951887857269536, "S": -2.6566789309650782, "T": -3.082346746390762, "V": -2.781990233042253, "W": -4.244137936680403, "Y": -3.659981039828863}, "-5": {"A": -2.632528470732795, "C": -3.4626216056703676, "D": -3.131136910560194, "E": -2.815283961141717, "F": -3.1861966877432213, "G": -2.5735640242545714, "H": -4.233327020576188, "I": -2.8853935273287434, "K": -2.794664673938981, "L": -2.3186206511882306, "M": -3.8831245911430727, "N": -3.24047357459766, "P": -3.1824302049477446, "Q": -3.513653085682814, "R": -2.8605646656748736, "S": -2.759573354127711, "T": -3.0197233231892904, "V": -2.5674477972371355, "W": -4.0930976792675375, "Y": -3.6783301784970597}, "-4": {"A": -2.7694744251104226, "C": -3.264668303184717, "D": -3.332204510175204, "E": -3.0358267307558693, "F": -2.866029160146952, "G": -2.6478293156880954, "H": -3.8755773855076896, "I": -2.896629600595669, "K": -2.8826041252411647, "L": -2.1866753017193425, "M": -3.6126349192316645, "N": -3.3148880601637427, "P": -3.2565381771014663, "Q": -3.477659483034908, "R": -2.866029160146952, "S": -2.6768816382825977, "T": -2.8853935273287434, "V": -2.5984100228411022, "W": -4.5318200091321845, "Y": -3.7289739113158142}, "-3": {"A": -2.587982399678843, "C": -3.2524977675644613, "D": -3.1824302049477446, "E": -2.9399264063489934, "F": -3.1064442979698224, "G": -2.652244333897212, "H": -4.047427642434349, "I": -2.8497244511220083, "K": -2.9458435833770817, "L": -2.2721726738777575, "M": -3.8171666233512753, "N": -3.24047357459766, "P": -3.055499496354574, "Q": -3.428388434028126, "R": -2.9311157766668385, "S": -2.7620394466229046, "T": -2.836337370339549, "V": -2.5984100228411022, "W": -4.2120496221289025, "Y": -3.6011405398059293}, "-2": {"A": -2.5063450496645205, "C": -3.3453915144571575, "D": -3.3020947087038337, "E": -3.0521937082200745, "F": -3.085753904712376, "G": -2.5453363436297045, "H": -4.012336322623079, "I": -3.007024739852163, "K": -2.8551298696889162, "L": -2.1852873764444944, "M": -3.7160705064799067, "N": -3.3191891420631334, "P": -2.8742823019036727, "Q": -3.2811295802387885, "R": -2.74976935403109, "S": -2.6951887857269536, "T": -3.007024739852163, "V": -2.7997797746057516, "W": -4.30001839507486, "Y": -3.659981039828863}, "-1": {"A": -2.6500343882464095, "C": -2.6837076033529974, "D": -3.2687582884362416, "E": -3.209098452029906, "F": -2.896629600595669, "G": -2.5025282511378197, "H": -3.8030818834695364, "I": -2.9108545915270163, "K": -3.467609147181407, "L": -2.098969721300237, "M": -3.9456449481244067, "N": -3.2565381771014663, "P": -2.8178915245487977, "Q": -3.414068380253377, "R": -3.6011405398059293, "S": -2.5006253009917336, "T": -3.058816248980568, "V": -2.679151786817137, "W": -4.30001839507486, "Y": -3.6479327013126883}, "0": {"A": -7.156488601295343, "C": -0.00814285739527573, "D": -7.667314225061334, "E": -8.072779333169498, "F": -8.072779333169498, "G": -7.667314225061334, "H": "-inf", "I": -8.765926513729443, "K": -8.765926513729443, "L": -7.3796321526095525, "M": -8.765926513729443, "N": -7.156488601295343, "P": -7.667314225061334, "Q": -7.3796321526095525, "R": -8.072779333169498, "S": -6.686484972049608, "T": -8.072779333169498, "V": -6.974167044501389, "W": "-inf", "Y": "-inf"}, "+1": {"A": -2.8994584567961468, "C": -2.6928819796290386, "D": -3.276988787572757, "E": -3.20140610640675, "F": -2.9976055179356713, "G": -2.450568512207109, "H": -3.9701359681327024, "I": -2.905140290263578, "K": -3.007024739852163, "L": -2.207728710917175, "M": -4.396478661262422, "N": -3.32350880320765, "P": -2.8100891442646128, "Q": -3.045614737122032, "R": -2.963808138352381, "S": -2.5493204126445788, "T": -2.9399264063489934, "V": -2.925284856356045, "W": -4.561233894338478, "Y": -3.735488592337008}, "+2": {"A": -2.7645116357682933, "C": -3.2811295802387885, "D": -3.2052448827139157, "E": -3.0390787661422465, "F": -3.3498261115250236, "G": -2.5101764719760764, "H": -3.9701359681327024, "I": -3.0261336015502094, "K": -2.807501820699662, "L": -2.261638340192798, "M": -4.42212109187576, "N": -3.492926955165697, "P": -2.957784023749, "Q": -3.1638076928497427, "R": -2.4968302300231824, "S": -2.479928419220579, "T": -3.082346746390762, "V": -2.672356743684308, "W": -4.1912155352260605, "Y": -3.7096807083811356}, "+3": {"A": -2.7114871674600733, "C": -3.113437333460793, "D": -3.134714731908078, "E": -2.9913749681850352, "F": -3.212966928807826, "G": -2.6217408796037978, "H": -4.1311975254998075, "I": -2.9729129053452996, "K": -2.7997797746057516, "L": -2.254181184084716, "M": -4.1912155352260605, "N": -3.1029660335934977, "P": -2.8524235080911735, "Q": -3.2524977675644613, "R": -2.747333299233209, "S": -2.679151786817137, "T": -2.8881907319498046, "V": -2.754659339325282, "W": -4.622791787337911, "Y": -3.8030818834695364}, "+4": {"A": -2.6859933186338534, "C": -3.032585236831698, "D": -3.276988787572757, "E": -3.0390787661422465, "F": -3.082346746390762, "G": -2.654459174226765, "H": -3.8242840911201395, "I": -2.928196066563504, "K": -2.836337370339549, "L": -2.328174863993042, "M": -4.140953700445173, "N": -3.272865070388895, "P": -2.896629600595669, "Q": -3.363249131857164, "R": -2.667852231563203, "S": -2.6905804826407596, "T": -2.905140290263578, "V": -2.7185543346831658, "W": -4.323275257239127, "Y": -3.796113214153443}, "+5": {"A": -2.617458217811797, "C": -3.306340999585285, "D": -3.055499496354574, "E": -2.8416707163149115, "F": -3.4429165345910353, "G": -2.6566789309650782, "H": -3.961905468996187, "I": -2.9458435833770817, "K": -2.6281994596432097, "L": -2.359046527660129,