{"-10": {"A": -3.123565645063876, "C": "-inf", "D": -2.4769384801388235, "E": -2.1541650878757723, "F": -3.036554268074246, "G": -2.7488721956224653, "H": -3.4420193761824103, "I": -4.8283137373023015, "K": -3.036554268074246, "L": -2.6882475738060303, "M": -3.7297014486341915, "N": -4.422848629194137, "P": -5.521460917862246, "Q": -3.123565645063876, "R": -2.385966701933097, "S": -3.036554268074246, "T": -3.2188758248682006, "V": -3.2188758248682006, "W": -4.422848629194137, "Y": -3.123565645063876}, "-9": {"A": -2.631089159966082, "C": -4.8283137373023015, "D": -2.9565115604007097, "E": -2.8824035882469876, "F": -3.912023005428146, "G": -2.577021938695806, "H": -3.2188758248682006, "I": -5.521460917862246, "K": -3.7297014486341915, "L": -2.9565115604007097, "M": -4.135166556742356, "N": -3.4420193761824103, "P": -1.760260802168684, "Q": -3.912023005428146, "R": -2.577021938695806, "S": -2.8134107167600364, "T": -3.7297014486341915, "V": -3.912023005428146, "W": -4.8283137373023015, "Y": -3.123565645063876}, "-8": {"A": -3.3242363405260273, "C": -5.521460917862246, "D": -2.6882475738060303, "E": -2.7488721956224653, "F": -3.3242363405260273, "G": -3.123565645063876, "H": -4.422848629194137, "I": -4.135166556742356, "K": -3.3242363405260273, "L": -2.3434070875143007, "M": -3.912023005428146, "N": -3.123565645063876, "P": -2.5257286443082556, "Q": -4.8283137373023015, "R": -3.036554268074246, "S": -2.631089159966082, "T": -2.631089159966082, "V": -3.2188758248682006, "W": -3.7297014486341915, "Y": -2.8824035882469876}, "-7": {"A": -3.4420193761824103, "C": -3.4420193761824103, "D": -2.3025850929940455, "E": -2.385966701933097, "F": -3.4420193761824103, "G": -2.385966701933097, "H": -3.123565645063876, "I": -4.422848629194137, "K": -3.4420193761824103, "L": -2.8824035882469876, "M": -3.7297014486341915, "N": -4.135166556742356, "P": -3.2188758248682006, "Q": -3.575550768806933, "R": -3.7297014486341915, "S": -3.123565645063876, "T": -2.6882475738060303, "V": -3.036554268074246, "W": -3.912023005428146, "Y": -3.2188758248682006}, "-6": {"A": -2.2633643798407643, "C": -5.521460917862246, "D": -3.036554268074246, "E": -2.385966701933097, "F": -2.577021938695806, "G": -2.8134107167600364, "H": -4.135166556742356, "I": -3.575550768806933, "K": -3.912023005428146, "L": -3.123565645063876, "M": -3.575550768806933, "N": -3.123565645063876, "P": -3.2188758248682006, "Q": -3.4420193761824103, "R": -2.577021938695806, "S": -2.8134107167600364, "T": -3.3242363405260273, "V": -3.4420193761824103, "W": "-inf", "Y": -3.2188758248682006}, "-5": {"A": -3.4420193761824103, "C": -4.135166556742356, "D": -2.9565115604007097, "E": -1.9105430052180221, "F": -3.4420193761824103, "G": -3.3242363405260273, "H": -3.123565645063876, "I": -2.6882475738060303, "K": -3.123565645063876, "L": -3.123565645063876, "M": -3.7297014486341915, "N": -3.7297014486341915, "P": -2.8824035882469876, "Q": -3.3242363405260273, "R": -3.575550768806933, "S": -2.7488721956224653, "T": -2.9565115604007097, "V": -3.3242363405260273, "W": "-inf", "Y": -2.7488721956224653}, "-4": {"A": -3.123565645063876, "C": "-inf", "D": -2.6882475738060303, "E": -1.9379419794061366, "F": -2.7488721956224653, "G": -4.135166556742356, "H": -4.422848629194137, "I": -3.7297014486341915, "K": -5.521460917862246, "L": -3.3242363405260273, "M": -4.135166556742356, "N": -2.6882475738060303, "P": -2.385966701933097, "Q": -2.7488721956224653, "R": -3.4420193761824103, "S": -2.2633643798407643, "T": -2.6882475738060303, "V": -3.912023005428146, "W": -5.521460917862246, "Y": -3.575550768806933}, "-3": {"A": -3.575550768806933, "C": -5.521460917862246, "D": -1.8838747581358606, "E": -2.2633643798407643, "F": -2.120263536200091, "G": -3.036554268074246, "H": -3.3242363405260273, "I": -4.135166556742356, "K": -4.8283137373023015, "L": -3.2188758248682006, "M": "-inf", "N": -2.8134107167600364, "P": -2.9565115604007097, "Q": -2.631089159966082, "R": -4.422848629194137, "S": -2.6882475738060303, "T": -3.575550768806933, "V": -3.3242363405260273, "W": -5.521460917862246, "Y": -2.577021938695806}, "-2": {"A": -2.9565115604007097, "C": -3.912023005428146, "D": -1.9661128563728327, "E": -2.3434070875143007, "F": -3.912023005428146, "G": -3.4420193761824103, "H": -3.912023005428146, "I": -3.912023005428146, "K": -4.8283137373023015, "L": -2.8824035882469876, "M": -4.135166556742356, "N": -3.7297014486341915, "P": -2.631089159966082, "Q": -2.4769384801388235, "R": -2.4769384801388235, "S": -3.2188758248682006, "T": -2.9565115604007097, "V": -3.7297014486341915, "W": -4.8283137373023015, "Y": -2.1892564076870427}, "-1": {"A": -3.036554268074246, "C": "-inf", "D": -0.8209805520698302, "E": -2.6882475738060303, "F": -4.135166556742356, "G": -3.912023005428146, "H": -3.3242363405260273, "I": -2.430418464503931, "K": -5.521460917862246, "L": -3.7297014486341915, "M": -4.8283137373023015, "N": -3.7297014486341915, "P": -3.2188758248682006, "Q": -3.3242363405260273, "R": "-inf", "S": -3.036554268074246, "T": -4.135166556742356, "V": -4.135166556742356, "W": "-inf", "Y": -2.7488721956224653}, "0": {"A": "-inf", "C": -2.430418464503931, "D": "-inf", "E": "-inf", "F": "-inf", "G": "-inf", "H": "-inf", "I": "-inf", "K": "-inf", "L": "-inf", "M": "-inf", "N": "-inf", "P": "-inf", "Q": "-inf", "R": "-inf", "S": -4.135166556742356, "T": -5.521460917862246, "V": "-inf", "W": "-inf", "Y": -0.11428914640212766}, "+1": {"A": -3.912023005428146, "C": -3.4420193761824103, "D": -1.8838747581358606, "E": -2.631089159966082, "F": -4.8283137373023015, "G": -1.7147984280919266, "H": -4.8283137373023015, "I": -3.2188758248682006, "K": -4.422848629194137, "L": -3.2188758248682006, "M": -2.9565115604007097, "N": -4.135166556742356, "P": -2.6882475738060303, "Q": -3.7297014486341915, "R": -5.521460917862246, "S": -3.2188758248682006, "T": -2.120263536200091, "V": -4.422848629194137, "W": "-inf", "Y": -2.7488721956224653}, "+2": {"A": -3.7297014486341915, "C": "-inf", "D": -1.995100393246085, "E": -2.3025850929940455, "F": -3.912023005428146, "G": -2.120263536200091, "H": -2.7488721956224653, "I": -4.135166556742356, "K": -4.8283137373023015, "L": -3.4420193761824103, "M": -4.8283137373023015, "N": -3.575550768806933, "P": -3.575550768806933, "Q": -2.8134107167600364, "R": -4.8283137373023015, "S": -3.036554268074246, "T": -3.2188758248682006, "V": -3.575550768806933, "W": -3.036554268074246, "Y": -2.05572501506252}, "+3": {"A": -3.575550768806933, "C": -4.8283137373023015, "D": -2.385966701933097, "E": -2.385966701933097, "F": -4.422848629194137, "G": -2.4769384801388235, "H": -4.422848629194137, "I": -4.135166556742356, "K": -3.912023005428146, "L": -3.2188758248682006, "M": -2.3025850929940455, "N": -3.575550768806933, "P": -2.9565115604007097, "Q": -3.575550768806933, "R": -4.422848629194137, "S": -3.4420193761824103, "T": -2.9565115604007097, "V": -4.135166556742356, "W": -2.3025850929940455, "Y": -2.4769384801388235}, "+4": {"A": -3.912023005428146, "C": -4.8283137373023015, "D": -2.120263536200091, "E": -2.2256240518579173, "F": -3.4420193761824103, "G": -4.135166556742356, "H": -3.4420193761824103, "I": -3.7297014486341915, "K": -3.912023005428146, "L": -2.9565115604007097, "M": -2.385966701933097, "N": -3.912023005428146, "P": -2.7488721956224653, "Q": -2.7488721956224653, "R": -2.7488721956224653, "S": -2.9565115604007097, "T": -3.4420193761824103, "V": -3.575550768806933, "W": -4.135166556742356, "Y": -3.2188758248682006}, "+5": {"A": -3.575550768806933, "C": -4.422848629194137, "D": -1.6928195213731514, "E": -2.6882475738060303, "F": -2.120263536200091, "G": -3.2188758248682006, "H": -3.3242363405260273, "I": -3.7297014486341915, "K": -3.3242363405260273, "L": -3.575550768806933, "M": -3.912023005428146, "N": -3.7297014486341915, "P": -2.4769384801388235, "Q": -3.575550768806933, "R": -3.575550768806933, "S": -3.3242363405260273, "T": -4.422848629194137, "V": -4.422848629194137, "W": -4.422848629194137, "Y": -2.9565115604007097},