{"-10": {"A": -2.7179077472886406, "C": -4.571798997623702, "D": -2.9700831312835114, "E": -2.4875612836803724, "F": -3.330085865314919, "G": -2.692138234109589, "H": -4.045705901726922, "I": -2.922154664711561, "K": -2.47173816874113, "L": -2.456161529812393, "M": -3.7300107930474677, "N": -3.3153797179252233, "P": -3.079183044366434, "Q": -3.1696060504360126, "R": -2.8554632902128887, "S": -2.799457614252748, "T": -2.93954640742343, "V": -2.7800395283956467, "W": -4.921174639080823, "Y": -3.697399207458707}, "-9": {"A": -2.5036388004079058, "C": -4.611019710776983, "D": -2.9572459845228307, "E": -2.510142888377082, "F": -3.503557806831891, "G": -2.6804649498048643, "H": -4.008526898485169, "I": -2.975264490025509, "K": -2.47173816874113, "L": -2.548385287413528, "M": -3.7580238292751416, "N": -3.337520843802437, "P": -3.0204248861443626, "Q": -3.0878661669398952, "R": -2.7843221901876474, "S": -2.7843221901876474, "T": -3.0015817983428827, "V": -2.799457614252748, "W": -4.958215910761171, "Y": -3.834757623506531}, "-8": {"A": -2.5466918069071953, "C": -4.49769102546998, "D": -2.7929429332315547, "E": -2.4748828254206017, "F": -3.5625318092914418, "G": -2.586386405592142, "H": -4.0158529385772415, "I": -3.093697087250688, "K": -2.492357455943866, "L": -2.489157453213195, "M": -4.060973373857711, "N": -3.1823046337731404, "P": -3.153956278768885, "Q": -3.1354942159291497, "R": -2.771528838727738, "S": -2.808210405362343, "T": -3.0341049900484425, "V": -2.7630899700818734, "W": -5.036687526202667, "Y": -3.9380752375345573}, "-7": {"A": -2.574137783515943, "C": -4.597774484026962, "D": -2.9099146098170587, "E": -2.6240590218913122, "F": -3.3833303798337306, "G": -2.7843221901876474, "H": -3.917872530217038, "I": -2.9270929463521433, "K": -2.568933955640916, "L": -2.440823805828683, "M": -3.6867608092536512, "N": -3.3190360291283336, "P": -2.9598002643279275, "Q": -3.0563900348378774, "R": -2.8554632902128887, "S": -2.8326832618810687, "T": -2.9196946388706984, "V": -2.6804649498048643, "W": -5.0783602226032345, "Y": -3.7637218503897794}, "-6": {"A": -2.445400472856095, "C": -4.939523777749019, "D": -2.8417330974009865, "E": -2.46080909820894, "F": -3.534880277960932, "G": -2.661307275771931, "H": -4.192309375918798, "I": -3.064876648715196, "K": -2.3817224135527697, "L": -2.635088545466812, "M": -3.911227987498369, "N": -3.2937182211440437, "P": -3.0341049900484425, "Q": -3.064876648715196, "R": -2.8038244334190887, "S": -2.711901723228429, "T": -2.983087215706718, "V": -2.8371979422355955, "W": -5.190838206029925, "Y": -3.898069902920858}, "-5": {"A": -2.5586068414850662, "C": -4.868064813766874, "D": -2.7422992004127997, "E": -2.3576248619737092, "F": -3.4272496137685664, "G": -2.788623272087038, "H": -4.2371599420841495, "I": -3.1233728553968048, "K": -2.490756174576892, "L": -2.508512896166151, "M": -3.8659127912863265, "N": -3.2049227223609127, "P": -3.1263894489362305, "Q": -3.160186828519521, "R": -2.8214849365710393, "S": -2.676603941147405, "T": -2.89782256405203, "V": -2.756807226902378, "W": -5.59630331413809, "Y": -4.001254139156089}, "-4": {"A": -2.567205346740298, "C": -4.850970380407574, "D": -2.9295712623666104, "E": -2.4577083205306915, "F": -3.525830442441014, "G": -2.692138234109589, "H": -4.023233045874864, "I": -3.023145976258723, "K": -2.598786918790597, "L": -2.4875612836803724, "M": -3.7752162298155145, "N": -3.2415324679734736, "P": -2.937043277205311, "Q": -3.0451854358250148, "R": -2.850865580964259, "S": -2.6632066115755837, "T": -3.031353956676553, "V": -2.6481119853530988, "W": -5.290921664586907, "Y": -3.898069902920858}, "-3": {"A": -2.513410865141698, "C": -4.903156133578144, "D": -2.7907807702270593, "E": -2.418249483790144, "F": -3.407046906451047, "G": -2.696059807762771, "H": -4.246376597189074, "I": -3.053577093461263, "K": -2.616773015160379, "L": -2.370310021501025, "M": -3.5672156586038684, "N": -3.276018644044643, "P": -3.2016600767260965, "Q": -3.0592109111795187, "R": -3.015004818675023, "S": -2.7929429332315547, "T": -3.0995622067030864, "V": -2.586386405592142, "W": -5.214935757608986, "Y": -3.752358091739464}, "-2": {"A": -2.513410865141698, "C": -4.801373439268202, "D": -2.8060150147989074, "E": -2.274355304130075, "F": -3.494785820759054, "G": -2.6632066115755837, "H": -4.157823199847629, "I": -3.117366831336593, "K": -2.633241822873647, "L": -2.531578169097147, "M": -4.2371599420841495, "N": -3.2795335861520876, "P": -3.0424037928631376, "Q": -2.9420558190288557, "R": -2.8906369043911555, "S": -2.725972307125371, "T": -2.9778652717255665, "V": -2.6727577825599265, "W": -5.214935757608986, "Y": -3.965663194053386}, "-1": {"A": -2.3903680005456236, "C": -5.239628370199357, "D": -2.657519392454994, "E": -2.2302397701978807, "F": -3.650393165082776, "G": -2.6689263602483706, "H": -4.27454747415577, "I": -2.9962626368652825, "K": -2.8906369043911555, "L": -2.5399464187676637, "M": -4.201120005600953, "N": -3.0849634072819336, "P": -3.185504636503811, "Q": -2.8038244334190887, "R": -3.195166547415548, "S": -2.6689263602483706, "T": -2.8623997342095455, "V": -2.765193020278652, "W": -5.527310442651138, "Y": -3.994033891182602}, "0": {"A": -6.443601174525293, "C": -7.829895535645184, "D": -6.530612551514923, "E": -6.155919102073512, "F": -7.829895535645184, "G": -6.625922731319248, "H": -8.235360643753348, "I": -7.829895535645184, "K": -6.155919102073512, "L": -6.220457623211083, "M": -0.020760137524645794, "N": -6.98259767525798, "P": -6.98259767525798, "Q": -6.849066282633458, "R": -7.829895535645184, "S": -8.235360643753348, "T": -6.220457623211083, "V": -5.984068845146853, "W": -8.235360643753348, "Y": -8.928507824313293}, "+1": {"A": -2.5052608607797735, "C": -4.903156133578144, "D": -2.545001189429288, "E": -2.1903553297173364, "F": -3.5124074221088732, "G": -2.607739530062711, "H": -4.27454747415577, "I": -3.1263894489362305, "K": -2.7300291078209855, "L": -2.4748828254206017, "M": -3.6867608092536512, "N": -2.9962626368652825, "P": -2.9675024846900198, "Q": -3.0123057617058584, "R": -3.4030548851815094, "S": -2.8647226156256855, "T": -2.924620757206754, "V": -2.6940970985949217, "W": -5.709631999445093, "Y": -4.100194087010992}, "+2": {"A": -2.510142888377082, "C": -4.939523777749019, "D": -2.6387922534042962, "E": -2.3590264038989974, "F": -3.6054978451748854, "G": -2.5970059744196026, "H": -4.174917633206928, "I": -2.993613628693706, "K": -2.799457614252748, "L": -2.4423470353692043, "M": -4.174917633206928, "N": -3.117366831336593, "P": -2.8326832618810687, "Q": -2.9857084491865926, "R": -3.025874490911927, "S": -2.715901728561775, "T": -2.869384628731497, "V": -2.765193020278652, "W": -5.239628370199357, "Y": -4.068695419951621}, "+3": {"A": -2.543313425315568, "C": -4.8176339601399825, "D": -2.6980263767348114, "E": -2.4577083205306915, "F": -3.4030548851815094, "G": -2.7059315562419246, "H": -4.030668024362382, "I": -2.9572459845228307, "K": -2.6708402364306547, "L": -2.490756174576892, "M": -3.6202401269120887, "N": -3.147764308520964, "P": -2.907484474963767, "Q": -3.0341049900484425, "R": -3.1054619288302745, "S": -2.725972307125371, "T": -2.9320557356942722, "V": -2.688231979142524, "W": -5.527310442651138, "Y": -3.7300107930474677}, "+4": {"A": -2.5551880347362808, "C": -4.939523777749019, "D": -2.7320636965187726, "E": -2.4020129647425033, "F": -3.5672156586038684, "G": -2.5916820931668525, "H": -3.7868442678106335, "I": -3.070574669829834, "K": -2.66510956172167, "L": -2.434753984461607, "M": -3.7637218503897794, "N": -3.0995622067030864, "P": -3.0592109111795187, "Q": -2.9726704548484624, "R": -3.028610470730802, "S": -2.727998650270603, "T": -2.9196946388706984, "V": -2.782178566644396, "W": -5.239628370199357, "Y": -3.898069902920858}, "+5": {"A": -2.422723764185065, "C": -4.78537309792176, "D": -2.8417330974009865, "E": -2.339581346779774, "F": -3.4904285153900982, "G": -2.6901831992737857, "H": -4.228027458520877, "I": -2.9989186809233987, "K": -2.5811186146572833,