{"-10": {"A": -2.694389477660133, "C": -4.017402388832504, "D": -2.967108677435202, "E": -2.456283053669211, "F": -3.605667667710744, "G": -2.86970048996787, "H": -3.8288112190249537, "I": -3.20437793101306, "K": -2.415540270206861, "L": -2.5517912728840257, "M": -3.8768204382113143, "N": -3.1674127367795886, "P": -2.709579643154108, "Q": -3.1163210756218773, "R": -2.9539937353573738, "S": -2.3967073218737687, "T": -2.950741699970996, "V": -2.947500206046825, "W": -5.313545652958097, "Y": -4.12696459134403}, "-9": {"A": -2.8003084965438703, "C": -4.3370360610908865, "D": -2.9837479964391664, "E": -2.470241405919918, "F": -3.6374163660253243, "G": -2.846030745881966, "H": -3.7110281833685703, "I": -3.3676355039027834, "K": -2.369106673791656, "L": -2.605495451855887, "M": -3.935909354581321, "N": -3.310203454816908, "P": -2.7727585447756398, "Q": -3.035394585301333, "R": -2.814373426011274, "S": -2.361873369198136, "T": -2.837297065913211, "V": -2.9062899374001625, "W": -5.043255323218185, "Y": -3.9017179898330414}, "-8": {"A": -2.6549755091192564, "C": -4.148241989791315, "D": -3.0677133765565006, "E": -2.4523304793533875, "F": -3.418151294039685, "G": -2.8787231075675077, "H": -3.4934556771038157, "I": -3.2341041112782607, "K": -2.352904699215376, "L": -2.523862497359015, "M": -3.927251291838206, "N": -3.29176975312807, "P": -2.756585685530039, "Q": -3.0861301033427315, "R": -3.0144147948321387, "S": -2.430866240685088, "T": -2.947500206046825, "V": -3.010960559964051, "W": -5.069923570300347, "Y": -3.989493600715427}, "-7": {"A": -2.814373426011274, "C": -4.226494186691063, "D": -3.0006688739275034, "E": -2.3837321630106354, "F": -3.6309854756950335, "G": -2.846030745881966, "H": -3.5870912821378083, "I": -3.3009441294041113, "K": -2.3582762430172868, "L": -2.5517912728840257, "M": -4.065720966103311, "N": -3.273669711484452, "P": -2.664684323246217, "Q": -2.909400359814555, "R": -2.980397909553884, "S": -2.421260018879648, "T": -2.9837479964391664, "V": -2.963813781538349, "W": -5.154480958328409, "Y": -3.9017179898330414}, "-6": {"A": -2.74859629549656, "C": -4.311393630477549, "D": -2.973731218195695, "E": -2.4843973551500502, "F": -3.550942768021497, "G": -2.7646394203371356, "H": -3.927251291838206, "I": -3.175509947012208, "K": -2.5133249920562295, "L": -2.474265556219643, "M": -3.7980395603582, "N": -3.1795832723998436, "P": -2.709579643154108, "Q": -3.0283523026759203, "R": -2.8847837321791987, "S": -2.3837321630106354, "T": -2.95725638099219, "V": -2.9539937353573738, "W": -5.154480958328409, "Y": -3.8768204382113143}, "-5": {"A": -2.745947287324983, "C": -4.286392328272132, "D": -2.9378382951350885, "E": -2.417443220352947, "F": -3.4990579326524855, "G": -2.837297065913211, "H": -3.8288112190249537, "I": -3.112496979183474, "K": -2.4366745822808347, "L": -2.545276591862832, "M": -3.8366543964859794, "N": -3.333733952227102, "P": -2.6382086492621895, "Q": -3.0935928245443214, "R": -2.993866126604751, "S": -2.442516857905063, "T": -2.848959005661054, "V": -2.9346382924044176, "W": -4.874178993174251, "Y": -3.8366543964859794}, "-4": {"A": -2.7782081495432047, "C": -4.919641367251009, "D": -3.120159851929043, "E": -2.3369610488182397, "F": -3.5275498884467917, "G": -2.7646394203371356, "H": -3.6374163660253243, "I": -3.0532203692539337, "K": -2.507055379042634, "L": -2.4041979936029265, "M": -3.8445595759930926, "N": -3.196044549453916, "P": -2.6124158947004603, "Q": -3.0861301033427315, "R": -3.20437793101306, "S": -2.4386182174894055, "T": -2.900097967152241, "V": -2.860758552592209, "W": -4.967269416240263, "Y": -3.9803611171521545}, "-3": {"A": -2.7301989303568437, "C": -4.63779021511002, "D": -3.0144147948321387, "E": -2.407964476398403, "F": -3.3825241163965343, "G": -2.947500206046825, "H": -4.12696459134403, "I": -3.1356640384650083, "K": -2.4966925920070877, "L": -2.4966925920070877, "M": -3.683629209180456, "N": -3.196044549453916, "P": -2.605495451855887, "Q": -3.017881002808625, "R": -3.151412395433147, "S": -2.4386182174894055, "T": -2.7354208743379957, "V": -2.72500411347974, "W": -5.069923570300347, "Y": -4.065720966103311}, "-2": {"A": -2.9125204871507986, "C": -4.3501081426582395, "D": -2.450360035366089, "E": -2.1127635715325948, "F": -3.4129833238812424, "G": -2.8637303229813664, "H": -3.860559917339534, "I": -3.0568239767572325, "K": -2.5738185952023165, "L": -2.6009082878489806, "M": -4.0558686696603, "N": -3.20437793101306, "P": -2.848959005661054, "Q": -3.120159851929043, "R": -3.3195493172351456, "S": -2.5112307504531146, "T": -2.973731218195695, "V": -2.7198361433212974, "W": -5.422744944923089, "Y": -4.046112494714935}, "-1": {"A": -2.8908813120473176, "C": -4.446734978347311, "D": -3.670206188848315, "E": -2.761947628671424, "F": -3.3009441294041113, "G": -3.0006688739275034, "H": -4.3370360610908865, "I": -2.252736210259975, "K": -2.950741699970996, "L": -2.230371060800395, "M": -3.6635616461296463, "N": -3.533347006131118, "P": -2.872698992964127, "Q": -3.1011116569583486, "R": -3.247119479390331, "S": -2.6170562742569627, "T": -2.8286390031700965, "V": -2.0370517497968987, "W": -5.636319045221148, "Y": -4.008012648482665}, "0": {"A": -8.68084148294457, "C": "-inf", "D": "-inf", "E": "-inf", "F": "-inf", "G": "-inf", "H": "-inf", "I": "-inf", "K": -0.0003396739163093985, "L": "-inf", "M": "-inf", "N": "-inf", "P": "-inf", "Q": "-inf", "R": "-inf", "S": -8.68084148294457, "T": "-inf", "V": "-inf", "W": "-inf", "Y": "-inf"}, "+1": {"A": -2.642970563022433, "C": -4.749015850220245, "D": -3.2647410807401505, "E": -2.270666600978404, "F": -3.6635616461296463, "G": -3.0640703852779994, "H": -3.72501442534331, "I": -3.0532203692539337, "K": -2.8257695607421436, "L": -2.5133249920562295, "M": -3.6438888805309415, "N": -3.4027268237140533, "P": -2.448393466394048, "Q": -2.704490573646637, "R": -3.0973451741628715, "S": -2.523862497359015, "T": -2.7782081495432047, "V": -2.72500411347974, "W": -5.422744944923089, "Y": -3.7041077405239964}, "+2": {"A": -3.007518215773078, "C": -4.710549569392449, "D": -2.756585685530039, "E": -1.1492891015372817, "F": -3.4027268237140533, "G": -3.1474519942170507, "H": -3.910156858478906, "I": -3.4443995201146214, "K": -3.0532203692539337, "L": -2.7433052778621443, "M": -4.286392328272132, "N": -3.4990579326524855, "P": -3.0604406172274206, "Q": -3.120159851929043, "R": -3.7391990603352663, "S": -2.78368761530783, "T": -3.3242552082725583, "V": -3.175509947012208, "W": -5.348636972769367, "Y": -4.0268811327870475}, "+3": {"A": -2.704490573646637, "C": -4.6203984723981515, "D": -3.0973451741628715, "E": -2.411745199238309, "F": -3.5160555090210566, "G": -2.9250992693576587, "H": -3.935909354581321, "I": -3.010960559964051, "K": -2.5028973688939704, "L": -2.4843973551500502, "M": -4.106130504441188, "N": -3.1877800396040223, "P": -2.4270126713690976, "Q": -2.9704144655697013, "R": -2.9904820286205105, "S": -2.474265556219643, "T": -2.9314484970363175, "V": -2.732806493763925, "W": -5.847628138888354, "Y": -4.12696459134403}, "+4": {"A": -2.8257695607421436, "C": -3.8768204382113143, "D": -2.808723693469155, "E": -2.2872507289939388, "F": -3.556877503541312, "G": -2.8344027078868463, "H": -3.8210290785828986, "I": -3.0213592671849496, "K": -2.556158092050366, "L": -2.4622413632528417, "M": -3.998710255820351, "N": -3.4443995201146214, "P": -2.745947287324983, "Q": -2.9410485707653367, "R": -3.124013421245033, "S": -2.434734717463008, "T": -2.9346382924044176, "V": -2.8518958653343636, "W": -5.46196565807637, "Y": -3.910156858478906}, "+5": {"A": -2.80591075209254, "C": -4.830693881234512, "D": -2.6453600504198143, "E": -2.2146967587069515, "F": -3.545043045894309, "G": -2.8315167029977113, "H": -3.753587797787366, "I": -3.3289833494685044, "K": -2.5986225725681247, "L": -2.6264021366752006, "M": -4.137546700674567, "N": -3.196044549453916, "P": -2.73804210781787, "Q": -2.980397909553884, "R": -3.0213592671849496, "S": -2.314371035213133, "T": -2.9346382924044176, "V": -2.9314484970363175,