{"-10": {"A": -2.6884112359331134, "C": -4.3042459844818275, "D": -2.9009904582628367, "E": -2.478607393824453, "F": -3.345356681588295, "G": -2.91328763356331, "H": -3.7787809109632855, "I": -3.0248834725543263, "K": -2.5341097533826753, "L": -2.3645172469879356, "M": -3.890879043245182, "N": -3.1967485093714667, "P": -3.0137719205043085, "Q": -3.0643761706673334, "R": -2.770165639554091, "S": -2.67841115259853, "T": -2.902035608859647, "V": -2.836814350015459, "W": -4.711093262816943, "Y": -3.635185989960146}, "-9": {"A": -2.709535626538788, "C": -4.0673428778845055, "D": -2.8420201372360254, "E": -2.5370454422061646, "F": -3.389145931435194, "G": -2.8577520812543464, "H": -3.849039997579609, "I": -3.0302183992562064, "K": -2.570257601426974, "L": -2.3469864832994727, "M": -3.874153914703551, "N": -3.1959064040585443, "P": -3.0719695028277827, "Q": -3.0752592857519705, "R": -2.7659585728037963, "S": -2.613817760271063, "T": -2.9672226723687194, "V": -2.8439916495311706, "W": -4.449687005767445, "Y": -3.598010164464004}, "-8": {"A": -2.726543061121593, "C": -4.340597888429348, "D": -2.912283484759225, "E": -2.524851928935625, "F": -3.4075250128418455, "G": -2.893341938966162, "H": -3.6566377778546197, "I": -3.004518791952586, "K": -2.541993965930986, "L": -2.3096642127344498, "M": -3.8196866716085687, "N": -3.191496948095129, "P": -2.9890564922304352, "Q": -3.029980686056062, "R": -2.8097053477656537, "S": -2.6482262416870013, "T": -2.960160221214689, "V": -2.8463626064334053, "W": -4.68091178301086, "Y": -3.5900719569127757}, "-7": {"A": -2.688242338411283, "C": -4.38107103826457, "D": -2.798234396749918, "E": -2.377119614551847, "F": -3.3687611285374137, "G": -2.914292791695817, "H": -3.8479622660998385, "I": -3.059284603676077, "K": -2.5404267103115847, "L": -2.4350297760584194, "M": -3.9544154899112662, "N": -3.164013040282591, "P": -3.0898516849712423, "Q": -2.955957604987129, "R": -2.76719142152505, "S": -2.655840750045911, "T": -3.0210480939037967, "V": -2.803621678812039, "W": -4.814575910188593, "Y": -3.563685743597128}, "-6": {"A": -2.6848282869191635, "C": -4.383138341171496, "D": -2.8386774609681984, "E": -2.5024085554724227, "F": -3.3383761337622078, "G": -2.913340511441862, "H": -3.980205754274151, "I": -2.962768073989656, "K": -2.548250961407926, "L": -2.299394730734745, "M": -3.7918067037348333, "N": -3.172953553682922, "P": -3.1420385647049893, "Q": -2.982575145987085, "R": -2.789973765903059, "S": -2.680503728904101, "T": -3.006142074818169, "V": -2.7754955547631748, "W": -4.598323303628957, "Y": -3.6261930261621527}, "-5": {"A": -2.6758224246392617, "C": -4.362429898342865, "D": -2.8500288808532255, "E": -2.498629155676974, "F": -3.3311227170479865, "G": -2.9911691489673466, "H": -3.8078460544486603, "I": -2.990197914566436, "K": -2.531904601110874, "L": -2.3196605183324555, "M": -3.946806352116351, "N": -3.1884288193373123, "P": -3.054462375500401, "Q": -3.007128926551235, "R": -2.908434791462323, "S": -2.593834555780524, "T": -2.957669697747874, "V": -2.8013970890885607, "W": -4.773654805535662, "Y": -3.4391367139394915}, "-4": {"A": -2.6554729452235217, "C": -4.654928355782626, "D": -2.828570199807555, "E": -2.318843119367078, "F": -3.400700816704558, "G": -2.910752777960122, "H": -3.9265025797514976, "I": -2.958056705354639, "K": -2.657599909376168, "L": -2.302318122802696, "M": -3.9254835826475296, "N": -3.164013040282591, "P": -2.9484809346441088, "Q": -3.05543715320644, "R": -3.038873877856397, "S": -2.621134290431525, "T": -2.9491383968637153, "V": -2.8238688704164585, "W": -4.636688950462505, "Y": -3.569580069605744}, "-3": {"A": -2.6420390290339855, "C": -4.558905202574913, "D": -2.8606574582417337, "E": -2.292833963270242, "F": -3.3438915991188423, "G": -2.8907536778670373, "H": -3.9989761804944077, "I": -3.0140058112783836, "K": -2.722296770240142, "L": -2.295880792798124, "M": -4.008732355439772, "N": -3.157579101187083, "P": -2.9241864894202303, "Q": -2.9339091239551625, "R": -3.0731476148846784, "S": -2.669255484996365, "T": -2.9394301122686137, "V": -2.8180351388560565, "W": -4.677202350627588, "Y": -3.523857250846531}, "-2": {"A": -2.6131125416240644, "C": -4.449687005767445, "D": -2.8672508334122546, "E": -2.6149549929969105, "F": -3.119821271213384, "G": -2.8713495108768607, "H": -4.035657058810365, "I": -2.8503763874965817, "K": -2.8252236874814853, "L": -2.1229429229244214, "M": -3.918813024270324, "N": -3.0492391628966624, "P": -3.0902933950273277, "Q": -2.9942605185004667, "R": -3.2051379977544934, "S": -2.6700429029280133, "T": -2.933315540040046, "V": -2.770623997723183, "W": -4.550715148604868, "Y": -3.494024334864973}, "-1": {"A": -2.6464834807944095, "C": -4.558357107192598, "D": -3.0807455838024262, "E": -2.346176438702728, "F": -3.39546317969342, "G": -2.632370140645157, "H": -4.1147255822860584, "I": -2.9534224699837406, "K": -2.960437329316332, "L": -2.149685734573859, "M": -3.8209964294906325, "N": -3.1661896157575793, "P": -3.1694633876079625, "Q": -2.8399050876292864, "R": -3.2229235456794947, "S": -2.580212810157785, "T": -2.9227442200000593, "V": -2.765365520620634, "W": -4.589522679049404, "Y": -3.5863336348021684}, "0": {"A": -12.760839553769134, "C": "-inf", "D": -12.760839553769134, "E": -12.760839553769134, "F": "-inf", "G": -12.760839553769134, "H": "-inf", "I": -12.067692373209189, "K": -4.880870863177307e-05, "L": "-inf", "M": "-inf", "N": -12.067692373209189, "P": "-inf", "Q": -12.760839553769134, "R": -11.662227265101025, "S": -12.760839553769134, "T": "-inf", "V": -12.067692373209189, "W": -12.760839553769134, "Y": -12.760839553769134}, "+1": {"A": -2.579227961593334, "C": -4.544211060635692, "D": -2.822322752313612, "E": -2.3616806252386935, "F": -3.268030676394059, "G": -2.840150793913232, "H": -3.9780565363759326, "I": -2.9953504993902977, "K": -2.935637919631551, "L": -2.3372495406868072, "M": -3.9684418114122293, "N": -3.0927579291194167, "P": -2.94996083296567, "Q": -2.9178985011010408, "R": -3.0299212665842834, "S": -2.7258413990307964, "T": -2.8788821197833703, "V": -2.8047595511138366, "W": -4.6103716421451315, "Y": -3.4096943052019313}, "+2": {"A": -2.7050601908907486, "C": -4.472053743342206, "D": -3.066407753229598, "E": -2.652494627606115, "F": -3.085885049831655, "G": -2.8078002224037593, "H": -4.014600265386074, "I": -2.8669983782848125, "K": -2.7465264461441223, "L": -2.0317521346433556, "M": -3.894398934242962, "N": -3.2523965920132873, "P": -3.0246470240103385, "Q": -2.9697930805787567, "R": -3.001453345207264, "S": -2.7492602188821667, "T": -3.005562028398194, "V": -2.7778940798982914, "W": -4.5204544382528, "Y": -3.4708565541407554}, "+3": {"A": -2.71676431292336, "C": -4.519663403274175, "D": -2.8734813831628907, "E": -2.397556548579795, "F": -3.3481299296952196, "G": -2.8630180228596336, "H": -3.9760649616081194, "I": -2.9607699604314957, "K": -2.6673516685120515, "L": -2.3324755542443567, "M": -4.0673428778845055, "N": -3.151924424389542, "P": -2.9484809346441088, "Q": -2.88467181188797, "R": -2.9300302267309926, "S": -2.6240205235313074, "T": -2.9426920484000223, "V": -2.852165474545707, "W": -4.639359179018384, "Y": -3.5556122311797753}, "+4": {"A": -2.6701258251055973, "C": -4.3776350023562145, "D": -2.8912190707445844, "E": -2.368741312038174, "F": -3.290599490353623, "G": -2.9152459796519095, "H": -3.961479470589227, "I": -3.0160546924283276, "K": -2.6206606373735286, "L": -2.255799411834138, "M": -4.065165504944881, "N": -3.255369908706122, "P": -2.9907691146733586, "Q": -2.9161470477435123, "R": -2.9365034395384444, "S": -2.647334217137725, "T": -3.023760839566912, "V": -2.835639434327357, "W": -4.628426879268229, "Y": -3.6674825372787714}, "+5": {"A": -2.706048227141842, "C": -4.464542441126628, "D": -2.9104890996461354, "E": -2.4640944362325876, "F": -3.2967876289123246, "G": -2.8884815364299277, "H": -3.850388797352478, "I": -3.060386599624503, "K": -2.537154337104546, "L": -2.3393323168867757, "M": -4.007626073225008, "N": -3.1435019147067114,