{
  "-10": {
    "A": 0.06845238095238096,
    "C": 0.0,
    "D": 0.026785714285714284,
    "E": 0.047619047619047616,
    "F": 0.023809523809523808,
    "G": 0.07142857142857142,
    "H": 0.008928571428571428,
    "I": 0.05654761904761905,
    "K": 0.10119047619047619,
    "L": 0.047619047619047616,
    "M": 0.01488095238095238,
    "N": 0.02976190476190476,
    "P": 0.08630952380952381,
    "Q": 0.03273809523809524,
    "R": 0.07738095238095238,
    "S": 0.08928571428571429,
    "T": 0.044642857142857144,
    "V": 0.0625,
    "W": 0.008928571428571428,
    "Y": 0.005952380952380952
  },
  "-9": {
    "A": 0.11011904761904762,
    "C": 0.0,
    "D": 0.023809523809523808,
    "E": 0.06547619047619048,
    "F": 0.020833333333333332,
    "G": 0.05357142857142857,
    "H": 0.023809523809523808,
    "I": 0.03869047619047619,
    "K": 0.125,
    "L": 0.08333333333333333,
    "M": 0.03273809523809524,
    "N": 0.03571428571428571,
    "P": 0.02976190476190476,
    "Q": 0.02976190476190476,
    "R": 0.0625,
    "S": 0.08630952380952381,
    "T": 0.023809523809523808,
    "V": 0.06547619047619048,
    "W": 0.002976190476190476,
    "Y": 0.005952380952380952
  },
  "-8": {
    "A": 0.10714285714285714,
    "C": 0.005952380952380952,
    "D": 0.020833333333333332,
    "E": 0.044642857142857144,
    "F": 0.026785714285714284,
    "G": 0.05952380952380952,
    "H": 0.011904761904761904,
    "I": 0.03273809523809524,
    "K": 0.13095238095238096,
    "L": 0.050595238095238096,
    "M": 0.041666666666666664,
    "N": 0.041666666666666664,
    "P": 0.06547619047619048,
    "Q": 0.03571428571428571,
    "R": 0.05654761904761905,
    "S": 0.0744047619047619,
    "T": 0.047619047619047616,
    "V": 0.05357142857142857,
    "W": 0.008928571428571428,
    "Y": 0.01488095238095238
  },
  "-7": {
    "A": 0.11607142857142858,
    "C": 0.0,
    "D": 0.044642857142857144,
    "E": 0.06547619047619048,
    "F": 0.020833333333333332,
    "G": 0.08928571428571429,
    "H": 0.008928571428571428,
    "I": 0.023809523809523808,
    "K": 0.11904761904761904,
    "L": 0.08333333333333333,
    "M": 0.017857142857142856,
    "N": 0.03571428571428571,
    "P": 0.050595238095238096,
    "Q": 0.026785714285714284,
    "R": 0.05952380952380952,
    "S": 0.07142857142857142,
    "T": 0.047619047619047616,
    "V": 0.047619047619047616,
    "W": 0.002976190476190476,
    "Y": 0.01488095238095238
  },
  "-6": {
    "A": 0.10119047619047619,
    "C": 0.008928571428571428,
    "D": 0.050595238095238096,
    "E": 0.044642857142857144,
    "F": 0.01488095238095238,
    "G": 0.0625,
    "H": 0.03273809523809524,
    "I": 0.03273809523809524,
    "K": 0.12202380952380952,
    "L": 0.06845238095238096,
    "M": 0.011904761904761904,
    "N": 0.03869047619047619,
    "P": 0.050595238095238096,
    "Q": 0.03571428571428571,
    "R": 0.09226190476190477,
    "S": 0.0625,
    "T": 0.044642857142857144,
    "V": 0.05654761904761905,
    "W": 0.002976190476190476,
    "Y": 0.01488095238095238
  },
  "-5": {
    "A": 0.08630952380952381,
    "C": 0.0,
    "D": 0.041666666666666664,
    "E": 0.041666666666666664,
    "F": 0.03273809523809524,
    "G": 0.07142857142857142,
    "H": 0.011904761904761904,
    "I": 0.03869047619047619,
    "K": 0.11011904761904762,
    "L": 0.08333333333333333,
    "M": 0.05952380952380952,
    "N": 0.050595238095238096,
    "P": 0.047619047619047616,
    "Q": 0.03273809523809524,
    "R": 0.05357142857142857,
    "S": 0.0625,
    "T": 0.06547619047619048,
    "V": 0.07738095238095238,
    "W": 0.002976190476190476,
    "Y": 0.017857142857142856
  },
  "-4": {
    "A": 0.11011904761904762,
    "C": 0.002976190476190476,
    "D": 0.023809523809523808,
    "E": 0.050595238095238096,
    "F": 0.020833333333333332,
    "G": 0.03571428571428571,
    "H": 0.02976190476190476,
    "I": 0.050595238095238096,
    "K": 0.1636904761904762,
    "L": 0.08333333333333333,
    "M": 0.023809523809523808,
    "N": 0.03273809523809524,
    "P": 0.05357142857142857,
    "Q": 0.0625,
    "R": 0.03273809523809524,
    "S": 0.08928571428571429,
    "T": 0.047619047619047616,
    "V": 0.0625,
    "W": 0.002976190476190476,
    "Y": 0.017857142857142856
  },
  "-3": {
    "A": 0.125,
    "C": 0.008928571428571428,
    "D": 0.044642857142857144,
    "E": 0.06845238095238096,
    "F": 0.02976190476190476,
    "G": 0.08928571428571429,
    "H": 0.03571428571428571,
    "I": 0.023809523809523808,
    "K": 0.10119047619047619,
    "L": 0.06845238095238096,
    "M": 0.002976190476190476,
    "N": 0.020833333333333332,
    "P": 0.05952380952380952,
    "Q": 0.03869047619047619,
    "R": 0.06845238095238096,
    "S": 0.047619047619047616,
    "T": 0.0744047619047619,
    "V": 0.0744047619047619,
    "W": 0.002976190476190476,
    "Y": 0.01488095238095238
  },
  "-2": {
    "A": 0.15178571428571427,
    "C": 0.011904761904761904,
    "D": 0.023809523809523808,
    "E": 0.047619047619047616,
    "F": 0.03273809523809524,
    "G": 0.08333333333333333,
    "H": 0.023809523809523808,
    "I": 0.06547619047619048,
    "K": 0.08333333333333333,
    "L": 0.1130952380952381,
    "M": 0.01488095238095238,
    "N": 0.03869047619047619,
    "P": 0.044642857142857144,
    "Q": 0.05357142857142857,
    "R": 0.03273809523809524,
    "S": 0.05357142857142857,
    "T": 0.047619047619047616,
    "V": 0.05654761904761905,
    "W": 0.002976190476190476,
    "Y": 0.017857142857142856
  },
  "-1": {
    "A": 0.08630952380952381,
    "C": 0.005952380952380952,
    "D": 0.050595238095238096,
    "E": 0.0625,
    "F": 0.011904761904761904,
    "G": 0.13988095238095238,
    "H": 0.020833333333333332,
    "I": 0.023809523809523808,
    "K": 0.0744047619047619,
    "L": 0.0625,
    "M": 0.01488095238095238,
    "N": 0.047619047619047616,
    "P": 0.05357142857142857,
    "Q": 0.06845238095238096,
    "R": 0.05952380952380952,
    "S": 0.11011904761904762,
    "T": 0.050595238095238096,
    "V": 0.041666666666666664,
    "W": 0.005952380952380952,
    "Y": 0.008928571428571428
  },
  "0": {
    "A": 0.0,
    "C": 0.0,
    "D": 0.0,
    "E": 0.0,
    "F": 0.0,
    "G": 0.0,
    "H": 0.0,
    "I": 0.0,
    "K": 1.0,
    "L": 0.0,
    "M": 0.0,
    "N": 0.0,
    "P": 0.0,
    "Q": 0.0,
    "R": 0.0,
    "S": 0.0,
    "T": 0.0,
    "V": 0.0,
    "W": 0.0,
    "Y": 0.0
  },
  "+1": {
    "A": 0.15773809523809523,
    "C": 0.0,
    "D": 0.03571428571428571,
    "E": 0.08035714285714286,
    "F": 0.023809523809523808,
    "G": 0.09523809523809523,
    "H": 0.02976190476190476,
    "I": 0.020833333333333332,
    "K": 0.10416666666666667,
    "L": 0.03571428571428571,
    "M": 0.01488095238095238,
    "N": 0.03571428571428571,
    "P": 0.008928571428571428,
    "Q": 0.05654761904761905,
    "R": 0.09523809523809523,
    "S": 0.09523809523809523,
    "T": 0.03571428571428571,
    "V": 0.041666666666666664,
    "W": 0.002976190476190476,
    "Y": 0.02976190476190476
  },
  "+2": {
    "A": 0.12797619047619047,
    "C": 0.0,
    "D": 0.03869047619047619,
    "E": 0.03571428571428571,
    "F": 0.020833333333333332,
    "G": 0.10416666666666667,
    "H": 0.01488095238095238,
    "I": 0.047619047619047616,
    "K": 0.09226190476190477,
    "L": 0.09523809523809523,
    "M": 0.011904761904761904,
    "N": 0.023809523809523808,
    "P": 0.044642857142857144,
    "Q": 0.044642857142857144,
    "R": 0.07738095238095238,
    "S": 0.07738095238095238,
    "T": 0.0744047619047619,
    "V": 0.050595238095238096,
    "W": 0.002976190476190476,
    "Y": 0.01488095238095238
  },
  "+3": {
    "A": 0.12797619047619047,
    "C": 0.005952380952380952,
    "D": 0.041666666666666664,
    "E": 0.041666666666666664,
    "F": 0.017857142857142856,
    "G": 0.08928571428571429,
    "H": 0.020833333333333332,
    "I": 0.020833333333333332,
    "K": 0.10714285714285714,
    "L": 0.0744047619047619,
    "M": 0.005952380952380952,
    "N": 0.044642857142857144,
    "P": 0.06547619047619048,
    "Q": 0.041666666666666664,
    "R": 0.06845238095238096,