{
  "-10": {
    "A": 0.010723860589812333,
    "C": 0.0,
    "D": 0.0160857908847185,
    "E": 0.064343163538874,
    "F": 0.005361930294906166,
    "G": 0.10455764075067024,
    "H": 0.0,
    "I": 0.005361930294906166,
    "K": 0.16353887399463807,
    "L": 0.10187667560321716,
    "M": 0.0,
    "N": 0.0,
    "P": 0.26541554959785524,
    "Q": 0.0,
    "R": 0.040214477211796246,
    "S": 0.07238605898123325,
    "T": 0.0,
    "V": 0.029490616621983913,
    "W": 0.0,
    "Y": 0.0
  },
  "-9": {
    "A": 0.10455764075067024,
    "C": 0.0,
    "D": 0.08847184986595175,
    "E": 0.06166219839142091,
    "F": 0.010723860589812333,
    "G": 0.00804289544235925,
    "H": 0.002680965147453083,
    "I": 0.0,
    "K": 0.13404825737265416,
    "L": 0.03485254691689008,
    "M": 0.01876675603217158,
    "N": 0.05630026809651475,
    "P": 0.13941018766756033,
    "Q": 0.0,
    "R": 0.002680965147453083,
    "S": 0.15013404825737264,
    "T": 0.005361930294906166,
    "V": 0.08042895442359249,
    "W": 0.0,
    "Y": 0.0
  },
  "-8": {
    "A": 0.16621983914209115,
    "C": 0.0,
    "D": 0.0,
    "E": 0.0,
    "F": 0.0,
    "G": 0.1554959785522788,
    "H": 0.0,
    "I": 0.05630026809651475,
    "K": 0.17158176943699732,
    "L": 0.029490616621983913,
    "M": 0.005361930294906166,
    "N": 0.07506702412868632,
    "P": 0.16353887399463807,
    "Q": 0.0160857908847185,
    "R": 0.0,
    "S": 0.040214477211796246,
    "T": 0.013404825737265416,
    "V": 0.010723860589812333,
    "W": 0.0,
    "Y": 0.0
  },
  "-7": {
    "A": 0.11528150134048257,
    "C": 0.0,
    "D": 0.0,
    "E": 0.0,
    "F": 0.0,
    "G": 0.08310991957104558,
    "H": 0.0,
    "I": 0.07506702412868632,
    "K": 0.2707774798927614,
    "L": 0.0160857908847185,
    "M": 0.002680965147453083,
    "N": 0.0,
    "P": 0.09651474530831099,
    "Q": 0.05093833780160858,
    "R": 0.11796246648793565,
    "S": 0.029490616621983913,
    "T": 0.029490616621983913,
    "V": 0.0160857908847185,
    "W": 0.0,
    "Y": 0.0
  },
  "-6": {
    "A": 0.2225201072386059,
    "C": 0.0,
    "D": 0.002680965147453083,
    "E": 0.01876675603217158,
    "F": 0.010723860589812333,
    "G": 0.032171581769437,
    "H": 0.0,
    "I": 0.00804289544235925,
    "K": 0.1876675603217158,
    "L": 0.005361930294906166,
    "M": 0.005361930294906166,
    "N": 0.002680965147453083,
    "P": 0.07506702412868632,
    "Q": 0.06970509383378017,
    "R": 0.02680965147453083,
    "S": 0.15013404825737264,
    "T": 0.021447721179624665,
    "V": 0.06970509383378017,
    "W": 0.0,
    "Y": 0.0
  },
  "-5": {
    "A": 0.15281501340482573,
    "C": 0.0,
    "D": 0.002680965147453083,
    "E": 0.002680965147453083,
    "F": 0.005361930294906166,
    "G": 0.029490616621983913,
    "H": 0.06970509383378017,
    "I": 0.03485254691689008,
    "K": 0.19571045576407506,
    "L": 0.00804289544235925,
    "M": 0.07506702412868632,
    "N": 0.0,
    "P": 0.0777479892761394,
    "Q": 0.0,
    "R": 0.08310991957104558,
    "S": 0.07238605898123325,
    "T": 0.05093833780160858,
    "V": 0.12332439678284182,
    "W": 0.0,
    "Y": 0.0
  },
  "-4": {
    "A": 0.08310991957104558,
    "C": 0.0,
    "D": 0.0,
    "E": 0.032171581769437,
    "F": 0.0,
    "G": 0.010723860589812333,
    "H": 0.0,
    "I": 0.0,
    "K": 0.353887399463807,
    "L": 0.05361930294906166,
    "M": 0.0160857908847185,
    "N": 0.002680965147453083,
    "P": 0.14745308310991956,
    "Q": 0.03485254691689008,
    "R": 0.08847184986595175,
    "S": 0.013404825737265416,
    "T": 0.08310991957104558,
    "V": 0.08042895442359249,
    "W": 0.0,
    "Y": 0.0
  },
  "-3": {
    "A": 0.2064343163538874,
    "C": 0.0,
    "D": 0.0160857908847185,
    "E": 0.058981233243967826,
    "F": 0.0,
    "G": 0.08847184986595175,
    "H": 0.002680965147453083,
    "I": 0.00804289544235925,
    "K": 0.16621983914209115,
    "L": 0.21447721179624665,
    "M": 0.0,
    "N": 0.0,
    "P": 0.07238605898123325,
    "Q": 0.0,
    "R": 0.09651474530831099,
    "S": 0.024128686327077747,
    "T": 0.029490616621983913,
    "V": 0.013404825737265416,
    "W": 0.0,
    "Y": 0.002680965147453083
  },
  "-2": {
    "A": 0.19571045576407506,
    "C": 0.002680965147453083,
    "D": 0.0,
    "E": 0.0,
    "F": 0.005361930294906166,
    "G": 0.09919571045576407,
    "H": 0.02680965147453083,
    "I": 0.0160857908847185,
    "K": 0.005361930294906166,
    "L": 0.1581769436997319,
    "M": 0.002680965147453083,
    "N": 0.0,
    "P": 0.2064343163538874,
    "Q": 0.002680965147453083,
    "R": 0.024128686327077747,
    "S": 0.14745308310991956,
    "T": 0.00804289544235925,
    "V": 0.08042895442359249,
    "W": 0.0,
    "Y": 0.01876675603217158
  },
  "-1": {
    "A": 0.05361930294906166,
    "C": 0.0,
    "D": 0.0,
    "E": 0.0,
    "F": 0.005361930294906166,
    "G": 0.013404825737265416,
    "H": 0.029490616621983913,
    "I": 0.0,
    "K": 0.21179624664879357,
    "L": 0.00804289544235925,
    "M": 0.0,
    "N": 0.005361930294906166,
    "P": 0.1447721179624665,
    "Q": 0.09651474530831099,
    "R": 0.2037533512064343,
    "S": 0.10187667560321716,
    "T": 0.11528150134048257,
    "V": 0.010723860589812333,
    "W": 0.0,
    "Y": 0.0
  },
  "0": {
    "A": 0.0,
    "C": 0.0,
    "D": 0.0,
    "E": 0.0,
    "F": 0.0,
    "G": 0.0,
    "H": 0.0,
    "I": 0.0,
    "K": 1.0,
    "L": 0.0,
    "M": 0.0,
    "N": 0.0,
    "P": 0.0,
    "Q": 0.0,
    "R": 0.0,
    "S": 0.0,
    "T": 0.0,
    "V": 0.0,
    "W": 0.0,
    "Y": 0.0
  },
  "+1": {
    "A": 0.19839142091152814,
    "C": 0.0,
    "D": 0.002680965147453083,
    "E": 0.08042895442359249,
    "F": 0.005361930294906166,
    "G": 0.17158176943699732,
    "H": 0.0,
    "I": 0.0,
    "K": 0.3136729222520107,
    "L": 0.002680965147453083,
    "M": 0.0,
    "N": 0.0,
    "P": 0.0,
    "Q": 0.032171581769437,
    "R": 0.005361930294906166,
    "S": 0.12332439678284182,
    "T": 0.058981233243967826,
    "V": 0.005361930294906166,
    "W": 0.0,
    "Y": 0.0
  },
  "+2": {
    "A": 0.18230563002680966,
    "C": 0.0,
    "D": 0.07238605898123325,
    "E": 0.05630026809651475,
    "F": 0.005361930294906166,
    "G": 0.08579088471849866,
    "H": 0.002680965147453083,
    "I": 0.013404825737265416,
    "K": 0.02680965147453083,
    "L": 0.03753351206434316,
    "M": 0.0,
    "N": 0.06970509383378017,
    "P": 0.005361930294906166,
    "Q": 0.08310991957104558,
    "R": 0.002680965147453083,
    "S": 0.1554959785522788,
    "T": 0.128686327077748,
    "V": 0.07238605898123325,
    "W": 0.0,
    "Y": 0.0
  },
  "+3": {
    "A": 0.05093833780160858,
    "C": 0.0,
    "D": 0.0,
    "E": 0.08847184986595175,
    "F": 0.005361930294906166,
    "G": 0.13404825737265416,
    "H": 0.0,
    "I": 0.010723860589812333,
    "K": 0.16085790884718498,
    "L": 0.005361930294906166,
    "M": 0.0,
    "N": 0.002680965147453083,
    "P": 0.08579088471849866,
    "Q": 0.002680965147453083,
    "R": 0.01876675603217158,
    "S": 0.13136729222520108,
    "T": 0.0777479892761394,
    "V": 0.07238605898123325,
    "W": 0.0,
    "Y": 0.14745308310991956
  },
  "+4": {
    "A": 0.11796246648793565,
    "C": 0.0,
    "D": 0.0,
    "E": 0.0,
    "F": 0.0,
    "G": 0.02680965147453083,
    "H": 0.05093833780160858,
    "I": 0.005361930294906166,
    "K": 0.44235924932975873,
    "L": 0.021447721179624665,
    "M": 0.0,
    "N": 0.002680965147453083,
    "P": 0.005361930294906166,
    "Q": 0.0,
    "R": 0.024128686327077747,
    "S": 0.20107238605898123,
    "T": 0.08847184986595175,
    "V": 0.00804289544235925,
    "W": 0.0,
    "Y": 0.0
  },
  "+5": {
    "A": 0.1581769436997319,
    "C": 0.0,
    "D": 0.07238605898123325,
    "E": 0.07506702412868632,
    "F": 0.0,
    "G": 0.005361930294906166,
    "H": 0.10991957104557641,
    "I": 0.032171581769437,
    "K": 0.3002680965147453,
    "L": 0.024128686327077747,
    "M": 0.0,
    "N": 0.0,
    "P": 0.07506702412868632,
    "Q": 0.002680965147453083,
    "R": 0.002680965147453083,
    "S": 0.029490616621983913,
    "T": 0.024128686327077747,