{
  "-10": {
    "A": -2.833213344056216,
    "C": "-inf",
    "D": -2.833213344056216,
    "E": -2.1400661634962708,
    "F": -1.7346010553881064,
    "G": "-inf",
    "H": -3.2386784521643803,
    "I": -3.9318256327243257,
    "K": -2.5455312716044354,
    "L": -2.5455312716044354,
    "M": -2.833213344056216,
    "N": -3.9318256327243257,
    "P": -3.9318256327243257,
    "Q": -3.9318256327243257,
    "R": -3.2386784521643803,
    "S": -2.1400661634962708,
    "T": -3.2386784521643803,
    "V": -3.2386784521643803,
    "W": "-inf",
    "Y": -3.9318256327243257
  },
  "-9": {
    "A": -2.1400661634962708,
    "C": "-inf",
    "D": -3.2386784521643803,
    "E": -3.9318256327243257,
    "F": -3.2386784521643803,
    "G": -3.9318256327243257,
    "H": -3.2386784521643803,
    "I": -3.9318256327243257,
    "K": -2.5455312716044354,
    "L": -2.1400661634962708,
    "M": "-inf",
    "N": -2.5455312716044354,
    "P": -2.5455312716044354,
    "Q": "-inf",
    "R": -1.9859154836690123,
    "S": -2.833213344056216,
    "T": -2.5455312716044354,
    "V": -2.5455312716044354,
    "W": "-inf",
    "Y": "-inf"
  },
  "-8": {
    "A": "-inf",
    "C": "-inf",
    "D": -2.322387720290225,
    "E": -2.5455312716044354,
    "F": "-inf",
    "G": -2.5455312716044354,
    "H": -3.2386784521643803,
    "I": "-inf",
    "K": -2.833213344056216,
    "L": -2.5455312716044354,
    "M": -3.9318256327243257,
    "N": -1.4469189829363254,
    "P": -3.2386784521643803,
    "Q": -3.9318256327243257,
    "R": -3.2386784521643803,
    "S": -2.1400661634962708,
    "T": -3.9318256327243257,
    "V": -2.833213344056216,
    "W": -3.9318256327243257,
    "Y": "-inf"
  },
  "-7": {
    "A": -2.833213344056216,
    "C": -3.9318256327243257,
    "D": -2.833213344056216,
    "E": -3.9318256327243257,
    "F": -2.1400661634962708,
    "G": -2.5455312716044354,
    "H": -2.1400661634962708,
    "I": -3.9318256327243257,
    "K": -3.9318256327243257,
    "L": -3.9318256327243257,
    "M": -2.833213344056216,
    "N": -2.5455312716044354,
    "P": -3.2386784521643803,
    "Q": -3.9318256327243257,
    "R": -3.9318256327243257,
    "S": -2.5455312716044354,
    "T": "-inf",
    "V": -3.2386784521643803,
    "W": -3.9318256327243257,
    "Y": -2.1400661634962708
  },
  "-6": {
    "A": -2.833213344056216,
    "C": -3.9318256327243257,
    "D": "-inf",
    "E": "-inf",
    "F": -2.322387720290225,
    "G": -1.7346010553881064,
    "H": -3.9318256327243257,
    "I": -3.2386784521643803,
    "K": -2.833213344056216,
    "L": -3.2386784521643803,
    "M": -3.2386784521643803,
    "N": -3.9318256327243257,
    "P": "-inf",
    "Q": -3.2386784521643803,
    "R": -3.9318256327243257,
    "S": -3.2386784521643803,
    "T": "-inf",
    "V": -1.62924053973028,
    "W": "-inf",
    "Y": -1.9859154836690123
  },
  "-5": {
    "A": -2.833213344056216,
    "C": -2.833213344056216,
    "D": -3.9318256327243257,
    "E": -2.833213344056216,
    "F": -3.9318256327243257,
    "G": -3.2386784521643803,
    "H": -3.9318256327243257,
    "I": -2.322387720290225,
    "K": "-inf",
    "L": -1.8523840910444898,
    "M": "-inf",
    "N": -3.9318256327243257,
    "P": -1.9859154836690123,
    "Q": -3.9318256327243257,
    "R": "-inf",
    "S": -2.833213344056216,
    "T": -2.5455312716044354,
    "V": -2.1400661634962708,
    "W": "-inf",
    "Y": -3.2386784521643803
  },
  "-4": {
    "A": -2.322387720290225,
    "C": "-inf",
    "D": "-inf",
    "E": -2.833213344056216,
    "F": -2.1400661634962708,
    "G": -3.9318256327243257,
    "H": -3.9318256327243257,
    "I": -2.1400661634962708,
    "K": -3.9318256327243257,
    "L": -3.9318256327243257,
    "M": "-inf",
    "N": "-inf",
    "P": -3.9318256327243257,
    "Q": -3.9318256327243257,
    "R": -3.9318256327243257,
    "S": -2.1400661634962708,
    "T": -1.9859154836690123,
    "V": -1.9859154836690123,
    "W": -3.9318256327243257,
    "Y": -2.833213344056216
  },
  "-3": {
    "A": -1.62924053973028,
    "C": -2.1400661634962708,
    "D": -3.9318256327243257,
    "E": "-inf",
    "F": -2.1400661634962708,
    "G": -3.2386784521643803,
    "H": "-inf",
    "I": "-inf",
    "K": -3.9318256327243257,
    "L": -2.1400661634962708,
    "M": -3.2386784521643803,
    "N": -3.2386784521643803,
    "P": "-inf",
    "Q": -3.2386784521643803,
    "R": "-inf",
    "S": -2.5455312716044354,
    "T": -3.9318256327243257,
    "V": -1.8523840910444898,
    "W": "-inf",
    "Y": "-inf"
  },
  "-2": {
    "A": -2.5455312716044354,
    "C": -2.833213344056216,
    "D": "-inf",
    "E": -3.9318256327243257,
    "F": "-inf",
    "G": -3.2386784521643803,
    "H": "-inf",
    "I": -3.9318256327243257,
    "K": -3.2386784521643803,
    "L": -2.5455312716044354,
    "M": "-inf",
    "N": -3.9318256327243257,
    "P": -1.7346010553881064,
    "Q": -2.5455312716044354,
    "R": -3.9318256327243257,
    "S": -1.9859154836690123,
    "T": -2.833213344056216,
    "V": -2.1400661634962708,
    "W": -3.9318256327243257,
    "Y": -3.2386784521643803
  },
  "-1": {
    "A": "-inf",
    "C": "-inf",
    "D": "-inf",
    "E": -2.833213344056216,
    "F": -3.2386784521643803,
    "G": -2.833213344056216,
    "H": -2.5455312716044354,
    "I": -2.1400661634962708,
    "K": -3.2386784521643803,
    "L": -1.8523840910444898,
    "M": "-inf",
    "N": -3.2386784521643803,
    "P": -2.5455312716044354,
    "Q": -3.9318256327243257,
    "R": "-inf",
    "S": -1.62924053973028,
    "T": -2.833213344056216,
    "V": -2.833213344056216,
    "W": "-inf",
    "Y": "-inf"
  },
  "0": {
    "A": "-inf",
    "C": 0.0,
    "D": "-inf",
    "E": "-inf",
    "F": "-inf",
    "G": "-inf",
    "H": "-inf",
    "I": "-inf",
    "K": "-inf",
    "L": "-inf",
    "M": "-inf",
    "N": "-inf",
    "P": "-inf",
    "Q": "-inf",
    "R": "-inf",
    "S": "-inf",
    "T": "-inf",
    "V": "-inf",
    "W": "-inf",
    "Y": "-inf"
  },
  "+1": {
    "A": -2.322387720290225,
    "C": -3.9318256327243257,
    "D": -3.9318256327243257,
    "E": "-inf",
    "F": -3.9318256327243257,
    "G": -2.1400661634962708,
    "H": -2.833213344056216,
    "I": -3.9318256327243257,
    "K": -3.2386784521643803,
    "L": -3.9318256327243257,
    "M": -3.2386784521643803,
    "N": "-inf",
    "P": -2.833213344056216,
    "Q": "-inf",
    "R": -3.9318256327243257,
    "S": -1.292768303109067,
    "T": -2.1400661634962708,
    "V": -3.9318256327243257,
    "W": "-inf",
    "Y": -2.833213344056216
  },
  "+2": {
    "A": -1.7346010553881064,
    "C": -2.833213344056216,
    "D": -3.9318256327243257,
    "E": -2.322387720290225,
    "F": -3.9318256327243257,
    "G": -2.5455312716044354,
    "H": "-inf",
    "I": -3.2386784521643803,
    "K": -3.2386784521643803,
    "L": -3.2386784521643803,
    "M": -3.2386784521643803,
    "N": -3.2386784521643803,
    "P": -1.3668762752627892,
    "Q": "-inf",
    "R": -3.2386784521643803,
    "S": -3.9318256327243257,
    "T": -3.9318256327243257,
    "V": -3.9318256327243257,
    "W": "-inf",
    "Y": "-inf"
  },
  "+3": {
    "A": -2.833213344056216,
    "C": -3.9318256327243257,
    "D": -3.2386784521643803,
    "E": -3.2386784521643803,
    "F": -3.2386784521643803,
    "G": -1.9859154836690123,
    "H": "-inf",
    "I": -3.9318256327243257,
    "K": -3.2386784521643803,
    "L": -2.833213344056216,
    "M": "-inf",
    "N": "-inf",
    "P": -2.5455312716044354,
    "Q": -2.833213344056216,
    "R": -3.2386784521643803,
    "S": -1.62924053973028,
    "T": -3.2386784521643803,
    "V": -3.2386784521643803,
    "W": -3.2386784521643803,
    "Y": -2.833213344056216
  },
  "+4": {
    "A": -2.1400661634962708,
    "C": "-inf",
    "D": "-inf",
    "E": "-inf",
    "F": "-inf",
    "G": -3.9318256327243257,
    "H": -3.9318256327243257,
    "I": -2.322387720290225,
    "K": "-inf",
    "L": -2.322387720290225,
    "M": -3.9318256327243257,
    "N": "-inf",
    "P": -1.9859154836690123,
    "Q": -3.2386784521643803,
    "R": -1.292768303109067,
    "S": -3.9318256327243257,
    "T": -2.5455312716044354,