{
  "-10": {
    "A": -2.8743714165497236,
    "C": -4.820281565605037,
    "D": -3.028522096376982,
    "E": -2.45315795147342,
    "F": -3.520998581474776,
    "G": -3.146305132033365,
    "H": -5.225746673713201,
    "I": -2.700018029404946,
    "K": -2.9231615807191553,
    "L": -2.974454875106706,
    "M": -3.972983705217833,
    "N": -3.721669276936927,
    "P": -2.9231615807191553,
    "Q": -3.35394449681161,
    "R": -2.181224235989778,
    "S": -2.134704220354885,
    "T": -3.2108436531709366,
    "V": -3.520998581474776,
    "W": -5.918893854273146,
    "Y": -4.820281565605037
  },
  "-9": {
    "A": -3.2108436531709366,
    "C": -4.532599493153256,
    "D": -3.146305132033365,
    "E": -2.8278514009148306,
    "F": -4.309455941839047,
    "G": -2.6607973162516645,
    "H": -3.972983705217833,
    "I": -3.6163087612791007,
    "K": -2.517696472610991,
    "L": -2.6607973162516645,
    "M": -4.820281565605037,
    "N": -3.4339872044851463,
    "P": -2.3353749158170367,
    "Q": -3.6163087612791007,
    "R": -2.8743714165497236,
    "S": -2.2553322081435,
    "T": -3.2798365246578878,
    "V": -2.45315795147342,
    "W": -4.820281565605037,
    "Y": -4.820281565605037
  },
  "-8": {
    "A": -2.700018029404946,
    "C": -4.532599493153256,
    "D": -3.721669276936927,
    "E": -2.783399638343997,
    "F": -4.309455941839047,
    "G": -2.3079759416289223,
    "H": -4.309455941839047,
    "I": -3.520998581474776,
    "K": -3.2108436531709366,
    "L": -2.700018029404946,
    "M": -3.972983705217833,
    "N": -3.2798365246578878,
    "P": -2.8278514009148306,
    "Q": -3.0856805102169305,
    "R": -2.517696472610991,
    "S": -2.1122313645028266,
    "T": -3.0856805102169305,
    "V": -2.974454875106706,
    "W": -5.225746673713201,
    "Y": -4.309455941839047
  },
  "-7": {
    "A": -3.028522096376982,
    "C": -4.309455941839047,
    "D": -3.0856805102169305,
    "E": -2.6607973162516645,
    "F": -4.127134385045092,
    "G": -2.5515980242866725,
    "H": -3.146305132033365,
    "I": -3.2798365246578878,
    "K": -3.4339872044851463,
    "L": -2.5866893440979424,
    "M": -4.309455941839047,
    "N": -3.8394523125933104,
    "P": -2.5866893440979424,
    "Q": -3.4339872044851463,
    "R": -2.3079759416289223,
    "S": -2.2813076945467605,
    "T": -2.8743714165497236,
    "V": -3.2108436531709366,
    "W": -4.309455941839047,
    "Y": -4.820281565605037
  },
  "-6": {
    "A": -2.9231615807191553,
    "C": -3.8394523125933104,
    "D": -2.8743714165497236,
    "E": -3.028522096376982,
    "F": -3.520998581474776,
    "G": -2.9231615807191553,
    "H": -3.520998581474776,
    "I": -3.4339872044851463,
    "K": -2.8743714165497236,
    "L": -2.783399638343997,
    "M": -4.532599493153256,
    "N": -3.520998581474776,
    "P": -2.5866893440979424,
    "Q": -2.740840023925201,
    "R": -3.2108436531709366,
    "S": -2.0902524577840516,
    "T": -2.8743714165497236,
    "V": -2.974454875106706,
    "W": -5.918893854273146,
    "Y": -3.721669276936927
  },
  "-5": {
    "A": -3.35394449681161,
    "C": -5.225746673713201,
    "D": -3.146305132033365,
    "E": -2.5515980242866725,
    "F": -3.972983705217833,
    "G": -2.3353749158170367,
    "H": -5.225746673713201,
    "I": -3.520998581474776,
    "K": -3.6163087612791007,
    "L": -2.517696472610991,
    "M": -5.225746673713201,
    "N": -3.2798365246578878,
    "P": -2.517696472610991,
    "Q": -3.4339872044851463,
    "R": -2.45315795147342,
    "S": -1.791759469228055,
    "T": -3.028522096376982,
    "V": -3.4339872044851463,
    "W": "-inf",
    "Y": -4.309455941839047
  },
  "-4": {
    "A": -3.146305132033365,
    "C": -3.721669276936927,
    "D": -2.8278514009148306,
    "E": -2.6230569882688175,
    "F": -3.972983705217833,
    "G": -3.028522096376982,
    "H": -2.974454875106706,
    "I": -3.721669276936927,
    "K": -3.2798365246578878,
    "L": -2.700018029404946,
    "M": -3.721669276936927,
    "N": -3.4339872044851463,
    "P": -2.974454875106706,
    "Q": -3.028522096376982,
    "R": -3.0856805102169305,
    "S": -2.068746252563088,
    "T": -2.9231615807191553,
    "V": -2.517696472610991,
    "W": -5.225746673713201,
    "Y": -4.309455941839047
  },
  "-3": {
    "A": -3.028522096376982,
    "C": -4.532599493153256,
    "D": -2.5515980242866725,
    "E": -2.3635457927837327,
    "F": -5.225746673713201,
    "G": -3.35394449681161,
    "H": -4.309455941839047,
    "I": -3.146305132033365,
    "K": -3.35394449681161,
    "L": -2.8278514009148306,
    "M": -2.974454875106706,
    "N": -4.309455941839047,
    "P": -2.700018029404946,
    "Q": -2.45315795147342,
    "R": -3.0856805102169305,
    "S": -2.0902524577840516,
    "T": -2.8743714165497236,
    "V": -3.146305132033365,
    "W": -5.918893854273146,
    "Y": -3.8394523125933104
  },
  "-2": {
    "A": -2.783399638343997,
    "C": -4.127134385045092,
    "D": -2.4849066497880004,
    "E": -2.4849066497880004,
    "F": -4.309455941839047,
    "G": -2.2813076945467605,
    "H": -4.532599493153256,
    "I": -3.6163087612791007,
    "K": -3.028522096376982,
    "L": -2.974454875106706,
    "M": -4.127134385045092,
    "N": -3.35394449681161,
    "P": -2.8278514009148306,
    "Q": -3.4339872044851463,
    "R": -2.740840023925201,
    "S": -2.2553322081435,
    "T": -3.721669276936927,
    "V": -2.6230569882688175,
    "W": "-inf",
    "Y": -3.4339872044851463
  },
  "-1": {
    "A": -3.520998581474776,
    "C": -4.532599493153256,
    "D": -2.45315795147342,
    "E": -2.2813076945467605,
    "F": -3.972983705217833,
    "G": -2.2813076945467605,
    "H": -5.225746673713201,
    "I": -3.8394523125933104,
    "K": -3.35394449681161,
    "L": -2.8743714165497236,
    "M": -4.127134385045092,
    "N": -3.2798365246578878,
    "P": -3.028522096376982,
    "Q": -3.6163087612791007,
    "R": -2.4849066497880004,
    "S": -2.2300144001592104,
    "T": -2.9231615807191553,
    "V": -2.8278514009148306,
    "W": -4.127134385045092,
    "Y": -3.721669276936927
  },
  "0": {
    "A": "-inf",
    "C": "-inf",
    "D": "-inf",
    "E": "-inf",
    "F": "-inf",
    "G": "-inf",
    "H": "-inf",
    "I": "-inf",
    "K": "-inf",
    "L": "-inf",
    "M": 0.0,
    "N": "-inf",
    "P": "-inf",
    "Q": "-inf",
    "R": "-inf",
    "S": "-inf",
    "T": "-inf",
    "V": "-inf",
    "W": "-inf",
    "Y": "-inf"
  },
  "+1": {
    "A": -2.3635457927837327,
    "C": -3.520998581474776,
    "D": -2.783399638343997,
    "E": -2.2553322081435,
    "F": -4.309455941839047,
    "G": -2.3353749158170367,
    "H": -4.127134385045092,
    "I": -4.127134385045092,
    "K": -2.8743714165497236,
    "L": -2.8278514009148306,
    "M": -4.127134385045092,
    "N": -3.146305132033365,
    "P": -3.146305132033365,
    "Q": -3.2798365246578878,
    "R": -3.6163087612791007,
    "S": -1.8584508437267273,
    "T": -3.2798365246578878,
    "V": -2.5515980242866725,
    "W": -5.918893854273146,
    "Y": -4.820281565605037
  },
  "+2": {
    "A": -2.740840023925201,
    "C": -4.127134385045092,
    "D": -2.8743714165497236,
    "E": -2.517696472610991,
    "F": -3.35394449681161,
    "G": -2.2813076945467605,
    "H": -4.532599493153256,
    "I": -4.127134385045092,
    "K": -2.974454875106706,
    "L": -2.6230569882688175,
    "M": -3.6163087612791007,
    "N": -3.028522096376982,
    "P": -2.5866893440979424,
    "Q": -2.700018029404946,
    "R": -2.974454875106706,
    "S": -2.3353749158170367,
    "T": -3.2798365246578878,
    "V": -2.9231615807191553,
    "W": "-inf",
    "Y": -3.6163087612791007
  },
  "+3": {
    "A": -2.974454875106706,
    "C": -3.972983705217833,
    "D": -2.700018029404946,
    "E": -3.146305132033365,
    "F": -4.532599493153256,
    "G": -2.740840023925201,
    "H": -3.6163087612791007,
    "I": -3.2798365246578878,
    "K": -2.4223862928066664,
    "L": -2.517696472610991,
    "M": -3.2798365246578878,
    "N": -3.35394449681161,
    "P": -2.517696472610991,
    "Q": -3.35394449681161,
    "R": -3.028522096376982,