{
  "-10": {
    "A": 0.035555555555555556,
    "C": 0.0,
    "D": 0.08444444444444445,
    "E": 0.12444444444444444,
    "F": 0.04888888888888889,
    "G": 0.07111111111111111,
    "H": 0.03111111111111111,
    "I": 0.008888888888888889,
    "K": 0.03111111111111111,
    "L": 0.07111111111111111,
    "M": 0.017777777777777778,
    "N": 0.013333333333333334,
    "P": 0.0,
    "Q": 0.04,
    "R": 0.09777777777777778,
    "S": 0.04,
    "T": 0.04,
    "V": 0.04,
    "W": 0.013333333333333334,
    "Y": 0.04888888888888889
  },
  "-9": {
    "A": 0.057777777777777775,
    "C": 0.008888888888888889,
    "D": 0.057777777777777775,
    "E": 0.06222222222222222,
    "F": 0.013333333333333334,
    "G": 0.08444444444444445,
    "H": 0.03111111111111111,
    "I": 0.0044444444444444444,
    "K": 0.017777777777777778,
    "L": 0.05333333333333334,
    "M": 0.017777777777777778,
    "N": 0.03111111111111111,
    "P": 0.17777777777777778,
    "Q": 0.017777777777777778,
    "R": 0.07111111111111111,
    "S": 0.057777777777777775,
    "T": 0.02666666666666667,
    "V": 0.013333333333333334,
    "W": 0.008888888888888889,
    "Y": 0.04888888888888889
  },
  "-8": {
    "A": 0.03111111111111111,
    "C": 0.0044444444444444444,
    "D": 0.07111111111111111,
    "E": 0.06222222222222222,
    "F": 0.04,
    "G": 0.04,
    "H": 0.008888888888888889,
    "I": 0.017777777777777778,
    "K": 0.03111111111111111,
    "L": 0.10222222222222223,
    "M": 0.017777777777777778,
    "N": 0.02666666666666667,
    "P": 0.08444444444444445,
    "Q": 0.008888888888888889,
    "R": 0.04888888888888889,
    "S": 0.06666666666666667,
    "T": 0.08,
    "V": 0.03111111111111111,
    "W": 0.02666666666666667,
    "Y": 0.06222222222222222
  },
  "-7": {
    "A": 0.03111111111111111,
    "C": 0.03111111111111111,
    "D": 0.10222222222222223,
    "E": 0.10222222222222223,
    "F": 0.02666666666666667,
    "G": 0.10222222222222223,
    "H": 0.044444444444444446,
    "I": 0.008888888888888889,
    "K": 0.03111111111111111,
    "L": 0.057777777777777775,
    "M": 0.022222222222222223,
    "N": 0.013333333333333334,
    "P": 0.035555555555555556,
    "Q": 0.022222222222222223,
    "R": 0.022222222222222223,
    "S": 0.035555555555555556,
    "T": 0.07555555555555556,
    "V": 0.044444444444444446,
    "W": 0.017777777777777778,
    "Y": 0.035555555555555556
  },
  "-6": {
    "A": 0.09777777777777778,
    "C": 0.0044444444444444444,
    "D": 0.05333333333333334,
    "E": 0.10222222222222223,
    "F": 0.07555555555555556,
    "G": 0.04888888888888889,
    "H": 0.017777777777777778,
    "I": 0.02666666666666667,
    "K": 0.013333333333333334,
    "L": 0.04,
    "M": 0.022222222222222223,
    "N": 0.044444444444444446,
    "P": 0.044444444444444446,
    "Q": 0.035555555555555556,
    "R": 0.08,
    "S": 0.06666666666666667,
    "T": 0.04,
    "V": 0.017777777777777778,
    "W": 0.0,
    "Y": 0.035555555555555556
  },
  "-5": {
    "A": 0.03111111111111111,
    "C": 0.0044444444444444444,
    "D": 0.057777777777777775,
    "E": 0.16444444444444445,
    "F": 0.03111111111111111,
    "G": 0.035555555555555556,
    "H": 0.04888888888888889,
    "I": 0.06222222222222222,
    "K": 0.04,
    "L": 0.035555555555555556,
    "M": 0.02666666666666667,
    "N": 0.022222222222222223,
    "P": 0.035555555555555556,
    "Q": 0.035555555555555556,
    "R": 0.03111111111111111,
    "S": 0.06666666666666667,
    "T": 0.05333333333333334,
    "V": 0.035555555555555556,
    "W": 0.0,
    "Y": 0.07111111111111111
  },
  "-4": {
    "A": 0.04888888888888889,
    "C": 0.0,
    "D": 0.07111111111111111,
    "E": 0.13777777777777778,
    "F": 0.04888888888888889,
    "G": 0.017777777777777778,
    "H": 0.008888888888888889,
    "I": 0.013333333333333334,
    "K": 0.0,
    "L": 0.03111111111111111,
    "M": 0.017777777777777778,
    "N": 0.07555555555555556,
    "P": 0.10222222222222223,
    "Q": 0.06666666666666667,
    "R": 0.035555555555555556,
    "S": 0.10222222222222223,
    "T": 0.06666666666666667,
    "V": 0.017777777777777778,
    "W": 0.0044444444444444444,
    "Y": 0.03111111111111111
  },
  "-3": {
    "A": 0.022222222222222223,
    "C": 0.0,
    "D": 0.16444444444444445,
    "E": 0.11555555555555555,
    "F": 0.11555555555555555,
    "G": 0.044444444444444446,
    "H": 0.04,
    "I": 0.013333333333333334,
    "K": 0.0,
    "L": 0.02666666666666667,
    "M": 0.0,
    "N": 0.06222222222222222,
    "P": 0.057777777777777775,
    "Q": 0.08,
    "R": 0.013333333333333334,
    "S": 0.07111111111111111,
    "T": 0.03111111111111111,
    "V": 0.013333333333333334,
    "W": 0.0044444444444444444,
    "Y": 0.08444444444444445
  },
  "-2": {
    "A": 0.05333333333333334,
    "C": 0.008888888888888889,
    "D": 0.15555555555555556,
    "E": 0.1111111111111111,
    "F": 0.022222222222222223,
    "G": 0.03111111111111111,
    "H": 0.022222222222222223,
    "I": 0.013333333333333334,
    "K": 0.0044444444444444444,
    "L": 0.04888888888888889,
    "M": 0.013333333333333334,
    "N": 0.022222222222222223,
    "P": 0.07111111111111111,
    "Q": 0.08,
    "R": 0.08888888888888889,
    "S": 0.035555555555555556,
    "T": 0.05333333333333334,
    "V": 0.013333333333333334,
    "W": 0.0044444444444444444,
    "Y": 0.12444444444444444
  },
  "-1": {
    "A": 0.05333333333333334,
    "C": 0.0,
    "D": 0.4888888888888889,
    "E": 0.08444444444444445,
    "F": 0.013333333333333334,
    "G": 0.0044444444444444444,
    "H": 0.022222222222222223,
    "I": 0.08888888888888889,
    "K": 0.0,
    "L": 0.013333333333333334,
    "M": 0.008888888888888889,
    "N": 0.02666666666666667,
    "P": 0.04,
    "Q": 0.035555555555555556,
    "R": 0.0,
    "S": 0.017777777777777778,
    "T": 0.013333333333333334,
    "V": 0.013333333333333334,
    "W": 0.0,
    "Y": 0.07111111111111111
  },
  "0": {
    "A": 0.0,
    "C": 0.0,
    "D": 0.0,
    "E": 0.0,
    "F": 0.0,
    "G": 0.0,
    "H": 0.0,
    "I": 0.0,
    "K": 0.0,
    "L": 0.0,
    "M": 0.0,
    "N": 0.0,
    "P": 0.0,
    "Q": 0.0,
    "R": 0.0,
    "S": 0.0,
    "T": 0.0,
    "V": 0.0,
    "W": 0.0,
    "Y": 1.0
  },
  "+1": {
    "A": 0.008888888888888889,
    "C": 0.035555555555555556,
    "D": 0.1688888888888889,
    "E": 0.08,
    "F": 0.0044444444444444444,
    "G": 0.18666666666666668,
    "H": 0.0044444444444444444,
    "I": 0.044444444444444446,
    "K": 0.0044444444444444444,
    "L": 0.03111111111111111,
    "M": 0.05333333333333334,
    "N": 0.017777777777777778,
    "P": 0.07111111111111111,
    "Q": 0.02666666666666667,
    "R": 0.0,
    "S": 0.02666666666666667,
    "T": 0.12444444444444444,
    "V": 0.008888888888888889,
    "W": 0.0,
    "Y": 0.06222222222222222
  },
  "+2": {
    "A": 0.013333333333333334,
    "C": 0.0,
    "D": 0.14666666666666667,
    "E": 0.08888888888888889,
    "F": 0.017777777777777778,
    "G": 0.1288888888888889,
    "H": 0.07111111111111111,
    "I": 0.013333333333333334,
    "K": 0.0,
    "L": 0.02666666666666667,
    "M": 0.0,
    "N": 0.02666666666666667,
    "P": 0.022222222222222223,
    "Q": 0.06666666666666667,
    "R": 0.0,
    "S": 0.04888888888888889,
    "T": 0.044444444444444446,
    "V": 0.02666666666666667,
    "W": 0.05333333333333334,
    "Y": 0.14222222222222222
  },
  "+3": {
    "A": 0.022222222222222223,
    "C": 0.0044444444444444444,
    "D": 0.09777777777777778,
    "E": 0.09333333333333334,
    "F": 0.008888888888888889,
    "G": 0.07111111111111111,
    "H": 0.013333333333333334,
    "I": 0.017777777777777778,
    "K": 0.013333333333333334,
    "L": 0.035555555555555556,
    "M": 0.1111111111111111,
    "N": 0.03111111111111111,
    "P": 0.06666666666666667,
    "Q": 0.022222222222222223,
    "R": 0.0,
    "S": 0.03111111111111111,
    "T": 0.057777777777777775,
    "V": 0.013333333333333334,
    "W": 0.10222222222222223,
    "Y": 0.08444444444444445
  },
  "+4": {
    "A": 0.013333333333333334,
    "C": 0.008888888888888889,
    "D": 0.12444444444444444,
    "E": 0.12,
    "F": 0.03111111111111111,