{
  "-10": {
    "A": -8.212374787567269,
    "C": "-inf",
    "D": -10.53430288245463,
    "E": -10.53430288245463,
    "F": -8.949340381733474,
    "G": -8.949340381733474,
    "H": -9.53430288245463,
    "I": -8.949340381733474,
    "K": -7.364377881012318,
    "L": -8.53430288245463,
    "M": -8.949340381733474,
    "N": -10.53430288245463,
    "P": -9.53430288245463,
    "Q": "-inf",
    "R": -7.9493403817334745,
    "S": -7.074871263817333,
    "T": -9.53430288245463,
    "V": -8.949340381733474,
    "W": -9.53430288245463,
    "Y": "-inf"
  },
  "-9": {
    "A": -8.53430288245463,
    "C": -9.53430288245463,
    "D": "-inf",
    "E": -8.53430288245463,
    "F": -8.949340381733474,
    "G": -10.53430288245463,
    "H": -10.53430288245463,
    "I": -10.53430288245463,
    "K": -8.949340381733474,
    "L": -8.53430288245463,
    "M": -10.53430288245463,
    "N": -9.53430288245463,
    "P": -7.9493403817334745,
    "Q": -8.53430288245463,
    "R": -7.726947960397027,
    "S": -7.364377881012318,
    "T": -8.212374787567269,
    "V": -9.53430288245463,
    "W": "-inf",
    "Y": -9.53430288245463
  },
  "-8": {
    "A": -9.53430288245463,
    "C": "-inf",
    "D": -9.53430288245463,
    "E": -10.53430288245463,
    "F": -9.53430288245463,
    "G": -9.53430288245463,
    "H": -9.53430288245463,
    "I": -9.53430288245463,
    "K": -8.53430288245463,
    "L": -8.212374787567269,
    "M": "-inf",
    "N": -10.53430288245463,
    "P": -8.53430288245463,
    "Q": "-inf",
    "R": -6.627412286846112,
    "S": -6.833863164313539,
    "T": -8.212374787567269,
    "V": "-inf",
    "W": "-inf",
    "Y": -10.53430288245463
  },
  "-7": {
    "A": -8.949340381733474,
    "C": -10.53430288245463,
    "D": "-inf",
    "E": -8.949340381733474,
    "F": -8.53430288245463,
    "G": -8.949340381733474,
    "H": "-inf",
    "I": -9.53430288245463,
    "K": -8.53430288245463,
    "L": -7.9493403817334745,
    "M": "-inf",
    "N": -10.53430288245463,
    "P": -10.53430288245463,
    "Q": -9.53430288245463,
    "R": -6.726947960397027,
    "S": -7.074871263817333,
    "T": -9.53430288245463,
    "V": -8.53430288245463,
    "W": "-inf",
    "Y": "-inf"
  },
  "-6": {
    "A": -8.949340381733474,
    "C": "-inf",
    "D": "-inf",
    "E": -9.53430288245463,
    "F": -8.949340381733474,
    "G": -8.949340381733474,
    "H": -10.53430288245463,
    "I": -8.949340381733474,
    "K": -8.53430288245463,
    "L": -9.53430288245463,
    "M": "-inf",
    "N": -8.949340381733474,
    "P": -8.53430288245463,
    "Q": "-inf",
    "R": -6.5343028824546305,
    "S": -7.212374787567268,
    "T": -8.53430288245463,
    "V": -8.949340381733474,
    "W": "-inf",
    "Y": "-inf"
  },
  "-5": {
    "A": -9.53430288245463,
    "C": -9.53430288245463,
    "D": -10.53430288245463,
    "E": -8.949340381733474,
    "F": -8.949340381733474,
    "G": -8.949340381733474,
    "H": "-inf",
    "I": -8.949340381733474,
    "K": -8.949340381733474,
    "L": -7.074871263817333,
    "M": "-inf",
    "N": -7.9493403817334745,
    "P": -8.949340381733474,
    "Q": -10.53430288245463,
    "R": -7.5343028824546305,
    "S": -8.53430288245463,
    "T": -8.53430288245463,
    "V": -9.53430288245463,
    "W": "-inf",
    "Y": -9.53430288245463
  },
  "-4": {
    "A": -9.53430288245463,
    "C": "-inf",
    "D": "-inf",
    "E": "-inf",
    "F": -7.9493403817334745,
    "G": -10.53430288245463,
    "H": "-inf",
    "I": -10.53430288245463,
    "K": -8.53430288245463,
    "L": -7.212374787567268,
    "M": "-inf",
    "N": "-inf",
    "P": -8.949340381733474,
    "Q": -8.949340381733474,
    "R": -7.9493403817334745,
    "S": -7.074871263817333,
    "T": -9.53430288245463,
    "V": -7.212374787567268,
    "W": -9.53430288245463,
    "Y": "-inf"
  },
  "-3": {
    "A": -7.9493403817334745,
    "C": "-inf",
    "D": "-inf",
    "E": "-inf",
    "F": -10.53430288245463,
    "G": "-inf",
    "H": "-inf",
    "I": -7.726947960397027,
    "K": -9.53430288245463,
    "L": -8.212374787567269,
    "M": "-inf",
    "N": -10.53430288245463,
    "P": -8.212374787567269,
    "Q": "-inf",
    "R": -8.212374787567269,
    "S": -7.364377881012318,
    "T": -10.53430288245463,
    "V": -6.286375369011045,
    "W": "-inf",
    "Y": "-inf"
  },
  "-2": {
    "A": -8.949340381733474,
    "C": -7.5343028824546305,
    "D": -10.53430288245463,
    "E": "-inf",
    "F": -8.949340381733474,
    "G": "-inf",
    "H": "-inf",
    "I": -8.949340381733474,
    "K": -8.212374787567269,
    "L": -8.949340381733474,
    "M": -9.53430288245463,
    "N": -10.53430288245463,
    "P": -10.53430288245463,
    "Q": "-inf",
    "R": -8.53430288245463,
    "S": -8.212374787567269,
    "T": -8.212374787567269,
    "V": -6.5343028824546305,
    "W": "-inf",
    "Y": -9.53430288245463
  },
  "-1": {
    "A": -6.9493403817334745,
    "C": -8.949340381733474,
    "D": "-inf",
    "E": "-inf",
    "F": "-inf",
    "G": -10.53430288245463,
    "H": -10.53430288245463,
    "I": "-inf",
    "K": -6.9493403817334745,
    "L": -8.949340381733474,
    "M": -0.1603502270844371,
    "N": "-inf",
    "P": "-inf",
    "Q": -8.949340381733474,
    "R": -7.074871263817333,
    "S": -7.364377881012318,
    "T": "-inf",
    "V": "-inf",
    "W": "-inf",
    "Y": "-inf"
  },
  "0": {
    "A": 0.0,
    "C": "-inf",
    "D": "-inf",
    "E": "-inf",
    "F": "-inf",
    "G": "-inf",
    "H": "-inf",
    "I": "-inf",
    "K": "-inf",
    "L": "-inf",
    "M": "-inf",
    "N": "-inf",
    "P": "-inf",
    "Q": "-inf",
    "R": "-inf",
    "S": "-inf",
    "T": "-inf",
    "V": "-inf",
    "W": "-inf",
    "Y": "-inf"
  },
  "+1": {
    "A": -2.1636154756474126,
    "C": -6.9493403817334745,
    "D": -3.334630537618266,
    "E": -3.1164503675687327,
    "F": -4.603565544891744,
    "G": -4.074871263817333,
    "H": -7.074871263817333,
    "I": -8.212374787567269,
    "K": -5.676321887327059,
    "L": -4.979714030776993,
    "M": -5.779415380291161,
    "N": -5.286375369011045,
    "P": -9.53430288245463,
    "Q": -4.676321887327059,
    "R": -7.9493403817334745,
    "S": -2.7928358960534836,
    "T": -3.194452879570006,
    "V": -4.627412286846112,
    "W": -9.53430288245463,
    "Y": -7.212374787567268
  },
  "+2": {
    "A": -2.446840041204291,
    "C": -6.726947960397027,
    "D": -4.511935069426176,
    "E": -3.468213691996858,
    "F": -4.833863164313539,
    "G": -4.091359386605903,
    "H": -6.9493403817334745,
    "I": -5.676321887327059,
    "K": -4.890446692679906,
    "L": -3.995144071346599,
    "M": -6.286375369011045,
    "N": -4.651659833092789,
    "P": -3.8904466926799057,
    "Q": -4.194452879570005,
    "R": -5.405019865509664,
    "S": -2.9874084225669937,
    "T": -4.058569451488233,
    "V": -4.176750877836547,
    "W": -7.9493403817334745,
    "Y": -6.5343028824546305
  },
  "+3": {
    "A": -2.6763218873270582,
    "C": -6.9493403817334745,
    "D": -3.9797140307769934,
    "E": -3.7398870161045243,
    "F": -6.074871263817333,
    "G": -2.912251062998254,
    "H": -6.446840041204291,
    "I": -5.042449786124956,
    "K": -4.919593038339422,
    "L": -3.7398870161045243,
    "M": -5.890446692679906,
    "N": -5.32484951682568,
    "P": -4.701412868289888,
    "Q": -4.701412868289888,
    "R": -6.14198545967587,
    "S": -3.2033860043400133,
    "T": -4.074871263817333,
    "V": -3.6763218873270582,
    "W": -7.5343028824546305,
    "Y": -6.212374787567268
  },
  "+4": {
    "A": -2.92697256870502,
    "C": -9.53430288245463,
    "D": -4.026508242255934,
    "E": -3.4362707994941037,
    "F": -5.9493403817334745,
    "G": -3.468213691996858,
    "H": -7.212374787567268,
    "I": -4.425778425676461,
    "K": -4.919593038339422,
    "L": -4.074871263817333,
    "M": -6.9493403817334745,
    "N": -5.580106572067756,
    "P": -3.752943168929971,
    "Q": -4.511935069426176,
    "R": -5.446840041204291,
    "S": -3.5230756270313766,
    "T": -3.615439645180036,
    "V": -3.415361809731123,
    "W": -7.364377881012318,
    "Y": -5.726947960397027
  },