{
  "-10": {
    "A": -3.752821573321597,
    "C": -6.477180803084464,
    "D": -4.253140528866535,
    "E": -3.696870704041089,
    "F": -4.96251145379116,
    "G": -4.042975160735341,
    "H": -5.588616126648862,
    "I": -4.276592752066366,
    "K": -3.4691481594272178,
    "L": -3.5638924362777957,
    "M": -5.5562523740756635,
    "N": -4.5987824179889625,
    "P": -4.415289424862937,
    "Q": -4.5823953694393955,
    "R": -4.0554862219041725,
    "S": -3.968245141220069,
    "T": -4.246567874943048,
    "V": -4.0305716634473265,
    "W": -6.989008599175405,
    "Y": -5.316690820673924
  },
  "-9": {
    "A": -3.7608483227964773,
    "C": -6.364369484250435,
    "D": -4.20934541098685,
    "E": -3.7871362563057507,
    "F": -4.912883938305998,
    "G": -4.042975160735341,
    "H": -5.576201320393202,
    "I": -4.304693287574331,
    "K": -3.4173640845426676,
    "L": -3.5705467093951726,
    "M": -5.459021433965624,
    "N": -4.567983740092777,
    "P": -4.484654050017904,
    "Q": -4.628916755515718,
    "R": -4.052258714873776,
    "S": -3.934179925682039,
    "T": -4.3212157434869924,
    "V": -3.9556274725393696,
    "W": -6.918096934188914,
    "Y": -5.272205434825426
  },
  "-8": {
    "A": -3.7321586540472,
    "C": -6.467594754255266,
    "D": -4.283724437334879,
    "E": -3.7218658990393667,
    "F": -5.057462147687713,
    "G": -4.062504022657579,
    "H": -5.4975212513686404,
    "I": -4.327704637668454,
    "K": -3.3319381237652124,
    "L": -3.5789079451973236,
    "M": -5.485379326132495,
    "N": -4.590695687428229,
    "P": -4.4129877411569725,
    "Q": -4.579811283058245,
    "R": -4.053333748486031,
    "S": -3.903160052645234,
    "T": -4.277848725773858,
    "V": -4.033750963305975,
    "W": -7.019498966397127,
    "Y": -5.364814280011902
  },
  "-7": {
    "A": -3.751657757555437,
    "C": -6.507308907911428,
    "D": -4.196818313110686,
    "E": -3.5938206598577533,
    "F": -5.0000215918978235,
    "G": -4.026695343223345,
    "H": -5.602711685168323,
    "I": -4.369939312189769,
    "K": -3.2988379699955455,
    "L": -3.6747807629696254,
    "M": -5.57208667934131,
    "N": -4.528829147238829,
    "P": -4.485621165885117,
    "Q": -4.513706679109578,
    "R": -3.9679072339598553,
    "S": -3.9931286258904404,
    "T": -4.30107083301698,
    "V": -4.074640520589588,
    "W": -7.134626057607145,
    "Y": -5.321863321132738
  },
  "-6": {
    "A": -3.6723011948297923,
    "C": -6.455227361980415,
    "D": -4.220975260256972,
    "E": -3.794158138020782,
    "F": -4.851442741175816,
    "G": -4.067563579589874,
    "H": -5.646384637283123,
    "I": -4.249850458932349,
    "K": -3.432087364739517,
    "L": -3.446727006542751,
    "M": -5.435470551199628,
    "N": -4.584465976240314,
    "P": -4.503875669749885,
    "Q": -4.695611258268491,
    "R": -4.076642873500736,
    "S": -3.923820299749137,
    "T": -4.276802005100438,
    "V": -3.9982952604235704,
    "W": -6.969935865708532,
    "Y": -5.204162308678049
  },
  "-5": {
    "A": -3.7079732777807646,
    "C": -6.285618152383709,
    "D": -4.261812830880985,
    "E": -3.811333281828914,
    "F": -4.872160650022055,
    "G": -4.086513117524797,
    "H": -5.553207641941225,
    "I": -4.222385224108985,
    "K": -3.418633402396976,
    "L": -3.4392129528854443,
    "M": -5.452861123889051,
    "N": -4.5909558434186355,
    "P": -4.522860395235822,
    "Q": -4.588356392191254,
    "R": -4.12724942972435,
    "S": -3.895749207552163,
    "T": -4.272831378160528,
    "V": -3.9422891591923808,
    "W": -7.001404145947943,
    "Y": -5.18322182405577
  },
  "-4": {
    "A": -3.7674490436637735,
    "C": -6.249029112459332,
    "D": -4.100890419747413,
    "E": -3.460209130616954,
    "F": -4.948442804640893,
    "G": -4.049932219854746,
    "H": -5.350648397155533,
    "I": -4.317551617263237,
    "K": -3.549284349355644,
    "L": -3.5372020381437586,
    "M": -5.521620007367401,
    "N": -4.588096704486316,
    "P": -4.380694038490663,
    "Q": -4.570033751153008,
    "R": -4.351750111635105,
    "S": -3.8693179002532294,
    "T": -4.275546941914814,
    "V": -4.028279851939337,
    "W": -6.897357025662281,
    "Y": -5.154099013580732
  },
  "-3": {
    "A": -3.6816908970774582,
    "C": -6.379570006458042,
    "D": -3.8935012682467818,
    "E": -3.37553072699003,
    "F": -4.686130816075879,
    "G": -4.119159705618519,
    "H": -5.418748850325729,
    "I": -4.301496532353467,
    "K": -3.750930849170588,
    "L": -3.498253026703066,
    "M": -5.5726003681631475,
    "N": -4.5203806850328885,
    "P": -4.411149034467568,
    "Q": -4.53007575151659,
    "R": -4.574399720785923,
    "S": -4.009379646596058,
    "T": -4.294276671628992,
    "V": -4.038710509153346,
    "W": -6.871844512179027,
    "Y": -5.020900321573739
  },
  "-2": {
    "A": -3.580327730187758,
    "C": -6.39311653829599,
    "D": -4.073367741467875,
    "E": -3.7794069835292787,
    "F": -4.312180045636353,
    "G": -3.951780060445203,
    "H": -5.5451196317410405,
    "I": -3.981485640460396,
    "K": -4.140516555914523,
    "L": -3.181359839232087,
    "M": -5.348447488962262,
    "N": -4.581878181751158,
    "P": -4.543104694205562,
    "Q": -4.702622133378026,
    "R": -5.019148840187208,
    "S": -3.957135779044647,
    "T": -4.365259212950167,
    "V": -3.8435171062178326,
    "W": -6.466639643302879,
    "Y": -4.949776780733058
  },
  "-1": {
    "A": -3.6760221469907663,
    "C": -6.817256244682087,
    "D": -3.9135345336004006,
    "E": -3.1991960557846992,
    "F": -4.567727693408124,
    "G": -3.5404643522024215,
    "H": -5.767596069910105,
    "I": -4.327487870326616,
    "K": -4.40176226856321,
    "L": -3.2623306868903104,
    "M": -5.415519795329038,
    "N": -4.5562523740756635,
    "P": -4.817865105227477,
    "Q": -4.486830973118184,
    "R": -5.34142706128449,
    "S": -3.852066204902412,
    "T": -4.407020492582371,
    "V": -4.052258714873776,
    "W": -6.712778026211407,
    "Y": -4.921364648022824
  },
  "0": {
    "A": "-inf",
    "C": "-inf",
    "D": "-inf",
    "E": "-inf",
    "F": "-inf",
    "G": "-inf",
    "H": "-inf",
    "I": "-inf",
    "K": 0.0,
    "L": "-inf",
    "M": "-inf",
    "N": "-inf",
    "P": "-inf",
    "Q": "-inf",
    "R": "-inf",
    "S": "-inf",
    "T": "-inf",
    "V": "-inf",
    "W": "-inf",
    "Y": "-inf"
  },
  "+1": {
    "A": -3.9608294027193223,
    "C": -7.0223030392738295,
    "D": -3.9371535338269577,
    "E": -3.54385996603551,
    "F": -4.369046693419831,
    "G": -4.260984647711922,
    "H": -5.036051489464293,
    "I": -4.404046098454249,
    "K": -3.704028406070412,
    "L": -3.323807799954691,
    "M": -5.735030833058535,
    "N": -4.700374944386468,
    "P": -4.104600103048516,
    "Q": -4.792810874071458,
    "R": -4.329439949910016,
    "S": -4.283093750968162,
    "T": -4.419441731972388,
    "V": -4.1740332752200935,
    "W": -6.436405241896973,
    "Y": -4.190891044950368
  },
  "+2": {
    "A": -3.8503523275530798,
    "C": -6.479105680008957,
    "D": -4.3753066538295435,
    "E": -3.64152616482693,
    "F": -4.368600591053602,
    "G": -4.020549855146439,
    "H": -5.621722583048854,
    "I": -3.8638063150494086,
    "K": -3.7292921817334665,
    "L": -3.1349105286799164,
    "M": -5.43360298454286,
    "N": -4.710514974702838,
    "P": -4.5559984008260175,
    "Q": -4.694772238157092,
    "R": -4.386101616425882,
    "S": -4.231076793200548,
    "T": -4.550422271097999,
    "V": -3.869791303060066,
    "W": -6.525095784400963,
    "Y": -4.86931790025323
  },
  "+3": {
    "A": -3.803322906929209,
    "C": -6.36793169603773,
    "D": -3.979270434741814,
    "E": -3.5320725615805366,
    "F": -4.858315705863497,
    "G": -3.9963986786804844,
    "H": -5.55219415750131,
    "I": -4.374858611887778,
    "K": -3.3726204869572296,
    "L": -3.5804568708619606,
    "M": -5.767596069910105,
    "N": -4.526587970406311,
    "P": -4.4275500353598645,
    "Q": -4.498253026703066,
    "R": -4.057821697855527,
    "S": -3.97179795402216,