{
  "-10": {
    "A": -8.04220656012069,
    "C": -9.364134655008051,
    "D": -7.556779732950448,
    "E": -9.364134655008051,
    "F": -7.556779732950448,
    "G": -7.779172154286895,
    "H": -9.364134655008051,
    "I": -8.779172154286895,
    "K": -8.779172154286895,
    "L": -7.779172154286895,
    "M": -10.364134655008051,
    "N": -8.364134655008051,
    "P": -8.364134655008051,
    "Q": -8.364134655008051,
    "R": -6.779172154286895,
    "S": -7.364134655008051,
    "T": -8.364134655008051,
    "V": -8.779172154286895,
    "W": "-inf",
    "Y": -10.364134655008051
  },
  "-9": {
    "A": -8.779172154286895,
    "C": -10.364134655008051,
    "D": -8.779172154286895,
    "E": -10.364134655008051,
    "F": -8.364134655008051,
    "G": -7.556779732950448,
    "H": "-inf",
    "I": -10.364134655008051,
    "K": -8.04220656012069,
    "L": -7.556779732950448,
    "M": -9.364134655008051,
    "N": -8.779172154286895,
    "P": -6.904703036370755,
    "Q": -7.779172154286895,
    "R": -7.556779732950448,
    "S": -6.779172154286895,
    "T": -10.364134655008051,
    "V": -7.04220656012069,
    "W": -10.364134655008051,
    "Y": "-inf"
  },
  "-8": {
    "A": -7.556779732950448,
    "C": -9.364134655008051,
    "D": -10.364134655008051,
    "E": -8.364134655008051,
    "F": -7.779172154286895,
    "G": -6.779172154286895,
    "H": -10.364134655008051,
    "I": "-inf",
    "K": -7.364134655008051,
    "L": -8.364134655008051,
    "M": -10.364134655008051,
    "N": -8.779172154286895,
    "P": -8.364134655008051,
    "Q": -8.04220656012069,
    "R": -7.556779732950448,
    "S": -7.194209653565739,
    "T": -8.364134655008051,
    "V": -10.364134655008051,
    "W": -8.779172154286895,
    "Y": -8.779172154286895
  },
  "-7": {
    "A": -7.779172154286895,
    "C": "-inf",
    "D": -9.364134655008051,
    "E": -9.364134655008051,
    "F": "-inf",
    "G": -8.779172154286895,
    "H": "-inf",
    "I": -8.779172154286895,
    "K": -7.364134655008051,
    "L": -7.364134655008051,
    "M": -9.364134655008051,
    "N": -8.779172154286895,
    "P": -7.779172154286895,
    "Q": -10.364134655008051,
    "R": -6.779172154286895,
    "S": -6.194209653565739,
    "T": -9.364134655008051,
    "V": -7.364134655008051,
    "W": -10.364134655008051,
    "Y": "-inf"
  },
  "-6": {
    "A": -7.779172154286895,
    "C": -9.364134655008051,
    "D": -10.364134655008051,
    "E": -8.364134655008051,
    "F": -8.364134655008051,
    "G": -8.364134655008051,
    "H": -10.364134655008051,
    "I": -8.779172154286895,
    "K": -8.364134655008051,
    "L": -7.556779732950448,
    "M": -9.364134655008051,
    "N": -8.04220656012069,
    "P": -8.779172154286895,
    "Q": -10.364134655008051,
    "R": -7.364134655008051,
    "S": -6.556779732950448,
    "T": -8.04220656012069,
    "V": -7.556779732950448,
    "W": -9.364134655008051,
    "Y": -8.779172154286895
  },
  "-5": {
    "A": -7.04220656012069,
    "C": -9.364134655008051,
    "D": -7.556779732950448,
    "E": -9.364134655008051,
    "F": -8.779172154286895,
    "G": -8.04220656012069,
    "H": "-inf",
    "I": -8.779172154286895,
    "K": -7.779172154286895,
    "L": -7.779172154286895,
    "M": -9.364134655008051,
    "N": -8.779172154286895,
    "P": -7.194209653565739,
    "Q": -8.364134655008051,
    "R": -8.04220656012069,
    "S": -6.779172154286895,
    "T": -8.779172154286895,
    "V": -10.364134655008051,
    "W": -10.364134655008051,
    "Y": -9.364134655008051
  },
  "-4": {
    "A": -6.779172154286895,
    "C": -9.364134655008051,
    "D": -9.364134655008051,
    "E": -8.364134655008051,
    "F": -8.779172154286895,
    "G": -7.556779732950448,
    "H": -10.364134655008051,
    "I": -7.779172154286895,
    "K": -9.364134655008051,
    "L": -9.364134655008051,
    "M": -8.779172154286895,
    "N": -8.779172154286895,
    "P": -10.364134655008051,
    "Q": -9.364134655008051,
    "R": -7.556779732950448,
    "S": -6.904703036370755,
    "T": -8.04220656012069,
    "V": -8.04220656012069,
    "W": -10.364134655008051,
    "Y": -7.364134655008051
  },
  "-3": {
    "A": -7.364134655008051,
    "C": -9.364134655008051,
    "D": -9.364134655008051,
    "E": -8.779172154286895,
    "F": -10.364134655008051,
    "G": -8.779172154286895,
    "H": -10.364134655008051,
    "I": -7.556779732950448,
    "K": -8.364134655008051,
    "L": -7.04220656012069,
    "M": -8.364134655008051,
    "N": -10.364134655008051,
    "P": -6.904703036370755,
    "Q": -9.364134655008051,
    "R": -7.779172154286895,
    "S": -7.556779732950448,
    "T": -9.364134655008051,
    "V": -6.66369493686696,
    "W": "-inf",
    "Y": "-inf"
  },
  "-2": {
    "A": -8.04220656012069,
    "C": -9.364134655008051,
    "D": -10.364134655008051,
    "E": -8.364134655008051,
    "F": -8.779172154286895,
    "G": -8.779172154286895,
    "H": "-inf",
    "I": -8.779172154286895,
    "K": -8.779172154286895,
    "L": -8.364134655008051,
    "M": -7.779172154286895,
    "N": -7.556779732950448,
    "P": -8.779172154286895,
    "Q": -8.779172154286895,
    "R": -6.66369493686696,
    "S": -6.4572440593995335,
    "T": -7.779172154286895,
    "V": -7.779172154286895,
    "W": -9.364134655008051,
    "Y": "-inf"
  },
  "-1": {
    "A": -8.04220656012069,
    "C": -7.364134655008051,
    "D": -8.04220656012069,
    "E": -8.04220656012069,
    "F": "-inf",
    "G": -8.364134655008051,
    "H": -10.364134655008051,
    "I": -10.364134655008051,
    "K": -6.276671813757712,
    "L": -8.364134655008051,
    "M": -0.17802041546640912,
    "N": -9.364134655008051,
    "P": -8.779172154286895,
    "Q": -8.04220656012069,
    "R": -7.194209653565739,
    "S": -7.556779732950448,
    "T": -10.364134655008051,
    "V": "-inf",
    "W": "-inf",
    "Y": "-inf"
  },
  "0": {
    "A": "-inf",
    "C": "-inf",
    "D": "-inf",
    "E": "-inf",
    "F": "-inf",
    "G": "-inf",
    "H": "-inf",
    "I": "-inf",
    "K": "-inf",
    "L": "-inf",
    "M": "-inf",
    "N": "-inf",
    "P": "-inf",
    "Q": "-inf",
    "R": "-inf",
    "S": 0.0,
    "T": "-inf",
    "V": "-inf",
    "W": "-inf",
    "Y": "-inf"
  },
  "+1": {
    "A": -3.386854731508135,
    "C": -7.194209653565739,
    "D": -3.5827749414833923,
    "E": -3.4099383446211764,
    "F": -4.904703036370755,
    "G": -3.042206560120689,
    "H": -6.904703036370755,
    "I": -5.364134655008051,
    "K": -4.779172154286895,
    "L": -3.421620149668812,
    "M": -5.904703036370755,
    "N": -4.779172154286895,
    "P": -10.364134655008051,
    "Q": -4.4572440593995335,
    "R": -5.9718172322292915,
    "S": -2.946282140122154,
    "T": -3.5827749414833923,
    "V": -4.4572440593995335,
    "W": -7.364134655008051,
    "Y": -5.556779732950448
  },
  "+2": {
    "A": -3.691709313036556,
    "C": -7.194209653565739,
    "D": -4.4572440593995335,
    "E": -3.6636949368669596,
    "F": -5.04220656012069,
    "G": -3.8249758439000203,
    "H": -6.556779732950448,
    "I": -4.341766841979597,
    "K": -4.135315964512171,
    "L": -3.794279046677104,
    "M": -6.779172154286895,
    "N": -4.364134655008051,
    "P": -4.255610198229883,
    "Q": -4.691709313036556,
    "R": -4.298045464550279,
    "S": -2.888401224041654,
    "T": -3.5061536598804794,
    "V": -4.060353906830949,
    "W": -7.779172154286895,
    "Y": -6.276671813757712
  },
  "+3": {
    "A": -3.386854731508135,
    "C": -6.66369493686696,
    "D": -3.872281558678377,
    "E": -3.5827749414833923,
    "F": -4.937869900305954,
    "G": -3.006582650389968,
    "H": -6.116207141564466,
    "I": -4.409938344621176,
    "K": -4.66369493686696,
    "L": -3.8405726989510387,
    "M": -6.364134655008051,
    "N": -4.720278465233327,
    "P": -4.024284652123427,
    "Q": -4.4333973174451655,
    "R": -5.4572440593995335,
    "S": -3.3529073995847978,
    "T": -4.09734811431315,
    "V": -4.174310096128035,
    "W": -7.556779732950448,
    "Y": -5.9718172322292915
  },
  "+4": {
    "A": -3.6776341278248332,
    "C": -8.779172154286895,
    "D": -3.9718172322292915,