{
  "-10": {
    "A": -5.78135971352466,
    "C": -8.103287808412022,
    "D": "-inf",
    "E": -6.518325307690866,
    "F": -7.103287808412022,
    "G": -8.103287808412022,
    "H": -7.103287808412022,
    "I": -8.103287808412022,
    "K": "-inf",
    "L": -5.295932886354418,
    "M": "-inf",
    "N": -7.103287808412022,
    "P": "-inf",
    "Q": -8.103287808412022,
    "R": -5.518325307690866,
    "S": -5.78135971352466,
    "T": -8.103287808412022,
    "V": -7.103287808412022,
    "W": "-inf",
    "Y": -6.518325307690866
  },
  "-9": {
    "A": -7.103287808412022,
    "C": -8.103287808412022,
    "D": -6.103287808412022,
    "E": "-inf",
    "F": -8.103287808412022,
    "G": -7.103287808412022,
    "H": -8.103287808412022,
    "I": "-inf",
    "K": -5.78135971352466,
    "L": -6.518325307690866,
    "M": "-inf",
    "N": -8.103287808412022,
    "P": -6.518325307690866,
    "Q": -7.103287808412022,
    "R": -7.103287808412022,
    "S": -4.518325307690866,
    "T": -7.103287808412022,
    "V": -8.103287808412022,
    "W": "-inf",
    "Y": "-inf"
  },
  "-8": {
    "A": -8.103287808412022,
    "C": "-inf",
    "D": -7.103287808412022,
    "E": -6.518325307690866,
    "F": -8.103287808412022,
    "G": -8.103287808412022,
    "H": "-inf",
    "I": -5.78135971352466,
    "K": -8.103287808412022,
    "L": -5.518325307690866,
    "M": "-inf",
    "N": -8.103287808412022,
    "P": -5.78135971352466,
    "Q": -8.103287808412022,
    "R": -5.103287808412022,
    "S": -6.518325307690866,
    "T": -8.103287808412022,
    "V": -8.103287808412022,
    "W": "-inf",
    "Y": -7.103287808412022
  },
  "-7": {
    "A": -7.103287808412022,
    "C": -8.103287808412022,
    "D": -7.103287808412022,
    "E": "-inf",
    "F": "-inf",
    "G": -7.103287808412022,
    "H": "-inf",
    "I": "-inf",
    "K": -6.518325307690866,
    "L": -5.518325307690866,
    "M": "-inf",
    "N": -6.103287808412022,
    "P": -5.78135971352466,
    "Q": -8.103287808412022,
    "R": -5.78135971352466,
    "S": -5.295932886354418,
    "T": -8.103287808412022,
    "V": -6.518325307690866,
    "W": "-inf",
    "Y": "-inf"
  },
  "-6": {
    "A": -8.103287808412022,
    "C": -7.103287808412022,
    "D": -5.78135971352466,
    "E": -8.103287808412022,
    "F": -8.103287808412022,
    "G": -6.103287808412022,
    "H": -6.518325307690866,
    "I": -8.103287808412022,
    "K": "-inf",
    "L": -6.103287808412022,
    "M": -8.103287808412022,
    "N": -8.103287808412022,
    "P": -7.103287808412022,
    "Q": "-inf",
    "R": -5.78135971352466,
    "S": -6.518325307690866,
    "T": -7.103287808412022,
    "V": -6.518325307690866,
    "W": "-inf",
    "Y": -6.518325307690866
  },
  "-5": {
    "A": -5.78135971352466,
    "C": "-inf",
    "D": -7.103287808412022,
    "E": -6.518325307690866,
    "F": -5.78135971352466,
    "G": "-inf",
    "H": -7.103287808412022,
    "I": -7.103287808412022,
    "K": -6.518325307690866,
    "L": -5.78135971352466,
    "M": "-inf",
    "N": "-inf",
    "P": "-inf",
    "Q": -5.78135971352466,
    "R": -7.103287808412022,
    "S": -6.103287808412022,
    "T": -8.103287808412022,
    "V": -6.518325307690866,
    "W": "-inf",
    "Y": "-inf"
  },
  "-4": {
    "A": -8.103287808412022,
    "C": -8.103287808412022,
    "D": -6.103287808412022,
    "E": "-inf",
    "F": "-inf",
    "G": -6.518325307690866,
    "H": -7.103287808412022,
    "I": -8.103287808412022,
    "K": -8.103287808412022,
    "L": -6.518325307690866,
    "M": -8.103287808412022,
    "N": -8.103287808412022,
    "P": -6.103287808412022,
    "Q": -7.103287808412022,
    "R": -8.103287808412022,
    "S": -5.295932886354418,
    "T": -6.518325307690866,
    "V": -6.103287808412022,
    "W": "-inf",
    "Y": -6.518325307690866
  },
  "-3": {
    "A": -7.103287808412022,
    "C": -7.103287808412022,
    "D": -7.103287808412022,
    "E": -6.518325307690866,
    "F": "-inf",
    "G": -8.103287808412022,
    "H": -6.518325307690866,
    "I": -5.518325307690866,
    "K": "-inf",
    "L": -5.78135971352466,
    "M": -7.103287808412022,
    "N": "-inf",
    "P": -7.103287808412022,
    "Q": -8.103287808412022,
    "R": -8.103287808412022,
    "S": -6.518325307690866,
    "T": -8.103287808412022,
    "V": -5.103287808412022,
    "W": -8.103287808412022,
    "Y": "-inf"
  },
  "-2": {
    "A": -5.78135971352466,
    "C": "-inf",
    "D": -6.518325307690866,
    "E": -8.103287808412022,
    "F": "-inf",
    "G": -8.103287808412022,
    "H": -8.103287808412022,
    "I": -6.518325307690866,
    "K": -5.78135971352466,
    "L": -5.78135971352466,
    "M": "-inf",
    "N": -8.103287808412022,
    "P": -8.103287808412022,
    "Q": -8.103287808412022,
    "R": -7.103287808412022,
    "S": -5.518325307690866,
    "T": -5.78135971352466,
    "V": -6.518325307690866,
    "W": "-inf",
    "Y": "-inf"
  },
  "-1": {
    "A": -5.295932886354418,
    "C": -6.103287808412022,
    "D": "-inf",
    "E": -6.518325307690866,
    "F": "-inf",
    "G": -6.518325307690866,
    "H": "-inf",
    "I": "-inf",
    "K": -5.518325307690866,
    "L": -6.518325307690866,
    "M": -0.26408402031507794,
    "N": "-inf",
    "P": -8.103287808412022,
    "Q": -7.103287808412022,
    "R": -8.103287808412022,
    "S": -6.518325307690866,
    "T": -7.103287808412022,
    "V": -8.103287808412022,
    "W": "-inf",
    "Y": -8.103287808412022
  },
  "0": {
    "A": "-inf",
    "C": "-inf",
    "D": "-inf",
    "E": "-inf",
    "F": "-inf",
    "G": "-inf",
    "H": "-inf",
    "I": "-inf",
    "K": "-inf",
    "L": "-inf",
    "M": "-inf",
    "N": "-inf",
    "P": "-inf",
    "Q": "-inf",
    "R": "-inf",
    "S": "-inf",
    "T": 0.0,
    "V": "-inf",
    "W": "-inf",
    "Y": "-inf"
  },
  "+1": {
    "A": -3.1490914980251468,
    "C": "-inf",
    "D": -3.1963972128035034,
    "E": -3.103287808412022,
    "F": -8.103287808412022,
    "G": -4.40284809027093,
    "H": -6.103287808412022,
    "I": -4.196397212803504,
    "K": -6.103287808412022,
    "L": -5.103287808412022,
    "M": -6.518325307690866,
    "N": -4.9333628069697095,
    "P": -8.103287808412022,
    "Q": -4.78135971352466,
    "R": -7.103287808412022,
    "S": -2.643856189774725,
    "T": -2.5183253076908656,
    "V": -4.015824967161683,
    "W": "-inf",
    "Y": -6.518325307690866
  },
  "+2": {
    "A": -2.893834442783072,
    "C": -8.103287808412022,
    "D": -5.518325307690866,
    "E": -3.7109703856332614,
    "F": -4.196397212803504,
    "G": -5.518325307690866,
    "H": -6.103287808412022,
    "I": -4.518325307690866,
    "K": -5.295932886354418,
    "L": -4.643856189774724,
    "M": -5.103287808412022,
    "N": -4.196397212803504,
    "P": -2.9333628069697095,
    "Q": -3.643856189774725,
    "R": -4.9333628069697095,
    "S": -3.40284809027093,
    "T": -3.8553602949684365,
    "V": -5.518325307690866,
    "W": -5.78135971352466,
    "Y": -4.9333628069697095
  },
  "+3": {
    "A": -2.893834442783072,
    "C": -6.518325307690866,
    "D": -5.103287808412022,
    "E": -4.103287808412022,
    "F": -5.103287808412022,
    "G": -3.3484003062485534,
    "H": -5.295932886354418,
    "I": -5.103287808412022,
    "K": -5.295932886354418,
    "L": -3.579725852355009,
    "M": -6.103287808412022,
    "N": -4.103287808412022,
    "P": -4.40284809027093,
    "Q": -4.643856189774724,
    "R": -8.103287808412022,
    "S": -3.579725852355009,
    "T": -3.295932886354418,
    "V": -3.24530681328445,
    "W": -8.103287808412022,
    "Y": -5.78135971352466
  },
  "+4": {
    "A": -3.4594316186372973,
    "C": -6.518325307690866,
    "D": -3.8553602949684365,
    "E": -3.643856189774725,
    "F": -6.518325307690866,
    "G": -3.0158249671616826,
    "H": -4.78135971352466,
    "I": -4.40284809027093,
    "K": -4.9333628069697095,
    "L": -4.518325307690866,
    "M": -6.518325307690866,
    "N": -4.295932886354418,
    "P": -3.579725852355009,
    "Q": -5.295932886354418,
    "R": -5.518325307690866,
    "S": -3.643856189774725,
    "T": -3.0588936890535687,
    "V": -4.40284809027093,