{
  "-10": {
    "A": -3.34109345759245,
    "C": -4.727387818712341,
    "D": -3.628775530044231,
    "E": -3.1179499062782403,
    "F": -3.628775530044231,
    "G": -2.2424811689243405,
    "H": -4.727387818712341,
    "I": -3.628775530044231,
    "K": -2.32949254591397,
    "L": -2.1624384612508036,
    "M": -3.1179499062782403,
    "N": -3.628775530044231,
    "P": -2.088330489097082,
    "Q": -3.628775530044231,
    "R": -3.34109345759245,
    "S": -2.088330489097082,
    "T": -2.9356283494842854,
    "V": -3.1179499062782403,
    "W": -4.727387818712341,
    "Y": "-inf"
  },
  "-9": {
    "A": -2.1624384612508036,
    "C": -4.034240638152395,
    "D": -3.34109345759245,
    "E": -2.424802725718295,
    "F": -2.9356283494842854,
    "G": -3.628775530044231,
    "H": -4.727387818712341,
    "I": "-inf",
    "K": -4.727387818712341,
    "L": -3.1179499062782403,
    "M": -2.9356283494842854,
    "N": -3.628775530044231,
    "P": -2.5301632413761213,
    "Q": -3.628775530044231,
    "R": -3.34109345759245,
    "S": -1.9547990964725594,
    "T": -3.1179499062782403,
    "V": -2.088330489097082,
    "W": -4.727387818712341,
    "Y": -3.1179499062782403
  },
  "-8": {
    "A": -2.088330489097082,
    "C": -4.727387818712341,
    "D": -3.1179499062782403,
    "E": -2.7814776696570274,
    "F": -3.1179499062782403,
    "G": -2.5301632413761213,
    "H": -4.727387818712341,
    "I": -4.034240638152395,
    "K": -3.1179499062782403,
    "L": -2.6479462770325046,
    "M": -4.034240638152395,
    "N": -3.34109345759245,
    "P": -1.9547990964725594,
    "Q": -3.34109345759245,
    "R": -3.1179499062782403,
    "S": -2.1624384612508036,
    "T": -2.5301632413761213,
    "V": -4.727387818712341,
    "W": "-inf",
    "Y": "-inf"
  },
  "-7": {
    "A": -2.6479462770325046,
    "C": "-inf",
    "D": -2.9356283494842854,
    "E": -2.9356283494842854,
    "F": -4.034240638152395,
    "G": -2.6479462770325046,
    "H": -3.628775530044231,
    "I": -4.727387818712341,
    "K": -2.7814776696570274,
    "L": -2.2424811689243405,
    "M": -3.1179499062782403,
    "N": -4.034240638152395,
    "P": -2.6479462770325046,
    "Q": -3.1179499062782403,
    "R": -2.7814776696570274,
    "S": -1.7829488395459,
    "T": -3.628775530044231,
    "V": -2.6479462770325046,
    "W": "-inf",
    "Y": -4.727387818712341
  },
  "-6": {
    "A": -2.6479462770325046,
    "C": -4.727387818712341,
    "D": -4.034240638152395,
    "E": -2.424802725718295,
    "F": -3.628775530044231,
    "G": -2.7814776696570274,
    "H": -3.1179499062782403,
    "I": -4.727387818712341,
    "K": -2.424802725718295,
    "L": -2.5301632413761213,
    "M": -4.034240638152395,
    "N": -3.1179499062782403,
    "P": -2.088330489097082,
    "Q": -3.1179499062782403,
    "R": -2.9356283494842854,
    "S": -2.32949254591397,
    "T": -3.628775530044231,
    "V": -3.1179499062782403,
    "W": "-inf",
    "Y": -3.1179499062782403
  },
  "-5": {
    "A": -2.1624384612508036,
    "C": -3.628775530044231,
    "D": -3.34109345759245,
    "E": -2.32949254591397,
    "F": "-inf",
    "G": -2.424802725718295,
    "H": -4.727387818712341,
    "I": -3.628775530044231,
    "K": -3.34109345759245,
    "L": -2.32949254591397,
    "M": -4.034240638152395,
    "N": "-inf",
    "P": -2.32949254591397,
    "Q": -3.1179499062782403,
    "R": -2.9356283494842854,
    "S": -2.424802725718295,
    "T": -2.6479462770325046,
    "V": -3.34109345759245,
    "W": "-inf",
    "Y": -2.9356283494842854
  },
  "-4": {
    "A": -2.0193376176101303,
    "C": -3.628775530044231,
    "D": -3.628775530044231,
    "E": -2.1624384612508036,
    "F": -3.628775530044231,
    "G": -3.1179499062782403,
    "H": -4.034240638152395,
    "I": -4.034240638152395,
    "K": -3.34109345759245,
    "L": -3.1179499062782403,
    "M": -3.628775530044231,
    "N": -4.034240638152395,
    "P": -2.32949254591397,
    "Q": -2.424802725718295,
    "R": -3.1179499062782403,
    "S": -2.424802725718295,
    "T": -2.7814776696570274,
    "V": -2.9356283494842854,
    "W": -4.727387818712341,
    "Y": -4.034240638152395
  },
  "-3": {
    "A": -2.088330489097082,
    "C": -4.727387818712341,
    "D": -3.628775530044231,
    "E": -2.5301632413761213,
    "F": -4.727387818712341,
    "G": -3.1179499062782403,
    "H": -4.727387818712341,
    "I": -4.034240638152395,
    "K": -2.9356283494842854,
    "L": -2.5301632413761213,
    "M": -3.628775530044231,
    "N": -3.1179499062782403,
    "P": -1.9547990964725594,
    "Q": -3.1179499062782403,
    "R": -3.1179499062782403,
    "S": -2.2424811689243405,
    "T": -3.34109345759245,
    "V": -2.424802725718295,
    "W": "-inf",
    "Y": -4.034240638152395
  },
  "-2": {
    "A": -2.0193376176101303,
    "C": -4.034240638152395,
    "D": -2.9356283494842854,
    "E": -2.7814776696570274,
    "F": -3.628775530044231,
    "G": -3.1179499062782403,
    "H": -4.727387818712341,
    "I": -4.727387818712341,
    "K": -2.7814776696570274,
    "L": -2.9356283494842854,
    "M": -3.1179499062782403,
    "N": -3.34109345759245,
    "P": -2.6479462770325046,
    "Q": -3.1179499062782403,
    "R": -2.5301632413761213,
    "S": -1.8370160608161759,
    "T": -3.34109345759245,
    "V": -2.9356283494842854,
    "W": "-inf",
    "Y": -4.727387818712341
  },
  "-1": {
    "A": -2.088330489097082,
    "C": -4.034240638152395,
    "D": -4.034240638152395,
    "E": -2.1624384612508036,
    "F": -4.034240638152395,
    "G": -2.7814776696570274,
    "H": -4.727387818712341,
    "I": -4.034240638152395,
    "K": -2.5301632413761213,
    "L": -2.6479462770325046,
    "M": "-inf",
    "N": -3.34109345759245,
    "P": -2.424802725718295,
    "Q": -2.7814776696570274,
    "R": -3.1179499062782403,
    "S": -2.32949254591397,
    "T": -2.7814776696570274,
    "V": -2.7814776696570274,
    "W": -4.034240638152395,
    "Y": "-inf"
  },
  "0": {
    "A": 0.0,
    "C": "-inf",
    "D": "-inf",
    "E": "-inf",
    "F": "-inf",
    "G": "-inf",
    "H": "-inf",
    "I": "-inf",
    "K": "-inf",
    "L": "-inf",
    "M": "-inf",
    "N": "-inf",
    "P": "-inf",
    "Q": "-inf",
    "R": "-inf",
    "S": "-inf",
    "T": "-inf",
    "V": "-inf",
    "W": "-inf",
    "Y": "-inf"
  },
  "+1": {
    "A": -2.1624384612508036,
    "C": -4.727387818712341,
    "D": -3.1179499062782403,
    "E": -2.9356283494842854,
    "F": -3.34109345759245,
    "G": -2.7814776696570274,
    "H": -4.034240638152395,
    "I": -4.034240638152395,
    "K": -2.1624384612508036,
    "L": -2.6479462770325046,
    "M": -4.034240638152395,
    "N": -3.1179499062782403,
    "P": -2.32949254591397,
    "Q": -3.34109345759245,
    "R": -3.1179499062782403,
    "S": -2.2424811689243405,
    "T": -3.628775530044231,
    "V": -2.9356283494842854,
    "W": -4.727387818712341,
    "Y": -3.628775530044231
  },
  "+2": {
    "A": -2.2424811689243405,
    "C": -4.727387818712341,
    "D": -3.628775530044231,
    "E": -2.7814776696570274,
    "F": "-inf",
    "G": -3.1179499062782403,
    "H": -4.727387818712341,
    "I": -4.727387818712341,
    "K": -2.424802725718295,
    "L": -2.424802725718295,
    "M": -4.727387818712341,
    "N": -3.628775530044231,
    "P": -2.424802725718295,
    "Q": -2.424802725718295,
    "R": -2.5301632413761213,
    "S": -2.6479462770325046,
    "T": -2.32949254591397,
    "V": -2.6479462770325046,
    "W": -4.727387818712341,
    "Y": -4.727387818712341
  },
  "+3": {
    "A": -1.8941744746561244,
    "C": "-inf",
    "D": -3.1179499062782403,
    "E": -2.32949254591397,
    "F": -4.034240638152395,
    "G": -2.5301632413761213,
    "H": -4.034240638152395,
    "I": -4.034240638152395,
    "K": -2.7814776696570274,
    "L": -2.9356283494842854,
    "M": "-inf",
    "N": -3.628775530044231,
    "P": -2.1624384612508036,
    "Q": -2.9356283494842854,
    "R": -2.9356283494842854,
    "S": -2.424802725718295,
    "T": -3.34109345759245,
    "V": -3.1179499062782403,
    "W": "-inf",
    "Y": -3.628775530044231
  },
  "+4": {
    "A": -2.424802725718295,
    "C": "-inf",