{
  "-10": {
    "A": -2.5365786603323213,
    "C": "-inf",
    "D": -3.548179572010801,
    "E": -2.7372493557944724,
    "F": -2.9885637840753785,
    "G": -1.8899514954072687,
    "H": -4.241326752570746,
    "I": -3.548179572010801,
    "K": -3.1427144639026365,
    "L": -1.9900349539642512,
    "M": -4.9344739331306915,
    "N": -3.835861644462582,
    "P": -2.1618852108909103,
    "Q": -2.9885637840753785,
    "R": -2.631888840136646,
    "S": -2.7372493557944724,
    "T": -4.241326752570746,
    "V": -3.3250360206965914,
    "W": -4.9344739331306915,
    "Y": -4.241326752570746
  },
  "-9": {
    "A": -3.1427144639026365,
    "C": -4.9344739331306915,
    "D": -2.5365786603323213,
    "E": -2.295416603515433,
    "F": "-inf",
    "G": -2.4495672833426916,
    "H": -3.1427144639026365,
    "I": -2.9885637840753785,
    "K": -2.044102175234527,
    "L": -2.9885637840753785,
    "M": -3.548179572010801,
    "N": -3.1427144639026365,
    "P": -2.631888840136646,
    "Q": -3.3250360206965914,
    "R": -3.835861644462582,
    "S": -2.369524575669155,
    "T": -2.631888840136646,
    "V": -3.548179572010801,
    "W": -4.9344739331306915,
    "Y": -4.9344739331306915
  },
  "-8": {
    "A": -2.1618852108909103,
    "C": -4.9344739331306915,
    "D": -2.8550323914508557,
    "E": -2.7372493557944724,
    "F": -3.835861644462582,
    "G": -3.1427144639026365,
    "H": -3.835861644462582,
    "I": -2.8550323914508557,
    "K": -2.295416603515433,
    "L": -2.369524575669155,
    "M": -4.9344739331306915,
    "N": -3.835861644462582,
    "P": -2.631888840136646,
    "Q": -2.9885637840753785,
    "R": -2.8550323914508557,
    "S": -1.9387416595767009,
    "T": -3.548179572010801,
    "V": -3.835861644462582,
    "W": "-inf",
    "Y": -4.241326752570746
  },
  "-7": {
    "A": -2.4495672833426916,
    "C": -4.241326752570746,
    "D": -2.5365786603323213,
    "E": -2.1012605890744758,
    "F": -4.9344739331306915,
    "G": -3.548179572010801,
    "H": -4.241326752570746,
    "I": -4.241326752570746,
    "K": -2.226423732028482,
    "L": -2.5365786603323213,
    "M": -4.241326752570746,
    "N": -3.835861644462582,
    "P": -2.4495672833426916,
    "Q": -3.835861644462582,
    "R": -2.5365786603323213,
    "S": -2.4495672833426916,
    "T": -2.5365786603323213,
    "V": -3.835861644462582,
    "W": -3.835861644462582,
    "Y": -4.241326752570746
  },
  "-6": {
    "A": -2.631888840136646,
    "C": -4.241326752570746,
    "D": -3.3250360206965914,
    "E": -1.843431479772376,
    "F": -4.9344739331306915,
    "G": -3.548179572010801,
    "H": -3.3250360206965914,
    "I": -4.241326752570746,
    "K": -2.8550323914508557,
    "L": -2.7372493557944724,
    "M": -4.9344739331306915,
    "N": -3.1427144639026365,
    "P": -2.5365786603323213,
    "Q": -3.1427144639026365,
    "R": -2.4495672833426916,
    "S": -1.9900349539642512,
    "T": -3.548179572010801,
    "V": -2.8550323914508557,
    "W": -4.9344739331306915,
    "Y": -3.835861644462582
  },
  "-5": {
    "A": -2.8550323914508557,
    "C": "-inf",
    "D": -2.631888840136646,
    "E": -2.295416603515433,
    "F": -2.8550323914508557,
    "G": -2.8550323914508557,
    "H": -3.835861644462582,
    "I": -3.548179572010801,
    "K": -2.631888840136646,
    "L": -2.4495672833426916,
    "M": -3.548179572010801,
    "N": -4.9344739331306915,
    "P": -2.5365786603323213,
    "Q": -3.1427144639026365,
    "R": -2.7372493557944724,
    "S": -2.631888840136646,
    "T": -2.7372493557944724,
    "V": -2.4495672833426916,
    "W": "-inf",
    "Y": "-inf"
  },
  "-4": {
    "A": -2.4495672833426916,
    "C": "-inf",
    "D": -2.8550323914508557,
    "E": -2.044102175234527,
    "F": -3.548179572010801,
    "G": -2.7372493557944724,
    "H": -4.9344739331306915,
    "I": -2.9885637840753785,
    "K": -2.8550323914508557,
    "L": -2.369524575669155,
    "M": -3.835861644462582,
    "N": -3.548179572010801,
    "P": -2.8550323914508557,
    "Q": -2.9885637840753785,
    "R": -2.5365786603323213,
    "S": -2.226423732028482,
    "T": -3.835861644462582,
    "V": -3.3250360206965914,
    "W": -4.241326752570746,
    "Y": -4.9344739331306915
  },
  "-3": {
    "A": -2.226423732028482,
    "C": "-inf",
    "D": -2.8550323914508557,
    "E": -2.1618852108909103,
    "F": -2.631888840136646,
    "G": -3.548179572010801,
    "H": -3.548179572010801,
    "I": -4.9344739331306915,
    "K": -2.8550323914508557,
    "L": -2.631888840136646,
    "M": "-inf",
    "N": -3.835861644462582,
    "P": -2.8550323914508557,
    "Q": -2.8550323914508557,
    "R": -3.1427144639026365,
    "S": -2.044102175234527,
    "T": -2.631888840136646,
    "V": -3.3250360206965914,
    "W": -4.9344739331306915,
    "Y": -3.548179572010801
  },
  "-2": {
    "A": -2.8550323914508557,
    "C": -4.9344739331306915,
    "D": -2.1012605890744758,
    "E": -2.1618852108909103,
    "F": -3.3250360206965914,
    "G": -3.3250360206965914,
    "H": -3.835861644462582,
    "I": -3.835861644462582,
    "K": -2.7372493557944724,
    "L": -2.295416603515433,
    "M": "-inf",
    "N": -3.835861644462582,
    "P": -3.548179572010801,
    "Q": -3.835861644462582,
    "R": -3.1427144639026365,
    "S": -1.9900349539642512,
    "T": -2.8550323914508557,
    "V": -2.7372493557944724,
    "W": -4.9344739331306915,
    "Y": -3.3250360206965914
  },
  "-1": {
    "A": -2.7372493557944724,
    "C": -4.241326752570746,
    "D": -2.5365786603323213,
    "E": -2.295416603515433,
    "F": -4.241326752570746,
    "G": -3.835861644462582,
    "H": -3.1427144639026365,
    "I": -4.9344739331306915,
    "K": -2.631888840136646,
    "L": -2.5365786603323213,
    "M": "-inf",
    "N": -3.835861644462582,
    "P": -2.1618852108909103,
    "Q": -2.9885637840753785,
    "R": -3.548179572010801,
    "S": -2.044102175234527,
    "T": -2.4495672833426916,
    "V": -2.631888840136646,
    "W": "-inf",
    "Y": "-inf"
  },
  "0": {
    "A": "-inf",
    "C": "-inf",
    "D": "-inf",
    "E": 0.0,
    "F": "-inf",
    "G": "-inf",
    "H": "-inf",
    "I": "-inf",
    "K": "-inf",
    "L": "-inf",
    "M": "-inf",
    "N": "-inf",
    "P": "-inf",
    "Q": "-inf",
    "R": "-inf",
    "S": "-inf",
    "T": "-inf",
    "V": "-inf",
    "W": "-inf",
    "Y": "-inf"
  },
  "+1": {
    "A": -2.9885637840753785,
    "C": -4.9344739331306915,
    "D": -2.8550323914508557,
    "E": -2.226423732028482,
    "F": -3.3250360206965914,
    "G": -2.4495672833426916,
    "H": -4.9344739331306915,
    "I": -2.8550323914508557,
    "K": -2.5365786603323213,
    "L": -2.8550323914508557,
    "M": -3.835861644462582,
    "N": -3.835861644462582,
    "P": -2.7372493557944724,
    "Q": -3.1427144639026365,
    "R": -2.631888840136646,
    "S": -2.8550323914508557,
    "T": "-inf",
    "V": -2.8550323914508557,
    "W": "-inf",
    "Y": -2.1618852108909103
  },
  "+2": {
    "A": -2.7372493557944724,
    "C": -4.9344739331306915,
    "D": -2.8550323914508557,
    "E": -1.7564201027827462,
    "F": -4.241326752570746,
    "G": -4.241326752570746,
    "H": -3.548179572010801,
    "I": -3.3250360206965914,
    "K": -2.7372493557944724,
    "L": -2.369524575669155,
    "M": -3.3250360206965914,
    "N": -4.241326752570746,
    "P": -2.8550323914508557,
    "Q": -2.5365786603323213,
    "R": -3.835861644462582,
    "S": -2.631888840136646,
    "T": -2.7372493557944724,
    "V": -2.8550323914508557,
    "W": "-inf",
    "Y": -3.3250360206965914
  },
  "+3": {
    "A": -2.226423732028482,
    "C": -4.9344739331306915,
    "D": -2.631888840136646,
    "E": -2.9885637840753785,
    "F": -3.3250360206965914,
    "G": -3.3250360206965914,
    "H": -3.548179572010801,
    "I": -3.835861644462582,
    "K": -2.369524575669155,
    "L": -3.3250360206965914,
    "M": -3.835861644462582,
    "N": -3.548179572010801,
    "P": -2.295416603515433,
    "Q": -3.835861644462582,
    "R": -2.226423732028482,
    "S": -2.295416603515433,
    "T": -2.8550323914508557,
    "V": -3.1427144639026365,
    "W": -4.241326752570746,