{
  "-10": {
    "A": -3.6635616461296463,
    "C": "-inf",
    "D": -1.717651497074333,
    "E": -2.277267285009756,
    "F": "-inf",
    "G": -3.6635616461296463,
    "H": "-inf",
    "I": "-inf",
    "K": -2.9704144655697013,
    "L": -2.5649493574615367,
    "M": "-inf",
    "N": "-inf",
    "P": -1.717651497074333,
    "Q": -2.277267285009756,
    "R": -2.5649493574615367,
    "S": "-inf",
    "T": -2.277267285009756,
    "V": -3.6635616461296463,
    "W": "-inf",
    "Y": -3.6635616461296463
  },
  "-9": {
    "A": -3.6635616461296463,
    "C": "-inf",
    "D": -2.9704144655697013,
    "E": -2.9704144655697013,
    "F": -2.9704144655697013,
    "G": -1.8718021769015913,
    "H": "-inf",
    "I": -2.9704144655697013,
    "K": -2.5649493574615367,
    "L": -2.277267285009756,
    "M": "-inf",
    "N": "-inf",
    "P": -2.0541237336955462,
    "Q": -3.6635616461296463,
    "R": -2.9704144655697013,
    "S": -2.0541237336955462,
    "T": "-inf",
    "V": -2.9704144655697013,
    "W": "-inf",
    "Y": -3.6635616461296463
  },
  "-8": {
    "A": -3.6635616461296463,
    "C": -3.6635616461296463,
    "D": -2.277267285009756,
    "E": -2.277267285009756,
    "F": "-inf",
    "G": -2.9704144655697013,
    "H": -3.6635616461296463,
    "I": -3.6635616461296463,
    "K": -3.6635616461296463,
    "L": -2.277267285009756,
    "M": "-inf",
    "N": -2.9704144655697013,
    "P": -2.277267285009756,
    "Q": -2.5649493574615367,
    "R": -2.9704144655697013,
    "S": -2.277267285009756,
    "T": "-inf",
    "V": -2.9704144655697013,
    "W": "-inf",
    "Y": -2.9704144655697013
  },
  "-7": {
    "A": -2.277267285009756,
    "C": -3.6635616461296463,
    "D": -2.5649493574615367,
    "E": "-inf",
    "F": "-inf",
    "G": -2.9704144655697013,
    "H": "-inf",
    "I": -2.9704144655697013,
    "K": -3.6635616461296463,
    "L": -3.6635616461296463,
    "M": -2.9704144655697013,
    "N": "-inf",
    "P": -2.277267285009756,
    "Q": -2.9704144655697013,
    "R": -3.6635616461296463,
    "S": -3.6635616461296463,
    "T": -2.277267285009756,
    "V": -2.5649493574615367,
    "W": -2.9704144655697013,
    "Y": -2.0541237336955462
  },
  "-6": {
    "A": -2.9704144655697013,
    "C": "-inf",
    "D": -2.9704144655697013,
    "E": "-inf",
    "F": -2.9704144655697013,
    "G": -3.6635616461296463,
    "H": "-inf",
    "I": -2.5649493574615367,
    "K": -2.9704144655697013,
    "L": -2.277267285009756,
    "M": "-inf",
    "N": -3.6635616461296463,
    "P": "-inf",
    "Q": -2.9704144655697013,
    "R": -2.9704144655697013,
    "S": -1.2656663733312759,
    "T": -2.9704144655697013,
    "V": -2.277267285009756,
    "W": "-inf",
    "Y": "-inf"
  },
  "-5": {
    "A": -3.6635616461296463,
    "C": -2.9704144655697013,
    "D": -2.5649493574615367,
    "E": -2.277267285009756,
    "F": -3.6635616461296463,
    "G": -2.5649493574615367,
    "H": "-inf",
    "I": -2.9704144655697013,
    "K": -2.277267285009756,
    "L": -2.9704144655697013,
    "M": "-inf",
    "N": -2.277267285009756,
    "P": -2.277267285009756,
    "Q": -2.5649493574615367,
    "R": -2.5649493574615367,
    "S": -3.6635616461296463,
    "T": -3.6635616461296463,
    "V": "-inf",
    "W": "-inf",
    "Y": "-inf"
  },
  "-4": {
    "A": -2.277267285009756,
    "C": "-inf",
    "D": -2.5649493574615367,
    "E": -3.6635616461296463,
    "F": -3.6635616461296463,
    "G": -3.6635616461296463,
    "H": "-inf",
    "I": -2.9704144655697013,
    "K": -3.6635616461296463,
    "L": -3.6635616461296463,
    "M": -3.6635616461296463,
    "N": -2.9704144655697013,
    "P": -1.8718021769015913,
    "Q": -2.9704144655697013,
    "R": -2.5649493574615367,
    "S": -1.8718021769015913,
    "T": -2.9704144655697013,
    "V": -2.9704144655697013,
    "W": "-inf",
    "Y": "-inf"
  },
  "-3": {
    "A": -2.277267285009756,
    "C": "-inf",
    "D": -3.6635616461296463,
    "E": -2.9704144655697013,
    "F": -2.9704144655697013,
    "G": -2.9704144655697013,
    "H": "-inf",
    "I": -3.6635616461296463,
    "K": -2.9704144655697013,
    "L": -3.6635616461296463,
    "M": "-inf",
    "N": -2.9704144655697013,
    "P": -1.3609765531356008,
    "Q": -3.6635616461296463,
    "R": -3.6635616461296463,
    "S": -2.277267285009756,
    "T": -3.6635616461296463,
    "V": -2.9704144655697013,
    "W": "-inf",
    "Y": -2.9704144655697013
  },
  "-2": {
    "A": -2.0541237336955462,
    "C": "-inf",
    "D": -3.6635616461296463,
    "E": -2.277267285009756,
    "F": -3.6635616461296463,
    "G": -2.9704144655697013,
    "H": "-inf",
    "I": -3.6635616461296463,
    "K": -3.6635616461296463,
    "L": -2.0541237336955462,
    "M": -3.6635616461296463,
    "N": -3.6635616461296463,
    "P": -3.6635616461296463,
    "Q": -3.6635616461296463,
    "R": -2.277267285009756,
    "S": -1.8718021769015913,
    "T": -2.9704144655697013,
    "V": -2.5649493574615367,
    "W": "-inf",
    "Y": "-inf"
  },
  "-1": {
    "A": -2.5649493574615367,
    "C": "-inf",
    "D": -2.9704144655697013,
    "E": -2.5649493574615367,
    "F": -2.9704144655697013,
    "G": -1.8718021769015913,
    "H": -2.5649493574615367,
    "I": -3.6635616461296463,
    "K": -3.6635616461296463,
    "L": -2.9704144655697013,
    "M": -3.6635616461296463,
    "N": "-inf",
    "P": -2.5649493574615367,
    "Q": -3.6635616461296463,
    "R": -2.9704144655697013,
    "S": -2.5649493574615367,
    "T": -2.0541237336955462,
    "V": "-inf",
    "W": "-inf",
    "Y": -3.6635616461296463
  },
  "0": {
    "A": "-inf",
    "C": "-inf",
    "D": "-inf",
    "E": "-inf",
    "F": 0.0,
    "G": "-inf",
    "H": "-inf",
    "I": "-inf",
    "K": "-inf",
    "L": "-inf",
    "M": "-inf",
    "N": "-inf",
    "P": "-inf",
    "Q": "-inf",
    "R": "-inf",
    "S": "-inf",
    "T": "-inf",
    "V": "-inf",
    "W": "-inf",
    "Y": "-inf"
  },
  "+1": {
    "A": -3.6635616461296463,
    "C": "-inf",
    "D": -2.5649493574615367,
    "E": "-inf",
    "F": "-inf",
    "G": -2.5649493574615367,
    "H": -3.6635616461296463,
    "I": "-inf",
    "K": -2.9704144655697013,
    "L": "-inf",
    "M": -3.6635616461296463,
    "N": -3.6635616461296463,
    "P": -2.9704144655697013,
    "Q": -2.0541237336955462,
    "R": -2.9704144655697013,
    "S": -1.2656663733312759,
    "T": -3.6635616461296463,
    "V": -2.5649493574615367,
    "W": "-inf",
    "Y": -2.5649493574615367
  },
  "+2": {
    "A": -1.717651497074333,
    "C": "-inf",
    "D": -2.5649493574615367,
    "E": -2.0541237336955462,
    "F": -3.6635616461296463,
    "G": -3.6635616461296463,
    "H": -3.6635616461296463,
    "I": -3.6635616461296463,
    "K": -2.277267285009756,
    "L": -2.9704144655697013,
    "M": -3.6635616461296463,
    "N": -2.277267285009756,
    "P": -2.9704144655697013,
    "Q": -3.6635616461296463,
    "R": -2.277267285009756,
    "S": -2.9704144655697013,
    "T": "-inf",
    "V": "-inf",
    "W": "-inf",
    "Y": "-inf"
  },
  "+3": {
    "A": -3.6635616461296463,
    "C": "-inf",
    "D": -2.5649493574615367,
    "E": -2.277267285009756,
    "F": -2.9704144655697013,
    "G": -3.6635616461296463,
    "H": "-inf",
    "I": "-inf",
    "K": -2.5649493574615367,
    "L": -2.5649493574615367,
    "M": -3.6635616461296463,
    "N": -3.6635616461296463,
    "P": -2.277267285009756,
    "Q": -3.6635616461296463,
    "R": -2.0541237336955462,
    "S": -2.0541237336955462,
    "T": -3.6635616461296463,
    "V": -3.6635616461296463,
    "W": -3.6635616461296463,
    "Y": -2.9704144655697013
  },
  "+4": {
    "A": "-inf",
    "C": "-inf",
    "D": -3.6635616461296463,
    "E": -1.466337068793427,
    "F": "-inf",
    "G": -3.6635616461296463,
    "H": -3.6635616461296463,
    "I": -3.6635616461296463,
    "K": -2.5649493574615367,
    "L": -2.277267285009756,
    "M": -2.9704144655697013,
    "N": "-inf",
    "P": -1.8718021769015913,
    "Q": -3.6635616461296463,
    "R": "-inf",
    "S": -2.5649493574615367,
    "T": -2.5649493574615367,
    "V": "-inf",
    "W": "-inf",
    "Y": -2.277267285009756
  },