{
  "-10": {
    "A": -2.9789251552376097,
    "C": "-inf",
    "D": -2.9789251552376097,
    "E": -2.468099531471619,
    "F": "-inf",
    "G": -2.468099531471619,
    "H": -4.07753744390572,
    "I": -4.07753744390572,
    "K": -2.2857779746776643,
    "L": -2.468099531471619,
    "M": "-inf",
    "N": "-inf",
    "P": -2.2857779746776643,
    "Q": -4.07753744390572,
    "R": -2.468099531471619,
    "S": -1.7749523509116738,
    "T": -2.468099531471619,
    "V": -2.9789251552376097,
    "W": "-inf",
    "Y": "-inf"
  },
  "-9": {
    "A": -1.9980959022258835,
    "C": "-inf",
    "D": -2.9789251552376097,
    "E": -2.9789251552376097,
    "F": -4.07753744390572,
    "G": -3.3843902633457743,
    "H": -2.9789251552376097,
    "I": -4.07753744390572,
    "K": -2.468099531471619,
    "L": -2.691243082785829,
    "M": -3.3843902633457743,
    "N": -2.9789251552376097,
    "P": -2.9789251552376097,
    "Q": -3.3843902633457743,
    "R": "-inf",
    "S": -1.8803128665695,
    "T": -2.9789251552376097,
    "V": -2.468099531471619,
    "W": -4.07753744390572,
    "Y": -4.07753744390572
  },
  "-8": {
    "A": -1.9980959022258835,
    "C": "-inf",
    "D": -3.3843902633457743,
    "E": -2.468099531471619,
    "F": -3.3843902633457743,
    "G": -3.3843902633457743,
    "H": -4.07753744390572,
    "I": "-inf",
    "K": -1.9980959022258835,
    "L": -2.468099531471619,
    "M": -4.07753744390572,
    "N": -2.691243082785829,
    "P": -2.691243082785829,
    "Q": -3.3843902633457743,
    "R": -3.3843902633457743,
    "S": -2.2857779746776643,
    "T": -3.3843902633457743,
    "V": -2.9789251552376097,
    "W": "-inf",
    "Y": -3.3843902633457743
  },
  "-7": {
    "A": -2.691243082785829,
    "C": -4.07753744390572,
    "D": -2.691243082785829,
    "E": -2.691243082785829,
    "F": -3.3843902633457743,
    "G": -2.468099531471619,
    "H": -2.9789251552376097,
    "I": -3.3843902633457743,
    "K": -2.2857779746776643,
    "L": -3.3843902633457743,
    "M": -4.07753744390572,
    "N": -4.07753744390572,
    "P": -2.1316272948504063,
    "Q": -3.3843902633457743,
    "R": -3.3843902633457743,
    "S": -1.8803128665695,
    "T": -4.07753744390572,
    "V": -2.9789251552376097,
    "W": "-inf",
    "Y": "-inf"
  },
  "-6": {
    "A": -2.691243082785829,
    "C": -4.07753744390572,
    "D": -2.691243082785829,
    "E": -2.468099531471619,
    "F": -4.07753744390572,
    "G": -2.691243082785829,
    "H": "-inf",
    "I": -2.9789251552376097,
    "K": -1.9980959022258835,
    "L": -2.468099531471619,
    "M": -4.07753744390572,
    "N": -3.3843902633457743,
    "P": -2.691243082785829,
    "Q": -4.07753744390572,
    "R": -2.9789251552376097,
    "S": -2.1316272948504063,
    "T": -2.468099531471619,
    "V": -4.07753744390572,
    "W": "-inf",
    "Y": "-inf"
  },
  "-5": {
    "A": -2.9789251552376097,
    "C": -3.3843902633457743,
    "D": -3.3843902633457743,
    "E": -3.3843902633457743,
    "F": -4.07753744390572,
    "G": -2.2857779746776643,
    "H": -3.3843902633457743,
    "I": -3.3843902633457743,
    "K": -3.3843902633457743,
    "L": -2.691243082785829,
    "M": "-inf",
    "N": -2.9789251552376097,
    "P": -2.468099531471619,
    "Q": -2.691243082785829,
    "R": -4.07753744390572,
    "S": -1.9980959022258835,
    "T": -2.1316272948504063,
    "V": -2.691243082785829,
    "W": "-inf",
    "Y": -4.07753744390572
  },
  "-4": {
    "A": -2.691243082785829,
    "C": "-inf",
    "D": -2.691243082785829,
    "E": -2.468099531471619,
    "F": -3.3843902633457743,
    "G": "-inf",
    "H": -3.3843902633457743,
    "I": -4.07753744390572,
    "K": -2.2857779746776643,
    "L": -2.468099531471619,
    "M": "-inf",
    "N": -3.3843902633457743,
    "P": -2.691243082785829,
    "Q": -4.07753744390572,
    "R": -2.9789251552376097,
    "S": -1.8803128665695,
    "T": -2.468099531471619,
    "V": -2.691243082785829,
    "W": "-inf",
    "Y": -3.3843902633457743
  },
  "-3": {
    "A": "-inf",
    "C": -3.3843902633457743,
    "D": -2.468099531471619,
    "E": -2.9789251552376097,
    "F": -3.3843902633457743,
    "G": -2.1316272948504063,
    "H": -4.07753744390572,
    "I": -3.3843902633457743,
    "K": -3.3843902633457743,
    "L": -2.2857779746776643,
    "M": -4.07753744390572,
    "N": -2.9789251552376097,
    "P": -3.3843902633457743,
    "Q": -2.9789251552376097,
    "R": -2.468099531471619,
    "S": -2.691243082785829,
    "T": -2.1316272948504063,
    "V": -3.3843902633457743,
    "W": "-inf",
    "Y": -3.3843902633457743
  },
  "-2": {
    "A": -2.2857779746776643,
    "C": -3.3843902633457743,
    "D": -3.3843902633457743,
    "E": -2.691243082785829,
    "F": -2.468099531471619,
    "G": -2.691243082785829,
    "H": "-inf",
    "I": -4.07753744390572,
    "K": -3.3843902633457743,
    "L": -3.3843902633457743,
    "M": -4.07753744390572,
    "N": -2.691243082785829,
    "P": -2.468099531471619,
    "Q": -2.9789251552376097,
    "R": -2.468099531471619,
    "S": -2.1316272948504063,
    "T": -2.691243082785829,
    "V": -4.07753744390572,
    "W": "-inf",
    "Y": -4.07753744390572
  },
  "-1": {
    "A": -2.691243082785829,
    "C": -4.07753744390572,
    "D": -1.9980959022258835,
    "E": -2.468099531471619,
    "F": -4.07753744390572,
    "G": -3.3843902633457743,
    "H": -3.3843902633457743,
    "I": "-inf",
    "K": -2.9789251552376097,
    "L": -2.9789251552376097,
    "M": "-inf",
    "N": -2.9789251552376097,
    "P": -2.2857779746776643,
    "Q": -4.07753744390572,
    "R": -2.9789251552376097,
    "S": -1.8803128665695,
    "T": -2.2857779746776643,
    "V": -4.07753744390572,
    "W": -4.07753744390572,
    "Y": "-inf"
  },
  "0": {
    "A": "-inf",
    "C": "-inf",
    "D": "-inf",
    "E": "-inf",
    "F": "-inf",
    "G": "-inf",
    "H": "-inf",
    "I": 0.0,
    "K": "-inf",
    "L": "-inf",
    "M": "-inf",
    "N": "-inf",
    "P": "-inf",
    "Q": "-inf",
    "R": "-inf",
    "S": "-inf",
    "T": "-inf",
    "V": "-inf",
    "W": "-inf",
    "Y": "-inf"
  },
  "+1": {
    "A": -4.07753744390572,
    "C": "-inf",
    "D": -2.9789251552376097,
    "E": -4.07753744390572,
    "F": "-inf",
    "G": -3.3843902633457743,
    "H": -3.3843902633457743,
    "I": "-inf",
    "K": -2.1316272948504063,
    "L": -2.1316272948504063,
    "M": -4.07753744390572,
    "N": -2.468099531471619,
    "P": -2.9789251552376097,
    "Q": -2.691243082785829,
    "R": -2.9789251552376097,
    "S": -2.2857779746776643,
    "T": -2.1316272948504063,
    "V": -3.3843902633457743,
    "W": "-inf",
    "Y": -2.468099531471619
  },
  "+2": {
    "A": -2.9789251552376097,
    "C": "-inf",
    "D": -2.468099531471619,
    "E": -2.9789251552376097,
    "F": -4.07753744390572,
    "G": -2.2857779746776643,
    "H": -3.3843902633457743,
    "I": -3.3843902633457743,
    "K": -2.9789251552376097,
    "L": -2.9789251552376097,
    "M": -4.07753744390572,
    "N": -3.3843902633457743,
    "P": -2.691243082785829,
    "Q": -3.3843902633457743,
    "R": -3.3843902633457743,
    "S": -1.7749523509116738,
    "T": -2.2857779746776643,
    "V": -2.691243082785829,
    "W": "-inf",
    "Y": "-inf"
  },
  "+3": {
    "A": -2.9789251552376097,
    "C": -4.07753744390572,
    "D": -2.2857779746776643,
    "E": -2.9789251552376097,
    "F": -3.3843902633457743,
    "G": -3.3843902633457743,
    "H": "-inf",
    "I": -2.9789251552376097,
    "K": -2.2857779746776643,
    "L": -2.2857779746776643,
    "M": "-inf",
    "N": -3.3843902633457743,
    "P": -2.468099531471619,
    "Q": -2.691243082785829,
    "R": "-inf",
    "S": -1.9980959022258835,
    "T": -2.9789251552376097,
    "V": -2.468099531471619,
    "W": "-inf",
    "Y": "-inf"
  },
  "+4": {
    "A": -4.07753744390572,
    "C": -4.07753744390572,
    "D": -2.691243082785829,
    "E": -4.07753744390572,
    "F": -2.9789251552376097,
    "G": -2.468099531471619,
    "H": -4.07753744390572,
    "I": -3.3843902633457743,
    "K": -3.3843902633457743,
    "L": -2.468099531471619,
    "M": "-inf",
    "N": -3.3843902633457743,