{
  "-10": {
    "A": -2.23907168727172,
    "C": -4.110873864173311,
    "D": -2.8581108956779433,
    "E": -3.012261575505202,
    "F": -3.7054087560651467,
    "G": -2.031432322493475,
    "H": -4.804021044733257,
    "I": -3.7054087560651467,
    "K": -2.8581108956779433,
    "L": -4.110873864173311,
    "M": -4.804021044733257,
    "N": -3.417726683613366,
    "P": -2.0959708436310467,
    "Q": -2.406125771934886,
    "R": -3.7054087560651467,
    "S": -2.406125771934886,
    "T": -2.501435951739211,
    "V": -3.1945831322991562,
    "W": "-inf",
    "Y": -4.804021044733257
  },
  "-9": {
    "A": -2.501435951739211,
    "C": "-inf",
    "D": -3.417726683613366,
    "E": -3.417726683613366,
    "F": -4.110873864173311,
    "G": -2.406125771934886,
    "H": -4.110873864173311,
    "I": -4.804021044733257,
    "K": -2.3191143949452564,
    "L": -2.7245795030534206,
    "M": -4.804021044733257,
    "N": -3.012261575505202,
    "P": -3.012261575505202,
    "Q": -2.406125771934886,
    "R": -2.3191143949452564,
    "S": -2.164963715117998,
    "T": -3.1945831322991562,
    "V": -2.8581108956779433,
    "W": -4.804021044733257,
    "Y": -3.417726683613366
  },
  "-8": {
    "A": -1.9136492868370918,
    "C": "-inf",
    "D": -3.012261575505202,
    "E": -3.417726683613366,
    "F": -4.110873864173311,
    "G": -3.417726683613366,
    "H": -4.804021044733257,
    "I": -3.7054087560651467,
    "K": -2.23907168727172,
    "L": -2.8581108956779433,
    "M": -3.7054087560651467,
    "N": -3.417726683613366,
    "P": -2.406125771934886,
    "Q": -2.7245795030534206,
    "R": -2.7245795030534206,
    "S": -1.9136492868370918,
    "T": -4.110873864173311,
    "V": -2.7245795030534206,
    "W": "-inf",
    "Y": -4.804021044733257
  },
  "-7": {
    "A": -3.417726683613366,
    "C": "-inf",
    "D": -3.012261575505202,
    "E": -2.8581108956779433,
    "F": -3.417726683613366,
    "G": -3.012261575505202,
    "H": -4.110873864173311,
    "I": -2.7245795030534206,
    "K": -2.501435951739211,
    "L": -3.1945831322991562,
    "M": -4.804021044733257,
    "N": -2.7245795030534206,
    "P": -2.606796467397037,
    "Q": -4.110873864173311,
    "R": -2.0959708436310467,
    "S": -2.606796467397037,
    "T": -2.23907168727172,
    "V": -2.606796467397037,
    "W": "-inf",
    "Y": -3.7054087560651467
  },
  "-6": {
    "A": -3.1945831322991562,
    "C": -4.804021044733257,
    "D": -2.164963715117998,
    "E": -2.031432322493475,
    "F": -3.1945831322991562,
    "G": -2.3191143949452564,
    "H": "-inf",
    "I": -2.8581108956779433,
    "K": -2.406125771934886,
    "L": -3.1945831322991562,
    "M": -3.7054087560651467,
    "N": -4.110873864173311,
    "P": -3.417726683613366,
    "Q": -3.7054087560651467,
    "R": -3.1945831322991562,
    "S": -2.0959708436310467,
    "T": -2.606796467397037,
    "V": -3.7054087560651467,
    "W": -4.804021044733257,
    "Y": "-inf"
  },
  "-5": {
    "A": -3.417726683613366,
    "C": "-inf",
    "D": -4.110873864173311,
    "E": -2.501435951739211,
    "F": -4.804021044733257,
    "G": -3.012261575505202,
    "H": -3.7054087560651467,
    "I": -4.804021044733257,
    "K": -1.9136492868370918,
    "L": -2.0959708436310467,
    "M": -3.7054087560651467,
    "N": -3.417726683613366,
    "P": -2.164963715117998,
    "Q": -3.7054087560651467,
    "R": -4.110873864173311,
    "S": -1.9136492868370918,
    "T": -3.417726683613366,
    "V": -2.501435951739211,
    "W": -4.110873864173311,
    "Y": -4.110873864173311
  },
  "-4": {
    "A": -4.110873864173311,
    "C": "-inf",
    "D": -2.501435951739211,
    "E": -2.606796467397037,
    "F": -4.804021044733257,
    "G": -2.8581108956779433,
    "H": -3.7054087560651467,
    "I": -2.0959708436310467,
    "K": -2.501435951739211,
    "L": -3.012261575505202,
    "M": -3.1945831322991562,
    "N": -4.110873864173311,
    "P": -2.8581108956779433,
    "Q": -3.417726683613366,
    "R": -2.7245795030534206,
    "S": -2.164963715117998,
    "T": -2.406125771934886,
    "V": -3.417726683613366,
    "W": -3.7054087560651467,
    "Y": -4.804021044733257
  },
  "-3": {
    "A": -2.8581108956779433,
    "C": "-inf",
    "D": -2.606796467397037,
    "E": -1.9708077006770406,
    "F": -4.804021044733257,
    "G": -3.012261575505202,
    "H": -3.7054087560651467,
    "I": -4.110873864173311,
    "K": -2.23907168727172,
    "L": -2.7245795030534206,
    "M": -3.7054087560651467,
    "N": -3.1945831322991562,
    "P": -2.501435951739211,
    "Q": -4.804021044733257,
    "R": -3.417726683613366,
    "S": -2.8581108956779433,
    "T": -2.031432322493475,
    "V": -3.1945831322991562,
    "W": -4.804021044733257,
    "Y": -3.417726683613366
  },
  "-2": {
    "A": -3.012261575505202,
    "C": -4.804021044733257,
    "D": -3.7054087560651467,
    "E": -2.3191143949452564,
    "F": -3.417726683613366,
    "G": -3.1945831322991562,
    "H": -4.110873864173311,
    "I": "-inf",
    "K": -1.7129785913749407,
    "L": -2.606796467397037,
    "M": -3.7054087560651467,
    "N": -2.7245795030534206,
    "P": -3.1945831322991562,
    "Q": -3.1945831322991562,
    "R": -2.23907168727172,
    "S": -2.3191143949452564,
    "T": -3.417726683613366,
    "V": -4.110873864173311,
    "W": -4.804021044733257,
    "Y": -3.1945831322991562
  },
  "-1": {
    "A": -2.8581108956779433,
    "C": "-inf",
    "D": -2.7245795030534206,
    "E": -2.406125771934886,
    "F": -3.1945831322991562,
    "G": -2.606796467397037,
    "H": -4.110873864173311,
    "I": -4.110873864173311,
    "K": -2.164963715117998,
    "L": -3.417726683613366,
    "M": "-inf",
    "N": -4.110873864173311,
    "P": -3.417726683613366,
    "Q": -2.406125771934886,
    "R": -3.012261575505202,
    "S": -2.164963715117998,
    "T": -2.406125771934886,
    "V": -2.7245795030534206,
    "W": -4.110873864173311,
    "Y": -4.110873864173311
  },
  "0": {
    "A": "-inf",
    "C": "-inf",
    "D": "-inf",
    "E": "-inf",
    "F": "-inf",
    "G": "-inf",
    "H": "-inf",
    "I": "-inf",
    "K": 0.0,
    "L": "-inf",
    "M": "-inf",
    "N": "-inf",
    "P": "-inf",
    "Q": "-inf",
    "R": "-inf",
    "S": "-inf",
    "T": "-inf",
    "V": "-inf",
    "W": "-inf",
    "Y": "-inf"
  },
  "+1": {
    "A": -3.012261575505202,
    "C": "-inf",
    "D": -3.1945831322991562,
    "E": -2.606796467397037,
    "F": "-inf",
    "G": -2.501435951739211,
    "H": "-inf",
    "I": -3.417726683613366,
    "K": -2.0959708436310467,
    "L": -3.417726683613366,
    "M": -2.406125771934886,
    "N": -4.110873864173311,
    "P": -2.3191143949452564,
    "Q": -3.417726683613366,
    "R": -3.012261575505202,
    "S": -1.9136492868370918,
    "T": -2.406125771934886,
    "V": -4.110873864173311,
    "W": "-inf",
    "Y": -3.7054087560651467
  },
  "+2": {
    "A": -2.8581108956779433,
    "C": "-inf",
    "D": -3.417726683613366,
    "E": -2.406125771934886,
    "F": -2.7245795030534206,
    "G": -3.012261575505202,
    "H": "-inf",
    "I": -4.110873864173311,
    "K": -2.606796467397037,
    "L": -3.012261575505202,
    "M": -4.110873864173311,
    "N": -3.012261575505202,
    "P": -2.501435951739211,
    "Q": -2.031432322493475,
    "R": -2.8581108956779433,
    "S": -2.8581108956779433,
    "T": -3.012261575505202,
    "V": -2.8581108956779433,
    "W": "-inf",
    "Y": -2.7245795030534206
  },
  "+3": {
    "A": -2.606796467397037,
    "C": -3.7054087560651467,
    "D": -2.406125771934886,
    "E": -2.606796467397037,
    "F": -3.417726683613366,
    "G": -2.501435951739211,
    "H": "-inf",
    "I": -4.110873864173311,
    "K": -2.0959708436310467,
    "L": -3.1945831322991562,
    "M": -4.110873864173311,
    "N": -3.7054087560651467,
    "P": -2.406125771934886,
    "Q": -2.7245795030534206,
    "R": -4.110873864173311,
    "S": -3.1945831322991562,
    "T": -2.031432322493475,
    "V": -3.1945831322991562,
    "W": -4.804021044733257,
    "Y": -4.804021044733257
  },
  "+4": {
    "A": -3.012261575505202,
    "C": -4.804021044733257,
    "D": -2.8581108956779433,