{
  "-10": {
    "A": -2.7327428136925813,
    "C": "-inf",
    "D": -2.6149597780361984,
    "E": -2.6149597780361984,
    "F": -3.4258899942525267,
    "G": -1.9789710113162013,
    "H": -3.4258899942525267,
    "I": -4.812184355372417,
    "K": -2.7327428136925813,
    "L": -2.1041341542702074,
    "M": -4.119037174812472,
    "N": -4.812184355372417,
    "P": -2.327277705584417,
    "Q": -4.119037174812472,
    "R": -2.866274206317104,
    "S": -2.327277705584417,
    "T": -3.4258899942525267,
    "V": -3.0204248861443626,
    "W": "-inf",
    "Y": -4.119037174812472
  },
  "-9": {
    "A": -3.0204248861443626,
    "C": -4.812184355372417,
    "D": -2.2472349979108808,
    "E": -2.327277705584417,
    "F": -4.119037174812472,
    "G": -3.202746442938317,
    "H": "-inf",
    "I": -3.4258899942525267,
    "K": -2.414289082574047,
    "L": -2.0395956331326364,
    "M": -4.119037174812472,
    "N": -3.713572066704308,
    "P": -2.7327428136925813,
    "Q": -2.866274206317104,
    "R": -3.202746442938317,
    "S": -2.1041341542702074,
    "T": -3.0204248861443626,
    "V": -4.119037174812472,
    "W": -4.812184355372417,
    "Y": -3.4258899942525267
  },
  "-8": {
    "A": -2.414289082574047,
    "C": -4.119037174812472,
    "D": -2.327277705584417,
    "E": -3.4258899942525267,
    "F": -4.812184355372417,
    "G": -2.6149597780361984,
    "H": -3.0204248861443626,
    "I": -4.119037174812472,
    "K": -2.509599262378372,
    "L": -3.0204248861443626,
    "M": -3.4258899942525267,
    "N": -2.6149597780361984,
    "P": -3.202746442938317,
    "Q": -3.0204248861443626,
    "R": -2.7327428136925813,
    "S": -2.2472349979108808,
    "T": -3.4258899942525267,
    "V": -3.0204248861443626,
    "W": -4.119037174812472,
    "Y": -3.713572066704308
  },
  "-7": {
    "A": -3.0204248861443626,
    "C": "-inf",
    "D": -2.7327428136925813,
    "E": -2.866274206317104,
    "F": -3.713572066704308,
    "G": -2.7327428136925813,
    "H": -4.119037174812472,
    "I": -3.713572066704308,
    "K": -2.414289082574047,
    "L": -2.414289082574047,
    "M": -4.119037174812472,
    "N": "-inf",
    "P": -2.173127025757159,
    "Q": -4.119037174812472,
    "R": -2.327277705584417,
    "S": -1.9218125974762528,
    "T": -3.713572066704308,
    "V": -2.866274206317104,
    "W": -4.119037174812472,
    "Y": -3.4258899942525267
  },
  "-6": {
    "A": -3.202746442938317,
    "C": -4.119037174812472,
    "D": -4.119037174812472,
    "E": -2.6149597780361984,
    "F": -4.812184355372417,
    "G": -2.7327428136925813,
    "H": "-inf",
    "I": -3.713572066704308,
    "K": -2.2472349979108808,
    "L": -2.2472349979108808,
    "M": -3.713572066704308,
    "N": -2.866274206317104,
    "P": -2.509599262378372,
    "Q": -3.4258899942525267,
    "R": -3.4258899942525267,
    "S": -1.867745376205977,
    "T": -2.866274206317104,
    "V": -2.509599262378372,
    "W": -4.812184355372417,
    "Y": -4.119037174812472
  },
  "-5": {
    "A": -3.0204248861443626,
    "C": -4.119037174812472,
    "D": -3.4258899942525267,
    "E": -2.7327428136925813,
    "F": -3.713572066704308,
    "G": -2.509599262378372,
    "H": -3.4258899942525267,
    "I": -3.4258899942525267,
    "K": -2.866274206317104,
    "L": -2.173127025757159,
    "M": -4.812184355372417,
    "N": -2.866274206317104,
    "P": -2.7327428136925813,
    "Q": -3.0204248861443626,
    "R": -2.414289082574047,
    "S": -2.414289082574047,
    "T": -2.6149597780361984,
    "V": -3.4258899942525267,
    "W": -4.119037174812472,
    "Y": -4.119037174812472
  },
  "-4": {
    "A": -3.0204248861443626,
    "C": -4.812184355372417,
    "D": -2.414289082574047,
    "E": -2.866274206317104,
    "F": -3.713572066704308,
    "G": -2.414289082574047,
    "H": -3.4258899942525267,
    "I": -3.4258899942525267,
    "K": -3.202746442938317,
    "L": -1.9218125974762528,
    "M": -4.812184355372417,
    "N": -3.713572066704308,
    "P": -2.7327428136925813,
    "Q": -3.713572066704308,
    "R": -2.6149597780361984,
    "S": -2.173127025757159,
    "T": -3.202746442938317,
    "V": -2.509599262378372,
    "W": "-inf",
    "Y": "-inf"
  },
  "-3": {
    "A": -2.6149597780361984,
    "C": -4.119037174812472,
    "D": -2.6149597780361984,
    "E": -2.509599262378372,
    "F": -3.713572066704308,
    "G": -2.7327428136925813,
    "H": -4.812184355372417,
    "I": -3.202746442938317,
    "K": -2.509599262378372,
    "L": -2.414289082574047,
    "M": -4.812184355372417,
    "N": -3.4258899942525267,
    "P": -2.327277705584417,
    "Q": -3.4258899942525267,
    "R": -2.866274206317104,
    "S": -2.173127025757159,
    "T": -3.202746442938317,
    "V": -3.202746442938317,
    "W": -4.119037174812472,
    "Y": -4.812184355372417
  },
  "-2": {
    "A": -2.7327428136925813,
    "C": "-inf",
    "D": -2.866274206317104,
    "E": -2.414289082574047,
    "F": -3.713572066704308,
    "G": -3.202746442938317,
    "H": -2.7327428136925813,
    "I": -3.202746442938317,
    "K": -2.7327428136925813,
    "L": -2.866274206317104,
    "M": "-inf",
    "N": -4.119037174812472,
    "P": -3.0204248861443626,
    "Q": -2.509599262378372,
    "R": -2.509599262378372,
    "S": -1.6341305250244718,
    "T": -4.812184355372417,
    "V": -3.0204248861443626,
    "W": -4.812184355372417,
    "Y": -4.812184355372417
  },
  "-1": {
    "A": -3.202746442938317,
    "C": "-inf",
    "D": -2.2472349979108808,
    "E": -3.0204248861443626,
    "F": -3.713572066704308,
    "G": -3.0204248861443626,
    "H": -3.713572066704308,
    "I": -3.713572066704308,
    "K": -3.202746442938317,
    "L": -2.327277705584417,
    "M": "-inf",
    "N": -3.0204248861443626,
    "P": -2.327277705584417,
    "Q": -2.414289082574047,
    "R": -3.0204248861443626,
    "S": -2.414289082574047,
    "T": -2.414289082574047,
    "V": -3.4258899942525267,
    "W": "-inf",
    "Y": -3.0204248861443626
  },
  "0": {
    "A": "-inf",
    "C": "-inf",
    "D": "-inf",
    "E": "-inf",
    "F": "-inf",
    "G": "-inf",
    "H": "-inf",
    "I": "-inf",
    "K": "-inf",
    "L": 0.0,
    "M": "-inf",
    "N": "-inf",
    "P": "-inf",
    "Q": "-inf",
    "R": "-inf",
    "S": "-inf",
    "T": "-inf",
    "V": "-inf",
    "W": "-inf",
    "Y": "-inf"
  },
  "+1": {
    "A": -3.0204248861443626,
    "C": -4.812184355372417,
    "D": -2.7327428136925813,
    "E": -2.414289082574047,
    "F": -4.119037174812472,
    "G": -2.7327428136925813,
    "H": -3.713572066704308,
    "I": -4.812184355372417,
    "K": -2.7327428136925813,
    "L": -2.7327428136925813,
    "M": -3.713572066704308,
    "N": -3.0204248861443626,
    "P": -2.6149597780361984,
    "Q": -3.713572066704308,
    "R": -2.866274206317104,
    "S": -1.9789710113162013,
    "T": -2.6149597780361984,
    "V": -3.4258899942525267,
    "W": -4.812184355372417,
    "Y": -2.7327428136925813
  },
  "+2": {
    "A": -2.866274206317104,
    "C": -4.812184355372417,
    "D": -2.509599262378372,
    "E": -2.6149597780361984,
    "F": -3.4258899942525267,
    "G": -3.202746442938317,
    "H": -4.119037174812472,
    "I": -4.812184355372417,
    "K": -2.173127025757159,
    "L": -2.2472349979108808,
    "M": "-inf",
    "N": -2.866274206317104,
    "P": -2.509599262378372,
    "Q": -3.0204248861443626,
    "R": -2.7327428136925813,
    "S": -2.173127025757159,
    "T": -3.713572066704308,
    "V": -3.202746442938317,
    "W": -4.812184355372417,
    "Y": -4.119037174812472
  },
  "+3": {
    "A": -3.4258899942525267,
    "C": "-inf",
    "D": -2.414289082574047,
    "E": -2.327277705584417,
    "F": -3.0204248861443626,
    "G": -3.202746442938317,
    "H": -4.812184355372417,
    "I": -4.812184355372417,
    "K": -3.0204248861443626,
    "L": -2.1041341542702074,
    "M": -3.713572066704308,
    "N": -3.4258899942525267,
    "P": -2.7327428136925813,
    "Q": -3.0204248861443626,
    "R": -2.7327428136925813,
    "S": -2.173127025757159,
    "T": -3.0204248861443626,
    "V": -2.6149597780361984,
    "W": -4.812184355372417,
    "Y": -4.812184355372417
  },