{
  "-10": {
    "A": -2.4159137783010487,
    "C": "-inf",
    "D": -4.02535169073515,
    "E": -2.2335922215070942,
    "F": -4.02535169073515,
    "G": -3.332204510175204,
    "H": -3.332204510175204,
    "I": -4.02535169073515,
    "K": -2.4159137783010487,
    "L": -1.540445040947149,
    "M": -3.332204510175204,
    "N": -4.02535169073515,
    "P": -3.332204510175204,
    "Q": "-inf",
    "R": -2.9267394020670396,
    "S": -1.8281271133989299,
    "T": "-inf",
    "V": -3.332204510175204,
    "W": -4.02535169073515,
    "Y": -4.02535169073515
  },
  "-9": {
    "A": -2.0794415416798357,
    "C": "-inf",
    "D": -2.4159137783010487,
    "E": -2.9267394020670396,
    "F": "-inf",
    "G": -3.332204510175204,
    "H": "-inf",
    "I": -3.332204510175204,
    "K": -3.332204510175204,
    "L": -1.7227665977411035,
    "M": "-inf",
    "N": -2.4159137783010487,
    "P": -4.02535169073515,
    "Q": -2.9267394020670396,
    "R": -2.9267394020670396,
    "S": -2.4159137783010487,
    "T": -3.332204510175204,
    "V": -2.9267394020670396,
    "W": "-inf",
    "Y": -2.9267394020670396
  },
  "-8": {
    "A": -3.332204510175204,
    "C": "-inf",
    "D": -4.02535169073515,
    "E": -2.9267394020670396,
    "F": -2.9267394020670396,
    "G": -2.9267394020670396,
    "H": -1.9459101490553135,
    "I": -4.02535169073515,
    "K": -2.9267394020670396,
    "L": -3.332204510175204,
    "M": -2.9267394020670396,
    "N": -3.332204510175204,
    "P": -3.332204510175204,
    "Q": -2.2335922215070942,
    "R": -3.332204510175204,
    "S": -2.4159137783010487,
    "T": -2.2335922215070942,
    "V": "-inf",
    "W": -3.332204510175204,
    "Y": -3.332204510175204
  },
  "-7": {
    "A": -2.9267394020670396,
    "C": "-inf",
    "D": -4.02535169073515,
    "E": -2.4159137783010487,
    "F": -3.332204510175204,
    "G": -4.02535169073515,
    "H": -3.332204510175204,
    "I": -4.02535169073515,
    "K": -2.2335922215070942,
    "L": -2.9267394020670396,
    "M": -2.9267394020670396,
    "N": -2.639057329615259,
    "P": -2.4159137783010487,
    "Q": -3.332204510175204,
    "R": -4.02535169073515,
    "S": -1.4604023332736125,
    "T": -3.332204510175204,
    "V": "-inf",
    "W": "-inf",
    "Y": -3.332204510175204
  },
  "-6": {
    "A": -3.332204510175204,
    "C": "-inf",
    "D": -2.4159137783010487,
    "E": -2.4159137783010487,
    "F": -3.332204510175204,
    "G": -2.4159137783010487,
    "H": -4.02535169073515,
    "I": -3.332204510175204,
    "K": -2.639057329615259,
    "L": -2.4159137783010487,
    "M": -2.9267394020670396,
    "N": -2.2335922215070942,
    "P": "-inf",
    "Q": -2.9267394020670396,
    "R": -3.332204510175204,
    "S": -4.02535169073515,
    "T": "-inf",
    "V": -1.7227665977411035,
    "W": "-inf",
    "Y": "-inf"
  },
  "-5": {
    "A": -2.0794415416798357,
    "C": "-inf",
    "D": "-inf",
    "E": -2.2335922215070942,
    "F": -3.332204510175204,
    "G": -2.0794415416798357,
    "H": -2.0794415416798357,
    "I": -4.02535169073515,
    "K": -2.9267394020670396,
    "L": -2.639057329615259,
    "M": -4.02535169073515,
    "N": "-inf",
    "P": -2.639057329615259,
    "Q": -4.02535169073515,
    "R": -3.332204510175204,
    "S": -2.0794415416798357,
    "T": -4.02535169073515,
    "V": -3.332204510175204,
    "W": "-inf",
    "Y": -4.02535169073515
  },
  "-4": {
    "A": -2.639057329615259,
    "C": "-inf",
    "D": -2.639057329615259,
    "E": -2.0794415416798357,
    "F": -4.02535169073515,
    "G": -2.639057329615259,
    "H": "-inf",
    "I": -4.02535169073515,
    "K": -2.4159137783010487,
    "L": -2.9267394020670396,
    "M": -3.332204510175204,
    "N": -4.02535169073515,
    "P": -1.540445040947149,
    "Q": -2.9267394020670396,
    "R": "-inf",
    "S": -2.9267394020670396,
    "T": -2.9267394020670396,
    "V": -2.9267394020670396,
    "W": "-inf",
    "Y": "-inf"
  },
  "-3": {
    "A": -3.332204510175204,
    "C": "-inf",
    "D": "-inf",
    "E": -1.3862943611198906,
    "F": "-inf",
    "G": -3.332204510175204,
    "H": -4.02535169073515,
    "I": -4.02535169073515,
    "K": -2.639057329615259,
    "L": -2.9267394020670396,
    "M": -3.332204510175204,
    "N": -4.02535169073515,
    "P": -2.4159137783010487,
    "Q": -2.9267394020670396,
    "R": -2.639057329615259,
    "S": -1.7227665977411035,
    "T": "-inf",
    "V": -3.332204510175204,
    "W": "-inf",
    "Y": -3.332204510175204
  },
  "-2": {
    "A": -2.4159137783010487,
    "C": "-inf",
    "D": -2.9267394020670396,
    "E": "-inf",
    "F": "-inf",
    "G": -2.639057329615259,
    "H": "-inf",
    "I": -4.02535169073515,
    "K": "-inf",
    "L": -3.332204510175204,
    "M": "-inf",
    "N": -3.332204510175204,
    "P": -2.9267394020670396,
    "Q": -4.02535169073515,
    "R": -2.9267394020670396,
    "S": -1.0296194171811581,
    "T": -2.4159137783010487,
    "V": -2.2335922215070942,
    "W": "-inf",
    "Y": -4.02535169073515
  },
  "-1": {
    "A": -2.9267394020670396,
    "C": "-inf",
    "D": -3.332204510175204,
    "E": -2.639057329615259,
    "F": "-inf",
    "G": -3.332204510175204,
    "H": -4.02535169073515,
    "I": -3.332204510175204,
    "K": -3.332204510175204,
    "L": -2.4159137783010487,
    "M": "-inf",
    "N": -2.4159137783010487,
    "P": -1.6274564179367788,
    "Q": -2.4159137783010487,
    "R": -3.332204510175204,
    "S": -2.9267394020670396,
    "T": -4.02535169073515,
    "V": -2.4159137783010487,
    "W": -3.332204510175204,
    "Y": -4.02535169073515
  },
  "0": {
    "A": "-inf",
    "C": "-inf",
    "D": "-inf",
    "E": "-inf",
    "F": "-inf",
    "G": "-inf",
    "H": "-inf",
    "I": "-inf",
    "K": "-inf",
    "L": "-inf",
    "M": "-inf",
    "N": 0.0,
    "P": "-inf",
    "Q": "-inf",
    "R": "-inf",
    "S": "-inf",
    "T": "-inf",
    "V": "-inf",
    "W": "-inf",
    "Y": "-inf"
  },
  "+1": {
    "A": -4.02535169073515,
    "C": "-inf",
    "D": -2.9267394020670396,
    "E": -2.639057329615259,
    "F": -4.02535169073515,
    "G": -2.9267394020670396,
    "H": "-inf",
    "I": -2.639057329615259,
    "K": -2.9267394020670396,
    "L": -1.7227665977411035,
    "M": "-inf",
    "N": "-inf",
    "P": -2.9267394020670396,
    "Q": -3.332204510175204,
    "R": -2.2335922215070942,
    "S": -2.2335922215070942,
    "T": -2.9267394020670396,
    "V": -3.332204510175204,
    "W": "-inf",
    "Y": -2.4159137783010487
  },
  "+2": {
    "A": -4.02535169073515,
    "C": "-inf",
    "D": -2.4159137783010487,
    "E": -2.639057329615259,
    "F": "-inf",
    "G": -2.9267394020670396,
    "H": -2.9267394020670396,
    "I": -3.332204510175204,
    "K": -1.6274564179367788,
    "L": -2.9267394020670396,
    "M": -4.02535169073515,
    "N": -2.0794415416798357,
    "P": -2.9267394020670396,
    "Q": -3.332204510175204,
    "R": -3.332204510175204,
    "S": -2.639057329615259,
    "T": -2.9267394020670396,
    "V": -4.02535169073515,
    "W": -4.02535169073515,
    "Y": "-inf"
  },
  "+3": {
    "A": -2.639057329615259,
    "C": -2.4159137783010487,
    "D": -2.0794415416798357,
    "E": -2.4159137783010487,
    "F": -4.02535169073515,
    "G": -3.332204510175204,
    "H": -4.02535169073515,
    "I": -4.02535169073515,
    "K": -2.639057329615259,
    "L": -2.639057329615259,
    "M": -4.02535169073515,
    "N": -3.332204510175204,
    "P": -4.02535169073515,
    "Q": -4.02535169073515,
    "R": -3.332204510175204,
    "S": -2.0794415416798357,
    "T": -1.9459101490553135,
    "V": "-inf",
    "W": "-inf",
    "Y": "-inf"
  },
  "+4": {
    "A": -3.332204510175204,
    "C": "-inf",
    "D": -2.2335922215070942,
    "E": -2.9267394020670396,
    "F": -4.02535169073515,
    "G": -2.9267394020670396,
    "H": "-inf",
    "I": -4.02535169073515,
    "K": -4.02535169073515,
    "L": -2.2335922215070942,
    "M": -3.332204510175204,
    "N": -4.02535169073515,
    "P": -1.6274564179367788,
    "Q": -3.332204510175204,
    "R": -4.02535169073515,
    "S": -1.4604023332736125,
    "T": "-inf",
    "V": -3.332204510175204,