{
  "-10": {
    "A": -2.4546928711915035,
    "C": -5.093750200806762,
    "D": -2.791165107812717,
    "E": -3.0143086591269266,
    "F": -4.400603020246817,
    "G": -2.8965256234705428,
    "H": -3.7074558396868715,
    "I": -3.7074558396868715,
    "K": -3.7074558396868715,
    "L": -2.149311221640322,
    "M": -3.7074558396868715,
    "N": -3.484312288372662,
    "P": -2.203378442910598,
    "Q": -2.791165107812717,
    "R": -3.3019907315787074,
    "S": -2.260536856750546,
    "T": -3.147840051751449,
    "V": -2.6958549280083917,
    "W": "-inf",
    "Y": -2.8965256234705428
  },
  "-9": {
    "A": -2.5288008433452256,
    "C": -3.9951379121386528,
    "D": -2.6958549280083917,
    "E": -2.6958549280083917,
    "F": -5.093750200806762,
    "G": -3.147840051751449,
    "H": -3.484312288372662,
    "I": -3.147840051751449,
    "K": -2.8965256234705428,
    "L": -2.4546928711915035,
    "M": "-inf",
    "N": -4.400603020246817,
    "P": -2.0027077474484467,
    "Q": -2.8965256234705428,
    "R": -2.6958549280083917,
    "S": -2.260536856750546,
    "T": -3.147840051751449,
    "V": -3.484312288372662,
    "W": "-inf",
    "Y": -3.0143086591269266
  },
  "-8": {
    "A": -3.0143086591269266,
    "C": -4.400603020246817,
    "D": -3.9951379121386528,
    "E": -2.8965256234705428,
    "F": -3.9951379121386528,
    "G": -2.791165107812717,
    "H": -3.0143086591269266,
    "I": -3.7074558396868715,
    "K": -3.147840051751449,
    "L": -2.791165107812717,
    "M": -3.7074558396868715,
    "N": -3.7074558396868715,
    "P": -1.9582559848776127,
    "Q": -2.5288008433452256,
    "R": -3.0143086591269266,
    "S": -1.7979133348024334,
    "T": -2.791165107812717,
    "V": -3.0143086591269266,
    "W": -5.093750200806762,
    "Y": "-inf"
  },
  "-7": {
    "A": -1.9582559848776127,
    "C": "-inf",
    "D": -3.484312288372662,
    "E": -2.5288008433452256,
    "F": -3.9951379121386528,
    "G": -2.5288008433452256,
    "H": -3.7074558396868715,
    "I": -3.7074558396868715,
    "K": -4.400603020246817,
    "L": -2.791165107812717,
    "M": -3.9951379121386528,
    "N": -5.093750200806762,
    "P": -2.260536856750546,
    "Q": -2.5288008433452256,
    "R": -2.5288008433452256,
    "S": -2.6958549280083917,
    "T": -2.608843551018762,
    "V": -2.608843551018762,
    "W": "-inf",
    "Y": -3.9951379121386528
  },
  "-6": {
    "A": -2.260536856750546,
    "C": -5.093750200806762,
    "D": -2.5288008433452256,
    "E": -3.3019907315787074,
    "F": -5.093750200806762,
    "G": -3.147840051751449,
    "H": -3.484312288372662,
    "I": -2.8965256234705428,
    "K": -3.3019907315787074,
    "L": -2.8965256234705428,
    "M": -4.400603020246817,
    "N": -3.9951379121386528,
    "P": -2.4546928711915035,
    "Q": -2.608843551018762,
    "R": -3.3019907315787074,
    "S": -1.8748743759385615,
    "T": -2.4546928711915035,
    "V": -2.6958549280083917,
    "W": "-inf",
    "Y": -5.093750200806762
  },
  "-5": {
    "A": -3.0143086591269266,
    "C": -3.9951379121386528,
    "D": -3.147840051751449,
    "E": -2.5288008433452256,
    "F": -3.3019907315787074,
    "G": -2.203378442910598,
    "H": -4.400603020246817,
    "I": -3.484312288372662,
    "K": -3.9951379121386528,
    "L": -2.8965256234705428,
    "M": -3.484312288372662,
    "N": -3.147840051751449,
    "P": -1.8748743759385615,
    "Q": -2.5288008433452256,
    "R": -3.0143086591269266,
    "S": -2.260536856750546,
    "T": -3.7074558396868715,
    "V": -3.3019907315787074,
    "W": -5.093750200806762,
    "Y": -3.9951379121386528
  },
  "-4": {
    "A": -2.791165107812717,
    "C": "-inf",
    "D": -3.0143086591269266,
    "E": -2.791165107812717,
    "F": -3.484312288372662,
    "G": -2.4546928711915035,
    "H": -3.3019907315787074,
    "I": -3.9951379121386528,
    "K": -3.484312288372662,
    "L": -2.203378442910598,
    "M": "-inf",
    "N": -3.3019907315787074,
    "P": -2.0980179272527715,
    "Q": -2.6958549280083917,
    "R": -3.147840051751449,
    "S": -2.608843551018762,
    "T": -2.8965256234705428,
    "V": -2.3856999997045523,
    "W": -3.9951379121386528,
    "Y": -5.093750200806762
  },
  "-3": {
    "A": -2.3856999997045523,
    "C": -5.093750200806762,
    "D": -3.0143086591269266,
    "E": -3.0143086591269266,
    "F": -3.7074558396868715,
    "G": -2.321161478566981,
    "H": -5.093750200806762,
    "I": -3.484312288372662,
    "K": -3.9951379121386528,
    "L": -2.5288008433452256,
    "M": -5.093750200806762,
    "N": -3.9951379121386528,
    "P": -1.659762996321616,
    "Q": -3.0143086591269266,
    "R": -3.484312288372662,
    "S": -2.0027077474484467,
    "T": -2.6958549280083917,
    "V": -3.484312288372662,
    "W": -5.093750200806762,
    "Y": -4.400603020246817
  },
  "-2": {
    "A": -2.5288008433452256,
    "C": -3.9951379121386528,
    "D": -3.3019907315787074,
    "E": -2.791165107812717,
    "F": -4.400603020246817,
    "G": -3.0143086591269266,
    "H": -3.3019907315787074,
    "I": -3.484312288372662,
    "K": -2.608843551018762,
    "L": -2.4546928711915035,
    "M": -5.093750200806762,
    "N": -3.484312288372662,
    "P": -1.8748743759385615,
    "Q": -2.8965256234705428,
    "R": -2.8965256234705428,
    "S": -2.4546928711915035,
    "T": -2.6958549280083917,
    "V": -3.0143086591269266,
    "W": "-inf",
    "Y": -4.400603020246817
  },
  "-1": {
    "A": -2.6958549280083917,
    "C": -3.9951379121386528,
    "D": -3.9951379121386528,
    "E": -3.147840051751449,
    "F": -3.9951379121386528,
    "G": -2.6958549280083917,
    "H": -4.400603020246817,
    "I": -3.147840051751449,
    "K": -2.608843551018762,
    "L": -2.5288008433452256,
    "M": -4.400603020246817,
    "N": -3.7074558396868715,
    "P": -2.149311221640322,
    "Q": -2.791165107812717,
    "R": -2.608843551018762,
    "S": -2.0027077474484467,
    "T": -2.6958549280083917,
    "V": -3.0143086591269266,
    "W": -5.093750200806762,
    "Y": -4.400603020246817
  },
  "0": {
    "A": "-inf",
    "C": "-inf",
    "D": "-inf",
    "E": "-inf",
    "F": "-inf",
    "G": "-inf",
    "H": "-inf",
    "I": "-inf",
    "K": "-inf",
    "L": "-inf",
    "M": "-inf",
    "N": "-inf",
    "P": 0.0,
    "Q": "-inf",
    "R": "-inf",
    "S": "-inf",
    "T": "-inf",
    "V": "-inf",
    "W": "-inf",
    "Y": "-inf"
  },
  "+1": {
    "A": -2.149311221640322,
    "C": -3.9951379121386528,
    "D": -3.0143086591269266,
    "E": -3.3019907315787074,
    "F": -3.3019907315787074,
    "G": -2.8965256234705428,
    "H": -3.9951379121386528,
    "I": -3.7074558396868715,
    "K": -3.3019907315787074,
    "L": -2.791165107812717,
    "M": -4.400603020246817,
    "N": -3.9951379121386528,
    "P": -2.0027077474484467,
    "Q": -3.3019907315787074,
    "R": -3.7074558396868715,
    "S": -2.0980179272527715,
    "T": -2.608843551018762,
    "V": -3.0143086591269266,
    "W": "-inf",
    "Y": -2.6958549280083917
  },
  "+2": {
    "A": -2.321161478566981,
    "C": -4.400603020246817,
    "D": -3.147840051751449,
    "E": -2.5288008433452256,
    "F": -3.484312288372662,
    "G": -2.608843551018762,
    "H": -3.9951379121386528,
    "I": -3.147840051751449,
    "K": -3.3019907315787074,
    "L": -2.3856999997045523,
    "M": -5.093750200806762,
    "N": -3.9951379121386528,
    "P": -2.0492277630833393,
    "Q": -3.0143086591269266,
    "R": -3.3019907315787074,
    "S": -1.9156963704588166,
    "T": -3.147840051751449,
    "V": -3.7074558396868715,
    "W": "-inf",
    "Y": -4.400603020246817
  },
  "+3": {
    "A": -2.5288008433452256,
    "C": -5.093750200806762,
    "D": -3.0143086591269266,
    "E": -3.0143086591269266,
    "F": -3.9951379121386528,
    "G": -2.6958549280083917,
    "H": -3.7074558396868715,
    "I": "-inf",
    "K": -3.147840051751449,
    "L": -3.0143086591269266,
    "M": -4.400603020246817,
    "N": -3.0143086591269266,
    "P": -1.8356536627852804,
    "Q": -2.791165107812717,
    "R": -3.484312288372662,
    "S": -1.8748743759385615,
    "T": -2.791165107812717,