{
  "-10": {
    "A": -2.5952547069568657,
    "C": "-inf",
    "D": -2.5952547069568657,
    "E": -2.12525107771113,
    "F": -3.5115454388310208,
    "G": -3.5115454388310208,
    "H": "-inf",
    "I": -4.204692619390966,
    "K": -2.412933150162911,
    "L": -3.5115454388310208,
    "M": "-inf",
    "N": -4.204692619390966,
    "P": -2.2587824703356527,
    "Q": -2.412933150162911,
    "R": -2.8183982582710754,
    "S": -1.9021075263969205,
    "T": -2.5952547069568657,
    "V": -3.5115454388310208,
    "W": "-inf",
    "Y": -4.204692619390966
  },
  "-9": {
    "A": -3.1060803307228566,
    "C": -4.204692619390966,
    "D": -3.5115454388310208,
    "E": -2.5952547069568657,
    "F": -2.8183982582710754,
    "G": -2.8183982582710754,
    "H": -4.204692619390966,
    "I": -2.8183982582710754,
    "K": -3.1060803307228566,
    "L": -3.1060803307228566,
    "M": "-inf",
    "N": -3.1060803307228566,
    "P": -3.1060803307228566,
    "Q": -2.412933150162911,
    "R": -2.0074680420547466,
    "S": -2.8183982582710754,
    "T": -2.5952547069568657,
    "V": -2.412933150162911,
    "W": -4.204692619390966,
    "Y": "-inf"
  },
  "-8": {
    "A": -2.12525107771113,
    "C": "-inf",
    "D": -3.5115454388310208,
    "E": -2.8183982582710754,
    "F": "-inf",
    "G": -2.412933150162911,
    "H": "-inf",
    "I": -4.204692619390966,
    "K": -3.1060803307228566,
    "L": -2.5952547069568657,
    "M": -3.5115454388310208,
    "N": -3.1060803307228566,
    "P": -2.12525107771113,
    "Q": -2.8183982582710754,
    "R": -2.12525107771113,
    "S": -2.5952547069568657,
    "T": -2.8183982582710754,
    "V": -3.5115454388310208,
    "W": -3.5115454388310208,
    "Y": "-inf"
  },
  "-7": {
    "A": -2.2587824703356527,
    "C": -4.204692619390966,
    "D": -2.412933150162911,
    "E": -2.5952547069568657,
    "F": -3.1060803307228566,
    "G": -3.1060803307228566,
    "H": -3.5115454388310208,
    "I": -3.5115454388310208,
    "K": -2.5952547069568657,
    "L": -3.5115454388310208,
    "M": "-inf",
    "N": -2.8183982582710754,
    "P": -2.5952547069568657,
    "Q": -3.1060803307228566,
    "R": -2.412933150162911,
    "S": -2.8183982582710754,
    "T": -2.8183982582710754,
    "V": -3.1060803307228566,
    "W": "-inf",
    "Y": -3.5115454388310208
  },
  "-6": {
    "A": -2.2587824703356527,
    "C": -4.204692619390966,
    "D": -3.1060803307228566,
    "E": -3.5115454388310208,
    "F": -3.1060803307228566,
    "G": -2.5952547069568657,
    "H": -3.5115454388310208,
    "I": -4.204692619390966,
    "K": -4.204692619390966,
    "L": -2.412933150162911,
    "M": -3.5115454388310208,
    "N": -3.5115454388310208,
    "P": -4.204692619390966,
    "Q": -2.8183982582710754,
    "R": -2.2587824703356527,
    "S": -1.9021075263969205,
    "T": -3.1060803307228566,
    "V": -2.5952547069568657,
    "W": "-inf",
    "Y": -3.5115454388310208
  },
  "-5": {
    "A": -2.8183982582710754,
    "C": "-inf",
    "D": -2.8183982582710754,
    "E": -2.412933150162911,
    "F": "-inf",
    "G": -2.8183982582710754,
    "H": -3.5115454388310208,
    "I": -4.204692619390966,
    "K": -2.5952547069568657,
    "L": -2.412933150162911,
    "M": "-inf",
    "N": -2.5952547069568657,
    "P": -2.5952547069568657,
    "Q": -3.5115454388310208,
    "R": -2.412933150162911,
    "S": -2.12525107771113,
    "T": -3.1060803307228566,
    "V": -3.1060803307228566,
    "W": -4.204692619390966,
    "Y": -3.5115454388310208
  },
  "-4": {
    "A": -2.8183982582710754,
    "C": -4.204692619390966,
    "D": -3.1060803307228566,
    "E": -1.7197859696029658,
    "F": "-inf",
    "G": -3.5115454388310208,
    "H": "-inf",
    "I": -3.1060803307228566,
    "K": -3.5115454388310208,
    "L": -2.8183982582710754,
    "M": -4.204692619390966,
    "N": -4.204692619390966,
    "P": -2.0074680420547466,
    "Q": -2.5952547069568657,
    "R": -2.8183982582710754,
    "S": -2.0074680420547466,
    "T": -2.8183982582710754,
    "V": -3.1060803307228566,
    "W": "-inf",
    "Y": "-inf"
  },
  "-3": {
    "A": -2.8183982582710754,
    "C": "-inf",
    "D": -3.5115454388310208,
    "E": -2.0074680420547466,
    "F": -3.1060803307228566,
    "G": -2.8183982582710754,
    "H": -3.1060803307228566,
    "I": "-inf",
    "K": -2.412933150162911,
    "L": -2.5952547069568657,
    "M": -4.204692619390966,
    "N": -4.204692619390966,
    "P": -1.9021075263969205,
    "Q": -2.2587824703356527,
    "R": -3.5115454388310208,
    "S": -3.1060803307228566,
    "T": -3.1060803307228566,
    "V": -3.1060803307228566,
    "W": "-inf",
    "Y": -4.204692619390966
  },
  "-2": {
    "A": -2.0074680420547466,
    "C": "-inf",
    "D": -2.2587824703356527,
    "E": -2.8183982582710754,
    "F": -4.204692619390966,
    "G": -4.204692619390966,
    "H": "-inf",
    "I": "-inf",
    "K": -2.8183982582710754,
    "L": -2.412933150162911,
    "M": -4.204692619390966,
    "N": -4.204692619390966,
    "P": -2.5952547069568657,
    "Q": -2.12525107771113,
    "R": -2.5952547069568657,
    "S": -2.12525107771113,
    "T": -3.5115454388310208,
    "V": -2.5952547069568657,
    "W": "-inf",
    "Y": "-inf"
  },
  "-1": {
    "A": -2.2587824703356527,
    "C": -3.1060803307228566,
    "D": -3.5115454388310208,
    "E": -2.8183982582710754,
    "F": "-inf",
    "G": -2.8183982582710754,
    "H": -3.5115454388310208,
    "I": -3.5115454388310208,
    "K": -3.5115454388310208,
    "L": -3.5115454388310208,
    "M": -3.5115454388310208,
    "N": -2.8183982582710754,
    "P": -2.12525107771113,
    "Q": -2.0074680420547466,
    "R": -2.8183982582710754,
    "S": -3.1060803307228566,
    "T": -3.5115454388310208,
    "V": -2.2587824703356527,
    "W": "-inf",
    "Y": "-inf"
  },
  "0": {
    "A": "-inf",
    "C": "-inf",
    "D": "-inf",
    "E": "-inf",
    "F": "-inf",
    "G": "-inf",
    "H": "-inf",
    "I": "-inf",
    "K": "-inf",
    "L": "-inf",
    "M": "-inf",
    "N": "-inf",
    "P": "-inf",
    "Q": 0.0,
    "R": "-inf",
    "S": "-inf",
    "T": "-inf",
    "V": "-inf",
    "W": "-inf",
    "Y": "-inf"
  },
  "+1": {
    "A": -3.1060803307228566,
    "C": "-inf",
    "D": -3.5115454388310208,
    "E": -2.5952547069568657,
    "F": -3.5115454388310208,
    "G": -3.5115454388310208,
    "H": -2.5952547069568657,
    "I": -4.204692619390966,
    "K": -2.412933150162911,
    "L": -2.8183982582710754,
    "M": -4.204692619390966,
    "N": -2.412933150162911,
    "P": -2.8183982582710754,
    "Q": -2.2587824703356527,
    "R": -2.2587824703356527,
    "S": -3.1060803307228566,
    "T": -3.1060803307228566,
    "V": -2.5952547069568657,
    "W": "-inf",
    "Y": -4.204692619390966
  },
  "+2": {
    "A": -2.5952547069568657,
    "C": -4.204692619390966,
    "D": -2.5952547069568657,
    "E": -2.2587824703356527,
    "F": -3.1060803307228566,
    "G": -3.1060803307228566,
    "H": -3.5115454388310208,
    "I": -3.1060803307228566,
    "K": -3.1060803307228566,
    "L": -2.5952547069568657,
    "M": -4.204692619390966,
    "N": -4.204692619390966,
    "P": -2.2587824703356527,
    "Q": -2.5952547069568657,
    "R": -2.412933150162911,
    "S": -3.1060803307228566,
    "T": -3.5115454388310208,
    "V": -2.8183982582710754,
    "W": -4.204692619390966,
    "Y": "-inf"
  },
  "+3": {
    "A": -3.1060803307228566,
    "C": -3.5115454388310208,
    "D": -4.204692619390966,
    "E": -2.412933150162911,
    "F": -4.204692619390966,
    "G": -3.5115454388310208,
    "H": -2.8183982582710754,
    "I": -4.204692619390966,
    "K": -3.1060803307228566,
    "L": -2.5952547069568657,
    "M": -4.204692619390966,
    "N": -4.204692619390966,
    "P": -2.412933150162911,
    "Q": -2.12525107771113,
    "R": -3.5115454388310208,
    "S": -2.0074680420547466,
    "T": -3.5115454388310208,
    "V": -2.412933150162911,
    "W": -3.5115454388310208,
    "Y": -3.5115454388310208
  },
  "+4": {
    "A": -2.8183982582710754,
    "C": "-inf",
    "D": -2.412933150162911,
    "E": -2.2587824703356527,
    "F": -4.204692619390966,
    "G": -2.5952547069568657,