{
  "-10": {
    "A": -2.5293584123588344,
    "C": -5.332718793265369,
    "D": -3.2225055929187794,
    "E": -2.349565301918238,
    "F": -3.8857998103290434,
    "G": -2.624668592163159,
    "H": -4.416428061391214,
    "I": -2.787187521660934,
    "K": -2.6585701438388405,
    "L": -2.4849066497880004,
    "M": -3.6744907166618366,
    "N": -3.253277251585533,
    "P": -3.4231762883809305,
    "Q": -3.6744907166618366,
    "R": -2.711679969152789,
    "S": -2.827192856274633,
    "T": -3.0554515082556133,
    "V": -2.6081392902119487,
    "W": -4.927253685157205,
    "Y": -3.4609166163637775
  },
  "-9": {
    "A": -2.514320534994294,
    "C": -4.5217885770490405,
    "D": -2.957813038691697,
    "E": -2.5918787693401684,
    "F": -3.627970701026944,
    "G": -2.6585701438388405,
    "H": -4.079955824770001,
    "I": -2.6585701438388405,
    "K": -2.6936614636501104,
    "L": -2.6414757104795403,
    "M": -3.5409593240373143,
    "N": -3.3517173243987854,
    "P": -3.163665092895846,
    "Q": -3.58351893845611,
    "R": -2.787187521660934,
    "S": -2.560130071025588,
    "T": -3.163665092895846,
    "V": -2.5446258844896223,
    "W": -5.62040086571715,
    "Y": -4.23410650459726
  },
  "-8": {
    "A": -2.624668592163159,
    "C": -5.62040086571715,
    "D": -2.575878427993727,
    "E": -2.575878427993727,
    "F": -3.163665092895846,
    "G": -2.4705179123359007,
    "H": -4.154063796923723,
    "I": -2.890371757896165,
    "K": -2.575878427993727,
    "L": -2.4849066497880004,
    "M": -3.7745741752188193,
    "N": -3.627970701026944,
    "P": -3.317815772723104,
    "Q": -3.4231762883809305,
    "R": -2.711679969152789,
    "S": -2.7677694358038325,
    "T": -3.0301337002713233,
    "V": -2.957813038691697,
    "W": -5.332718793265369,
    "Y": -4.01096295328305
  },
  "-7": {
    "A": -2.624668592163159,
    "C": "-inf",
    "D": -2.6414757104795403,
    "E": -2.6081392902119487,
    "F": -3.4231762883809305,
    "G": -2.868865552675201,
    "H": -3.7745741752188193,
    "I": -2.575878427993727,
    "K": -2.7300291078209855,
    "L": -2.6759618865507093,
    "M": -3.3517173243987854,
    "N": -3.005441087680952,
    "P": -3.1080952417410352,
    "Q": -3.2850259499001133,
    "R": -2.868865552675201,
    "S": -2.5918787693401684,
    "T": -3.163665092895846,
    "V": -2.6936614636501104,
    "W": -6.025865973825314,
    "Y": -4.154063796923723
  },
  "-6": {
    "A": -2.560130071025588,
    "C": -5.62040086571715,
    "D": -2.9348235204669986,
    "E": -2.8069901489571136,
    "F": -3.828641396489095,
    "G": -2.575878427993727,
    "H": -3.58351893845611,
    "I": -3.0554515082556133,
    "K": -2.499505449209153,
    "L": -2.6414757104795403,
    "M": -3.58351893845611,
    "N": -3.005441087680952,
    "P": -2.91235066461494,
    "Q": -3.1926526297690985,
    "R": -2.981343536101891,
    "S": -2.6759618865507093,
    "T": -2.957813038691697,
    "V": -2.6759618865507093,
    "W": -5.332718793265369,
    "Y": -3.386808644210056
  },
  "-5": {
    "A": -2.6081392902119487,
    "C": -5.109575241951159,
    "D": -2.6585701438388405,
    "E": -2.6759618865507093,
    "F": -4.01096295328305,
    "G": -2.6759618865507093,
    "H": -4.416428061391214,
    "I": -2.7677694358038325,
    "K": -2.8069901489571136,
    "L": -2.4423470353692043,
    "M": -3.828641396489095,
    "N": -3.005441087680952,
    "P": -3.5409593240373143,
    "Q": -3.3517173243987854,
    "R": -2.6414757104795403,
    "S": -2.5293584123588344,
    "T": -2.7300291078209855,
    "V": -2.7300291078209855,
    "W": -5.332718793265369,
    "Y": -3.627970701026944
  },
  "-4": {
    "A": -2.827192856274633,
    "C": -6.025865973825314,
    "D": -2.981343536101891,
    "E": -2.499505449209153,
    "F": -3.58351893845611,
    "G": -2.4015250408489495,
    "H": -3.7745741752188193,
    "I": -2.7677694358038325,
    "K": -2.6414757104795403,
    "L": -2.711679969152789,
    "M": -3.828641396489095,
    "N": -3.0301337002713233,
    "P": -3.0301337002713233,
    "Q": -3.081426994658874,
    "R": -2.711679969152789,
    "S": -2.6585701438388405,
    "T": -2.890371757896165,
    "V": -2.8069901489571136,
    "W": -6.025865973825314,
    "Y": -3.5409593240373143
  },
  "-3": {
    "A": -2.6414757104795403,
    "C": -6.71901315438526,
    "D": -2.7300291078209855,
    "E": -2.4015250408489495,
    "F": -3.1080952417410352,
    "G": -2.41494806118109,
    "H": -4.416428061391214,
    "I": -3.1926526297690985,
    "K": -2.868865552675201,
    "L": -2.624668592163159,
    "M": -3.9464244321454784,
    "N": -3.2225055929187794,
    "P": -3.005441087680952,
    "Q": -2.981343536101891,
    "R": -2.5446258844896223,
    "S": -3.0554515082556133,
    "T": -2.7677694358038325,
    "V": -2.7300291078209855,
    "W": -5.332718793265369,
    "Y": -3.5409593240373143
  },
  "-2": {
    "A": -2.6585701438388405,
    "C": -5.332718793265369,
    "D": -3.005441087680952,
    "E": -2.5446258844896223,
    "F": -3.1354942159291497,
    "G": -2.4705179123359007,
    "H": -4.079955824770001,
    "I": -2.847812143477369,
    "K": -2.7300291078209855,
    "L": -2.324563999712821,
    "M": -3.7745741752188193,
    "N": -3.2225055929187794,
    "P": -3.4609166163637775,
    "Q": -3.1354942159291497,
    "R": -2.7677694358038325,
    "S": -2.5918787693401684,
    "T": -2.868865552675201,
    "V": -2.711679969152789,
    "W": -4.927253685157205,
    "Y": -3.7745741752188193
  },
  "-1": {
    "A": -2.7487212408331376,
    "C": -6.71901315438526,
    "D": -2.514320534994294,
    "E": -2.514320534994294,
    "F": -3.253277251585533,
    "G": -2.41494806118109,
    "H": -4.23410650459726,
    "I": -3.081426994658874,
    "K": -2.560130071025588,
    "L": -2.6081392902119487,
    "M": -3.8857998103290434,
    "N": -2.5918787693401684,
    "P": -3.1080952417410352,
    "Q": -3.1926526297690985,
    "R": -2.6414757104795403,
    "S": -2.787187521660934,
    "T": -3.081426994658874,
    "V": -2.957813038691697,
    "W": -5.109575241951159,
    "Y": -4.154063796923723
  },
  "0": {
    "A": "-inf",
    "C": "-inf",
    "D": "-inf",
    "E": "-inf",
    "F": "-inf",
    "G": "-inf",
    "H": "-inf",
    "I": "-inf",
    "K": "-inf",
    "L": "-inf",
    "M": "-inf",
    "N": "-inf",
    "P": "-inf",
    "Q": "-inf",
    "R": 0.0,
    "S": "-inf",
    "T": "-inf",
    "V": "-inf",
    "W": "-inf",
    "Y": "-inf"
  },
  "+1": {
    "A": -2.7300291078209855,
    "C": -5.62040086571715,
    "D": -3.005441087680952,
    "E": -2.6936614636501104,
    "F": -3.0301337002713233,
    "G": -2.3122939071210067,
    "H": -4.416428061391214,
    "I": -2.5918787693401684,
    "K": -2.7300291078209855,
    "L": -2.456333277343944,
    "M": -4.079955824770001,
    "N": -3.1080952417410352,
    "P": -3.4231762883809305,
    "Q": -2.890371757896165,
    "R": -2.957813038691697,
    "S": -2.8069901489571136,
    "T": -3.005441087680952,
    "V": -2.6081392902119487,
    "W": -4.927253685157205,
    "Y": -3.5409593240373143
  },
  "+2": {
    "A": -2.6585701438388405,
    "C": -6.025865973825314,
    "D": -3.1080952417410352,
    "E": -2.6759618865507093,
    "F": -3.3517173243987854,
    "G": -2.624668592163159,
    "H": -4.154063796923723,
    "I": -2.8069901489571136,
    "K": -2.6081392902119487,
    "L": -2.4285537132368686,
    "M": -4.321117881586889,
    "N": -3.1354942159291497,
    "P": -3.0301337002713233,
    "Q": -2.847812143477369,
    "R": -2.847812143477369,
    "S": -2.7677694358038325,
    "T": -2.827192856274633,
    "V": -2.6936614636501104,
    "W": -4.927253685157205,
    "Y": -3.3517173243987854
  },
  "+3": {
    "A": -2.5918787693401684,
    "C": -5.62040086571715,
    "D": -2.7487212408331376,
    "E": -2.4705179123359007,
    "F": -3.081426994658874,
    "G": -2.4705179123359007,
    "H": -4.154063796923723,
    "I": -2.7300291078209855,
    "K": -2.827192856274633,
    "L": -2.375207732531576,
    "M": -4.23410650459726,
    "N": -3.386808644210056,
    "P": -3.163665092895846,
    "Q": -3.253277251585533,