{
  "-10": {
    "A": -2.658224022761558,
    "C": -4.648310732541881,
    "D": -2.942994834856195,
    "E": -2.6534610333447155,
    "F": -3.7356996133394125,
    "G": -2.7338021059164404,
    "H": -3.8619122179703194,
    "I": -3.4108094108949936,
    "K": -2.6429443962441828,
    "L": -2.661671631645922,
    "M": -3.978192696574024,
    "N": -3.1806929184125647,
    "P": -2.6125859864181993,
    "Q": -3.1699514434945075,
    "R": -2.6896221876775663,
    "S": -2.150005043524632,
    "T": -2.9261596214097016,
    "V": -3.045845196439374,
    "W": -5.065726941114054,
    "Y": -4.023571723989443
  },
  "-9": {
    "A": -2.6518269724694106,
    "C": -4.630577941568378,
    "D": -2.949656693742104,
    "E": -2.6666435933141615,
    "F": -3.7419135364658347,
    "G": -2.7246758384220735,
    "H": -3.8452366134970375,
    "I": -3.4190544354739565,
    "K": -2.632499377973042,
    "L": -2.6549816913866575,
    "M": -3.9469617619557926,
    "N": -3.194864775008861,
    "P": -2.619856129104447,
    "Q": -3.181063874720348,
    "R": -2.659687156588544,
    "S": -2.142900713836611,
    "T": -2.9200385470482773,
    "V": -3.0422674431796586,
    "W": -5.115516311034058,
    "Y": -4.021394783501825
  },
  "-8": {
    "A": -2.656685511193984,
    "C": -4.5833522409143725,
    "D": -2.9475808916509147,
    "E": -2.684681077930326,
    "F": -3.727901269760695,
    "G": -2.735785596111508,
    "H": -3.8383065202641014,
    "I": -3.3990970856804097,
    "K": -2.648015977576894,
    "L": -2.6402847694417932,
    "M": -3.949217614026263,
    "N": -3.1895900472054546,
    "P": -2.6110913747698064,
    "Q": -3.1716796416304547,
    "R": -2.655820330775736,
    "S": -2.1234306117022674,
    "T": -2.9204252739146406,
    "V": -3.038532098152526,
    "W": -5.189473260005434,
    "Y": -4.01504299524632
  },
  "-7": {
    "A": -2.64460228498427,
    "C": -4.719205395059918,
    "D": -2.929633053175571,
    "E": -2.6682497886097547,
    "F": -3.7619211560908177,
    "G": -2.7033205716457274,
    "H": -3.8528985077024807,
    "I": -3.4505861087543384,
    "K": -2.6245989644700214,
    "L": -2.674647880525799,
    "M": -3.9895907741853196,
    "N": -3.190206570036327,
    "P": -2.5896849684803414,
    "Q": -3.185328833122529,
    "R": -2.6312895479577993,
    "S": -2.1122906606574885,
    "T": -2.914456107968117,
    "V": -3.0558083007140646,
    "W": -5.167437788601391,
    "Y": -4.034886829421642
  },
  "-6": {
    "A": -2.645853897556504,
    "C": -4.724912126128727,
    "D": -2.9311447949386995,
    "E": -2.6734648217869763,
    "F": -3.734408310463435,
    "G": -2.704715697060796,
    "H": -3.8811536265018898,
    "I": -3.3918762519042605,
    "K": -2.677532516908554,
    "L": -2.6351130653262236,
    "M": -3.9768858548304737,
    "N": -3.1959496499672015,
    "P": -2.5970454770498406,
    "Q": -3.219938066806351,
    "R": -2.6273927698064288,
    "S": -2.0900316950805347,
    "T": -2.9060161154656714,
    "V": -3.0267354927681467,
    "W": -5.266349738120921,
    "Y": -4.017155778365364
  },
  "-5": {
    "A": -2.6730182524825077,
    "C": -4.7480704028734575,
    "D": -2.9322843574360506,
    "E": -2.713551396625249,
    "F": -3.6441727999093905,
    "G": -2.7555546669237327,
    "H": -3.802000539918614,
    "I": -3.3310329084672725,
    "K": -2.7517683472251284,
    "L": -2.474712820910445,
    "M": -3.873011399764688,
    "N": -3.219166899356761,
    "P": -2.6101784143708193,
    "Q": -3.2540493286914627,
    "R": -2.6155323353272166,
    "S": -2.114233843811805,
    "T": -2.919500740948022,
    "V": -3.011256916412719,
    "W": -5.193057493233249,
    "Y": -4.0003276779613905
  },
  "-4": {
    "A": -2.654530407476295,
    "C": -4.809205038628251,
    "D": -2.896135541223509,
    "E": -2.6489000659664343,
    "F": -3.7476661889552845,
    "G": -2.6938501277736417,
    "H": -3.879572529066798,
    "I": -3.4605804481200173,
    "K": -2.7236393039474236,
    "L": -2.6985000487980653,
    "M": -4.042088877116664,
    "N": -3.1799296178640932,
    "P": -2.628309032273022,
    "Q": -3.171636400257102,
    "R": -2.6850797225439367,
    "S": -1.9542286413092247,
    "T": -2.8741866081493384,
    "V": -3.0535579319157886,
    "W": -5.275169692986199,
    "Y": -4.0749423775999185
  },
  "-3": {
    "A": -2.7398767274376987,
    "C": -4.912171762192511,
    "D": -2.889053462899188,
    "E": -2.7494410486779435,
    "F": -3.8393598393696826,
    "G": -2.705407208447443,
    "H": -3.82409045110611,
    "I": -3.533330544386161,
    "K": -2.7149197977255026,
    "L": -2.6795263248827554,
    "M": -4.079916580886942,
    "N": -3.328146465141541,
    "P": -2.661658648426733,
    "Q": -3.308047424200431,
    "R": -2.1512122040794788,
    "S": -1.9869807077447421,
    "T": -2.9599958514990248,
    "V": -3.1784047624298677,
    "W": -5.434649928864334,
    "Y": -4.129151884330639
  },
  "-2": {
    "A": -2.638634017339997,
    "C": -4.694812717651093,
    "D": -2.9440963271452483,
    "E": -2.7864020914383985,
    "F": -3.802325465797757,
    "G": -2.76958590320188,
    "H": -3.930664898042035,
    "I": -3.4152130069360394,
    "K": -3.0007230789821007,
    "L": -2.657861807032261,
    "M": -4.020535438067923,
    "N": -3.1347283966259747,
    "P": -2.548698195520272,
    "Q": -3.2212549618494233,
    "R": -2.609537372903072,
    "S": -1.8338819805773858,
    "T": -2.8234683393566335,
    "V": -3.0087370272786953,
    "W": -5.392332793273129,
    "Y": -4.088857233968747
  },
  "-1": {
    "A": -2.6156935206597,
    "C": -4.703177633982721,
    "D": -2.7396240497548123,
    "E": -2.853133533483859,
    "F": -3.6435487532936595,
    "G": -2.4948263003414217,
    "H": -3.715832157743198,
    "I": -3.3934673850456027,
    "K": -3.0165749974535707,
    "L": -2.520818558296199,
    "M": -3.932097662366353,
    "N": -3.1324597600603705,
    "P": -2.546335333042128,
    "Q": -3.341099124121949,
    "R": -2.7805214899528994,
    "S": -1.9842072754315203,
    "T": -2.952031847639963,
    "V": -3.0372081708129657,
    "W": -5.422668789882268,
    "Y": -3.990472954207245
  },
  "0": {
    "A": "-inf",
    "C": "-inf",
    "D": "-inf",
    "E": "-inf",
    "F": "-inf",
    "G": "-inf",
    "H": "-inf",
    "I": "-inf",
    "K": "-inf",
    "L": "-inf",
    "M": "-inf",
    "N": "-inf",
    "P": "-inf",
    "Q": "-inf",
    "R": "-inf",
    "S": 0.0,
    "T": "-inf",
    "V": "-inf",
    "W": "-inf",
    "Y": "-inf"
  },
  "+1": {
    "A": -2.9021446305334444,
    "C": -4.897005130962878,
    "D": -2.6932067564860187,
    "E": -2.767202387328166,
    "F": -3.39201099555467,
    "G": -2.7966767872910876,
    "H": -4.195818009859905,
    "I": -3.3798230726367042,
    "K": -3.4023866964767713,
    "L": -2.5117364147355685,
    "M": -4.195938433752151,
    "N": -3.4423614654397574,
    "P": -1.7374510625151358,
    "Q": -3.3140123977711475,
    "R": -3.1665470015077677,
    "S": -2.036769207773338,
    "T": -3.0332656993070266,
    "V": -3.0718412528475048,
    "W": -5.196654619414098,
    "Y": -4.175966980967408
  },
  "+2": {
    "A": -2.758139293413442,
    "C": -4.810874209438095,
    "D": -2.6389512581093655,
    "E": -2.4746159013374616,
    "F": -3.8663197957564766,
    "G": -2.667818604873074,
    "H": -4.001021159265188,
    "I": -3.3742211145637007,
    "K": -3.019578893648931,
    "L": -2.6739773087396315,
    "M": -4.344524647660361,
    "N": -3.260502939426723,
    "P": -2.4575968490564692,
    "Q": -3.353443528174633,
    "R": -2.9510429595379337,
    "S": -1.8721667134817048,
    "T": -2.7989976297866175,
    "V": -3.012178167905814,
    "W": -5.623727422777259,
    "Y": -4.178212446663011
  },
  "+3": {
    "A": -2.7306255539809863,
    "C": -4.844510810099365,
    "D": -2.661074577958253,
    "E": -2.3562694823520114,
    "F": -3.7551557039471124,
    "G": -2.651621295792421,
    "H": -3.8876358452091697,
    "I": -3.527326564973809,
    "K": -2.8626914946644324,
    "L": -2.7181841438466,
    "M": -4.293986144133743,
    "N": -3.1331668560053134,
    "P": -2.571108064068995,