{
  "-10": {
    "A": -2.658048190599362,
    "C": -4.537071285616419,
    "D": -2.9904522145372425,
    "E": -2.6604926362610004,
    "F": -3.66865082145621,
    "G": -2.787397694227416,
    "H": -3.918833486241915,
    "I": -3.331162840715162,
    "K": -2.6699561942215504,
    "L": -2.601245372514511,
    "M": -3.969151833934,
    "N": -3.2161392287834407,
    "P": -2.6484029972866514,
    "Q": -3.154234092458441,
    "R": -2.7631908892349544,
    "S": -2.192837221178385,
    "T": -2.803182805791471,
    "V": -2.9758593952262435,
    "W": -4.980546892522241,
    "Y": -3.952816050028951
  },
  "-9": {
    "A": -2.6367112176193546,
    "C": -4.60469844996489,
    "D": -2.96509056596249,
    "E": -2.6847774260632558,
    "F": -3.7215500259367627,
    "G": -2.787229308623987,
    "H": -3.796507290054708,
    "I": -3.303556138657647,
    "K": -2.6453667613470517,
    "L": -2.6037298458421727,
    "M": -3.9265636262740724,
    "N": -3.1744256403832547,
    "P": -2.6569760026789195,
    "Q": -3.179023921026335,
    "R": -2.7534582533187972,
    "S": -2.224917202919457,
    "T": -2.787229308623987,
    "V": -2.951505300587686,
    "W": -5.107094641399511,
    "Y": -3.9948709133204154
  },
  "-8": {
    "A": -2.6445270234419582,
    "C": -4.603144850480987,
    "D": -2.9809043775167443,
    "E": -2.6602330934257066,
    "F": -3.688563210873592,
    "G": -2.7745558219738395,
    "H": -3.953626532310248,
    "I": -3.330800324851123,
    "K": -2.6833726381639926,
    "L": -2.514271857819719,
    "M": -3.8826896057775007,
    "N": -3.2290199689320636,
    "P": -2.637290759797268,
    "Q": -3.223600255381821,
    "R": -2.7695393316959125,
    "S": -2.200439337868433,
    "T": -2.7747636573689554,
    "V": -2.949522942916007,
    "W": -5.103247660805606,
    "Y": -3.9745189423932277
  },
  "-7": {
    "A": -2.628237660148978,
    "C": -4.717022198565669,
    "D": -2.9494734342891187,
    "E": -2.686640863312175,
    "F": -3.7359030484653775,
    "G": -2.7512631304861332,
    "H": -3.8879906405311733,
    "I": -3.303979478817783,
    "K": -2.670705173771974,
    "L": -2.6369647259955427,
    "M": -3.89065173314886,
    "N": -3.23545719557481,
    "P": -2.614650446147403,
    "Q": -3.1301032697245286,
    "R": -2.731123770284027,
    "S": -2.2031114440923605,
    "T": -2.741203049278729,
    "V": -2.9419273453626604,
    "W": -5.169380170667334,
    "Y": -3.986177644888058
  },
  "-6": {
    "A": -2.6470483556018403,
    "C": -4.625118007611577,
    "D": -2.967961019903704,
    "E": -2.6864505574901454,
    "F": -3.7198371468111935,
    "G": -2.7858412082055057,
    "H": -3.8829413998113123,
    "I": -3.2875311639838802,
    "K": -2.7038796907678453,
    "L": -2.6111146246289962,
    "M": -3.8944656203042536,
    "N": -3.2104030137701267,
    "P": -2.601490046487664,
    "Q": -3.2239259140293077,
    "R": -2.732398061631995,
    "S": -2.140806615620841,
    "T": -2.7322785278137434,
    "V": -2.947841023152708,
    "W": -5.066392568416451,
    "Y": -3.9797762870979305
  },
  "-5": {
    "A": -2.6425218092148204,
    "C": -4.706638488307885,
    "D": -2.9392775572672587,
    "E": -2.704809562977428,
    "F": -3.7518998835066055,
    "G": -2.7689192022757045,
    "H": -3.5183402580603067,
    "I": -3.292751290680292,
    "K": -2.7552096742499743,
    "L": -2.592753934681784,
    "M": -3.890397990442601,
    "N": -3.250060840438461,
    "P": -2.572141012453021,
    "Q": -3.2275805549175054,
    "R": -2.7453521821017324,
    "S": -2.14748894344708,
    "T": -2.7313227712995887,
    "V": -2.984999806605354,
    "W": -5.193366560494815,
    "Y": -3.992620244203238
  },
  "-4": {
    "A": -2.6544295469637715,
    "C": -4.710663795640723,
    "D": -2.9763169796966933,
    "E": -2.670368063552469,
    "F": -3.7794461330999933,
    "G": -2.753214112692585,
    "H": -3.935945921725466,
    "I": -3.338879265405014,
    "K": -2.7434970436442168,
    "L": -2.6614201252439957,
    "M": -3.9367428403491265,
    "N": -3.2239259140293077,
    "P": -2.5700385327881006,
    "Q": -3.1335490906245673,
    "R": -2.7956835163099027,
    "S": -2.0446447451591805,
    "T": -2.659195595185318,
    "V": -2.9628803982956686,
    "W": -5.264963860980726,
    "Y": -3.993323034308769
  },
  "-3": {
    "A": -2.628956025181128,
    "C": -4.79070650331426,
    "D": -2.9548345789243493,
    "E": -2.735231207319088,
    "F": -3.7854815667825568,
    "G": -2.6839419089435177,
    "H": -3.8463489365064834,
    "I": -3.3527872860504044,
    "K": -2.7517098945006313,
    "L": -2.647011769120541,
    "M": -3.917529194939235,
    "N": -3.2547525380526325,
    "P": -2.563959486711718,
    "Q": -3.268348066885784,
    "R": -2.5638921489116187,
    "S": -2.106918295921554,
    "T": -2.6834864663973117,
    "V": -2.986026289963808,
    "W": -5.276058276339929,
    "Y": -4.007055818965948
  },
  "-2": {
    "A": -2.655720417004902,
    "C": -4.697213886205006,
    "D": -3.0201863983631387,
    "E": -2.733035816755652,
    "F": -3.7633412746315704,
    "G": -2.7807261075387353,
    "H": -4.06455809301753,
    "I": -3.2022104436263272,
    "K": -2.9741326299419266,
    "L": -2.664766226443867,
    "M": -3.8551273396229884,
    "N": -3.219441164385189,
    "P": -2.439717742565636,
    "Q": -3.2834437288705516,
    "R": -2.9506127532978086,
    "S": -1.9285412927195609,
    "T": -2.5537758264129824,
    "V": -2.892603855332529,
    "W": -5.332381816256973,
    "Y": -3.972451259528228
  },
  "-1": {
    "A": -2.623330685636722,
    "C": -4.796968264538235,
    "D": -2.9240553788420267,
    "E": -2.712084585824093,
    "F": -3.763006172701598,
    "G": -2.650934133430091,
    "H": -3.5588489636636913,
    "I": -3.343640655933552,
    "K": -2.9344377736763496,
    "L": -2.624009778537706,
    "M": -3.881431585734873,
    "N": -3.229740453652931,
    "P": -2.4404614250177716,
    "Q": -3.2614933792159317,
    "R": -2.8809328326598185,
    "S": -2.0587455385818942,
    "T": -2.716232021145482,
    "V": -2.8845915145226955,
    "W": -5.230945298431258,
    "Y": -3.9566039333458884
  },
  "0": {
    "A": "-inf",
    "C": "-inf",
    "D": "-inf",
    "E": "-inf",
    "F": "-inf",
    "G": "-inf",
    "H": "-inf",
    "I": "-inf",
    "K": "-inf",
    "L": "-inf",
    "M": "-inf",
    "N": "-inf",
    "P": "-inf",
    "Q": "-inf",
    "R": "-inf",
    "S": "-inf",
    "T": 0.0,
    "V": "-inf",
    "W": "-inf",
    "Y": "-inf"
  },
  "+1": {
    "A": -2.7325973164197506,
    "C": -4.837672489611674,
    "D": -2.9751988093133526,
    "E": -2.7309645979796713,
    "F": -3.7368817881444,
    "G": -2.6650642002243794,
    "H": -4.031149893680931,
    "I": -3.36952532906526,
    "K": -3.218015462633748,
    "L": -2.6159618752612266,
    "M": -4.170539533873821,
    "N": -3.3930073869024664,
    "P": -1.8327739804247705,
    "Q": -3.3875452046101837,
    "R": -3.266035298015965,
    "S": -2.043323555896835,
    "T": -2.74826280387601,
    "V": -2.9286510863235407,
    "W": -5.234830684572175,
    "Y": -4.049572049033473
  },
  "+2": {
    "A": -2.6931712181917247,
    "C": -4.731919509270632,
    "D": -2.892183009426058,
    "E": -2.4705795432712123,
    "F": -3.859545608960653,
    "G": -2.8015588738106594,
    "H": -4.088858211301578,
    "I": -3.373073172001649,
    "K": -2.9473468787536627,
    "L": -2.684017836205237,
    "M": -4.201914656441575,
    "N": -3.2738795454620377,
    "P": -2.3471118071469,
    "Q": -3.2904510770706863,
    "R": -2.996608945576607,
    "S": -1.988216625651386,
    "T": -2.536232965845274,
    "V": -2.946951738967824,
    "W": -5.336682898156363,
    "Y": -4.090096601552725
  },
  "+3": {
    "A": -2.682955378793311,
    "C": -4.7518339733088295,
    "D": -2.9015771602401643,
    "E": -2.5776214108179683,
    "F": -3.766474319602358,
    "G": -2.758517217231412,
    "H": -3.9532212090594108,
    "I": -3.341000777594704,
    "K": -2.665101453190651,
    "L": -2.633529725420251,
    "M": -4.107124272196039,
    "N": -3.244326726847296,
    "P": -2.4830779700976255,
    "Q": -3.2175622561904595,