{
  "-10": {
    "A": -2.134704220354885,
    "C": -4.532599493153256,
    "D": -2.0476928433652555,
    "E": -3.8394523125933104,
    "F": -3.4339872044851463,
    "G": -3.4339872044851463,
    "H": -3.146305132033365,
    "I": -3.8394523125933104,
    "K": -2.5866893440979424,
    "L": -2.134704220354885,
    "M": -4.532599493153256,
    "N": -3.4339872044851463,
    "P": -2.45315795147342,
    "Q": -4.532599493153256,
    "R": -2.740840023925201,
    "S": -3.146305132033365,
    "T": -3.146305132033365,
    "V": -2.3353749158170367,
    "W": "-inf",
    "Y": -4.532599493153256
  },
  "-9": {
    "A": -3.4339872044851463,
    "C": -4.532599493153256,
    "D": -3.146305132033365,
    "E": -3.146305132033365,
    "F": -3.4339872044851463,
    "G": -2.5866893440979424,
    "H": -3.8394523125933104,
    "I": -4.532599493153256,
    "K": -2.0476928433652555,
    "L": -2.740840023925201,
    "M": -3.8394523125933104,
    "N": -3.4339872044851463,
    "P": -2.740840023925201,
    "Q": -2.9231615807191553,
    "R": -2.5866893440979424,
    "S": -2.2300144001592104,
    "T": -3.8394523125933104,
    "V": -2.134704220354885,
    "W": -3.8394523125933104,
    "Y": -3.8394523125933104
  },
  "-8": {
    "A": -2.45315795147342,
    "C": "-inf",
    "D": -3.4339872044851463,
    "E": -3.4339872044851463,
    "F": -3.8394523125933104,
    "G": -2.134704220354885,
    "H": -4.532599493153256,
    "I": -4.532599493153256,
    "K": -2.5866893440979424,
    "L": -1.6993861490970399,
    "M": -4.532599493153256,
    "N": -3.8394523125933104,
    "P": -2.5866893440979424,
    "Q": -3.146305132033365,
    "R": -3.146305132033365,
    "S": -1.824549292051046,
    "T": -3.4339872044851463,
    "V": -3.8394523125933104,
    "W": -4.532599493153256,
    "Y": -4.532599493153256
  },
  "-7": {
    "A": -2.9231615807191553,
    "C": -4.532599493153256,
    "D": -2.9231615807191553,
    "E": -2.9231615807191553,
    "F": -3.8394523125933104,
    "G": -2.9231615807191553,
    "H": "-inf",
    "I": -2.2300144001592104,
    "K": -2.9231615807191553,
    "L": -2.134704220354885,
    "M": -3.8394523125933104,
    "N": "-inf",
    "P": -2.0476928433652555,
    "Q": -2.9231615807191553,
    "R": -2.9231615807191553,
    "S": -2.2300144001592104,
    "T": -2.9231615807191553,
    "V": -3.4339872044851463,
    "W": "-inf",
    "Y": -3.8394523125933104
  },
  "-6": {
    "A": -3.4339872044851463,
    "C": -4.532599493153256,
    "D": "-inf",
    "E": -2.3353749158170367,
    "F": -3.8394523125933104,
    "G": -2.45315795147342,
    "H": -4.532599493153256,
    "I": -3.146305132033365,
    "K": -2.0476928433652555,
    "L": -2.5866893440979424,
    "M": -4.532599493153256,
    "N": -4.532599493153256,
    "P": -2.3353749158170367,
    "Q": -3.146305132033365,
    "R": -2.740840023925201,
    "S": -2.45315795147342,
    "T": -2.740840023925201,
    "V": -2.740840023925201,
    "W": -3.8394523125933104,
    "Y": -3.4339872044851463
  },
  "-5": {
    "A": -2.9231615807191553,
    "C": "-inf",
    "D": -2.9231615807191553,
    "E": -3.4339872044851463,
    "F": -3.146305132033365,
    "G": -3.146305132033365,
    "H": -3.146305132033365,
    "I": -3.8394523125933104,
    "K": -1.9676501356917193,
    "L": -2.740840023925201,
    "M": -2.45315795147342,
    "N": -3.4339872044851463,
    "P": -2.2300144001592104,
    "Q": -2.740840023925201,
    "R": -3.146305132033365,
    "S": -2.45315795147342,
    "T": -3.4339872044851463,
    "V": -3.146305132033365,
    "W": "-inf",
    "Y": -4.532599493153256
  },
  "-4": {
    "A": -2.0476928433652555,
    "C": -4.532599493153256,
    "D": -2.9231615807191553,
    "E": -2.5866893440979424,
    "F": -4.532599493153256,
    "G": -2.0476928433652555,
    "H": -3.4339872044851463,
    "I": -3.4339872044851463,
    "K": -3.4339872044851463,
    "L": -2.3353749158170367,
    "M": -4.532599493153256,
    "N": -3.146305132033365,
    "P": -2.45315795147342,
    "Q": -4.532599493153256,
    "R": -2.5866893440979424,
    "S": -2.2300144001592104,
    "T": -3.146305132033365,
    "V": "-inf",
    "W": "-inf",
    "Y": -3.8394523125933104
  },
  "-3": {
    "A": -2.740840023925201,
    "C": "-inf",
    "D": -2.9231615807191553,
    "E": -2.9231615807191553,
    "F": -2.9231615807191553,
    "G": -3.146305132033365,
    "H": -4.532599493153256,
    "I": -2.9231615807191553,
    "K": -1.44155703979494,
    "L": -2.740840023925201,
    "M": -4.532599493153256,
    "N": -3.146305132033365,
    "P": -2.740840023925201,
    "Q": -4.532599493153256,
    "R": -2.5866893440979424,
    "S": -3.146305132033365,
    "T": -2.9231615807191553,
    "V": -2.9231615807191553,
    "W": -4.532599493153256,
    "Y": "-inf"
  },
  "-2": {
    "A": -2.9231615807191553,
    "C": "-inf",
    "D": -3.146305132033365,
    "E": -2.740840023925201,
    "F": -4.532599493153256,
    "G": -3.146305132033365,
    "H": -3.8394523125933104,
    "I": -3.4339872044851463,
    "K": -2.9231615807191553,
    "L": -3.146305132033365,
    "M": -3.8394523125933104,
    "N": -3.4339872044851463,
    "P": -2.45315795147342,
    "Q": -3.4339872044851463,
    "R": -3.8394523125933104,
    "S": -1.6422277352570913,
    "T": -1.7600107709134747,
    "V": -3.146305132033365,
    "W": -4.532599493153256,
    "Y": -3.8394523125933104
  },
  "-1": {
    "A": -2.9231615807191553,
    "C": "-inf",
    "D": -2.2300144001592104,
    "E": -4.532599493153256,
    "F": -3.8394523125933104,
    "G": -2.9231615807191553,
    "H": -4.532599493153256,
    "I": -4.532599493153256,
    "K": -2.740840023925201,
    "L": -2.3353749158170367,
    "M": -4.532599493153256,
    "N": -4.532599493153256,
    "P": -1.6422277352570913,
    "Q": -2.9231615807191553,
    "R": -2.9231615807191553,
    "S": -1.8935421635379972,
    "T": -2.740840023925201,
    "V": -3.8394523125933104,
    "W": -4.532599493153256,
    "Y": "-inf"
  },
  "0": {
    "A": "-inf",
    "C": "-inf",
    "D": "-inf",
    "E": "-inf",
    "F": "-inf",
    "G": "-inf",
    "H": "-inf",
    "I": "-inf",
    "K": "-inf",
    "L": "-inf",
    "M": "-inf",
    "N": "-inf",
    "P": "-inf",
    "Q": "-inf",
    "R": "-inf",
    "S": "-inf",
    "T": "-inf",
    "V": 0.0,
    "W": "-inf",
    "Y": "-inf"
  },
  "+1": {
    "A": -2.9231615807191553,
    "C": -4.532599493153256,
    "D": -2.134704220354885,
    "E": -2.740840023925201,
    "F": -4.532599493153256,
    "G": -2.9231615807191553,
    "H": -3.8394523125933104,
    "I": -2.9231615807191553,
    "K": -2.2300144001592104,
    "L": -2.9231615807191553,
    "M": -3.8394523125933104,
    "N": -2.740840023925201,
    "P": -2.9231615807191553,
    "Q": -4.532599493153256,
    "R": -3.8394523125933104,
    "S": -2.2300144001592104,
    "T": -2.740840023925201,
    "V": -3.146305132033365,
    "W": "-inf",
    "Y": -2.740840023925201
  },
  "+2": {
    "A": -2.5866893440979424,
    "C": -4.532599493153256,
    "D": -3.146305132033365,
    "E": -1.9676501356917193,
    "F": "-inf",
    "G": -2.740840023925201,
    "H": -4.532599493153256,
    "I": -3.4339872044851463,
    "K": -2.9231615807191553,
    "L": -2.9231615807191553,
    "M": -4.532599493153256,
    "N": -3.4339872044851463,
    "P": -1.9676501356917193,
    "Q": -2.9231615807191553,
    "R": -3.146305132033365,
    "S": -2.2300144001592104,
    "T": -2.45315795147342,
    "V": -3.8394523125933104,
    "W": -4.532599493153256,
    "Y": -4.532599493153256
  },
  "+3": {
    "A": -1.9676501356917193,
    "C": -4.532599493153256,
    "D": -3.146305132033365,
    "E": -1.9676501356917193,
    "F": -3.4339872044851463,
    "G": -3.146305132033365,
    "H": -3.8394523125933104,
    "I": -3.4339872044851463,
    "K": -2.740840023925201,
    "L": -2.0476928433652555,
    "M": -4.532599493153256,
    "N": -3.8394523125933104,
    "P": -3.146305132033365,
    "Q": -3.146305132033365,
    "R": -3.146305132033365,
    "S": -2.740840023925201,
    "T": -4.532599493153256,
    "V": -2.5866893440979424,
    "W": -4.532599493153256,
    "Y": -3.8394523125933104
  },