{
  "-10": {
    "A": -2.736557258116193,
    "C": -4.299031294689939,
    "D": -2.9139323909748223,
    "E": -2.6798441670034125,
    "F": -3.4617682541320627,
    "G": -2.7633338086919252,
    "H": -3.657051653990216,
    "I": -3.1644354601848494,
    "K": -2.6467948477546734,
    "L": -2.5592780277048406,
    "M": -3.7176369807597864,
    "N": -3.199224976029222,
    "P": -2.8448996478744606,
    "Q": -3.1636674109919474,
    "R": -2.679134527706926,
    "S": -2.424750801773881,
    "T": -2.9861558682817777,
    "V": -2.937687195836703,
    "W": -4.756922200137954,
    "Y": -3.490094302175182
  },
  "-9": {
    "A": -2.747511097574941,
    "C": -4.257492711102833,
    "D": -2.905001102073501,
    "E": -2.6564567586664105,
    "F": -3.482145134720759,
    "G": -2.7800646314830018,
    "H": -3.7256853139426145,
    "I": -3.240851125670388,
    "K": -2.670306267202775,
    "L": -2.507470969144709,
    "M": -3.708659364352688,
    "N": -3.2354747686340075,
    "P": -2.819274881703837,
    "Q": -3.1617498648626756,
    "R": -2.6581919664590745,
    "S": -2.385558296967451,
    "T": -2.938453068586094,
    "V": -2.9576368252095517,
    "W": -4.848838711526842,
    "Y": -3.5322029270111313
  },
  "-8": {
    "A": -2.764234535768199,
    "C": -4.390287576012894,
    "D": -2.870768642893325,
    "E": -2.640860112234859,
    "F": -3.4576392160076925,
    "G": -2.7671997928883907,
    "H": -3.809579424265655,
    "I": -3.169056184617305,
    "K": -2.656341185132621,
    "L": -2.546253618532796,
    "M": -3.7399276706581577,
    "N": -3.214657690377937,
    "P": -2.814390204420229,
    "Q": -3.203010972381743,
    "R": -2.6588868935197025,
    "S": -2.370857297172156,
    "T": -2.9805464297409965,
    "V": -2.9212859170202004,
    "W": -4.749396294437607,
    "Y": -3.4855820184739685
  },
  "-7": {
    "A": -2.8024156247394445,
    "C": -4.381166991616086,
    "D": -2.855844053454443,
    "E": -2.6892350235349283,
    "F": -3.5107911839463366,
    "G": -2.784915509562837,
    "H": -3.8258219371238686,
    "I": -3.1330469880962317,
    "K": -2.6588868935197025,
    "L": -2.492153707375134,
    "M": -3.6922440252985376,
    "N": -3.2036100737476403,
    "P": -2.8331078763677673,
    "Q": -3.241888362564543,
    "R": -2.6488574129410223,
    "S": -2.322282252601777,
    "T": -2.937687195836703,
    "V": -2.975763257356299,
    "W": -4.796407348628891,
    "Y": -3.4274530305956814
  },
  "-6": {
    "A": -2.7866254738071836,
    "C": -4.47777503013601,
    "D": -2.8258251234645555,
    "E": -2.6457651582866575,
    "F": -3.551251121981826,
    "G": -2.725969876414988,
    "H": -3.6909423654987417,
    "I": -3.1682845796407504,
    "K": -2.640860112234859,
    "L": -2.538006149102779,
    "M": -3.7219884520612885,
    "N": -3.2118339692600872,
    "P": -2.8396108394435133,
    "Q": -3.169442210485831,
    "R": -2.6755938654455407,
    "S": -2.3296740058704604,
    "T": -2.9229441671929064,
    "V": -2.966580165590872,
    "W": -4.950066989899757,
    "Y": -3.491158981541125
  },
  "-5": {
    "A": -2.7732867118956683,
    "C": -4.433758144719236,
    "D": -2.8166938845500713,
    "E": -2.585954778345032,
    "F": -3.5277732409195433,
    "G": -2.767328916782947,
    "H": -3.8765865091468754,
    "I": -3.1869694361947913,
    "K": -2.6437089546835093,
    "L": -2.590164401918135,
    "M": -3.7885641581118707,
    "N": -3.1632836074946242,
    "P": -2.764105810788939,
    "Q": -3.1731169075906327,
    "R": -2.6961861541123318,
    "S": -2.3088029657516747,
    "T": -2.901303146524456,
    "V": -2.9447554489888157,
    "W": -4.919607782415049,
    "Y": -3.494627038905325
  },
  "-4": {
    "A": -2.799077615097527,
    "C": -4.5030928381203,
    "D": -2.744603567557498,
    "E": -2.624159204990323,
    "F": -3.4914253285929058,
    "G": -2.6377924509073893,
    "H": -3.814718936313012,
    "I": -3.2303323115542084,
    "K": -2.7761486886117694,
    "L": -2.538725093312866,
    "M": -3.75472236679716,
    "N": -3.128033515521073,
    "P": -2.7864938342361385,
    "Q": -3.211431230632009,
    "R": -2.7299425694113992,
    "S": -2.2708358875966597,
    "T": -2.9220393262323623,
    "V": -2.986798955120661,
    "W": -4.9085579462284645,
    "Y": -3.4584121131220407
  },
  "-3": {
    "A": -2.7868888049476124,
    "C": -4.504559114042827,
    "D": -2.7309382135508975,
    "E": -2.52901181209829,
    "F": -3.6121762697208832,
    "G": -2.6799624891948777,
    "H": -3.7839138188424077,
    "I": -3.259476755665431,
    "K": -2.805094078195565,
    "L": -2.5457361540969288,
    "M": -3.7007463655953625,
    "N": -3.0778243425686336,
    "P": -2.796548158912957,
    "Q": -3.1678990003030254,
    "R": -2.8233637520591786,
    "S": -2.2414060551347745,
    "T": -2.873062550709241,
    "V": -3.0007263057476554,
    "W": -4.909657451561881,
    "Y": -3.49382564978804
  },
  "-2": {
    "A": -2.783864675366572,
    "C": -4.6186804832132475,
    "D": -2.6843502815888938,
    "E": -2.6249428602221436,
    "F": -3.6485995767529547,
    "G": -2.662136287118012,
    "H": -3.7764471174858705,
    "I": -3.32471965099568,
    "K": -2.6969080020743785,
    "L": -2.6495458811265635,
    "M": -3.8336680450007057,
    "N": -3.063136196006977,
    "P": -2.6375655906523328,
    "Q": -3.177583368069531,
    "R": -2.763977102377667,
    "S": -2.212965980048296,
    "T": -2.9246051717273005,
    "V": -2.981825815810278,
    "W": -5.111306501021601,
    "Y": -3.531093664556846
  },
  "-1": {
    "A": -2.847554578519381,
    "C": -4.511922917568572,
    "D": -2.596893318125838,
    "E": -2.681264958149357,
    "F": -3.546454949718333,
    "G": -2.6961861541123318,
    "H": -3.7406109641592904,
    "I": -3.0234882978627513,
    "K": -2.780195427376197,
    "L": -2.557706112264584,
    "M": -3.951779341580574,
    "N": -3.0488317728687697,
    "P": -2.8037539547036583,
    "Q": -3.2371259557996654,
    "R": -2.8656265090089383,
    "S": -2.2262576930554543,
    "T": -2.8977659283927215,
    "V": -2.880409698936179,
    "W": -4.9779433594280125,
    "Y": -3.4948943113912136
  },
  "0": {
    "A": "-inf",
    "C": "-inf",
    "D": "-inf",
    "E": "-inf",
    "F": "-inf",
    "G": "-inf",
    "H": "-inf",
    "I": "-inf",
    "K": "-inf",
    "L": "-inf",
    "M": "-inf",
    "N": "-inf",
    "P": "-inf",
    "Q": "-inf",
    "R": "-inf",
    "S": "-inf",
    "T": "-inf",
    "V": "-inf",
    "W": "-inf",
    "Y": 0.0
  },
  "+1": {
    "A": -2.8511991017572353,
    "C": -4.333056448120923,
    "D": -2.7478909646260425,
    "E": -2.544391998386096,
    "F": -3.4927581290034477,
    "G": -2.6209191597001267,
    "H": -3.757499182187812,
    "I": -3.0572517899655076,
    "K": -3.0043204935737187,
    "L": -2.5466677829619924,
    "M": -3.848024166134859,
    "N": -3.1889360051668323,
    "P": -3.162516442132871,
    "Q": -3.092910261825714,
    "R": -2.9732215562262496,
    "S": -2.078452205346454,
    "T": -2.8596605822230132,
    "V": -2.828155328069078,
    "W": -4.970901076802599,
    "Y": -3.419736750865992
  },
  "+2": {
    "A": -2.7678455791555874,
    "C": -4.072786225918727,
    "D": -2.700887506873926,
    "E": -2.6118140557136185,
    "F": -3.5819785932764394,
    "G": -2.77849641370212,
    "H": -3.886027964017794,
    "I": -3.2367129033361306,
    "K": -2.8533077691583877,
    "L": -2.6206960947873124,
    "M": -3.8591205110978697,
    "N": -3.0156777056006185,
    "P": -2.694023731357153,
    "Q": -3.1102267118371745,
    "R": -2.912886287614087,
    "S": -2.207196733277051,
    "T": -2.8313166254582307,
    "V": -2.946916610682094,
    "W": -4.975590417165986,
    "Y": -3.5018685885875005
  },
  "+3": {
    "A": -2.832280746461223,
    "C": -4.557282166967503,
    "D": -2.8037539547036583,
    "E": -2.7440987719889796,
    "F": -3.519794109302912,
    "G": -2.815744667582739,
    "H": -3.8370495999795464,
    "I": -3.084895257657785,
    "K": -2.882580938118758,
    "L": -2.4002997059097164,
    "M": -3.7803512928088043,
    "N": -3.1946610232713075,
    "P": -2.5766274526155364,