{
  "-10": {
    "A": 0.056451612903225805,
    "C": 0.008064516129032258,
    "D": 0.04838709677419355,
    "E": 0.08602150537634409,
    "F": 0.02956989247311828,
    "G": 0.043010752688172046,
    "H": 0.005376344086021506,
    "I": 0.06720430107526881,
    "K": 0.053763440860215055,
    "L": 0.051075268817204304,
    "M": 0.01881720430107527,
    "N": 0.024193548387096774,
    "P": 0.053763440860215055,
    "Q": 0.03494623655913978,
    "R": 0.11290322580645161,
    "S": 0.11827956989247312,
    "T": 0.04032258064516129,
    "V": 0.02956989247311828,
    "W": 0.002688172043010753,
    "Y": 0.008064516129032258
  },
  "-9": {
    "A": 0.04032258064516129,
    "C": 0.010752688172043012,
    "D": 0.043010752688172046,
    "E": 0.05913978494623656,
    "F": 0.013440860215053764,
    "G": 0.06989247311827956,
    "H": 0.01881720430107527,
    "I": 0.026881720430107527,
    "K": 0.08064516129032258,
    "L": 0.06989247311827956,
    "M": 0.008064516129032258,
    "N": 0.03225806451612903,
    "P": 0.0967741935483871,
    "Q": 0.026881720430107527,
    "R": 0.056451612903225805,
    "S": 0.10483870967741936,
    "T": 0.03763440860215054,
    "V": 0.08602150537634409,
    "W": 0.008064516129032258,
    "Y": 0.008064516129032258
  },
  "-8": {
    "A": 0.06720430107526881,
    "C": 0.010752688172043012,
    "D": 0.024193548387096774,
    "E": 0.06182795698924731,
    "F": 0.013440860215053764,
    "G": 0.09946236559139784,
    "H": 0.013440860215053764,
    "I": 0.02956989247311828,
    "K": 0.04032258064516129,
    "L": 0.06720430107526881,
    "M": 0.01881720430107527,
    "N": 0.03763440860215054,
    "P": 0.05913978494623656,
    "Q": 0.0456989247311828,
    "R": 0.08064516129032258,
    "S": 0.12096774193548387,
    "T": 0.0456989247311828,
    "V": 0.051075268817204304,
    "W": 0.005376344086021506,
    "Y": 0.013440860215053764
  },
  "-7": {
    "A": 0.04838709677419355,
    "C": 0.013440860215053764,
    "D": 0.0456989247311828,
    "E": 0.06989247311827956,
    "F": 0.016129032258064516,
    "G": 0.07795698924731183,
    "H": 0.043010752688172046,
    "I": 0.03763440860215054,
    "K": 0.03225806451612903,
    "L": 0.07526881720430108,
    "M": 0.013440860215053764,
    "N": 0.021505376344086023,
    "P": 0.07526881720430108,
    "Q": 0.03225806451612903,
    "R": 0.09946236559139784,
    "S": 0.10215053763440861,
    "T": 0.056451612903225805,
    "V": 0.04032258064516129,
    "W": 0.013440860215053764,
    "Y": 0.008064516129032258
  },
  "-6": {
    "A": 0.053763440860215055,
    "C": 0.021505376344086023,
    "D": 0.056451612903225805,
    "E": 0.04838709677419355,
    "F": 0.02956989247311828,
    "G": 0.053763440860215055,
    "H": 0.02956989247311828,
    "I": 0.03225806451612903,
    "K": 0.056451612903225805,
    "L": 0.06182795698924731,
    "M": 0.010752688172043012,
    "N": 0.02956989247311828,
    "P": 0.07526881720430108,
    "Q": 0.06451612903225806,
    "R": 0.04032258064516129,
    "S": 0.12365591397849462,
    "T": 0.056451612903225805,
    "V": 0.051075268817204304,
    "W": 0.002688172043010753,
    "Y": 0.024193548387096774
  },
  "-5": {
    "A": 0.03494623655913978,
    "C": 0.005376344086021506,
    "D": 0.043010752688172046,
    "E": 0.07795698924731183,
    "F": 0.01881720430107527,
    "G": 0.0967741935483871,
    "H": 0.005376344086021506,
    "I": 0.02956989247311828,
    "K": 0.026881720430107527,
    "L": 0.08064516129032258,
    "M": 0.005376344086021506,
    "N": 0.03763440860215054,
    "P": 0.08064516129032258,
    "Q": 0.03225806451612903,
    "R": 0.08602150537634409,
    "S": 0.16666666666666666,
    "T": 0.04838709677419355,
    "V": 0.03225806451612903,
    "W": 0.0,
    "Y": 0.013440860215053764
  },
  "-4": {
    "A": 0.043010752688172046,
    "C": 0.024193548387096774,
    "D": 0.05913978494623656,
    "E": 0.07258064516129033,
    "F": 0.01881720430107527,
    "G": 0.04838709677419355,
    "H": 0.051075268817204304,
    "I": 0.024193548387096774,
    "K": 0.03763440860215054,
    "L": 0.06720430107526881,
    "M": 0.024193548387096774,
    "N": 0.03225806451612903,
    "P": 0.051075268817204304,
    "Q": 0.04838709677419355,
    "R": 0.0456989247311828,
    "S": 0.12634408602150538,
    "T": 0.053763440860215055,
    "V": 0.08064516129032258,
    "W": 0.005376344086021506,
    "Y": 0.013440860215053764
  },
  "-3": {
    "A": 0.04838709677419355,
    "C": 0.010752688172043012,
    "D": 0.07795698924731183,
    "E": 0.09408602150537634,
    "F": 0.005376344086021506,
    "G": 0.03494623655913978,
    "H": 0.013440860215053764,
    "I": 0.043010752688172046,
    "K": 0.03494623655913978,
    "L": 0.05913978494623656,
    "M": 0.051075268817204304,
    "N": 0.013440860215053764,
    "P": 0.06720430107526881,
    "Q": 0.08602150537634409,
    "R": 0.0456989247311828,
    "S": 0.12365591397849462,
    "T": 0.056451612903225805,
    "V": 0.043010752688172046,
    "W": 0.002688172043010753,
    "Y": 0.021505376344086023
  },
  "-2": {
    "A": 0.06182795698924731,
    "C": 0.016129032258064516,
    "D": 0.08333333333333333,
    "E": 0.08333333333333333,
    "F": 0.013440860215053764,
    "G": 0.10215053763440861,
    "H": 0.010752688172043012,
    "I": 0.026881720430107527,
    "K": 0.04838709677419355,
    "L": 0.051075268817204304,
    "M": 0.016129032258064516,
    "N": 0.03494623655913978,
    "P": 0.05913978494623656,
    "Q": 0.03225806451612903,
    "R": 0.06451612903225806,
    "S": 0.10483870967741936,
    "T": 0.024193548387096774,
    "V": 0.07258064516129033,
    "W": 0.0,
    "Y": 0.03225806451612903
  },
  "-1": {
    "A": 0.02956989247311828,
    "C": 0.010752688172043012,
    "D": 0.08602150537634409,
    "E": 0.10215053763440861,
    "F": 0.01881720430107527,
    "G": 0.10215053763440861,
    "H": 0.005376344086021506,
    "I": 0.021505376344086023,
    "K": 0.03494623655913978,
    "L": 0.056451612903225805,
    "M": 0.016129032258064516,
    "N": 0.03763440860215054,
    "P": 0.04838709677419355,
    "Q": 0.026881720430107527,
    "R": 0.08333333333333333,
    "S": 0.10752688172043011,
    "T": 0.053763440860215055,
    "V": 0.05913978494623656,
    "W": 0.016129032258064516,
    "Y": 0.024193548387096774
  },
  "0": {
    "A": 0.0,
    "C": 0.0,
    "D": 0.0,
    "E": 0.0,
    "F": 0.0,
    "G": 0.0,
    "H": 0.0,
    "I": 0.0,
    "K": 0.0,
    "L": 0.0,
    "M": 1.0,
    "N": 0.0,
    "P": 0.0,
    "Q": 0.0,
    "R": 0.0,
    "S": 0.0,
    "T": 0.0,
    "V": 0.0,
    "W": 0.0,
    "Y": 0.0
  },
  "+1": {
    "A": 0.09408602150537634,
    "C": 0.02956989247311828,
    "D": 0.06182795698924731,
    "E": 0.10483870967741936,
    "F": 0.013440860215053764,
    "G": 0.0967741935483871,
    "H": 0.016129032258064516,
    "I": 0.016129032258064516,
    "K": 0.056451612903225805,
    "L": 0.05913978494623656,
    "M": 0.016129032258064516,
    "N": 0.043010752688172046,
    "P": 0.043010752688172046,
    "Q": 0.03763440860215054,
    "R": 0.026881720430107527,
    "S": 0.15591397849462366,
    "T": 0.03763440860215054,
    "V": 0.07795698924731183,
    "W": 0.002688172043010753,
    "Y": 0.008064516129032258
  },
  "+2": {
    "A": 0.06451612903225806,
    "C": 0.016129032258064516,
    "D": 0.056451612903225805,
    "E": 0.08064516129032258,
    "F": 0.03494623655913978,
    "G": 0.10215053763440861,
    "H": 0.010752688172043012,
    "I": 0.016129032258064516,
    "K": 0.051075268817204304,
    "L": 0.07258064516129033,
    "M": 0.026881720430107527,
    "N": 0.04838709677419355,
    "P": 0.07526881720430108,
    "Q": 0.06720430107526881,
    "R": 0.051075268817204304,
    "S": 0.0967741935483871,
    "T": 0.03763440860215054,
    "V": 0.053763440860215055,
    "W": 0.0,
    "Y": 0.026881720430107527
  },
  "+3": {
    "A": 0.051075268817204304,
    "C": 0.01881720430107527,
    "D": 0.06720430107526881,
    "E": 0.043010752688172046,
    "F": 0.010752688172043012,
    "G": 0.06451612903225806,
    "H": 0.026881720430107527,
    "I": 0.03763440860215054,
    "K": 0.08870967741935484,