{
  "-10": {
    "A": 0.03571428571428571,
    "C": 0.011904761904761904,
    "D": 0.03571428571428571,
    "E": 0.14285714285714285,
    "F": 0.0,
    "G": 0.05952380952380952,
    "H": 0.011904761904761904,
    "I": 0.03571428571428571,
    "K": 0.10714285714285714,
    "L": 0.023809523809523808,
    "M": 0.011904761904761904,
    "N": 0.047619047619047616,
    "P": 0.11904761904761904,
    "Q": 0.09523809523809523,
    "R": 0.011904761904761904,
    "S": 0.09523809523809523,
    "T": 0.047619047619047616,
    "V": 0.08333333333333333,
    "W": 0.0,
    "Y": 0.011904761904761904
  },
  "-9": {
    "A": 0.08333333333333333,
    "C": 0.011904761904761904,
    "D": 0.08333333333333333,
    "E": 0.08333333333333333,
    "F": 0.047619047619047616,
    "G": 0.14285714285714285,
    "H": 0.0,
    "I": 0.023809523809523808,
    "K": 0.011904761904761904,
    "L": 0.011904761904761904,
    "M": 0.011904761904761904,
    "N": 0.14285714285714285,
    "P": 0.14285714285714285,
    "Q": 0.03571428571428571,
    "R": 0.011904761904761904,
    "S": 0.05952380952380952,
    "T": 0.023809523809523808,
    "V": 0.0,
    "W": 0.023809523809523808,
    "Y": 0.03571428571428571
  },
  "-8": {
    "A": 0.05952380952380952,
    "C": 0.011904761904761904,
    "D": 0.03571428571428571,
    "E": 0.011904761904761904,
    "F": 0.05952380952380952,
    "G": 0.14285714285714285,
    "H": 0.0,
    "I": 0.047619047619047616,
    "K": 0.09523809523809523,
    "L": 0.011904761904761904,
    "M": 0.011904761904761904,
    "N": 0.047619047619047616,
    "P": 0.16666666666666666,
    "Q": 0.023809523809523808,
    "R": 0.08333333333333333,
    "S": 0.047619047619047616,
    "T": 0.047619047619047616,
    "V": 0.011904761904761904,
    "W": 0.0,
    "Y": 0.07142857142857142
  },
  "-7": {
    "A": 0.023809523809523808,
    "C": 0.0,
    "D": 0.047619047619047616,
    "E": 0.047619047619047616,
    "F": 0.047619047619047616,
    "G": 0.10714285714285714,
    "H": 0.0,
    "I": 0.011904761904761904,
    "K": 0.15476190476190477,
    "L": 0.047619047619047616,
    "M": 0.0,
    "N": 0.0,
    "P": 0.2261904761904762,
    "Q": 0.07142857142857142,
    "R": 0.047619047619047616,
    "S": 0.08333333333333333,
    "T": 0.03571428571428571,
    "V": 0.03571428571428571,
    "W": 0.0,
    "Y": 0.0
  },
  "-6": {
    "A": 0.08333333333333333,
    "C": 0.023809523809523808,
    "D": 0.08333333333333333,
    "E": 0.047619047619047616,
    "F": 0.047619047619047616,
    "G": 0.07142857142857142,
    "H": 0.0,
    "I": 0.011904761904761904,
    "K": 0.10714285714285714,
    "L": 0.011904761904761904,
    "M": 0.03571428571428571,
    "N": 0.023809523809523808,
    "P": 0.11904761904761904,
    "Q": 0.047619047619047616,
    "R": 0.07142857142857142,
    "S": 0.047619047619047616,
    "T": 0.023809523809523808,
    "V": 0.011904761904761904,
    "W": 0.011904761904761904,
    "Y": 0.10714285714285714
  },
  "-5": {
    "A": 0.047619047619047616,
    "C": 0.047619047619047616,
    "D": 0.05952380952380952,
    "E": 0.11904761904761904,
    "F": 0.03571428571428571,
    "G": 0.05952380952380952,
    "H": 0.011904761904761904,
    "I": 0.011904761904761904,
    "K": 0.15476190476190477,
    "L": 0.03571428571428571,
    "M": 0.023809523809523808,
    "N": 0.011904761904761904,
    "P": 0.05952380952380952,
    "Q": 0.07142857142857142,
    "R": 0.10714285714285714,
    "S": 0.09523809523809523,
    "T": 0.011904761904761904,
    "V": 0.023809523809523808,
    "W": 0.0,
    "Y": 0.0
  },
  "-4": {
    "A": 0.011904761904761904,
    "C": 0.10714285714285714,
    "D": 0.023809523809523808,
    "E": 0.023809523809523808,
    "F": 0.011904761904761904,
    "G": 0.03571428571428571,
    "H": 0.023809523809523808,
    "I": 0.011904761904761904,
    "K": 0.25,
    "L": 0.05952380952380952,
    "M": 0.047619047619047616,
    "N": 0.047619047619047616,
    "P": 0.0,
    "Q": 0.011904761904761904,
    "R": 0.047619047619047616,
    "S": 0.15476190476190477,
    "T": 0.023809523809523808,
    "V": 0.05952380952380952,
    "W": 0.023809523809523808,
    "Y": 0.023809523809523808
  },
  "-3": {
    "A": 0.03571428571428571,
    "C": 0.08333333333333333,
    "D": 0.08333333333333333,
    "E": 0.023809523809523808,
    "F": 0.023809523809523808,
    "G": 0.047619047619047616,
    "H": 0.011904761904761904,
    "I": 0.047619047619047616,
    "K": 0.23809523809523808,
    "L": 0.011904761904761904,
    "M": 0.0,
    "N": 0.03571428571428571,
    "P": 0.10714285714285714,
    "Q": 0.047619047619047616,
    "R": 0.047619047619047616,
    "S": 0.11904761904761904,
    "T": 0.03571428571428571,
    "V": 0.0,
    "W": 0.0,
    "Y": 0.0
  },
  "-2": {
    "A": 0.023809523809523808,
    "C": 0.17857142857142858,
    "D": 0.047619047619047616,
    "E": 0.011904761904761904,
    "F": 0.023809523809523808,
    "G": 0.08333333333333333,
    "H": 0.0,
    "I": 0.011904761904761904,
    "K": 0.05952380952380952,
    "L": 0.03571428571428571,
    "M": 0.0,
    "N": 0.023809523809523808,
    "P": 0.07142857142857142,
    "Q": 0.03571428571428571,
    "R": 0.08333333333333333,
    "S": 0.20238095238095238,
    "T": 0.05952380952380952,
    "V": 0.011904761904761904,
    "W": 0.0,
    "Y": 0.03571428571428571
  },
  "-1": {
    "A": 0.10714285714285714,
    "C": 0.05952380952380952,
    "D": 0.05952380952380952,
    "E": 0.023809523809523808,
    "F": 0.03571428571428571,
    "G": 0.08333333333333333,
    "H": 0.011904761904761904,
    "I": 0.023809523809523808,
    "K": 0.10714285714285714,
    "L": 0.011904761904761904,
    "M": 0.047619047619047616,
    "N": 0.023809523809523808,
    "P": 0.011904761904761904,
    "Q": 0.03571428571428571,
    "R": 0.047619047619047616,
    "S": 0.19047619047619047,
    "T": 0.047619047619047616,
    "V": 0.047619047619047616,
    "W": 0.011904761904761904,
    "Y": 0.011904761904761904
  },
  "0": {
    "A": 0.0,
    "C": 1.0,
    "D": 0.0,
    "E": 0.0,
    "F": 0.0,
    "G": 0.0,
    "H": 0.0,
    "I": 0.0,
    "K": 0.0,
    "L": 0.0,
    "M": 0.0,
    "N": 0.0,
    "P": 0.0,
    "Q": 0.0,
    "R": 0.0,
    "S": 0.0,
    "T": 0.0,
    "V": 0.0,
    "W": 0.0,
    "Y": 0.0
  },
  "+1": {
    "A": 0.05952380952380952,
    "C": 0.023809523809523808,
    "D": 0.03571428571428571,
    "E": 0.0,
    "F": 0.0,
    "G": 0.047619047619047616,
    "H": 0.011904761904761904,
    "I": 0.047619047619047616,
    "K": 0.03571428571428571,
    "L": 0.10714285714285714,
    "M": 0.0,
    "N": 0.023809523809523808,
    "P": 0.023809523809523808,
    "Q": 0.07142857142857142,
    "R": 0.011904761904761904,
    "S": 0.11904761904761904,
    "T": 0.07142857142857142,
    "V": 0.23809523809523808,
    "W": 0.0,
    "Y": 0.011904761904761904
  },
  "+2": {
    "A": 0.047619047619047616,
    "C": 0.011904761904761904,
    "D": 0.011904761904761904,
    "E": 0.0,
    "F": 0.0,
    "G": 0.0,
    "H": 0.011904761904761904,
    "I": 0.36904761904761907,
    "K": 0.023809523809523808,
    "L": 0.21428571428571427,
    "M": 0.023809523809523808,
    "N": 0.03571428571428571,
    "P": 0.023809523809523808,
    "Q": 0.047619047619047616,
    "R": 0.0,
    "S": 0.0,
    "T": 0.0,
    "V": 0.11904761904761904,
    "W": 0.0,
    "Y": 0.0
  },
  "+3": {
    "A": 0.08333333333333333,
    "C": 0.023809523809523808,
    "D": 0.011904761904761904,
    "E": 0.011904761904761904,
    "F": 0.011904761904761904,
    "G": 0.0,
    "H": 0.011904761904761904,
    "I": 0.011904761904761904,
    "K": 0.0,
    "L": 0.32142857142857145,
    "M": 0.16666666666666666,
    "N": 0.011904761904761904,
    "P": 0.023809523809523808,
    "Q": 0.09523809523809523,
    "R": 0.0,
    "S": 0.13095238095238096,
    "T": 0.011904761904761904,
    "V": 0.0,
    "W": 0.0,
    "Y": 0.0
  },
  "+4": {
    "A": 0.0,
    "C": 0.0,
    "D": 0.011904761904761904,
    "E": 0.0,
    "F": 0.011904761904761904,
    "G": 0.023809523809523808,
    "H": 0.03571428571428571,
    "I": 0.0,
    "K": 0.0,
    "L": 0.011904761904761904,
    "M": 0.0,