{
  "-10": {
    "A": 0.24324324324324326,
    "C": 0.0,
    "D": 0.0,
    "E": 0.1891891891891892,
    "F": 0.0,
    "G": 0.05405405405405406,
    "H": 0.02702702702702703,
    "I": 0.0,
    "K": 0.02702702702702703,
    "L": 0.0,
    "M": 0.05405405405405406,
    "N": 0.05405405405405406,
    "P": 0.0,
    "Q": 0.02702702702702703,
    "R": 0.02702702702702703,
    "S": 0.16216216216216217,
    "T": 0.05405405405405406,
    "V": 0.08108108108108109,
    "W": 0.0,
    "Y": 0.0
  },
  "-9": {
    "A": 0.1891891891891892,
    "C": 0.0,
    "D": 0.0,
    "E": 0.16216216216216217,
    "F": 0.0,
    "G": 0.0,
    "H": 0.0,
    "I": 0.08108108108108109,
    "K": 0.0,
    "L": 0.05405405405405406,
    "M": 0.02702702702702703,
    "N": 0.02702702702702703,
    "P": 0.0,
    "Q": 0.0,
    "R": 0.02702702702702703,
    "S": 0.13513513513513514,
    "T": 0.16216216216216217,
    "V": 0.13513513513513514,
    "W": 0.0,
    "Y": 0.0
  },
  "-8": {
    "A": 0.10810810810810811,
    "C": 0.0,
    "D": 0.16216216216216217,
    "E": 0.21621621621621623,
    "F": 0.0,
    "G": 0.0,
    "H": 0.0,
    "I": 0.02702702702702703,
    "K": 0.0,
    "L": 0.05405405405405406,
    "M": 0.05405405405405406,
    "N": 0.02702702702702703,
    "P": 0.0,
    "Q": 0.16216216216216217,
    "R": 0.0,
    "S": 0.08108108108108109,
    "T": 0.05405405405405406,
    "V": 0.05405405405405406,
    "W": 0.0,
    "Y": 0.0
  },
  "-7": {
    "A": 0.10810810810810811,
    "C": 0.0,
    "D": 0.13513513513513514,
    "E": 0.24324324324324326,
    "F": 0.0,
    "G": 0.0,
    "H": 0.0,
    "I": 0.0,
    "K": 0.0,
    "L": 0.0,
    "M": 0.0,
    "N": 0.08108108108108109,
    "P": 0.0,
    "Q": 0.2702702702702703,
    "R": 0.0,
    "S": 0.10810810810810811,
    "T": 0.05405405405405406,
    "V": 0.0,
    "W": 0.0,
    "Y": 0.0
  },
  "-6": {
    "A": 0.08108108108108109,
    "C": 0.0,
    "D": 0.02702702702702703,
    "E": 0.21621621621621623,
    "F": 0.0,
    "G": 0.0,
    "H": 0.0,
    "I": 0.05405405405405406,
    "K": 0.0,
    "L": 0.05405405405405406,
    "M": 0.02702702702702703,
    "N": 0.10810810810810811,
    "P": 0.0,
    "Q": 0.16216216216216217,
    "R": 0.0,
    "S": 0.0,
    "T": 0.08108108108108109,
    "V": 0.16216216216216217,
    "W": 0.0,
    "Y": 0.02702702702702703
  },
  "-5": {
    "A": 0.4594594594594595,
    "C": 0.0,
    "D": 0.0,
    "E": 0.0,
    "F": 0.0,
    "G": 0.0,
    "H": 0.0,
    "I": 0.02702702702702703,
    "K": 0.02702702702702703,
    "L": 0.13513513513513514,
    "M": 0.0,
    "N": 0.02702702702702703,
    "P": 0.0,
    "Q": 0.05405405405405406,
    "R": 0.0,
    "S": 0.13513513513513514,
    "T": 0.02702702702702703,
    "V": 0.10810810810810811,
    "W": 0.0,
    "Y": 0.0
  },
  "-4": {
    "A": 0.4594594594594595,
    "C": 0.0,
    "D": 0.05405405405405406,
    "E": 0.0,
    "F": 0.0,
    "G": 0.02702702702702703,
    "H": 0.0,
    "I": 0.0,
    "K": 0.0,
    "L": 0.0,
    "M": 0.0,
    "N": 0.0,
    "P": 0.0,
    "Q": 0.0,
    "R": 0.0,
    "S": 0.3783783783783784,
    "T": 0.08108108108108109,
    "V": 0.0,
    "W": 0.0,
    "Y": 0.0
  },
  "-3": {
    "A": 0.43243243243243246,
    "C": 0.0,
    "D": 0.0,
    "E": 0.02702702702702703,
    "F": 0.0,
    "G": 0.0,
    "H": 0.0,
    "I": 0.0,
    "K": 0.0,
    "L": 0.08108108108108109,
    "M": 0.0,
    "N": 0.0,
    "P": 0.0,
    "Q": 0.0,
    "R": 0.02702702702702703,
    "S": 0.2702702702702703,
    "T": 0.10810810810810811,
    "V": 0.05405405405405406,
    "W": 0.0,
    "Y": 0.0
  },
  "-2": {
    "A": 0.2972972972972973,
    "C": 0.0,
    "D": 0.0,
    "E": 0.0,
    "F": 0.0,
    "G": 0.08108108108108109,
    "H": 0.0,
    "I": 0.0,
    "K": 0.0,
    "L": 0.10810810810810811,
    "M": 0.05405405405405406,
    "N": 0.0,
    "P": 0.0,
    "Q": 0.0,
    "R": 0.0,
    "S": 0.16216216216216217,
    "T": 0.16216216216216217,
    "V": 0.13513513513513514,
    "W": 0.0,
    "Y": 0.0
  },
  "-1": {
    "A": 0.08108108108108109,
    "C": 0.0,
    "D": 0.02702702702702703,
    "E": 0.5135135135135135,
    "F": 0.0,
    "G": 0.0,
    "H": 0.0,
    "I": 0.05405405405405406,
    "K": 0.0,
    "L": 0.08108108108108109,
    "M": 0.0,
    "N": 0.0,
    "P": 0.0,
    "Q": 0.02702702702702703,
    "R": 0.0,
    "S": 0.10810810810810811,
    "T": 0.05405405405405406,
    "V": 0.05405405405405406,
    "W": 0.0,
    "Y": 0.0
  },
  "0": {
    "A": 0.0,
    "C": 0.0,
    "D": 0.0,
    "E": 1.0,
    "F": 0.0,
    "G": 0.0,
    "H": 0.0,
    "I": 0.0,
    "K": 0.0,
    "L": 0.0,
    "M": 0.0,
    "N": 0.0,
    "P": 0.0,
    "Q": 0.0,
    "R": 0.0,
    "S": 0.0,
    "T": 0.0,
    "V": 0.0,
    "W": 0.0,
    "Y": 0.0
  },
  "+1": {
    "A": 0.05405405405405406,
    "C": 0.0,
    "D": 0.0,
    "E": 0.3783783783783784,
    "F": 0.05405405405405406,
    "G": 0.0,
    "H": 0.0,
    "I": 0.08108108108108109,
    "K": 0.0,
    "L": 0.08108108108108109,
    "M": 0.02702702702702703,
    "N": 0.0,
    "P": 0.0,
    "Q": 0.13513513513513514,
    "R": 0.0,
    "S": 0.02702702702702703,
    "T": 0.08108108108108109,
    "V": 0.08108108108108109,
    "W": 0.0,
    "Y": 0.0
  },
  "+2": {
    "A": 0.1891891891891892,
    "C": 0.0,
    "D": 0.0,
    "E": 0.0,
    "F": 0.0,
    "G": 0.02702702702702703,
    "H": 0.0,
    "I": 0.05405405405405406,
    "K": 0.0,
    "L": 0.10810810810810811,
    "M": 0.05405405405405406,
    "N": 0.0,
    "P": 0.0,
    "Q": 0.08108108108108109,
    "R": 0.02702702702702703,
    "S": 0.1891891891891892,
    "T": 0.08108108108108109,
    "V": 0.1891891891891892,
    "W": 0.0,
    "Y": 0.0
  },
  "+3": {
    "A": 0.5945945945945946,
    "C": 0.0,
    "D": 0.0,
    "E": 0.02702702702702703,
    "F": 0.0,
    "G": 0.0,
    "H": 0.0,
    "I": 0.0,
    "K": 0.0,
    "L": 0.0,
    "M": 0.0,
    "N": 0.0,
    "P": 0.0,
    "Q": 0.0,
    "R": 0.0,
    "S": 0.2702702702702703,
    "T": 0.10810810810810811,
    "V": 0.0,
    "W": 0.0,
    "Y": 0.0
  },
  "+4": {
    "A": 0.32432432432432434,
    "C": 0.0,
    "D": 0.0,
    "E": 0.02702702702702703,
    "F": 0.0,
    "G": 0.02702702702702703,
    "H": 0.0,
    "I": 0.0,
    "K": 0.0,
    "L": 0.0,
    "M": 0.05405405405405406,
    "N": 0.0,
    "P": 0.0,
    "Q": 0.02702702702702703,
    "R": 0.0,
    "S": 0.4594594594594595,
    "T": 0.08108108108108109,
    "V": 0.0,
    "W": 0.0,
    "Y": 0.0
  },
  "+5": {
    "A": 0.35135135135135137,
    "C": 0.0,
    "D": 0.0,
    "E": 0.0,
    "F": 0.0,
    "G": 0.05405405405405406,
    "H": 0.0,
    "I": 0.16216216216216217,
    "K": 0.0,
    "L": 0.02702702702702703,
    "M": 0.08108108108108109,
    "N": 0.05405405405405406,
    "P": 0.0,
    "Q": 0.0,
    "R": 0.08108108108108109,
    "S": 0.13513513513513514,
    "T": 0.02702702702702703,
    "V": 0.02702702702702703,
    "W": 0.0,
    "Y": 0.0
  },
  "+6": {
    "A": 0.16216216216216217,
    "C": 0.0,
    "D": 0.08108108108108109,
    "E": 0.2702702702702703,
    "F": 0.0,
    "G": 0.0,
    "H": 0.0,
    "I": 0.0,
    "K": 0.02702702702702703,
    "L": 0.08108108108108109,
    "M": 0.02702702702702703,
    "N": 0.0,
    "P": 0.0,
    "Q": 0.05405405405405406,
    "R": 0.02702702702702703,
    "S": 0.08108108108108109,
    "T": 0.05405405405405406,
    "V": 0.13513513513513514,
    "W": 0.0,
    "Y": 0.0
  },
  "+7": {
    "A": 0.02702702702702703,
    "C": 0.0,
    "D": 0.16216216216216217,
    "E": 0.2702702702702703,
    "F": 0.0,
    "G": 0.02702702702702703,
    "H": 0.0,
    "I": 0.0,
    "K": 0.02702702702702703,
    "L": 0.0,
    "M": 0.0,
    "N": 0.05405405405405406,
    "P": 0.0,
    "Q": 0.16216216216216217,
    "R": 0.0,
    "S": 0.10810810810810811,
    "T": 0.16216216216216217,
    "V": 0.0,
    "W": 0.0,
    "Y": 0.0
  },
  "+8": {
    "A": 0.02702702702702703,
    "C": 0.0,
    "D": 0.02702702702702703,
    "E": 0.10810810810810811,
    "F": 0.0,
    "G": 0.0,
    "H": 0.0,
    "I": 0.13513513513513514,
    "K": 0.0,
    "L": 0.1891891891891892,
    "M": 0.02702702702702703,
    "N": 0.10810810810810811,
    "P": 0.0,
    "Q": 0.0,