{
  "-10": {
    "A": 0.07317073170731707,
    "C": 0.0,
    "D": 0.0,
    "E": 0.12195121951219512,
    "F": 0.0,
    "G": 0.5853658536585366,
    "H": 0.0,
    "I": 0.0,
    "K": 0.024390243902439025,
    "L": 0.0,
    "M": 0.0,
    "N": 0.0,
    "P": 0.0,
    "Q": 0.0,
    "R": 0.024390243902439025,
    "S": 0.0,
    "T": 0.04878048780487805,
    "V": 0.024390243902439025,
    "W": 0.024390243902439025,
    "Y": 0.0
  },
  "-9": {
    "A": 0.0,
    "C": 0.0,
    "D": 0.0,
    "E": 0.0,
    "F": 0.024390243902439025,
    "G": 0.07317073170731707,
    "H": 0.0,
    "I": 0.5609756097560976,
    "K": 0.07317073170731707,
    "L": 0.024390243902439025,
    "M": 0.0,
    "N": 0.07317073170731707,
    "P": 0.0,
    "Q": 0.0,
    "R": 0.0,
    "S": 0.024390243902439025,
    "T": 0.024390243902439025,
    "V": 0.024390243902439025,
    "W": 0.0,
    "Y": 0.024390243902439025
  },
  "-8": {
    "A": 0.07317073170731707,
    "C": 0.0,
    "D": 0.0,
    "E": 0.0,
    "F": 0.024390243902439025,
    "G": 0.024390243902439025,
    "H": 0.0,
    "I": 0.024390243902439025,
    "K": 0.0,
    "L": 0.6585365853658537,
    "M": 0.024390243902439025,
    "N": 0.04878048780487805,
    "P": 0.0,
    "Q": 0.0,
    "R": 0.0,
    "S": 0.0,
    "T": 0.04878048780487805,
    "V": 0.0,
    "W": 0.0,
    "Y": 0.024390243902439025
  },
  "-7": {
    "A": 0.024390243902439025,
    "C": 0.0,
    "D": 0.07317073170731707,
    "E": 0.0,
    "F": 0.0,
    "G": 0.07317073170731707,
    "H": 0.0,
    "I": 0.0,
    "K": 0.024390243902439025,
    "L": 0.0975609756097561,
    "M": 0.0,
    "N": 0.0,
    "P": 0.07317073170731707,
    "Q": 0.024390243902439025,
    "R": 0.0,
    "S": 0.024390243902439025,
    "T": 0.5365853658536586,
    "V": 0.0,
    "W": 0.0,
    "Y": 0.0
  },
  "-6": {
    "A": 0.0,
    "C": 0.0,
    "D": 0.0,
    "E": 0.04878048780487805,
    "F": 0.0975609756097561,
    "G": 0.07317073170731707,
    "H": 0.024390243902439025,
    "I": 0.0,
    "K": 0.024390243902439025,
    "L": 0.5609756097560976,
    "M": 0.024390243902439025,
    "N": 0.024390243902439025,
    "P": 0.0,
    "Q": 0.0,
    "R": 0.07317073170731707,
    "S": 0.0,
    "T": 0.0,
    "V": 0.0,
    "W": 0.0,
    "Y": 0.024390243902439025
  },
  "-5": {
    "A": 0.04878048780487805,
    "C": 0.0,
    "D": 0.0,
    "E": 0.0,
    "F": 0.0,
    "G": 0.07317073170731707,
    "H": 0.0,
    "I": 0.024390243902439025,
    "K": 0.5365853658536586,
    "L": 0.024390243902439025,
    "M": 0.0,
    "N": 0.04878048780487805,
    "P": 0.0,
    "Q": 0.0,
    "R": 0.024390243902439025,
    "S": 0.14634146341463414,
    "T": 0.024390243902439025,
    "V": 0.024390243902439025,
    "W": 0.0,
    "Y": 0.0
  },
  "-4": {
    "A": 0.024390243902439025,
    "C": 0.0,
    "D": 0.024390243902439025,
    "E": 0.0,
    "F": 0.024390243902439025,
    "G": 0.024390243902439025,
    "H": 0.0975609756097561,
    "I": 0.07317073170731707,
    "K": 0.0,
    "L": 0.024390243902439025,
    "M": 0.024390243902439025,
    "N": 0.0,
    "P": 0.024390243902439025,
    "Q": 0.0,
    "R": 0.0,
    "S": 0.0,
    "T": 0.024390243902439025,
    "V": 0.0,
    "W": 0.024390243902439025,
    "Y": 0.6097560975609756
  },
  "-3": {
    "A": 0.17073170731707318,
    "C": 0.0,
    "D": 0.0975609756097561,
    "E": 0.0,
    "F": 0.0,
    "G": 0.0975609756097561,
    "H": 0.0,
    "I": 0.024390243902439025,
    "K": 0.0,
    "L": 0.024390243902439025,
    "M": 0.0,
    "N": 0.0,
    "P": 0.5365853658536586,
    "Q": 0.024390243902439025,
    "R": 0.024390243902439025,
    "S": 0.0,
    "T": 0.0,
    "V": 0.0,
    "W": 0.0,
    "Y": 0.0
  },
  "-2": {
    "A": 0.07317073170731707,
    "C": 0.0,
    "D": 0.0,
    "E": 0.0,
    "F": 0.024390243902439025,
    "G": 0.04878048780487805,
    "H": 0.12195121951219512,
    "I": 0.5365853658536586,
    "K": 0.04878048780487805,
    "L": 0.024390243902439025,
    "M": 0.0,
    "N": 0.0,
    "P": 0.0,
    "Q": 0.0,
    "R": 0.0,
    "S": 0.024390243902439025,
    "T": 0.0,
    "V": 0.0975609756097561,
    "W": 0.0,
    "Y": 0.0
  },
  "-1": {
    "A": 0.024390243902439025,
    "C": 0.0,
    "D": 0.07317073170731707,
    "E": 0.5853658536585366,
    "F": 0.0,
    "G": 0.07317073170731707,
    "H": 0.0,
    "I": 0.0,
    "K": 0.0975609756097561,
    "L": 0.024390243902439025,
    "M": 0.0,
    "N": 0.0,
    "P": 0.0,
    "Q": 0.0,
    "R": 0.0,
    "S": 0.0975609756097561,
    "T": 0.024390243902439025,
    "V": 0.0,
    "W": 0.0,
    "Y": 0.0
  },
  "0": {
    "A": 0.0,
    "C": 0.0,
    "D": 0.0,
    "E": 0.0,
    "F": 0.0,
    "G": 0.0,
    "H": 1.0,
    "I": 0.0,
    "K": 0.0,
    "L": 0.0,
    "M": 0.0,
    "N": 0.0,
    "P": 0.0,
    "Q": 0.0,
    "R": 0.0,
    "S": 0.0,
    "T": 0.0,
    "V": 0.0,
    "W": 0.0,
    "Y": 0.0
  },
  "+1": {
    "A": 0.07317073170731707,
    "C": 0.0,
    "D": 0.0,
    "E": 0.024390243902439025,
    "F": 0.0,
    "G": 0.6341463414634146,
    "H": 0.0,
    "I": 0.0,
    "K": 0.0,
    "L": 0.04878048780487805,
    "M": 0.0,
    "N": 0.024390243902439025,
    "P": 0.0,
    "Q": 0.024390243902439025,
    "R": 0.024390243902439025,
    "S": 0.024390243902439025,
    "T": 0.07317073170731707,
    "V": 0.024390243902439025,
    "W": 0.0,
    "Y": 0.024390243902439025
  },
  "+2": {
    "A": 0.024390243902439025,
    "C": 0.0,
    "D": 0.04878048780487805,
    "E": 0.024390243902439025,
    "F": 0.0,
    "G": 0.07317073170731707,
    "H": 0.04878048780487805,
    "I": 0.5365853658536586,
    "K": 0.04878048780487805,
    "L": 0.024390243902439025,
    "M": 0.0,
    "N": 0.0,
    "P": 0.04878048780487805,
    "Q": 0.07317073170731707,
    "R": 0.0,
    "S": 0.0,
    "T": 0.024390243902439025,
    "V": 0.024390243902439025,
    "W": 0.0,
    "Y": 0.0
  },
  "+3": {
    "A": 0.024390243902439025,
    "C": 0.0,
    "D": 0.0,
    "E": 0.04878048780487805,
    "F": 0.0,
    "G": 0.0975609756097561,
    "H": 0.0,
    "I": 0.24390243902439024,
    "K": 0.0,
    "L": 0.04878048780487805,
    "M": 0.0,
    "N": 0.0,
    "P": 0.0,
    "Q": 0.0,
    "R": 0.024390243902439025,
    "S": 0.07317073170731707,
    "T": 0.024390243902439025,
    "V": 0.34146341463414637,
    "W": 0.0,
    "Y": 0.07317073170731707
  },
  "+4": {
    "A": 0.04878048780487805,
    "C": 0.04878048780487805,
    "D": 0.0,
    "E": 0.0,
    "F": 0.0,
    "G": 0.024390243902439025,
    "H": 0.024390243902439025,
    "I": 0.04878048780487805,
    "K": 0.07317073170731707,
    "L": 0.0,
    "M": 0.0,
    "N": 0.0,
    "P": 0.024390243902439025,
    "Q": 0.0,
    "R": 0.07317073170731707,
    "S": 0.0,
    "T": 0.6097560975609756,
    "V": 0.024390243902439025,
    "W": 0.0,
    "Y": 0.0
  },
  "+5": {
    "A": 0.024390243902439025,
    "C": 0.0,
    "D": 0.0,
    "E": 0.024390243902439025,
    "F": 0.07317073170731707,
    "G": 0.0975609756097561,
    "H": 0.024390243902439025,
    "I": 0.024390243902439025,
    "K": 0.04878048780487805,
    "L": 0.0,
    "M": 0.024390243902439025,
    "N": 0.5365853658536586,
    "P": 0.0,
    "Q": 0.0,
    "R": 0.0,
    "S": 0.04878048780487805,
    "T": 0.024390243902439025,
    "V": 0.04878048780487805,
    "W": 0.0,
    "Y": 0.0
  },
  "+6": {
    "A": 0.0,
    "C": 0.0,
    "D": 0.0,
    "E": 0.04878048780487805,
    "F": 0.024390243902439025,
    "G": 0.07317073170731707,
    "H": 0.0,
    "I": 0.0,
    "K": 0.0975609756097561,
    "L": 0.0,
    "M": 0.07317073170731707,
    "N": 0.0,
    "P": 0.04878048780487805,
    "Q": 0.024390243902439025,
    "R": 0.0,
    "S": 0.024390243902439025,
    "T": 0.0,
    "V": 0.024390243902439025,
    "W": 0.5365853658536586,
    "Y": 0.024390243902439025
  },
  "+7": {
    "A": 0.024390243902439025,
    "C": 0.0,
    "D": 0.5609756097560976,
    "E": 0.0,
    "F": 0.0,
    "G": 0.0975609756097561,
    "H": 0.07317073170731707,
    "I": 0.0,
    "K": 0.0,
    "L": 0.04878048780487805,
    "M": 0.024390243902439025,
    "N": 0.0,
    "P": 0.0,
    "Q": 0.0,
    "R": 0.0,
    "S": 0.024390243902439025,
    "T": 0.0,
    "V": 0.07317073170731707,
    "W": 0.0,