{
  "-10": {
    "A": 0.06641123882503193,
    "C": 0.00865616574428835,
    "D": 0.04654462892010785,
    "E": 0.07492550021285653,
    "F": 0.026678019015183765,
    "G": 0.06215410813111963,
    "H": 0.015609479211011778,
    "I": 0.06187029941819214,
    "K": 0.08571023130410103,
    "L": 0.08585213566056478,
    "M": 0.022846601390662694,
    "N": 0.04072655030509437,
    "P": 0.04767986377181779,
    "Q": 0.03547608911593586,
    "R": 0.0639988647651483,
    "S": 0.0679721867461331,
    "T": 0.04512558535547041,
    "V": 0.0669788562508869,
    "W": 0.006527600397332198,
    "Y": 0.026961827728111253
  },
  "-9": {
    "A": 0.0639988647651483,
    "C": 0.006669504753795941,
    "D": 0.04909890733645523,
    "E": 0.06768837803320563,
    "F": 0.026536114658720023,
    "G": 0.07407407407407407,
    "H": 0.0140485312899106,
    "I": 0.06612743011210444,
    "K": 0.09237973605789698,
    "L": 0.08585213566056478,
    "M": 0.025826592876401305,
    "N": 0.038597984958138216,
    "P": 0.04725415070242656,
    "Q": 0.02554278416347382,
    "R": 0.06314743862636583,
    "S": 0.0649921952603945,
    "T": 0.05207889882219384,
    "V": 0.0637150560522208,
    "W": 0.006669504753795941,
    "Y": 0.03164467149141478
  },
  "-8": {
    "A": 0.07492550021285653,
    "C": 0.007662835249042145,
    "D": 0.04853128991060025,
    "E": 0.07719596991627643,
    "F": 0.028238966936284943,
    "G": 0.06073506456648219,
    "H": 0.021285653469561516,
    "I": 0.05903221228891727,
    "K": 0.08613594437349227,
    "L": 0.08017596140201504,
    "M": 0.018731375053214133,
    "N": 0.04015893287923939,
    "P": 0.05080175961402015,
    "Q": 0.034908471690080885,
    "R": 0.054633177238541226,
    "S": 0.0735064566482191,
    "T": 0.05278842060451256,
    "V": 0.06172839506172839,
    "W": 0.007379026536114659,
    "Y": 0.030793245352632326
  },
  "-7": {
    "A": 0.0594579253583085,
    "C": 0.007237122179650915,
    "D": 0.05789697743720732,
    "E": 0.08698737051227473,
    "F": 0.024123740598836384,
    "G": 0.05704555129842486,
    "H": 0.015041861785156804,
    "I": 0.06839789981552434,
    "K": 0.09394068397899816,
    "L": 0.08599404001702853,
    "M": 0.016602809706257982,
    "N": 0.04313892436497801,
    "P": 0.05023414218816517,
    "Q": 0.03348942812544345,
    "R": 0.05988363842769973,
    "S": 0.06442457783453952,
    "T": 0.05122747268341138,
    "V": 0.05761316872427984,
    "W": 0.006527600397332198,
    "Y": 0.033631332481907195
  },
  "-6": {
    "A": 0.07180360437065418,
    "C": 0.005108556832694764,
    "D": 0.04995033347523769,
    "E": 0.07308074357882786,
    "F": 0.03306371505605222,
    "G": 0.0561941251596424,
    "H": 0.010642826734780758,
    "I": 0.07237122179650915,
    "K": 0.0722293174400454,
    "L": 0.08741308358166595,
    "M": 0.03022562792677735,
    "N": 0.04938271604938271,
    "P": 0.04413225486022421,
    "Q": 0.02752944515396623,
    "R": 0.054633177238541226,
    "S": 0.07492550021285653,
    "T": 0.05491698595146871,
    "V": 0.06726266496381439,
    "W": 0.006385696040868455,
    "Y": 0.036611323967645805
  },
  "-5": {
    "A": 0.07095217823187172,
    "C": 0.008798070100752092,
    "D": 0.04909890733645523,
    "E": 0.07393216971761032,
    "F": 0.03292181069958848,
    "G": 0.049666524762310205,
    "H": 0.017028522775649212,
    "I": 0.07435788278700156,
    "K": 0.08131119625372499,
    "L": 0.09507591883070811,
    "M": 0.022846601390662694,
    "N": 0.04030083723570314,
    "P": 0.05108556832694764,
    "Q": 0.02767134951042997,
    "R": 0.047537959415354054,
    "S": 0.07308074357882786,
    "T": 0.054775081595004965,
    "V": 0.06910742159784306,
    "W": 0.00823045267489712,
    "Y": 0.034057045551298425
  },
  "-4": {
    "A": 0.051795090109266355,
    "C": 0.006243791684404711,
    "D": 0.05903221228891727,
    "E": 0.1336739037888463,
    "F": 0.02795515822335746,
    "G": 0.05676174258549738,
    "H": 0.012913296438200652,
    "I": 0.057755073080743576,
    "K": 0.0735064566482191,
    "L": 0.08641975308641975,
    "M": 0.02795515822335746,
    "N": 0.047963672484745284,
    "P": 0.0529303249609763,
    "Q": 0.04129416773094934,
    "R": 0.04044274159216688,
    "S": 0.07038456080601674,
    "T": 0.04413225486022421,
    "V": 0.05988363842769973,
    "W": 0.006953313466723428,
    "Y": 0.03334752376897971
  },
  "-3": {
    "A": 0.06768837803320563,
    "C": 0.005959982971477224,
    "D": 0.05718745565488861,
    "E": 0.1505605222080318,
    "F": 0.03419894990776217,
    "G": 0.05889030793245353,
    "H": 0.013906626933446856,
    "I": 0.06257982120051085,
    "K": 0.0682559954590606,
    "L": 0.08840641407691216,
    "M": 0.018731375053214133,
    "N": 0.0444160635731517,
    "P": 0.048389385554136514,
    "Q": 0.03391514119483468,
    "R": 0.039165602383993185,
    "S": 0.05931602100184476,
    "T": 0.04938271604938271,
    "V": 0.05576841209025117,
    "W": 0.007662835249042145,
    "Y": 0.02923229743153115
  },
  "-2": {
    "A": 0.09152830991911452,
    "C": 0.011068539804171988,
    "D": 0.04200368951326806,
    "E": 0.06768837803320563,
    "F": 0.053072229317440045,
    "G": 0.06712076060735064,
    "H": 0.013339009507591882,
    "I": 0.07691216120334894,
    "K": 0.06641123882503193,
    "L": 0.11182063289342983,
    "M": 0.023839931885908897,
    "N": 0.04597701149425287,
    "P": 0.0421455938697318,
    "Q": 0.028664680005676173,
    "R": 0.04399035050376047,
    "S": 0.06328934298282957,
    "T": 0.04143607208741308,
    "V": 0.06470838654746701,
    "W": 0.009791400595998296,
    "Y": 0.031928480204342274
  },
  "-1": {
    "A": 0.057329360011352345,
    "C": 0.006101887327940968,
    "D": 0.04583510713778913,
    "E": 0.07875691783737761,
    "F": 0.07449978714346531,
    "G": 0.06669504753795942,
    "H": 0.008372357031360862,
    "I": 0.06016744714062722,
    "K": 0.07237122179650915,
    "L": 0.14303959131545338,
    "M": 0.030367532283241096,
    "N": 0.03008372357031361,
    "P": 0.03093514970909607,
    "Q": 0.02795515822335746,
    "R": 0.05903221228891727,
    "S": 0.05789697743720732,
    "T": 0.039165602383993185,
    "V": 0.06868170852845182,
    "W": 0.010500922378317014,
    "Y": 0.03207038456080602
  },
  "0": {
    "A": 0.0,
    "C": 0.0,
    "D": 0.0,
    "E": 0.0,
    "F": 0.0,
    "G": 0.0,
    "H": 0.0,
    "I": 0.0,
    "K": 1.0,
    "L": 0.0,
    "M": 0.0,
    "N": 0.0,
    "P": 0.0,
    "Q": 0.0,
    "R": 0.0,
    "S": 0.0,
    "T": 0.0,
    "V": 0.0,
    "W": 0.0,
    "Y": 0.0
  },
  "+1": {
    "A": 0.08060167447140627,
    "C": 0.006811409110259685,
    "D": 0.04995033347523769,
    "E": 0.09195402298850575,
    "F": 0.03434085426422591,
    "G": 0.06768837803320563,
    "H": 0.016602809706257982,
    "I": 0.0669788562508869,
    "K": 0.07109408258833547,
    "L": 0.08528451823470981,
    "M": 0.015041861785156804,
    "N": 0.03263800198666099,
    "P": 0.03959131545338442,
    "Q": 0.04015893287923939,
    "R": 0.055200794664396195,
    "S": 0.08727117922520221,
    "T": 0.04313892436497801,
    "V": 0.06343124733929331,
    "W": 0.007662835249042145,
    "Y": 0.04299702000851426
  },
  "+2": {
    "A": 0.08273023981836243,
    "C": 0.006669504753795941,
    "D": 0.04058464594863062,
    "E": 0.06669504753795942,
    "F": 0.03547608911593586,
    "G": 0.06343124733929331,
    "H": 0.01901518376614162,
    "I": 0.0725131261529729,
    "K": 0.0639988647651483,
    "L": 0.10912445012061871,
    "M": 0.02114374911309777,
    "N": 0.0464027245636441,
    "P": 0.04824748119767277,
    "Q": 0.03547608911593586,
    "R": 0.03973321980984816,
    "S": 0.07520930892578402,
    "T": 0.056052220803178655,
    "V": 0.06257982120051085,
    "W": 0.008372357031360862,
    "Y": 0.03803036753228324
  },
  "+3": {
    "A": 0.05633602951610615,
    "C": 0.006953313466723428,
    "D": 0.05165318575280261,
    "E": 0.10827302398183625,
    "F": 0.029941819213849866,
    "G": 0.08074357882787002,
    "H": 0.016319000993330494,
    "I": 0.07478359585639278,
    "K": 0.06641123882503193,