{
  "-10": {
    "A": 0.019230769230769232,
    "C": 0.009615384615384616,
    "D": 0.028846153846153848,
    "E": 0.019230769230769232,
    "F": 0.0,
    "G": 0.038461538461538464,
    "H": 0.0,
    "I": 0.009615384615384616,
    "K": 0.09615384615384616,
    "L": 0.057692307692307696,
    "M": 0.009615384615384616,
    "N": 0.019230769230769232,
    "P": 0.057692307692307696,
    "Q": 0.1346153846153846,
    "R": 0.25,
    "S": 0.019230769230769232,
    "T": 0.019230769230769232,
    "V": 0.009615384615384616,
    "W": 0.0,
    "Y": 0.0
  },
  "-9": {
    "A": 0.0673076923076923,
    "C": 0.0,
    "D": 0.08653846153846154,
    "E": 0.019230769230769232,
    "F": 0.0,
    "G": 0.18269230769230768,
    "H": 0.057692307692307696,
    "I": 0.009615384615384616,
    "K": 0.019230769230769232,
    "L": 0.0,
    "M": 0.009615384615384616,
    "N": 0.019230769230769232,
    "P": 0.20192307692307693,
    "Q": 0.028846153846153848,
    "R": 0.04807692307692308,
    "S": 0.0673076923076923,
    "T": 0.028846153846153848,
    "V": 0.019230769230769232,
    "W": 0.0,
    "Y": 0.019230769230769232
  },
  "-8": {
    "A": 0.038461538461538464,
    "C": 0.0,
    "D": 0.038461538461538464,
    "E": 0.04807692307692308,
    "F": 0.009615384615384616,
    "G": 0.019230769230769232,
    "H": 0.019230769230769232,
    "I": 0.0,
    "K": 0.16346153846153846,
    "L": 0.04807692307692308,
    "M": 0.028846153846153848,
    "N": 0.16346153846153846,
    "P": 0.0673076923076923,
    "Q": 0.04807692307692308,
    "R": 0.04807692307692308,
    "S": 0.125,
    "T": 0.019230769230769232,
    "V": 0.019230769230769232,
    "W": 0.0,
    "Y": 0.0
  },
  "-7": {
    "A": 0.038461538461538464,
    "C": 0.0,
    "D": 0.038461538461538464,
    "E": 0.04807692307692308,
    "F": 0.009615384615384616,
    "G": 0.04807692307692308,
    "H": 0.1346153846153846,
    "I": 0.019230769230769232,
    "K": 0.07692307692307693,
    "L": 0.057692307692307696,
    "M": 0.019230769230769232,
    "N": 0.028846153846153848,
    "P": 0.21153846153846154,
    "Q": 0.08653846153846154,
    "R": 0.009615384615384616,
    "S": 0.04807692307692308,
    "T": 0.057692307692307696,
    "V": 0.0,
    "W": 0.019230769230769232,
    "Y": 0.0
  },
  "-6": {
    "A": 0.028846153846153848,
    "C": 0.009615384615384616,
    "D": 0.2403846153846154,
    "E": 0.038461538461538464,
    "F": 0.009615384615384616,
    "G": 0.019230769230769232,
    "H": 0.019230769230769232,
    "I": 0.0,
    "K": 0.07692307692307693,
    "L": 0.0,
    "M": 0.0,
    "N": 0.0673076923076923,
    "P": 0.0673076923076923,
    "Q": 0.038461538461538464,
    "R": 0.038461538461538464,
    "S": 0.028846153846153848,
    "T": 0.0,
    "V": 0.0,
    "W": 0.23076923076923078,
    "Y": 0.038461538461538464
  },
  "-5": {
    "A": 0.28846153846153844,
    "C": 0.019230769230769232,
    "D": 0.0,
    "E": 0.0673076923076923,
    "F": 0.028846153846153848,
    "G": 0.0,
    "H": 0.0,
    "I": 0.009615384615384616,
    "K": 0.07692307692307693,
    "L": 0.0673076923076923,
    "M": 0.0,
    "N": 0.009615384615384616,
    "P": 0.04807692307692308,
    "Q": 0.08653846153846154,
    "R": 0.15384615384615385,
    "S": 0.07692307692307693,
    "T": 0.009615384615384616,
    "V": 0.0,
    "W": 0.0,
    "Y": 0.009615384615384616
  },
  "-4": {
    "A": 0.057692307692307696,
    "C": 0.0,
    "D": 0.009615384615384616,
    "E": 0.0,
    "F": 0.5384615384615384,
    "G": 0.009615384615384616,
    "H": 0.0,
    "I": 0.019230769230769232,
    "K": 0.0,
    "L": 0.028846153846153848,
    "M": 0.019230769230769232,
    "N": 0.0,
    "P": 0.0,
    "Q": 0.019230769230769232,
    "R": 0.019230769230769232,
    "S": 0.0,
    "T": 0.04807692307692308,
    "V": 0.17307692307692307,
    "W": 0.009615384615384616,
    "Y": 0.009615384615384616
  },
  "-3": {
    "A": 0.057692307692307696,
    "C": 0.0,
    "D": 0.009615384615384616,
    "E": 0.009615384615384616,
    "F": 0.11538461538461539,
    "G": 0.2403846153846154,
    "H": 0.009615384615384616,
    "I": 0.07692307692307693,
    "K": 0.028846153846153848,
    "L": 0.009615384615384616,
    "M": 0.0,
    "N": 0.0,
    "P": 0.04807692307692308,
    "Q": 0.009615384615384616,
    "R": 0.0,
    "S": 0.019230769230769232,
    "T": 0.0,
    "V": 0.125,
    "W": 0.038461538461538464,
    "Y": 0.16346153846153846
  },
  "-2": {
    "A": 0.009615384615384616,
    "C": 0.0,
    "D": 0.0,
    "E": 0.0,
    "F": 0.019230769230769232,
    "G": 0.4423076923076923,
    "H": 0.21153846153846154,
    "I": 0.009615384615384616,
    "K": 0.028846153846153848,
    "L": 0.019230769230769232,
    "M": 0.0,
    "N": 0.04807692307692308,
    "P": 0.1346153846153846,
    "Q": 0.0,
    "R": 0.0,
    "S": 0.028846153846153848,
    "T": 0.0,
    "V": 0.009615384615384616,
    "W": 0.0,
    "Y": 0.0
  },
  "-1": {
    "A": 0.0,
    "C": 0.0,
    "D": 0.0,
    "E": 0.0,
    "F": 0.1346153846153846,
    "G": 0.009615384615384616,
    "H": 0.0,
    "I": 0.009615384615384616,
    "K": 0.019230769230769232,
    "L": 0.6057692307692307,
    "M": 0.0,
    "N": 0.019230769230769232,
    "P": 0.019230769230769232,
    "Q": 0.028846153846153848,
    "R": 0.08653846153846154,
    "S": 0.0,
    "T": 0.009615384615384616,
    "V": 0.009615384615384616,
    "W": 0.009615384615384616,
    "Y": 0.0
  },
  "0": {
    "A": 0.0,
    "C": 0.0,
    "D": 0.0,
    "E": 0.0,
    "F": 0.0,
    "G": 0.0,
    "H": 0.0,
    "I": 0.0,
    "K": 0.0,
    "L": 0.0,
    "M": 1.0,
    "N": 0.0,
    "P": 0.0,
    "Q": 0.0,
    "R": 0.0,
    "S": 0.0,
    "T": 0.0,
    "V": 0.0,
    "W": 0.0,
    "Y": 0.0
  },
  "+1": {
    "A": 0.0,
    "C": 0.0,
    "D": 0.0,
    "E": 0.0,
    "F": 0.0,
    "G": 0.34615384615384615,
    "H": 0.0,
    "I": 0.0,
    "K": 0.019230769230769232,
    "L": 0.019230769230769232,
    "M": 0.019230769230769232,
    "N": 0.009615384615384616,
    "P": 0.0,
    "Q": 0.0,
    "R": 0.0,
    "S": 0.0,
    "T": 0.0,
    "V": 0.0,
    "W": 0.0,
    "Y": 0.0
  },
  "+2": {
    "A": 0.0,
    "C": 0.009615384615384616,
    "D": 0.0,
    "E": 0.0,
    "F": 0.0,
    "G": 0.009615384615384616,
    "H": 0.0,
    "I": 0.0,
    "K": 0.23076923076923078,
    "L": 0.0,
    "M": 0.0,
    "N": 0.0,
    "P": 0.0,
    "Q": 0.019230769230769232,
    "R": 0.10576923076923077,
    "S": 0.009615384615384616,
    "T": 0.0,
    "V": 0.019230769230769232,
    "W": 0.0,
    "Y": 0.0
  },
  "+3": {
    "A": 0.009615384615384616,
    "C": 0.0,
    "D": 0.0,
    "E": 0.0,
    "F": 0.0,
    "G": 0.019230769230769232,
    "H": 0.0,
    "I": 0.0,
    "K": 0.09615384615384616,
    "L": 0.0,
    "M": 0.0,
    "N": 0.0,
    "P": 0.019230769230769232,
    "Q": 0.0,
    "R": 0.17307692307692307,
    "S": 0.04807692307692308,
    "T": 0.009615384615384616,
    "V": 0.009615384615384616,
    "W": 0.019230769230769232,
    "Y": 0.0
  },
  "+4": {
    "A": 0.028846153846153848,
    "C": 0.0,
    "D": 0.028846153846153848,
    "E": 0.019230769230769232,
    "F": 0.0,
    "G": 0.009615384615384616,
    "H": 0.009615384615384616,
    "I": 0.0,
    "K": 0.028846153846153848,
    "L": 0.0,
    "M": 0.0,
    "N": 0.019230769230769232,
    "P": 0.0,
    "Q": 0.009615384615384616,
    "R": 0.019230769230769232,
    "S": 0.125,
    "T": 0.038461538461538464,
    "V": 0.04807692307692308,
    "W": 0.0,
    "Y": 0.0
  },
  "+5": {
    "A": 0.038461538461538464,
    "C": 0.0,
    "D": 0.0,
    "E": 0.0673076923076923,
    "F": 0.009615384615384616,
    "G": 0.028846153846153848,
    "H": 0.0,
    "I": 0.019230769230769232,
    "K": 0.0,
    "L": 0.057692307692307696,
    "M": 0.009615384615384616,
    "N": 0.009615384615384616,
    "P": 0.028846153846153848,
    "Q": 0.009615384615384616,
    "R": 0.038461538461538464,
    "S": 0.009615384615384616,
    "T": 0.009615384615384616,
    "V": 0.028846153846153848,
    "W": 0.0,
    "Y": 0.009615384615384616
  },
  "+6": {
    "A": 0.028846153846153848,
    "C": 0.0,
    "D": 0.019230769230769232,
    "E": 0.09615384615384616,
    "F": 0.0,