{
  "-10": {
    "A": 0.02857142857142857,
    "C": 0.0,
    "D": 0.02857142857142857,
    "E": 0.5142857142857142,
    "F": 0.0,
    "G": 0.08571428571428572,
    "H": 0.0,
    "I": 0.0,
    "K": 0.05714285714285714,
    "L": 0.17142857142857143,
    "M": 0.0,
    "N": 0.02857142857142857,
    "P": 0.0,
    "Q": 0.0,
    "R": 0.0,
    "S": 0.0,
    "T": 0.0,
    "V": 0.05714285714285714,
    "W": 0.0,
    "Y": 0.0
  },
  "-9": {
    "A": 0.08571428571428572,
    "C": 0.0,
    "D": 0.0,
    "E": 0.02857142857142857,
    "F": 0.0,
    "G": 0.02857142857142857,
    "H": 0.0,
    "I": 0.0,
    "K": 0.0,
    "L": 0.0,
    "M": 0.0,
    "N": 0.22857142857142856,
    "P": 0.0,
    "Q": 0.3142857142857143,
    "R": 0.05714285714285714,
    "S": 0.0,
    "T": 0.0,
    "V": 0.05714285714285714,
    "W": 0.0,
    "Y": 0.17142857142857143
  },
  "-8": {
    "A": 0.02857142857142857,
    "C": 0.0,
    "D": 0.02857142857142857,
    "E": 0.0,
    "F": 0.0,
    "G": 0.05714285714285714,
    "H": 0.0,
    "I": 0.0,
    "K": 0.0,
    "L": 0.0,
    "M": 0.0,
    "N": 0.02857142857142857,
    "P": 0.5428571428571428,
    "Q": 0.02857142857142857,
    "R": 0.0,
    "S": 0.17142857142857143,
    "T": 0.02857142857142857,
    "V": 0.05714285714285714,
    "W": 0.0,
    "Y": 0.0
  },
  "-7": {
    "A": 0.02857142857142857,
    "C": 0.0,
    "D": 0.22857142857142856,
    "E": 0.02857142857142857,
    "F": 0.0,
    "G": 0.2571428571428571,
    "H": 0.0,
    "I": 0.02857142857142857,
    "K": 0.0,
    "L": 0.0,
    "M": 0.0,
    "N": 0.0,
    "P": 0.0,
    "Q": 0.22857142857142856,
    "R": 0.0,
    "S": 0.11428571428571428,
    "T": 0.0,
    "V": 0.05714285714285714,
    "W": 0.0,
    "Y": 0.0
  },
  "-6": {
    "A": 0.0,
    "C": 0.0,
    "D": 0.0,
    "E": 0.0,
    "F": 0.0,
    "G": 0.0,
    "H": 0.0,
    "I": 0.14285714285714285,
    "K": 0.0,
    "L": 0.5714285714285714,
    "M": 0.0,
    "N": 0.14285714285714285,
    "P": 0.0,
    "Q": 0.0,
    "R": 0.0,
    "S": 0.0,
    "T": 0.0,
    "V": 0.11428571428571428,
    "W": 0.0,
    "Y": 0.0
  },
  "-5": {
    "A": 0.05714285714285714,
    "C": 0.0,
    "D": 0.0,
    "E": 0.0,
    "F": 0.0,
    "G": 0.0,
    "H": 0.0,
    "I": 0.6,
    "K": 0.0,
    "L": 0.0,
    "M": 0.0,
    "N": 0.0,
    "P": 0.0,
    "Q": 0.02857142857142857,
    "R": 0.0,
    "S": 0.0,
    "T": 0.2,
    "V": 0.08571428571428572,
    "W": 0.0,
    "Y": 0.0
  },
  "-4": {
    "A": 0.2,
    "C": 0.0,
    "D": 0.02857142857142857,
    "E": 0.0,
    "F": 0.0,
    "G": 0.05714285714285714,
    "H": 0.0,
    "I": 0.0,
    "K": 0.0,
    "L": 0.0,
    "M": 0.0,
    "N": 0.05714285714285714,
    "P": 0.0,
    "Q": 0.17142857142857143,
    "R": 0.2,
    "S": 0.14285714285714285,
    "T": 0.05714285714285714,
    "V": 0.05714285714285714,
    "W": 0.0,
    "Y": 0.0
  },
  "-3": {
    "A": 0.14285714285714285,
    "C": 0.0,
    "D": 0.0,
    "E": 0.0,
    "F": 0.0,
    "G": 0.02857142857142857,
    "H": 0.0,
    "I": 0.0,
    "K": 0.0,
    "L": 0.0,
    "M": 0.0,
    "N": 0.0,
    "P": 0.7142857142857143,
    "Q": 0.02857142857142857,
    "R": 0.0,
    "S": 0.0,
    "T": 0.0,
    "V": 0.05714285714285714,
    "W": 0.0,
    "Y": 0.0
  },
  "-2": {
    "A": 0.02857142857142857,
    "C": 0.0,
    "D": 0.0,
    "E": 0.0,
    "F": 0.0,
    "G": 0.8,
    "H": 0.0,
    "I": 0.0,
    "K": 0.0,
    "L": 0.0,
    "M": 0.0,
    "N": 0.05714285714285714,
    "P": 0.0,
    "Q": 0.0,
    "R": 0.0,
    "S": 0.05714285714285714,
    "T": 0.0,
    "V": 0.05714285714285714,
    "W": 0.0,
    "Y": 0.0
  },
  "-1": {
    "A": 0.08571428571428572,
    "C": 0.02857142857142857,
    "D": 0.0,
    "E": 0.0,
    "F": 0.0,
    "G": 0.8285714285714286,
    "H": 0.0,
    "I": 0.02857142857142857,
    "K": 0.0,
    "L": 0.0,
    "M": 0.0,
    "N": 0.0,
    "P": 0.0,
    "Q": 0.0,
    "R": 0.0,
    "S": 0.0,
    "T": 0.0,
    "V": 0.02857142857142857,
    "W": 0.0,
    "Y": 0.0
  },
  "0": {
    "A": 0.0,
    "C": 0.0,
    "D": 0.0,
    "E": 0.0,
    "F": 0.0,
    "G": 0.0,
    "H": 0.0,
    "I": 0.0,
    "K": 0.0,
    "L": 0.0,
    "M": 0.0,
    "N": 1.0,
    "P": 0.0,
    "Q": 0.0,
    "R": 0.0,
    "S": 0.0,
    "T": 0.0,
    "V": 0.0,
    "W": 0.0,
    "Y": 0.0
  },
  "+1": {
    "A": 0.37142857142857144,
    "C": 0.2571428571428571,
    "D": 0.0,
    "E": 0.02857142857142857,
    "F": 0.0,
    "G": 0.0,
    "H": 0.0,
    "I": 0.05714285714285714,
    "K": 0.0,
    "L": 0.0,
    "M": 0.17142857142857143,
    "N": 0.0,
    "P": 0.0,
    "Q": 0.02857142857142857,
    "R": 0.0,
    "S": 0.0,
    "T": 0.02857142857142857,
    "V": 0.05714285714285714,
    "W": 0.0,
    "Y": 0.0
  },
  "+2": {
    "A": 0.0,
    "C": 0.0,
    "D": 0.0,
    "E": 0.0,
    "F": 0.0,
    "G": 0.02857142857142857,
    "H": 0.0,
    "I": 0.0,
    "K": 0.0,
    "L": 0.0,
    "M": 0.0,
    "N": 0.08571428571428572,
    "P": 0.0,
    "Q": 0.0,
    "R": 0.0,
    "S": 0.02857142857142857,
    "T": 0.0,
    "V": 0.05714285714285714,
    "W": 0.02857142857142857,
    "Y": 0.7714285714285715
  },
  "+3": {
    "A": 0.08571428571428572,
    "C": 0.02857142857142857,
    "D": 0.0,
    "E": 0.0,
    "F": 0.0,
    "G": 0.08571428571428572,
    "H": 0.0,
    "I": 0.0,
    "K": 0.0,
    "L": 0.0,
    "M": 0.0,
    "N": 0.0,
    "P": 0.05714285714285714,
    "Q": 0.0,
    "R": 0.0,
    "S": 0.0,
    "T": 0.6571428571428571,
    "V": 0.08571428571428572,
    "W": 0.0,
    "Y": 0.0
  },
  "+4": {
    "A": 0.0,
    "C": 0.0,
    "D": 0.0,
    "E": 0.02857142857142857,
    "F": 0.0,
    "G": 0.08571428571428572,
    "H": 0.0,
    "I": 0.0,
    "K": 0.0,
    "L": 0.0,
    "M": 0.0,
    "N": 0.4857142857142857,
    "P": 0.0,
    "Q": 0.02857142857142857,
    "R": 0.02857142857142857,
    "S": 0.11428571428571428,
    "T": 0.2,
    "V": 0.02857142857142857,
    "W": 0.0,
    "Y": 0.0
  },
  "+5": {
    "A": 0.02857142857142857,
    "C": 0.0,
    "D": 0.0,
    "E": 0.05714285714285714,
    "F": 0.02857142857142857,
    "G": 0.05714285714285714,
    "H": 0.0,
    "I": 0.0,
    "K": 0.0,
    "L": 0.0,
    "M": 0.02857142857142857,
    "N": 0.0,
    "P": 0.0,
    "Q": 0.0,
    "R": 0.7142857142857143,
    "S": 0.02857142857142857,
    "T": 0.0,
    "V": 0.05714285714285714,
    "W": 0.0,
    "Y": 0.0
  },
  "+6": {
    "A": 0.0,
    "C": 0.02857142857142857,
    "D": 0.0,
    "E": 0.0,
    "F": 0.0,
    "G": 0.02857142857142857,
    "H": 0.0,
    "I": 0.0,
    "K": 0.0,
    "L": 0.0,
    "M": 0.05714285714285714,
    "N": 0.17142857142857143,
    "P": 0.0,
    "Q": 0.0,
    "R": 0.6857142857142857,
    "S": 0.02857142857142857,
    "T": 0.0,
    "V": 0.0,
    "W": 0.0,
    "Y": 0.0
  },
  "+7": {
    "A": 0.0,
    "C": 0.02857142857142857,
    "D": 0.0,
    "E": 0.0,
    "F": 0.0,
    "G": 0.0,
    "H": 0.0,
    "I": 0.05714285714285714,
    "K": 0.02857142857142857,
    "L": 0.0,
    "M": 0.5142857142857142,
    "N": 0.0,
    "P": 0.0,
    "Q": 0.05714285714285714,
    "R": 0.0,
    "S": 0.0,
    "T": 0.05714285714285714,
    "V": 0.05714285714285714,
    "W": 0.0,
    "Y": 0.2
  },
  "+8": {
    "A": 0.7714285714285715,
    "C": 0.0,
    "D": 0.02857142857142857,
    "E": 0.0,
    "F": 0.0,
    "G": 0.0,
    "H": 0.0,
    "I": 0.0,
    "K": 0.0,
    "L": 0.0,
    "M": 0.0,
    "N": 0.08571428571428572,
    "P": 0.0,
    "Q": 0.0,
    "R": 0.0,
    "S": 0.05714285714285714,
    "T": 0.02857142857142857,
    "V": 0.02857142857142857,
    "W": 0.0,
    "Y": 0.0
  },
  "+9": {
    "A": 0.7428571428571429,
    "C": 0.02857142857142857,
    "D": 0.0,
    "E": 0.0,
    "F": 0.0,
    "G": 0.0,
    "H": 0.0,
    "I": 0.0,
    "K": 0.0,
    "L": 0.0,
    "M": 0.02857142857142857,
    "N": 0.0,
    "P": 0.02857142857142857,
    "Q": 0.0,
    "R": 0.0,
    "S": 0.0,
    "T": 0.08571428571428572,
    "V": 0.08571428571428572,
    "W": 0.0,
    "Y": 0.0
  },
  "+10": {
    "A": 0.0,
    "C": 0.7714285714285715,
    "D": 0.0,
    "E": 0.0,
    "F": 0.0,
    "G": 0.02857142857142857,
    "H": 0.0,
    "I": 0.0,
    "K": 0.0,
    "L": 0.0,
    "M": 0.0,