{
  "-10": {
    "A": 0.07936507936507936,
    "C": 0.0,
    "D": 0.14285714285714285,
    "E": 0.031746031746031744,
    "F": 0.0,
    "G": 0.015873015873015872,
    "H": 0.015873015873015872,
    "I": 0.015873015873015872,
    "K": 0.015873015873015872,
    "L": 0.031746031746031744,
    "M": 0.0,
    "N": 0.49206349206349204,
    "P": 0.015873015873015872,
    "Q": 0.015873015873015872,
    "R": 0.015873015873015872,
    "S": 0.031746031746031744,
    "T": 0.047619047619047616,
    "V": 0.015873015873015872,
    "W": 0.0,
    "Y": 0.0
  },
  "-9": {
    "A": 0.0,
    "C": 0.0,
    "D": 0.0,
    "E": 0.015873015873015872,
    "F": 0.0,
    "G": 0.047619047619047616,
    "H": 0.0,
    "I": 0.031746031746031744,
    "K": 0.49206349206349204,
    "L": 0.15873015873015872,
    "M": 0.0,
    "N": 0.015873015873015872,
    "P": 0.015873015873015872,
    "Q": 0.0,
    "R": 0.047619047619047616,
    "S": 0.031746031746031744,
    "T": 0.06349206349206349,
    "V": 0.06349206349206349,
    "W": 0.0,
    "Y": 0.0
  },
  "-8": {
    "A": 0.015873015873015872,
    "C": 0.0,
    "D": 0.047619047619047616,
    "E": 0.047619047619047616,
    "F": 0.015873015873015872,
    "G": 0.0,
    "H": 0.015873015873015872,
    "I": 0.031746031746031744,
    "K": 0.015873015873015872,
    "L": 0.5238095238095238,
    "M": 0.031746031746031744,
    "N": 0.031746031746031744,
    "P": 0.07936507936507936,
    "Q": 0.031746031746031744,
    "R": 0.015873015873015872,
    "S": 0.031746031746031744,
    "T": 0.0,
    "V": 0.015873015873015872,
    "W": 0.0,
    "Y": 0.031746031746031744
  },
  "-7": {
    "A": 0.047619047619047616,
    "C": 0.0,
    "D": 0.031746031746031744,
    "E": 0.09523809523809523,
    "F": 0.015873015873015872,
    "G": 0.0,
    "H": 0.015873015873015872,
    "I": 0.0,
    "K": 0.047619047619047616,
    "L": 0.49206349206349204,
    "M": 0.0,
    "N": 0.047619047619047616,
    "P": 0.031746031746031744,
    "Q": 0.015873015873015872,
    "R": 0.1111111111111111,
    "S": 0.0,
    "T": 0.015873015873015872,
    "V": 0.015873015873015872,
    "W": 0.0,
    "Y": 0.0
  },
  "-6": {
    "A": 0.06349206349206349,
    "C": 0.0,
    "D": 0.047619047619047616,
    "E": 0.015873015873015872,
    "F": 0.0,
    "G": 0.5238095238095238,
    "H": 0.015873015873015872,
    "I": 0.0,
    "K": 0.047619047619047616,
    "L": 0.06349206349206349,
    "M": 0.031746031746031744,
    "N": 0.0,
    "P": 0.0,
    "Q": 0.031746031746031744,
    "R": 0.031746031746031744,
    "S": 0.031746031746031744,
    "T": 0.06349206349206349,
    "V": 0.015873015873015872,
    "W": 0.0,
    "Y": 0.0
  },
  "-5": {
    "A": 0.07936507936507936,
    "C": 0.015873015873015872,
    "D": 0.0,
    "E": 0.031746031746031744,
    "F": 0.0,
    "G": 0.06349206349206349,
    "H": 0.1111111111111111,
    "I": 0.031746031746031744,
    "K": 0.12698412698412698,
    "L": 0.031746031746031744,
    "M": 0.015873015873015872,
    "N": 0.047619047619047616,
    "P": 0.015873015873015872,
    "Q": 0.015873015873015872,
    "R": 0.25396825396825395,
    "S": 0.12698412698412698,
    "T": 0.0,
    "V": 0.031746031746031744,
    "W": 0.0,
    "Y": 0.0
  },
  "-4": {
    "A": 0.12698412698412698,
    "C": 0.0,
    "D": 0.015873015873015872,
    "E": 0.0,
    "F": 0.031746031746031744,
    "G": 0.12698412698412698,
    "H": 0.015873015873015872,
    "I": 0.015873015873015872,
    "K": 0.015873015873015872,
    "L": 0.0,
    "M": 0.0,
    "N": 0.0,
    "P": 0.0,
    "Q": 0.0,
    "R": 0.06349206349206349,
    "S": 0.06349206349206349,
    "T": 0.0,
    "V": 0.5238095238095238,
    "W": 0.0,
    "Y": 0.0
  },
  "-3": {
    "A": 0.1111111111111111,
    "C": 0.031746031746031744,
    "D": 0.0,
    "E": 0.0,
    "F": 0.015873015873015872,
    "G": 0.07936507936507936,
    "H": 0.015873015873015872,
    "I": 0.0,
    "K": 0.015873015873015872,
    "L": 0.015873015873015872,
    "M": 0.0,
    "N": 0.031746031746031744,
    "P": 0.031746031746031744,
    "Q": 0.0,
    "R": 0.06349206349206349,
    "S": 0.06349206349206349,
    "T": 0.5238095238095238,
    "V": 0.0,
    "W": 0.0,
    "Y": 0.0
  },
  "-2": {
    "A": 0.0,
    "C": 0.031746031746031744,
    "D": 0.0,
    "E": 0.015873015873015872,
    "F": 0.0,
    "G": 0.19047619047619047,
    "H": 0.0,
    "I": 0.5079365079365079,
    "K": 0.0,
    "L": 0.0,
    "M": 0.031746031746031744,
    "N": 0.0,
    "P": 0.015873015873015872,
    "Q": 0.015873015873015872,
    "R": 0.031746031746031744,
    "S": 0.06349206349206349,
    "T": 0.015873015873015872,
    "V": 0.07936507936507936,
    "W": 0.0,
    "Y": 0.0
  },
  "-1": {
    "A": 0.5079365079365079,
    "C": 0.0,
    "D": 0.0,
    "E": 0.09523809523809523,
    "F": 0.0,
    "G": 0.30158730158730157,
    "H": 0.0,
    "I": 0.0,
    "K": 0.0,
    "L": 0.0,
    "M": 0.0,
    "N": 0.031746031746031744,
    "P": 0.0,
    "Q": 0.015873015873015872,
    "R": 0.0,
    "S": 0.031746031746031744,
    "T": 0.0,
    "V": 0.015873015873015872,
    "W": 0.0,
    "Y": 0.0
  },
  "0": {
    "A": 0.0,
    "C": 0.0,
    "D": 0.0,
    "E": 0.0,
    "F": 0.0,
    "G": 0.0,
    "H": 0.0,
    "I": 0.0,
    "K": 0.0,
    "L": 0.0,
    "M": 0.0,
    "N": 0.0,
    "P": 0.0,
    "Q": 1.0,
    "R": 0.0,
    "S": 0.0,
    "T": 0.0,
    "V": 0.0,
    "W": 0.0,
    "Y": 0.0
  },
  "+1": {
    "A": 0.015873015873015872,
    "C": 0.0,
    "D": 0.0,
    "E": 0.031746031746031744,
    "F": 0.0,
    "G": 0.6031746031746031,
    "H": 0.06349206349206349,
    "I": 0.0,
    "K": 0.015873015873015872,
    "L": 0.07936507936507936,
    "M": 0.0,
    "N": 0.0,
    "P": 0.0,
    "Q": 0.015873015873015872,
    "R": 0.047619047619047616,
    "S": 0.07936507936507936,
    "T": 0.031746031746031744,
    "V": 0.015873015873015872,
    "W": 0.0,
    "Y": 0.0
  },
  "+2": {
    "A": 0.15873015873015872,
    "C": 0.0,
    "D": 0.0,
    "E": 0.0,
    "F": 0.015873015873015872,
    "G": 0.5396825396825397,
    "H": 0.015873015873015872,
    "I": 0.0,
    "K": 0.031746031746031744,
    "L": 0.031746031746031744,
    "M": 0.0,
    "N": 0.0,
    "P": 0.015873015873015872,
    "Q": 0.0,
    "R": 0.0,
    "S": 0.047619047619047616,
    "T": 0.06349206349206349,
    "V": 0.07936507936507936,
    "W": 0.0,
    "Y": 0.0
  },
  "+3": {
    "A": 0.15873015873015872,
    "C": 0.0,
    "D": 0.015873015873015872,
    "E": 0.0,
    "F": 0.031746031746031744,
    "G": 0.031746031746031744,
    "H": 0.0,
    "I": 0.0,
    "K": 0.0,
    "L": 0.06349206349206349,
    "M": 0.0,
    "N": 0.07936507936507936,
    "P": 0.0,
    "Q": 0.047619047619047616,
    "R": 0.047619047619047616,
    "S": 0.015873015873015872,
    "T": 0.015873015873015872,
    "V": 0.49206349206349204,
    "W": 0.0,
    "Y": 0.0
  },
  "+4": {
    "A": 0.031746031746031744,
    "C": 0.0,
    "D": 0.0,
    "E": 0.0,
    "F": 0.0,
    "G": 0.015873015873015872,
    "H": 0.0,
    "I": 0.0,
    "K": 0.015873015873015872,
    "L": 0.4603174603174603,
    "M": 0.0,
    "N": 0.0,
    "P": 0.0,
    "Q": 0.0,
    "R": 0.25396825396825395,
    "S": 0.06349206349206349,
    "T": 0.09523809523809523,
    "V": 0.06349206349206349,
    "W": 0.0,
    "Y": 0.0
  },
  "+5": {
    "A": 0.09523809523809523,
    "C": 0.0,
    "D": 0.0,
    "E": 0.0,
    "F": 0.047619047619047616,
    "G": 0.015873015873015872,
    "H": 0.015873015873015872,
    "I": 0.0,
    "K": 0.015873015873015872,
    "L": 0.047619047619047616,
    "M": 0.015873015873015872,
    "N": 0.015873015873015872,
    "P": 0.49206349206349204,
    "Q": 0.031746031746031744,
    "R": 0.015873015873015872,
    "S": 0.031746031746031744,
    "T": 0.07936507936507936,
    "V": 0.07936507936507936,
    "W": 0.0,
    "Y": 0.0
  },
  "+6": {
    "A": 0.09523809523809523,
    "C": 0.0,
    "D": 0.06349206349206349,
    "E": 0.06349206349206349,
    "F": 0.015873015873015872,
    "G": 0.015873015873015872,
    "H": 0.015873015873015872,
    "I": 0.015873015873015872,
    "K": 0.047619047619047616,
    "L": 0.015873015873015872,
    "M": 0.0,
    "N": 0.49206349206349204,
    "P": 0.0,