{
  "-10": {
    "A": 0.07123796264067757,
    "C": 0.010674092122055922,
    "D": 0.0403759136790811,
    "E": 0.050933983060679894,
    "F": 0.032718412808910545,
    "G": 0.12193990022044321,
    "H": 0.020303979579997678,
    "I": 0.027033298526511196,
    "K": 0.04640909618285184,
    "L": 0.06416057547279266,
    "M": 0.024132730015082957,
    "N": 0.029701821557025176,
    "P": 0.09189001044204664,
    "Q": 0.045132846037823415,
    "R": 0.09560273813667479,
    "S": 0.07982364543450517,
    "T": 0.03991182271725258,
    "V": 0.041072050121823876,
    "W": 0.005569091541942221,
    "Y": 0.02935375333565379
  },
  "-9": {
    "A": 0.06671307576284952,
    "C": 0.009861932938856016,
    "D": 0.03863557257222416,
    "E": 0.047569323587423135,
    "F": 0.030978071702053602,
    "G": 0.1273929690219283,
    "H": 0.02239238890822601,
    "I": 0.025176934679197124,
    "K": 0.04524886877828054,
    "L": 0.061492052442278684,
    "M": 0.026569207564682677,
    "N": 0.027961480450168233,
    "P": 0.0881772827474185,
    "Q": 0.04594500522102332,
    "R": 0.09548671539621766,
    "S": 0.09003364659473256,
    "T": 0.04582898248056619,
    "V": 0.044204664114166375,
    "W": 0.007541478129713424,
    "Y": 0.024828866457825734
  },
  "-8": {
    "A": 0.0733263719689059,
    "C": 0.007541478129713424,
    "D": 0.035851026801253044,
    "E": 0.0486135282515373,
    "F": 0.02946977607611092,
    "G": 0.12252001392272885,
    "H": 0.020768070541826198,
    "I": 0.02633716208376842,
    "K": 0.04791739180879452,
    "L": 0.06358046177050702,
    "M": 0.026685230305139807,
    "N": 0.028309548671539623,
    "P": 0.08446455505279035,
    "Q": 0.046873187144680355,
    "R": 0.10279614804501683,
    "S": 0.08864137370924702,
    "T": 0.04675716440422323,
    "V": 0.04211625478593804,
    "W": 0.005453068801485091,
    "Y": 0.028193525931082493
  },
  "-7": {
    "A": 0.0776192133658197,
    "C": 0.009977955679313146,
    "D": 0.042464323007309436,
    "E": 0.048265460030165915,
    "F": 0.027381366747882586,
    "G": 0.1285531964264996,
    "H": 0.020420002320454808,
    "I": 0.0258730711219399,
    "K": 0.0392156862745098,
    "L": 0.06033182503770739,
    "M": 0.020768070541826198,
    "N": 0.02923773059519666,
    "P": 0.09281819236570368,
    "Q": 0.04640909618285184,
    "R": 0.1046525118923309,
    "S": 0.09084580577793247,
    "T": 0.041536141083652396,
    "V": 0.04304443670959508,
    "W": 0.005105000580113702,
    "Y": 0.02552500290056851
  },
  "-6": {
    "A": 0.07703909966353405,
    "C": 0.00858568279382759,
    "D": 0.0321382991066249,
    "E": 0.04768534632788026,
    "F": 0.02935375333565379,
    "G": 0.1410836523958696,
    "H": 0.020303979579997678,
    "I": 0.029585798816568046,
    "K": 0.03979579997679545,
    "L": 0.07019375797656341,
    "M": 0.02888966237382527,
    "N": 0.028077503190625363,
    "P": 0.08226012298410489,
    "Q": 0.04640909618285184,
    "R": 0.09200603318250378,
    "S": 0.08446455505279035,
    "T": 0.048033414549251655,
    "V": 0.048033414549251655,
    "W": 0.0063812507251421275,
    "Y": 0.024016707274625827
  },
  "-5": {
    "A": 0.07263023552616313,
    "C": 0.00881772827474185,
    "D": 0.03967977723633832,
    "E": 0.048033414549251655,
    "F": 0.030165912518853696,
    "G": 0.14294001624318367,
    "H": 0.017055342847198052,
    "I": 0.025176934679197124,
    "K": 0.032950458289824805,
    "L": 0.06648103028193526,
    "M": 0.024944889198282864,
    "N": 0.02865761689291101,
    "P": 0.09432648799164636,
    "Q": 0.04907761921336582,
    "R": 0.08771319178558998,
    "S": 0.09502262443438914,
    "T": 0.04327648219050934,
    "V": 0.046641141663766095,
    "W": 0.007309432648799165,
    "Y": 0.026801253045596937
  },
  "-4": {
    "A": 0.07901148625130526,
    "C": 0.008469660053370461,
    "D": 0.03689523146536721,
    "E": 0.05279034690799397,
    "F": 0.0321382991066249,
    "G": 0.13644274277758442,
    "H": 0.0196078431372549,
    "I": 0.028309548671539623,
    "K": 0.02854159415245388,
    "L": 0.07077387167884905,
    "M": 0.02308852535096879,
    "N": 0.026801253045596937,
    "P": 0.09513864717484627,
    "Q": 0.05081796032022276,
    "R": 0.07970762269404803,
    "S": 0.08864137370924702,
    "T": 0.047801369068337395,
    "V": 0.044204664114166375,
    "W": 0.00568511428239935,
    "Y": 0.03550295857988166
  },
  "-3": {
    "A": 0.08307228216730479,
    "C": 0.010093978419770276,
    "D": 0.035386935839424524,
    "E": 0.058359438449936185,
    "F": 0.03759136790810999,
    "G": 0.15001740341106856,
    "H": 0.019143752175426385,
    "I": 0.024944889198282864,
    "K": 0.02935375333565379,
    "L": 0.06520478013690684,
    "M": 0.027497389488339713,
    "N": 0.031094094442510732,
    "P": 0.09815523842673164,
    "Q": 0.04745330084696601,
    "R": 0.06717716672467804,
    "S": 0.09502262443438914,
    "T": 0.04014386819816684,
    "V": 0.04002784545770971,
    "W": 0.006845341686970647,
    "Y": 0.030397957999767956
  },
  "-2": {
    "A": 0.08794523726650423,
    "C": 0.010093978419770276,
    "D": 0.03828750435085277,
    "E": 0.0548787562362223,
    "F": 0.03237034458753916,
    "G": 0.1422438798004409,
    "H": 0.021116138763197588,
    "I": 0.028193525931082493,
    "K": 0.027845457709711103,
    "L": 0.07065784893839193,
    "M": 0.02598909386239703,
    "N": 0.026569207564682677,
    "P": 0.07622694048033414,
    "Q": 0.046641141663766095,
    "R": 0.0972270565030746,
    "S": 0.09061376029701822,
    "T": 0.04165216382410952,
    "V": 0.04385659589279499,
    "W": 0.00893375101519898,
    "Y": 0.028425571411996753
  },
  "-1": {
    "A": 0.06381250725142128,
    "C": 0.00893375101519898,
    "D": 0.0901496693351897,
    "E": 0.03851954983176702,
    "F": 0.027497389488339713,
    "G": 0.17647058823529413,
    "H": 0.014850910778512588,
    "I": 0.03260239006845342,
    "K": 0.021580229725026105,
    "L": 0.0889894419306184,
    "M": 0.020768070541826198,
    "N": 0.03329852651119619,
    "P": 0.10569671655644507,
    "Q": 0.03805545886993851,
    "R": 0.04594500522102332,
    "S": 0.0881772827474185,
    "T": 0.027845457709711103,
    "V": 0.04142011834319527,
    "W": 0.005105000580113702,
    "Y": 0.030281935259310826
  },
  "0": {
    "A": 0.0,
    "C": 0.0,
    "D": 0.0,
    "E": 0.0,
    "F": 0.0,
    "G": 0.0,
    "H": 0.0,
    "I": 0.0,
    "K": 0.0,
    "L": 0.0,
    "M": 0.0,
    "N": 0.0,
    "P": 0.0,
    "Q": 0.0,
    "R": 1.0,
    "S": 0.0,
    "T": 0.0,
    "V": 0.0,
    "W": 0.0,
    "Y": 0.0
  },
  "+1": {
    "A": 0.06671307576284952,
    "C": 0.008237614572456201,
    "D": 0.025292957419654254,
    "E": 0.02633716208376842,
    "F": 0.03770739064856712,
    "G": 0.3742893607147001,
    "H": 0.01972386587771203,
    "I": 0.024596820976911474,
    "K": 0.024596820976911474,
    "L": 0.06555284835827822,
    "M": 0.022276366167768884,
    "N": 0.01995591135862629,
    "P": 0.06265227984684998,
    "Q": 0.02923773059519666,
    "R": 0.0384035270913099,
    "S": 0.06462466643462118,
    "T": 0.02540898016011138,
    "V": 0.03190625362571064,
    "W": 0.006033182503770739,
    "Y": 0.024132730015082957
  },
  "+2": {
    "A": 0.08945353289244692,
    "C": 0.00893375101519898,
    "D": 0.024132730015082957,
    "E": 0.03643114050353869,
    "F": 0.03515489035851027,
    "G": 0.1842441118459218,
    "H": 0.019027729434969255,
    "I": 0.0258730711219399,
    "K": 0.02598909386239703,
    "L": 0.06253625710639285,
    "M": 0.021000116022740458,
    "N": 0.02297250261051166,
    "P": 0.08168000928181923,
    "Q": 0.04478477781645202,
    "R": 0.09629887457941756,
    "S": 0.08736512356421859,
    "T": 0.040840004640909616,
    "V": 0.04814943728970878,
    "W": 0.010558069381598794,
    "Y": 0.02946977607611092
  },
  "+3": {
    "A": 0.07425455389256294,
    "C": 0.010326023900684534,
    "D": 0.03503886761805314,
    "E": 0.04014386819816684,
    "F": 0.04142011834319527,
    "G": 0.1431720617240979,
    "H": 0.025176934679197124,
    "I": 0.02923773059519666,