{
  "-10": {
    "A": 0.06209150326797386,
    "C": 0.0,
    "D": 0.0,
    "E": 0.006535947712418301,
    "F": 0.0,
    "G": 0.14052287581699346,
    "H": 0.0,
    "I": 0.0,
    "K": 0.09477124183006536,
    "L": 0.08823529411764706,
    "M": 0.0,
    "N": 0.0032679738562091504,
    "P": 0.16339869281045752,
    "Q": 0.0,
    "R": 0.10457516339869281,
    "S": 0.12091503267973856,
    "T": 0.0,
    "V": 0.1111111111111111,
    "W": 0.0,
    "Y": 0.0
  },
  "-9": {
    "A": 0.17973856209150327,
    "C": 0.0,
    "D": 0.02287581699346405,
    "E": 0.1503267973856209,
    "F": 0.0032679738562091504,
    "G": 0.02287581699346405,
    "H": 0.0,
    "I": 0.0,
    "K": 0.19934640522875818,
    "L": 0.016339869281045753,
    "M": 0.00980392156862745,
    "N": 0.0,
    "P": 0.0,
    "Q": 0.00980392156862745,
    "R": 0.09477124183006536,
    "S": 0.12745098039215685,
    "T": 0.00980392156862745,
    "V": 0.058823529411764705,
    "W": 0.0,
    "Y": 0.0
  },
  "-8": {
    "A": 0.21568627450980393,
    "C": 0.0,
    "D": 0.0,
    "E": 0.049019607843137254,
    "F": 0.0,
    "G": 0.0196078431372549,
    "H": 0.0,
    "I": 0.0,
    "K": 0.22875816993464052,
    "L": 0.10457516339869281,
    "M": 0.006535947712418301,
    "N": 0.0,
    "P": 0.1568627450980392,
    "Q": 0.0196078431372549,
    "R": 0.006535947712418301,
    "S": 0.0718954248366013,
    "T": 0.0196078431372549,
    "V": 0.013071895424836602,
    "W": 0.0,
    "Y": 0.0
  },
  "-7": {
    "A": 0.13725490196078433,
    "C": 0.0,
    "D": 0.006535947712418301,
    "E": 0.049019607843137254,
    "F": 0.0,
    "G": 0.10130718954248366,
    "H": 0.08823529411764706,
    "I": 0.006535947712418301,
    "K": 0.06209150326797386,
    "L": 0.10784313725490197,
    "M": 0.006535947712418301,
    "N": 0.0,
    "P": 0.10130718954248366,
    "Q": 0.0,
    "R": 0.029411764705882353,
    "S": 0.16666666666666666,
    "T": 0.032679738562091505,
    "V": 0.016339869281045753,
    "W": 0.0,
    "Y": 0.0
  },
  "-6": {
    "A": 0.24183006535947713,
    "C": 0.0,
    "D": 0.006535947712418301,
    "E": 0.0196078431372549,
    "F": 0.006535947712418301,
    "G": 0.08169934640522876,
    "H": 0.0,
    "I": 0.006535947712418301,
    "K": 0.08823529411764706,
    "L": 0.0915032679738562,
    "M": 0.006535947712418301,
    "N": 0.006535947712418301,
    "P": 0.08169934640522876,
    "Q": 0.0,
    "R": 0.12091503267973856,
    "S": 0.08823529411764706,
    "T": 0.013071895424836602,
    "V": 0.00980392156862745,
    "W": 0.0,
    "Y": 0.049019607843137254
  },
  "-5": {
    "A": 0.0,
    "C": 0.0,
    "D": 0.0032679738562091504,
    "E": 0.0,
    "F": 0.0,
    "G": 0.042483660130718956,
    "H": 0.0,
    "I": 0.0392156862745098,
    "K": 0.21568627450980393,
    "L": 0.08823529411764706,
    "M": 0.08169934640522876,
    "N": 0.0,
    "P": 0.17647058823529413,
    "Q": 0.0,
    "R": 0.006535947712418301,
    "S": 0.13725490196078433,
    "T": 0.06862745098039216,
    "V": 0.13725490196078433,
    "W": 0.0,
    "Y": 0.0032679738562091504
  },
  "-4": {
    "A": 0.17647058823529413,
    "C": 0.0,
    "D": 0.0,
    "E": 0.006535947712418301,
    "F": 0.0,
    "G": 0.09477124183006536,
    "H": 0.0,
    "I": 0.0196078431372549,
    "K": 0.369281045751634,
    "L": 0.0,
    "M": 0.0,
    "N": 0.0032679738562091504,
    "P": 0.08823529411764706,
    "Q": 0.03594771241830065,
    "R": 0.00980392156862745,
    "S": 0.10457516339869281,
    "T": 0.049019607843137254,
    "V": 0.042483660130718956,
    "W": 0.0,
    "Y": 0.0
  },
  "-3": {
    "A": 0.17647058823529413,
    "C": 0.0,
    "D": 0.026143790849673203,
    "E": 0.238562091503268,
    "F": 0.0,
    "G": 0.1111111111111111,
    "H": 0.09477124183006536,
    "I": 0.0,
    "K": 0.1437908496732026,
    "L": 0.0196078431372549,
    "M": 0.0,
    "N": 0.0,
    "P": 0.08169934640522876,
    "Q": 0.00980392156862745,
    "R": 0.00980392156862745,
    "S": 0.0,
    "T": 0.026143790849673203,
    "V": 0.006535947712418301,
    "W": 0.0,
    "Y": 0.05555555555555555
  },
  "-2": {
    "A": 0.17973856209150327,
    "C": 0.0,
    "D": 0.00980392156862745,
    "E": 0.0,
    "F": 0.006535947712418301,
    "G": 0.19607843137254902,
    "H": 0.0032679738562091504,
    "I": 0.03594771241830065,
    "K": 0.0032679738562091504,
    "L": 0.10457516339869281,
    "M": 0.0,
    "N": 0.0,
    "P": 0.0915032679738562,
    "Q": 0.0,
    "R": 0.0032679738562091504,
    "S": 0.0915032679738562,
    "T": 0.0032679738562091504,
    "V": 0.17320261437908496,
    "W": 0.0,
    "Y": 0.09803921568627451
  },
  "-1": {
    "A": 0.14705882352941177,
    "C": 0.0,
    "D": 0.0,
    "E": 0.0,
    "F": 0.016339869281045753,
    "G": 0.032679738562091505,
    "H": 0.006535947712418301,
    "I": 0.0,
    "K": 0.08823529411764706,
    "L": 0.006535947712418301,
    "M": 0.0,
    "N": 0.08823529411764706,
    "P": 0.08169934640522876,
    "Q": 0.058823529411764705,
    "R": 0.049019607843137254,
    "S": 0.11437908496732026,
    "T": 0.24836601307189543,
    "V": 0.013071895424836602,
    "W": 0.0,
    "Y": 0.049019607843137254
  },
  "0": {
    "A": 0.0,
    "C": 0.0,
    "D": 0.0,
    "E": 0.0,
    "F": 0.0,
    "G": 0.0,
    "H": 0.0,
    "I": 0.0,
    "K": 1.0,
    "L": 0.0,
    "M": 0.0,
    "N": 0.0,
    "P": 0.0,
    "Q": 0.0,
    "R": 0.0,
    "S": 0.0,
    "T": 0.0,
    "V": 0.0,
    "W": 0.0,
    "Y": 0.0
  },
  "+1": {
    "A": 0.2875816993464052,
    "C": 0.0,
    "D": 0.0,
    "E": 0.0,
    "F": 0.0,
    "G": 0.02287581699346405,
    "H": 0.08823529411764706,
    "I": 0.0,
    "K": 0.22549019607843138,
    "L": 0.0,
    "M": 0.0,
    "N": 0.0,
    "P": 0.006535947712418301,
    "Q": 0.0196078431372549,
    "R": 0.10130718954248366,
    "S": 0.12418300653594772,
    "T": 0.0196078431372549,
    "V": 0.05555555555555555,
    "W": 0.0,
    "Y": 0.049019607843137254
  },
  "+2": {
    "A": 0.30392156862745096,
    "C": 0.0,
    "D": 0.05555555555555555,
    "E": 0.0032679738562091504,
    "F": 0.0,
    "G": 0.09803921568627451,
    "H": 0.0032679738562091504,
    "I": 0.013071895424836602,
    "K": 0.013071895424836602,
    "L": 0.08496732026143791,
    "M": 0.0,
    "N": 0.0,
    "P": 0.00980392156862745,
    "Q": 0.09477124183006536,
    "R": 0.0,
    "S": 0.08823529411764706,
    "T": 0.06862745098039216,
    "V": 0.16339869281045752,
    "W": 0.0,
    "Y": 0.0
  },
  "+3": {
    "A": 0.029411764705882353,
    "C": 0.0,
    "D": 0.0,
    "E": 0.00980392156862745,
    "F": 0.006535947712418301,
    "G": 0.0718954248366013,
    "H": 0.0,
    "I": 0.026143790849673203,
    "K": 0.14052287581699346,
    "L": 0.013071895424836602,
    "M": 0.0,
    "N": 0.0032679738562091504,
    "P": 0.09803921568627451,
    "Q": 0.0,
    "R": 0.032679738562091505,
    "S": 0.13398692810457516,
    "T": 0.27124183006535946,
    "V": 0.16339869281045752,
    "W": 0.0,
    "Y": 0.0
  },
  "+4": {
    "A": 0.09803921568627451,
    "C": 0.0,
    "D": 0.0,
    "E": 0.0,
    "F": 0.0,
    "G": 0.0196078431372549,
    "H": 0.0,
    "I": 0.09477124183006536,
    "K": 0.45098039215686275,
    "L": 0.00980392156862745,
    "M": 0.0,
    "N": 0.0032679738562091504,
    "P": 0.0,
    "Q": 0.049019607843137254,
    "R": 0.026143790849673203,
    "S": 0.13725490196078433,
    "T": 0.09803921568627451,
    "V": 0.013071895424836602,
    "W": 0.0,
    "Y": 0.0
  },
  "+5": {
    "A": 0.08169934640522876,
    "C": 0.0,
    "D": 0.08169934640522876,
    "E": 0.09477124183006536,
    "F": 0.00980392156862745,
    "G": 0.006535947712418301,
    "H": 0.0,
    "I": 0.0,
    "K": 0.3104575163398693,
    "L": 0.013071895424836602,
    "M": 0.0,
    "N": 0.0,
    "P": 0.0784313725490196,
    "Q": 0.00980392156862745,
    "R": 0.013071895424836602,
    "S": 0.032679738562091505,
    "T": 0.12091503267973856,
    "V": 0.058823529411764705,
    "W": 0.0,
    "Y": 0.08823529411764706
  },
  "+6": {
    "A": 0.21568627450980393,
    "C": 0.0,
    "D": 0.0,
    "E": 0.0,
    "F": 0.0,
    "G": 0.20588235294117646,
    "H": 0.05555555555555555,