{
  "-10": {
    "A": 0.0,
    "C": 0.0,
    "D": 0.14285714285714285,
    "E": 0.047619047619047616,
    "F": 0.0,
    "G": 0.23809523809523808,
    "H": 0.0,
    "I": 0.23809523809523808,
    "K": 0.047619047619047616,
    "L": 0.0,
    "M": 0.0,
    "N": 0.0,
    "P": 0.047619047619047616,
    "Q": 0.047619047619047616,
    "R": 0.047619047619047616,
    "S": 0.0,
    "T": 0.0,
    "V": 0.09523809523809523,
    "W": 0.0,
    "Y": 0.0
  },
  "-9": {
    "A": 0.047619047619047616,
    "C": 0.047619047619047616,
    "D": 0.09523809523809523,
    "E": 0.14285714285714285,
    "F": 0.0,
    "G": 0.19047619047619047,
    "H": 0.0,
    "I": 0.0,
    "K": 0.09523809523809523,
    "L": 0.0,
    "M": 0.0,
    "N": 0.0,
    "P": 0.0,
    "Q": 0.047619047619047616,
    "R": 0.0,
    "S": 0.0,
    "T": 0.09523809523809523,
    "V": 0.09523809523809523,
    "W": 0.0,
    "Y": 0.09523809523809523
  },
  "-8": {
    "A": 0.0,
    "C": 0.0,
    "D": 0.047619047619047616,
    "E": 0.09523809523809523,
    "F": 0.0,
    "G": 0.0,
    "H": 0.047619047619047616,
    "I": 0.0,
    "K": 0.0,
    "L": 0.09523809523809523,
    "M": 0.047619047619047616,
    "N": 0.09523809523809523,
    "P": 0.0,
    "Q": 0.23809523809523808,
    "R": 0.0,
    "S": 0.09523809523809523,
    "T": 0.09523809523809523,
    "V": 0.09523809523809523,
    "W": 0.0,
    "Y": 0.0
  },
  "-7": {
    "A": 0.09523809523809523,
    "C": 0.0,
    "D": 0.19047619047619047,
    "E": 0.14285714285714285,
    "F": 0.047619047619047616,
    "G": 0.047619047619047616,
    "H": 0.0,
    "I": 0.19047619047619047,
    "K": 0.0,
    "L": 0.0,
    "M": 0.047619047619047616,
    "N": 0.0,
    "P": 0.0,
    "Q": 0.0,
    "R": 0.0,
    "S": 0.0,
    "T": 0.0,
    "V": 0.19047619047619047,
    "W": 0.0,
    "Y": 0.0
  },
  "-6": {
    "A": 0.14285714285714285,
    "C": 0.0,
    "D": 0.047619047619047616,
    "E": 0.0,
    "F": 0.0,
    "G": 0.09523809523809523,
    "H": 0.0,
    "I": 0.047619047619047616,
    "K": 0.0,
    "L": 0.0,
    "M": 0.0,
    "N": 0.2857142857142857,
    "P": 0.0,
    "Q": 0.0,
    "R": 0.0,
    "S": 0.19047619047619047,
    "T": 0.0,
    "V": 0.14285714285714285,
    "W": 0.0,
    "Y": 0.0
  },
  "-5": {
    "A": 0.19047619047619047,
    "C": 0.0,
    "D": 0.0,
    "E": 0.047619047619047616,
    "F": 0.047619047619047616,
    "G": 0.0,
    "H": 0.0,
    "I": 0.047619047619047616,
    "K": 0.0,
    "L": 0.14285714285714285,
    "M": 0.14285714285714285,
    "N": 0.0,
    "P": 0.0,
    "Q": 0.0,
    "R": 0.047619047619047616,
    "S": 0.047619047619047616,
    "T": 0.0,
    "V": 0.0,
    "W": 0.0,
    "Y": 0.23809523809523808
  },
  "-4": {
    "A": 0.0,
    "C": 0.0,
    "D": 0.0,
    "E": 0.0,
    "F": 0.09523809523809523,
    "G": 0.0,
    "H": 0.09523809523809523,
    "I": 0.09523809523809523,
    "K": 0.0,
    "L": 0.14285714285714285,
    "M": 0.047619047619047616,
    "N": 0.047619047619047616,
    "P": 0.0,
    "Q": 0.0,
    "R": 0.0,
    "S": 0.0,
    "T": 0.09523809523809523,
    "V": 0.3333333333333333,
    "W": 0.0,
    "Y": 0.0
  },
  "-3": {
    "A": 0.0,
    "C": 0.0,
    "D": 0.0,
    "E": 0.0,
    "F": 0.0,
    "G": 0.0,
    "H": 0.0,
    "I": 0.047619047619047616,
    "K": 0.047619047619047616,
    "L": 0.38095238095238093,
    "M": 0.0,
    "N": 0.047619047619047616,
    "P": 0.047619047619047616,
    "Q": 0.0,
    "R": 0.09523809523809523,
    "S": 0.0,
    "T": 0.14285714285714285,
    "V": 0.047619047619047616,
    "W": 0.0,
    "Y": 0.09523809523809523
  },
  "-2": {
    "A": 0.23809523809523808,
    "C": 0.0,
    "D": 0.047619047619047616,
    "E": 0.09523809523809523,
    "F": 0.0,
    "G": 0.0,
    "H": 0.0,
    "I": 0.09523809523809523,
    "K": 0.0,
    "L": 0.09523809523809523,
    "M": 0.047619047619047616,
    "N": 0.0,
    "P": 0.0,
    "Q": 0.0,
    "R": 0.0,
    "S": 0.2857142857142857,
    "T": 0.0,
    "V": 0.0,
    "W": 0.0,
    "Y": 0.047619047619047616
  },
  "-1": {
    "A": 0.0,
    "C": 0.0,
    "D": 0.047619047619047616,
    "E": 0.42857142857142855,
    "F": 0.0,
    "G": 0.19047619047619047,
    "H": 0.0,
    "I": 0.0,
    "K": 0.047619047619047616,
    "L": 0.0,
    "M": 0.0,
    "N": 0.0,
    "P": 0.0,
    "Q": 0.0,
    "R": 0.0,
    "S": 0.19047619047619047,
    "T": 0.047619047619047616,
    "V": 0.0,
    "W": 0.0,
    "Y": 0.0
  },
  "0": {
    "A": 0.0,
    "C": 0.0,
    "D": 0.0,
    "E": 0.0,
    "F": 0.0,
    "G": 0.0,
    "H": 0.0,
    "I": 0.0,
    "K": 0.0,
    "L": 0.0,
    "M": 0.0,
    "N": 0.0,
    "P": 0.0,
    "Q": 0.0,
    "R": 0.0,
    "S": 1.0,
    "T": 0.0,
    "V": 0.0,
    "W": 0.0,
    "Y": 0.0
  },
  "+1": {
    "A": 0.0,
    "C": 0.047619047619047616,
    "D": 0.0,
    "E": 0.0,
    "F": 0.14285714285714285,
    "G": 0.0,
    "H": 0.19047619047619047,
    "I": 0.09523809523809523,
    "K": 0.0,
    "L": 0.0,
    "M": 0.0,
    "N": 0.0,
    "P": 0.0,
    "Q": 0.0,
    "R": 0.0,
    "S": 0.38095238095238093,
    "T": 0.09523809523809523,
    "V": 0.047619047619047616,
    "W": 0.0,
    "Y": 0.0
  },
  "+2": {
    "A": 0.047619047619047616,
    "C": 0.047619047619047616,
    "D": 0.0,
    "E": 0.0,
    "F": 0.0,
    "G": 0.0,
    "H": 0.0,
    "I": 0.23809523809523808,
    "K": 0.0,
    "L": 0.19047619047619047,
    "M": 0.23809523809523808,
    "N": 0.0,
    "P": 0.047619047619047616,
    "Q": 0.0,
    "R": 0.0,
    "S": 0.047619047619047616,
    "T": 0.09523809523809523,
    "V": 0.047619047619047616,
    "W": 0.0,
    "Y": 0.0
  },
  "+3": {
    "A": 0.09523809523809523,
    "C": 0.047619047619047616,
    "D": 0.0,
    "E": 0.0,
    "F": 0.3333333333333333,
    "G": 0.14285714285714285,
    "H": 0.0,
    "I": 0.14285714285714285,
    "K": 0.0,
    "L": 0.0,
    "M": 0.0,
    "N": 0.0,
    "P": 0.09523809523809523,
    "Q": 0.0,
    "R": 0.0,
    "S": 0.0,
    "T": 0.047619047619047616,
    "V": 0.09523809523809523,
    "W": 0.0,
    "Y": 0.0
  },
  "+4": {
    "A": 0.0,
    "C": 0.0,
    "D": 0.09523809523809523,
    "E": 0.0,
    "F": 0.0,
    "G": 0.0,
    "H": 0.0,
    "I": 0.14285714285714285,
    "K": 0.047619047619047616,
    "L": 0.09523809523809523,
    "M": 0.0,
    "N": 0.047619047619047616,
    "P": 0.047619047619047616,
    "Q": 0.0,
    "R": 0.0,
    "S": 0.0,
    "T": 0.0,
    "V": 0.5238095238095238,
    "W": 0.0,
    "Y": 0.0
  },
  "+5": {
    "A": 0.09523809523809523,
    "C": 0.0,
    "D": 0.0,
    "E": 0.14285714285714285,
    "F": 0.047619047619047616,
    "G": 0.047619047619047616,
    "H": 0.19047619047619047,
    "I": 0.047619047619047616,
    "K": 0.0,
    "L": 0.047619047619047616,
    "M": 0.0,
    "N": 0.0,
    "P": 0.0,
    "Q": 0.09523809523809523,
    "R": 0.0,
    "S": 0.14285714285714285,
    "T": 0.0,
    "V": 0.0,
    "W": 0.047619047619047616,
    "Y": 0.09523809523809523
  },
  "+6": {
    "A": 0.047619047619047616,
    "C": 0.0,
    "D": 0.19047619047619047,
    "E": 0.0,
    "F": 0.09523809523809523,
    "G": 0.14285714285714285,
    "H": 0.0,
    "I": 0.0,
    "K": 0.09523809523809523,
    "L": 0.047619047619047616,
    "M": 0.0,
    "N": 0.047619047619047616,
    "P": 0.047619047619047616,
    "Q": 0.0,
    "R": 0.0,
    "S": 0.09523809523809523,
    "T": 0.19047619047619047,
    "V": 0.0,
    "W": 0.0,
    "Y": 0.0
  },
  "+7": {
    "A": 0.047619047619047616,
    "C": 0.0,
    "D": 0.0,
    "E": 0.09523809523809523,
    "F": 0.14285714285714285,
    "G": 0.0,
    "H": 0.047619047619047616,
    "I": 0.0,
    "K": 0.0,
    "L": 0.047619047619047616,
    "M": 0.0,
    "N": 0.0,
    "P": 0.0,
    "Q": 0.047619047619047616,
    "R": 0.14285714285714285,
    "S": 0.0,
    "T": 0.09523809523809523,
    "V": 0.047619047619047616,
    "W": 0.09523809523809523,
    "Y": 0.19047619047619047
  },
  "+8": {
    "A": 0.09523809523809523,
    "C": 0.0,
    "D": 0.0,
    "E": 0.0,
    "F": 0.0,
    "G": 0.047619047619047616,
    "H": 0.0,
    "I": 0.047619047619047616,
    "K": 0.19047619047619047,
    "L": 0.047619047619047616,
    "M": 0.0,
    "N": 0.09523809523809523,