{
  "-10": {
    "A": 0.23809523809523808,
    "C": 0.0,
    "D": 0.023809523809523808,
    "E": 0.0,
    "F": 0.047619047619047616,
    "G": 0.2619047619047619,
    "H": 0.0,
    "I": 0.0,
    "K": 0.023809523809523808,
    "L": 0.07142857142857142,
    "M": 0.0,
    "N": 0.0,
    "P": 0.09523809523809523,
    "Q": 0.0,
    "R": 0.0,
    "S": 0.023809523809523808,
    "T": 0.07142857142857142,
    "V": 0.07142857142857142,
    "W": 0.0,
    "Y": 0.0
  },
  "-9": {
    "A": 0.23809523809523808,
    "C": 0.0,
    "D": 0.047619047619047616,
    "E": 0.023809523809523808,
    "F": 0.023809523809523808,
    "G": 0.19047619047619047,
    "H": 0.0,
    "I": 0.023809523809523808,
    "K": 0.023809523809523808,
    "L": 0.0,
    "M": 0.0,
    "N": 0.023809523809523808,
    "P": 0.11904761904761904,
    "Q": 0.0,
    "R": 0.0,
    "S": 0.07142857142857142,
    "T": 0.047619047619047616,
    "V": 0.07142857142857142,
    "W": 0.023809523809523808,
    "Y": 0.0
  },
  "-8": {
    "A": 0.2857142857142857,
    "C": 0.0,
    "D": 0.0,
    "E": 0.0,
    "F": 0.047619047619047616,
    "G": 0.14285714285714285,
    "H": 0.0,
    "I": 0.023809523809523808,
    "K": 0.023809523809523808,
    "L": 0.023809523809523808,
    "M": 0.0,
    "N": 0.07142857142857142,
    "P": 0.07142857142857142,
    "Q": 0.09523809523809523,
    "R": 0.023809523809523808,
    "S": 0.023809523809523808,
    "T": 0.023809523809523808,
    "V": 0.047619047619047616,
    "W": 0.023809523809523808,
    "Y": 0.0
  },
  "-7": {
    "A": 0.3333333333333333,
    "C": 0.0,
    "D": 0.023809523809523808,
    "E": 0.023809523809523808,
    "F": 0.07142857142857142,
    "G": 0.07142857142857142,
    "H": 0.0,
    "I": 0.023809523809523808,
    "K": 0.023809523809523808,
    "L": 0.16666666666666666,
    "M": 0.023809523809523808,
    "N": 0.0,
    "P": 0.07142857142857142,
    "Q": 0.023809523809523808,
    "R": 0.0,
    "S": 0.023809523809523808,
    "T": 0.0,
    "V": 0.047619047619047616,
    "W": 0.0,
    "Y": 0.0
  },
  "-6": {
    "A": 0.42857142857142855,
    "C": 0.0,
    "D": 0.0,
    "E": 0.023809523809523808,
    "F": 0.0,
    "G": 0.07142857142857142,
    "H": 0.0,
    "I": 0.0,
    "K": 0.023809523809523808,
    "L": 0.0,
    "M": 0.0,
    "N": 0.0,
    "P": 0.11904761904761904,
    "Q": 0.0,
    "R": 0.047619047619047616,
    "S": 0.14285714285714285,
    "T": 0.023809523809523808,
    "V": 0.047619047619047616,
    "W": 0.0,
    "Y": 0.0
  },
  "-5": {
    "A": 0.5238095238095238,
    "C": 0.0,
    "D": 0.0,
    "E": 0.023809523809523808,
    "F": 0.023809523809523808,
    "G": 0.047619047619047616,
    "H": 0.0,
    "I": 0.0,
    "K": 0.023809523809523808,
    "L": 0.023809523809523808,
    "M": 0.0,
    "N": 0.0,
    "P": 0.047619047619047616,
    "Q": 0.047619047619047616,
    "R": 0.0,
    "S": 0.023809523809523808,
    "T": 0.023809523809523808,
    "V": 0.023809523809523808,
    "W": 0.0,
    "Y": 0.09523809523809523
  },
  "-4": {
    "A": 0.30952380952380953,
    "C": 0.0,
    "D": 0.023809523809523808,
    "E": 0.023809523809523808,
    "F": 0.0,
    "G": 0.09523809523809523,
    "H": 0.0,
    "I": 0.023809523809523808,
    "K": 0.16666666666666666,
    "L": 0.047619047619047616,
    "M": 0.07142857142857142,
    "N": 0.0,
    "P": 0.047619047619047616,
    "Q": 0.07142857142857142,
    "R": 0.023809523809523808,
    "S": 0.047619047619047616,
    "T": 0.0,
    "V": 0.023809523809523808,
    "W": 0.0,
    "Y": 0.023809523809523808
  },
  "-3": {
    "A": 0.47619047619047616,
    "C": 0.0,
    "D": 0.047619047619047616,
    "E": 0.023809523809523808,
    "F": 0.023809523809523808,
    "G": 0.0,
    "H": 0.0,
    "I": 0.023809523809523808,
    "K": 0.14285714285714285,
    "L": 0.023809523809523808,
    "M": 0.0,
    "N": 0.0,
    "P": 0.047619047619047616,
    "Q": 0.0,
    "R": 0.0,
    "S": 0.07142857142857142,
    "T": 0.0,
    "V": 0.0,
    "W": 0.0,
    "Y": 0.11904761904761904
  },
  "-2": {
    "A": 0.5476190476190477,
    "C": 0.0,
    "D": 0.11904761904761904,
    "E": 0.0,
    "F": 0.023809523809523808,
    "G": 0.047619047619047616,
    "H": 0.0,
    "I": 0.0,
    "K": 0.023809523809523808,
    "L": 0.0,
    "M": 0.0,
    "N": 0.0,
    "P": 0.023809523809523808,
    "Q": 0.023809523809523808,
    "R": 0.07142857142857142,
    "S": 0.09523809523809523,
    "T": 0.023809523809523808,
    "V": 0.0,
    "W": 0.0,
    "Y": 0.0
  },
  "-1": {
    "A": 0.5238095238095238,
    "C": 0.0,
    "D": 0.047619047619047616,
    "E": 0.11904761904761904,
    "F": 0.0,
    "G": 0.09523809523809523,
    "H": 0.0,
    "I": 0.0,
    "K": 0.0,
    "L": 0.023809523809523808,
    "M": 0.0,
    "N": 0.0,
    "P": 0.0,
    "Q": 0.0,
    "R": 0.0,
    "S": 0.07142857142857142,
    "T": 0.09523809523809523,
    "V": 0.0,
    "W": 0.0,
    "Y": 0.023809523809523808
  },
  "0": {
    "A": 0.0,
    "C": 0.0,
    "D": 0.0,
    "E": 0.0,
    "F": 0.0,
    "G": 0.0,
    "H": 0.0,
    "I": 0.0,
    "K": 1.0,
    "L": 0.0,
    "M": 0.0,
    "N": 0.0,
    "P": 0.0,
    "Q": 0.0,
    "R": 0.0,
    "S": 0.0,
    "T": 0.0,
    "V": 0.0,
    "W": 0.0,
    "Y": 0.0
  },
  "+1": {
    "A": 0.42857142857142855,
    "C": 0.0,
    "D": 0.023809523809523808,
    "E": 0.023809523809523808,
    "F": 0.09523809523809523,
    "G": 0.11904761904761904,
    "H": 0.0,
    "I": 0.023809523809523808,
    "K": 0.0,
    "L": 0.023809523809523808,
    "M": 0.0,
    "N": 0.0,
    "P": 0.023809523809523808,
    "Q": 0.07142857142857142,
    "R": 0.023809523809523808,
    "S": 0.09523809523809523,
    "T": 0.023809523809523808,
    "V": 0.0,
    "W": 0.0,
    "Y": 0.023809523809523808
  },
  "+2": {
    "A": 0.38095238095238093,
    "C": 0.023809523809523808,
    "D": 0.0,
    "E": 0.0,
    "F": 0.0,
    "G": 0.23809523809523808,
    "H": 0.07142857142857142,
    "I": 0.0,
    "K": 0.0,
    "L": 0.0,
    "M": 0.0,
    "N": 0.0,
    "P": 0.023809523809523808,
    "Q": 0.047619047619047616,
    "R": 0.023809523809523808,
    "S": 0.0,
    "T": 0.14285714285714285,
    "V": 0.047619047619047616,
    "W": 0.0,
    "Y": 0.0
  },
  "+3": {
    "A": 0.38095238095238093,
    "C": 0.0,
    "D": 0.047619047619047616,
    "E": 0.0,
    "F": 0.023809523809523808,
    "G": 0.16666666666666666,
    "H": 0.0,
    "I": 0.023809523809523808,
    "K": 0.14285714285714285,
    "L": 0.0,
    "M": 0.0,
    "N": 0.0,
    "P": 0.047619047619047616,
    "Q": 0.047619047619047616,
    "R": 0.047619047619047616,
    "S": 0.047619047619047616,
    "T": 0.0,
    "V": 0.0,
    "W": 0.0,
    "Y": 0.023809523809523808
  },
  "+4": {
    "A": 0.11904761904761904,
    "C": 0.0,
    "D": 0.0,
    "E": 0.0,
    "F": 0.16666666666666666,
    "G": 0.16666666666666666,
    "H": 0.0,
    "I": 0.047619047619047616,
    "K": 0.16666666666666666,
    "L": 0.023809523809523808,
    "M": 0.0,
    "N": 0.0,
    "P": 0.07142857142857142,
    "Q": 0.023809523809523808,
    "R": 0.11904761904761904,
    "S": 0.0,
    "T": 0.023809523809523808,
    "V": 0.047619047619047616,
    "W": 0.0,
    "Y": 0.023809523809523808
  },
  "+5": {
    "A": 0.16666666666666666,
    "C": 0.0,
    "D": 0.0,
    "E": 0.047619047619047616,
    "F": 0.023809523809523808,
    "G": 0.4523809523809524,
    "H": 0.0,
    "I": 0.023809523809523808,
    "K": 0.07142857142857142,
    "L": 0.047619047619047616,
    "M": 0.0,
    "N": 0.0,
    "P": 0.0,
    "Q": 0.0,
    "R": 0.0,
    "S": 0.07142857142857142,
    "T": 0.07142857142857142,
    "V": 0.023809523809523808,
    "W": 0.0,
    "Y": 0.0
  },
  "+6": {
    "A": 0.2619047619047619,
    "C": 0.0,
    "D": 0.0,
    "E": 0.023809523809523808,
    "F": 0.023809523809523808,
    "G": 0.09523809523809523,
    "H": 0.0,
    "I": 0.023809523809523808,
    "K": 0.0,
    "L": 0.14285714285714285,
    "M": 0.0,
    "N": 0.0,
    "P": 0.11904761904761904,
    "Q": 0.023809523809523808,
    "R": 0.047619047619047616,
    "S": 0.11904761904761904,
    "T": 0.0,
    "V": 0.11904761904761904,
    "W": 0.0,
    "Y": 0.0
  },
  "+7": {
    "A": 0.14285714285714285,