{
  "-10": {
    "A": 0.04921259842519685,
    "C": 0.05905511811023622,
    "D": 0.02952755905511811,
    "E": 0.19094488188976377,
    "F": 0.03740157480314961,
    "G": 0.03740157480314961,
    "H": 0.00984251968503937,
    "I": 0.00984251968503937,
    "K": 0.07874015748031496,
    "L": 0.06299212598425197,
    "M": 0.001968503937007874,
    "N": 0.017716535433070866,
    "P": 0.04921259842519685,
    "Q": 0.031496062992125984,
    "R": 0.1437007874015748,
    "S": 0.02952755905511811,
    "T": 0.013779527559055118,
    "V": 0.02952755905511811,
    "W": 0.003937007874015748,
    "Y": 0.011811023622047244
  },
  "-9": {
    "A": 0.0610236220472441,
    "C": 0.0610236220472441,
    "D": 0.021653543307086614,
    "E": 0.17519685039370078,
    "F": 0.015748031496062992,
    "G": 0.06496062992125984,
    "H": 0.007874015748031496,
    "I": 0.007874015748031496,
    "K": 0.0531496062992126,
    "L": 0.045275590551181105,
    "M": 0.0,
    "N": 0.031496062992125984,
    "P": 0.0688976377952756,
    "Q": 0.03937007874015748,
    "R": 0.08661417322834646,
    "S": 0.04330708661417323,
    "T": 0.03543307086614173,
    "V": 0.04330708661417323,
    "W": 0.00984251968503937,
    "Y": 0.03740157480314961
  },
  "-8": {
    "A": 0.0531496062992126,
    "C": 0.06692913385826772,
    "D": 0.021653543307086614,
    "E": 0.07677165354330709,
    "F": 0.025590551181102362,
    "G": 0.08267716535433071,
    "H": 0.011811023622047244,
    "I": 0.03937007874015748,
    "K": 0.07677165354330709,
    "L": 0.08070866141732283,
    "M": 0.005905511811023622,
    "N": 0.051181102362204724,
    "P": 0.0610236220472441,
    "Q": 0.023622047244094488,
    "R": 0.10826771653543307,
    "S": 0.047244094488188976,
    "T": 0.03543307086614173,
    "V": 0.02952755905511811,
    "W": 0.00984251968503937,
    "Y": 0.017716535433070866
  },
  "-7": {
    "A": 0.051181102362204724,
    "C": 0.0531496062992126,
    "D": 0.031496062992125984,
    "E": 0.23818897637795275,
    "F": 0.007874015748031496,
    "G": 0.045275590551181105,
    "H": 0.013779527559055118,
    "I": 0.03346456692913386,
    "K": 0.05708661417322835,
    "L": 0.04133858267716536,
    "M": 0.015748031496062992,
    "N": 0.0610236220472441,
    "P": 0.013779527559055118,
    "Q": 0.011811023622047244,
    "R": 0.14566929133858267,
    "S": 0.02952755905511811,
    "T": 0.03543307086614173,
    "V": 0.027559055118110236,
    "W": 0.005905511811023622,
    "Y": 0.01968503937007874
  },
  "-6": {
    "A": 0.06299212598425197,
    "C": 0.02952755905511811,
    "D": 0.02952755905511811,
    "E": 0.20866141732283464,
    "F": 0.021653543307086614,
    "G": 0.0531496062992126,
    "H": 0.003937007874015748,
    "I": 0.02952755905511811,
    "K": 0.04330708661417323,
    "L": 0.07086614173228346,
    "M": 0.007874015748031496,
    "N": 0.0610236220472441,
    "P": 0.07874015748031496,
    "Q": 0.025590551181102362,
    "R": 0.0610236220472441,
    "S": 0.06496062992125984,
    "T": 0.03937007874015748,
    "V": 0.031496062992125984,
    "W": 0.003937007874015748,
    "Y": 0.02952755905511811
  },
  "-5": {
    "A": 0.09645669291338582,
    "C": 0.07874015748031496,
    "D": 0.027559055118110236,
    "E": 0.12007874015748031,
    "F": 0.031496062992125984,
    "G": 0.0610236220472441,
    "H": 0.011811023622047244,
    "I": 0.027559055118110236,
    "K": 0.06692913385826772,
    "L": 0.06692913385826772,
    "M": 0.005905511811023622,
    "N": 0.05905511811023622,
    "P": 0.011811023622047244,
    "Q": 0.03543307086614173,
    "R": 0.10039370078740158,
    "S": 0.0531496062992126,
    "T": 0.027559055118110236,
    "V": 0.03543307086614173,
    "W": 0.011811023622047244,
    "Y": 0.03740157480314961
  },
  "-4": {
    "A": 0.04330708661417323,
    "C": 0.07283464566929133,
    "D": 0.025590551181102362,
    "E": 0.22244094488188976,
    "F": 0.02952755905511811,
    "G": 0.025590551181102362,
    "H": 0.011811023622047244,
    "I": 0.021653543307086614,
    "K": 0.04330708661417323,
    "L": 0.03346456692913386,
    "M": 0.007874015748031496,
    "N": 0.06299212598425197,
    "P": 0.04330708661417323,
    "Q": 0.01968503937007874,
    "R": 0.14763779527559054,
    "S": 0.08661417322834646,
    "T": 0.027559055118110236,
    "V": 0.00984251968503937,
    "W": 0.013779527559055118,
    "Y": 0.017716535433070866
  },
  "-3": {
    "A": 0.03543307086614173,
    "C": 0.11220472440944881,
    "D": 0.045275590551181105,
    "E": 0.21850393700787402,
    "F": 0.03346456692913386,
    "G": 0.10433070866141732,
    "H": 0.005905511811023622,
    "I": 0.017716535433070866,
    "K": 0.03346456692913386,
    "L": 0.06299212598425197,
    "M": 0.011811023622047244,
    "N": 0.045275590551181105,
    "P": 0.03346456692913386,
    "Q": 0.017716535433070866,
    "R": 0.04330708661417323,
    "S": 0.08858267716535433,
    "T": 0.03346456692913386,
    "V": 0.03346456692913386,
    "W": 0.001968503937007874,
    "Y": 0.00984251968503937
  },
  "-2": {
    "A": 0.07874015748031496,
    "C": 0.08070866141732283,
    "D": 0.047244094488188976,
    "E": 0.09448818897637795,
    "F": 0.045275590551181105,
    "G": 0.03740157480314961,
    "H": 0.013779527559055118,
    "I": 0.0531496062992126,
    "K": 0.04133858267716536,
    "L": 0.09645669291338582,
    "M": 0.011811023622047244,
    "N": 0.05905511811023622,
    "P": 0.04921259842519685,
    "Q": 0.031496062992125984,
    "R": 0.027559055118110236,
    "S": 0.04921259842519685,
    "T": 0.01968503937007874,
    "V": 0.09448818897637795,
    "W": 0.00984251968503937,
    "Y": 0.05905511811023622
  },
  "-1": {
    "A": 0.04330708661417323,
    "C": 0.10433070866141732,
    "D": 0.04133858267716536,
    "E": 0.19094488188976377,
    "F": 0.05708661417322835,
    "G": 0.015748031496062992,
    "H": 0.021653543307086614,
    "I": 0.02952755905511811,
    "K": 0.027559055118110236,
    "L": 0.10236220472440945,
    "M": 0.00984251968503937,
    "N": 0.025590551181102362,
    "P": 0.025590551181102362,
    "Q": 0.02952755905511811,
    "R": 0.1515748031496063,
    "S": 0.04133858267716536,
    "T": 0.01968503937007874,
    "V": 0.023622047244094488,
    "W": 0.00984251968503937,
    "Y": 0.027559055118110236
  },
  "0": {
    "A": 0.0,
    "C": 0.0,
    "D": 0.0,
    "E": 1.0,
    "F": 0.0,
    "G": 0.0,
    "H": 0.0,
    "I": 0.0,
    "K": 0.0,
    "L": 0.0,
    "M": 0.0,
    "N": 0.0,
    "P": 0.0,
    "Q": 0.0,
    "R": 0.0,
    "S": 0.0,
    "T": 0.0,
    "V": 0.0,
    "W": 0.0,
    "Y": 0.0
  },
  "+1": {
    "A": 0.07086614173228346,
    "C": 0.13188976377952755,
    "D": 0.03937007874015748,
    "E": 0.17716535433070865,
    "F": 0.03740157480314961,
    "G": 0.025590551181102362,
    "H": 0.013779527559055118,
    "I": 0.03937007874015748,
    "K": 0.03740157480314961,
    "L": 0.07677165354330709,
    "M": 0.00984251968503937,
    "N": 0.03346456692913386,
    "P": 0.023622047244094488,
    "Q": 0.015748031496062992,
    "R": 0.06692913385826772,
    "S": 0.05511811023622047,
    "T": 0.027559055118110236,
    "V": 0.09055118110236221,
    "W": 0.001968503937007874,
    "Y": 0.023622047244094488
  },
  "+2": {
    "A": 0.08661417322834646,
    "C": 0.18503937007874016,
    "D": 0.027559055118110236,
    "E": 0.0688976377952756,
    "F": 0.047244094488188976,
    "G": 0.007874015748031496,
    "H": 0.017716535433070866,
    "I": 0.051181102362204724,
    "K": 0.051181102362204724,
    "L": 0.06299212598425197,
    "M": 0.005905511811023622,
    "N": 0.05708661417322835,
    "P": 0.027559055118110236,
    "Q": 0.047244094488188976,
    "R": 0.08070866141732283,
    "S": 0.045275590551181105,
    "T": 0.0531496062992126,
    "V": 0.03346456692913386,
    "W": 0.015748031496062992,
    "Y": 0.017716535433070866
  },
  "+3": {
    "A": 0.025590551181102362,
    "C": 0.11220472440944881,
    "D": 0.02952755905511811,
    "E": 0.23622047244094488,
    "F": 0.013779527559055118,
    "G": 0.007874015748031496,
    "H": 0.015748031496062992,
    "I": 0.013779527559055118,