{
  "-10": {
    "A": -4.813781191217037,
    "C": "-inf",
    "D": -3.5658536777734513,
    "E": -3.006426269159433,
    "F": -4.35434957257974,
    "G": -3.813781191217037,
    "H": -5.006426269159433,
    "I": -6.813781191217037,
    "K": -5.006426269159433,
    "L": -3.813781191217037,
    "M": -5.813781191217037,
    "N": -6.22881869049588,
    "P": "-inf",
    "Q": -4.643856189774724,
    "R": -3.3543495725797396,
    "S": -4.643856189774724,
    "T": -4.643856189774724,
    "V": -4.643856189774724,
    "W": -6.22881869049588,
    "Y": -4.35434957257974
  },
  "-9": {
    "A": -4.113341473075945,
    "C": -6.813781191217037,
    "D": -4.113341473075945,
    "E": -4.006426269159433,
    "F": -6.22881869049588,
    "G": -3.5658536777734513,
    "H": -5.006426269159433,
    "I": -7.813781191217037,
    "K": -5.813781191217037,
    "L": -4.22881869049588,
    "M": -5.813781191217037,
    "N": -5.006426269159433,
    "P": -2.4918530963296748,
    "Q": -5.813781191217037,
    "R": -3.813781191217037,
    "S": -4.113341473075945,
    "T": -5.22881869049588,
    "V": -6.22881869049588,
    "W": -6.813781191217037,
    "Y": -4.35434957257974
  },
  "-8": {
    "A": -5.006426269159433,
    "C": -7.813781191217037,
    "D": -3.813781191217037,
    "E": -4.006426269159433,
    "F": -4.643856189774724,
    "G": -4.643856189774724,
    "H": -6.813781191217037,
    "I": -5.813781191217037,
    "K": -5.006426269159433,
    "L": -3.290219235160024,
    "M": -5.813781191217037,
    "N": -5.22881869049588,
    "P": -3.5658536777734513,
    "Q": -6.813781191217037,
    "R": -4.35434957257974,
    "S": -3.9068905956085187,
    "T": -3.643856189774725,
    "V": -5.006426269159433,
    "W": -5.22881869049588,
    "Y": -4.006426269159433
  },
  "-7": {
    "A": -5.006426269159433,
    "C": -5.006426269159433,
    "D": -3.290219235160024,
    "E": -3.290219235160024,
    "F": -5.22881869049588,
    "G": -3.290219235160024,
    "H": -4.491853096329675,
    "I": -6.813781191217037,
    "K": -5.006426269159433,
    "L": -4.113341473075945,
    "M": -5.491853096329675,
    "N": -6.22881869049588,
    "P": -4.813781191217037,
    "Q": -5.491853096329675,
    "R": -5.491853096329675,
    "S": -4.813781191217037,
    "T": -3.7263183499666974,
    "V": -4.491853096329675,
    "W": -5.813781191217037,
    "Y": -4.813781191217037
  },
  "-6": {
    "A": -3.3543495725797396,
    "C": -7.813781191217037,
    "D": -4.22881869049588,
    "E": -3.290219235160024,
    "F": -3.7263183499666974,
    "G": -4.35434957257974,
    "H": -5.813781191217037,
    "I": -5.22881869049588,
    "K": -6.22881869049588,
    "L": -4.643856189774724,
    "M": -5.491853096329675,
    "N": -4.491853096329675,
    "P": -4.491853096329675,
    "Q": -4.813781191217037,
    "R": -3.643856189774725,
    "S": -3.9068905956085187,
    "T": -4.643856189774724,
    "V": -5.813781191217037,
    "W": "-inf",
    "Y": -4.813781191217037
  },
  "-5": {
    "A": -5.006426269159433,
    "C": -7.813781191217037,
    "D": -4.113341473075945,
    "E": -2.6043278255880873,
    "F": -5.006426269159433,
    "G": -4.813781191217037,
    "H": -4.35434957257974,
    "I": -4.006426269159433,
    "K": -4.643856189774724,
    "L": -4.813781191217037,
    "M": -5.22881869049588,
    "N": -5.491853096329675,
    "P": -4.813781191217037,
    "Q": -4.813781191217037,
    "R": -5.006426269159433,
    "S": -3.9068905956085187,
    "T": -4.22881869049588,
    "V": -4.813781191217037,
    "W": "-inf",
    "Y": -3.813781191217037
  },
  "-4": {
    "A": -4.35434957257974,
    "C": "-inf",
    "D": -3.813781191217037,
    "E": -2.859584880830162,
    "F": -4.35434957257974,
    "G": -5.813781191217037,
    "H": -6.813781191217037,
    "I": -6.22881869049588,
    "K": "-inf",
    "L": -5.006426269159433,
    "M": -5.813781191217037,
    "N": -3.7263183499666974,
    "P": -3.290219235160024,
    "Q": -3.9068905956085187,
    "R": -4.813781191217037,
    "S": -3.290219235160024,
    "T": -3.9068905956085187,
    "V": -5.813781191217037,
    "W": -7.813781191217037,
    "Y": -5.006426269159433
  },
  "-3": {
    "A": -5.491853096329675,
    "C": "-inf",
    "D": -2.6043278255880873,
    "E": -3.1133414730759448,
    "F": -3.1133414730759448,
    "G": -4.491853096329675,
    "H": -4.643856189774724,
    "I": -6.22881869049588,
    "K": "-inf",
    "L": -5.22881869049588,
    "M": "-inf",
    "N": -4.006426269159433,
    "P": -4.113341473075945,
    "Q": -3.643856189774725,
    "R": -6.22881869049588,
    "S": -3.813781191217037,
    "T": -5.006426269159433,
    "V": -6.22881869049588,
    "W": -7.813781191217037,
    "Y": -3.5658536777734513
  },
  "-2": {
    "A": -4.22881869049588,
    "C": -6.813781191217037,
    "D": -2.6844981742720706,
    "E": -3.1699250014423126,
    "F": -5.491853096329675,
    "G": -5.006426269159433,
    "H": -5.491853096329675,
    "I": -6.22881869049588,
    "K": -7.813781191217037,
    "L": -4.35434957257974,
    "M": -6.22881869049588,
    "N": -5.491853096329675,
    "P": -3.813781191217037,
    "Q": -3.643856189774725,
    "R": -3.4918530963296748,
    "S": -4.813781191217037,
    "T": -4.22881869049588,
    "V": -6.22881869049588,
    "W": -7.813781191217037,
    "Y": -3.006426269159433
  },
  "-1": {
    "A": -4.22881869049588,
    "C": "-inf",
    "D": -1.0324214776923775,
    "E": -3.5658536777734513,
    "F": -6.22881869049588,
    "G": -7.813781191217037,
    "H": -5.491853096329675,
    "I": -3.4918530963296748,
    "K": "-inf",
    "L": -6.22881869049588,
    "M": -6.813781191217037,
    "N": -5.22881869049588,
    "P": -4.643856189774724,
    "Q": -4.813781191217037,
    "R": "-inf",
    "S": -5.813781191217037,
    "T": -6.22881869049588,
    "V": -6.22881869049588,
    "W": "-inf",
    "Y": -3.813781191217037
  },
  "0": {
    "A": "-inf",
    "C": "-inf",
    "D": "-inf",
    "E": "-inf",
    "F": "-inf",
    "G": "-inf",
    "H": "-inf",
    "I": "-inf",
    "K": "-inf",
    "L": "-inf",
    "M": "-inf",
    "N": "-inf",
    "P": "-inf",
    "Q": "-inf",
    "R": "-inf",
    "S": "-inf",
    "T": "-inf",
    "V": "-inf",
    "W": "-inf",
    "Y": 0.0
  },
  "+1": {
    "A": -6.813781191217037,
    "C": -4.813781191217037,
    "D": -2.5658536777734513,
    "E": -3.643856189774725,
    "F": -7.813781191217037,
    "G": -2.4214637684382767,
    "H": -7.813781191217037,
    "I": -4.491853096329675,
    "K": -7.813781191217037,
    "L": -5.006426269159433,
    "M": -4.22881869049588,
    "N": -5.813781191217037,
    "P": -3.813781191217037,
    "Q": -5.22881869049588,
    "R": "-inf",
    "S": -5.22881869049588,
    "T": -3.006426269159433,
    "V": -6.813781191217037,
    "W": "-inf",
    "Y": -4.006426269159433
  },
  "+2": {
    "A": -6.22881869049588,
    "C": "-inf",
    "D": -2.7693870718585836,
    "E": -3.4918530963296748,
    "F": -5.813781191217037,
    "G": -2.955800196089465,
    "H": -3.813781191217037,
    "I": -6.22881869049588,
    "K": "-inf",
    "L": -5.22881869049588,
    "M": "-inf",
    "N": -5.22881869049588,
    "P": -5.491853096329675,
    "Q": -3.9068905956085187,
    "R": "-inf",
    "S": -4.35434957257974,
    "T": -4.491853096329675,
    "V": -5.22881869049588,
    "W": -4.22881869049588,
    "Y": -2.813781191217037
  },
  "+3": {
    "A": -5.491853096329675,
    "C": -7.813781191217037,
    "D": -3.3543495725797396,
    "E": -3.4214637684382767,
    "F": -6.813781191217037,
    "G": -3.813781191217037,
    "H": -6.22881869049588,
    "I": -5.813781191217037,
    "K": -6.22881869049588,
    "L": -4.813781191217037,
    "M": -3.1699250014423126,
    "N": -5.006426269159433,
    "P": -3.9068905956085187,
    "Q": -5.491853096329675,
    "R": "-inf",
    "S": -5.006426269159433,
    "T": -4.113341473075945,
    "V": -6.22881869049588,
    "W": -3.290219235160024,
    "Y": -3.5658536777734513
  },
  "+4": {
    "A": -6.22881869049588,
    "C": -6.813781191217037,
    "D": -3.006426269159433,
    "E": -3.0588936890535687,
    "F": -5.006426269159433,
    "G": -5.813781191217037,