{
  "-10": {
    "A": -3.608809242675524,
    "C": "-inf",
    "D": -4.930737337562886,
    "E": -4.34577483684173,
    "F": -6.930737337562886,
    "G": -3.9307373375628862,
    "H": -5.930737337562886,
    "I": -4.34577483684173,
    "K": -3.760812336120574,
    "L": -4.123382415505282,
    "M": -4.608809242675524,
    "N": -5.930737337562886,
    "P": -3.760812336120574,
    "Q": -5.930737337562886,
    "R": -4.123382415505282,
    "S": -3.9307373375628862,
    "T": -4.34577483684173,
    "V": -5.930737337562886,
    "W": "-inf",
    "Y": "-inf"
  },
  "-9": {
    "A": -4.123382415505282,
    "C": -5.930737337562886,
    "D": -4.34577483684173,
    "E": -5.34577483684173,
    "F": -6.930737337562886,
    "G": -4.930737337562886,
    "H": -5.930737337562886,
    "I": -4.930737337562886,
    "K": -4.608809242675524,
    "L": -4.123382415505282,
    "M": -5.930737337562886,
    "N": -4.930737337562886,
    "P": -4.930737337562886,
    "Q": -4.930737337562886,
    "R": -3.023846741954368,
    "S": -3.608809242675524,
    "T": -3.9307373375628862,
    "V": -4.34577483684173,
    "W": "-inf",
    "Y": "-inf"
  },
  "-8": {
    "A": -4.608809242675524,
    "C": "-inf",
    "D": -6.930737337562886,
    "E": -4.608809242675524,
    "F": -4.608809242675524,
    "G": -3.9307373375628862,
    "H": -4.930737337562886,
    "I": -5.930737337562886,
    "K": -2.123382415505282,
    "L": -4.34577483684173,
    "M": -4.123382415505282,
    "N": -5.930737337562886,
    "P": -4.608809242675524,
    "Q": -6.930737337562886,
    "R": -4.34577483684173,
    "S": -3.9307373375628862,
    "T": -4.608809242675524,
    "V": -5.34577483684173,
    "W": "-inf",
    "Y": "-inf"
  },
  "-7": {
    "A": -2.843274496312547,
    "C": -6.930737337562886,
    "D": -6.930737337562886,
    "E": -4.608809242675524,
    "F": -5.930737337562886,
    "G": -4.34577483684173,
    "H": -6.930737337562886,
    "I": -6.930737337562886,
    "K": -3.608809242675524,
    "L": -5.34577483684173,
    "M": "-inf",
    "N": -6.930737337562886,
    "P": -3.9307373375628862,
    "Q": -3.9307373375628862,
    "R": -3.471305718925589,
    "S": -3.123382415505282,
    "T": -4.930737337562886,
    "V": -4.123382415505282,
    "W": "-inf",
    "Y": -6.930737337562886
  },
  "-6": {
    "A": -5.930737337562886,
    "C": -6.930737337562886,
    "D": -5.34577483684173,
    "E": -5.34577483684173,
    "F": -5.930737337562886,
    "G": -3.471305718925589,
    "H": -5.930737337562886,
    "I": -4.930737337562886,
    "K": -3.34577483684173,
    "L": -3.230297619421794,
    "M": -5.34577483684173,
    "N": -5.930737337562886,
    "P": -5.930737337562886,
    "Q": -6.930737337562886,
    "R": -3.230297619421794,
    "S": -3.471305718925589,
    "T": -4.123382415505282,
    "V": -3.9307373375628862,
    "W": -5.930737337562886,
    "Y": -6.930737337562886
  },
  "-5": {
    "A": -3.230297619421794,
    "C": "-inf",
    "D": -5.930737337562886,
    "E": -4.608809242675524,
    "F": -3.760812336120574,
    "G": -2.608809242675524,
    "H": -6.930737337562886,
    "I": -6.930737337562886,
    "K": -4.34577483684173,
    "L": -4.34577483684173,
    "M": "-inf",
    "N": -5.930737337562886,
    "P": -5.34577483684173,
    "Q": -5.930737337562886,
    "R": -5.34577483684173,
    "S": -3.471305718925589,
    "T": -3.34577483684173,
    "V": -4.930737337562886,
    "W": "-inf",
    "Y": -5.34577483684173
  },
  "-4": {
    "A": -2.9307373375628862,
    "C": "-inf",
    "D": -4.123382415505282,
    "E": -5.930737337562886,
    "F": -4.608809242675524,
    "G": -3.123382415505282,
    "H": -5.930737337562886,
    "I": -5.930737337562886,
    "K": -3.608809242675524,
    "L": -4.123382415505282,
    "M": -4.34577483684173,
    "N": -6.930737337562886,
    "P": -4.34577483684173,
    "Q": -4.930737337562886,
    "R": -6.930737337562886,
    "S": -3.760812336120574,
    "T": -3.9307373375628862,
    "V": -4.930737337562886,
    "W": "-inf",
    "Y": "-inf"
  },
  "-3": {
    "A": -4.34577483684173,
    "C": "-inf",
    "D": -4.123382415505282,
    "E": -4.930737337562886,
    "F": -5.930737337562886,
    "G": -3.471305718925589,
    "H": -4.608809242675524,
    "I": -5.930737337562886,
    "K": -2.760812336120574,
    "L": -5.34577483684173,
    "M": -2.843274496312547,
    "N": -6.930737337562886,
    "P": -3.608809242675524,
    "Q": -3.9307373375628862,
    "R": -5.930737337562886,
    "S": -3.608809242675524,
    "T": -6.930737337562886,
    "V": -4.34577483684173,
    "W": "-inf",
    "Y": -4.930737337562886
  },
  "-2": {
    "A": -2.760812336120574,
    "C": "-inf",
    "D": -5.34577483684173,
    "E": -4.608809242675524,
    "F": -5.34577483684173,
    "G": -3.608809242675524,
    "H": -4.930737337562886,
    "I": -5.34577483684173,
    "K": -3.230297619421794,
    "L": -3.230297619421794,
    "M": -3.608809242675524,
    "N": -6.930737337562886,
    "P": -6.930737337562886,
    "Q": -5.930737337562886,
    "R": -4.608809242675524,
    "S": -3.123382415505282,
    "T": -3.608809242675524,
    "V": -4.34577483684173,
    "W": "-inf",
    "Y": -6.930737337562886
  },
  "-1": {
    "A": -2.023846741954368,
    "C": "-inf",
    "D": -4.608809242675524,
    "E": -4.123382415505282,
    "F": -5.930737337562886,
    "G": -2.538419914784126,
    "H": -5.930737337562886,
    "I": -5.34577483684173,
    "K": -4.123382415505282,
    "L": -4.34577483684173,
    "M": -5.930737337562886,
    "N": -5.930737337562886,
    "P": -3.471305718925589,
    "Q": -5.34577483684173,
    "R": -4.930737337562886,
    "S": -3.608809242675524,
    "T": -4.930737337562886,
    "V": -5.34577483684173,
    "W": "-inf",
    "Y": "-inf"
  },
  "0": {
    "A": "-inf",
    "C": "-inf",
    "D": "-inf",
    "E": "-inf",
    "F": "-inf",
    "G": "-inf",
    "H": "-inf",
    "I": "-inf",
    "K": "-inf",
    "L": "-inf",
    "M": "-inf",
    "N": "-inf",
    "P": "-inf",
    "Q": "-inf",
    "R": 0.0,
    "S": "-inf",
    "T": "-inf",
    "V": "-inf",
    "W": "-inf",
    "Y": "-inf"
  },
  "+1": {
    "A": -4.608809242675524,
    "C": -6.930737337562886,
    "D": -3.9307373375628862,
    "E": -4.608809242675524,
    "F": -5.34577483684173,
    "G": -2.230297619421794,
    "H": -4.930737337562886,
    "I": -6.930737337562886,
    "K": -2.760812336120574,
    "L": -4.930737337562886,
    "M": "-inf",
    "N": -4.930737337562886,
    "P": -6.930737337562886,
    "Q": -5.930737337562886,
    "R": -5.34577483684173,
    "S": -3.023846741954368,
    "T": -3.123382415505282,
    "V": -4.34577483684173,
    "W": "-inf",
    "Y": "-inf"
  },
  "+2": {
    "A": -3.9307373375628862,
    "C": -6.930737337562886,
    "D": -5.930737337562886,
    "E": -4.930737337562886,
    "F": -4.930737337562886,
    "G": -2.538419914784126,
    "H": "-inf",
    "I": -5.930737337562886,
    "K": -2.6828098241193006,
    "L": -4.608809242675524,
    "M": -5.930737337562886,
    "N": "-inf",
    "P": -4.930737337562886,
    "Q": -3.34577483684173,
    "R": -4.123382415505282,
    "S": -2.538419914784126,
    "T": -4.930737337562886,
    "V": -6.930737337562886,
    "W": "-inf",
    "Y": -6.930737337562886
  },
  "+3": {
    "A": -4.123382415505282,
    "C": -6.930737337562886,
    "D": -4.34577483684173,
    "E": -4.34577483684173,
    "F": -4.608809242675524,
    "G": -4.123382415505282,
    "H": -4.930737337562886,
    "I": -6.930737337562886,
    "K": -3.9307373375628862,
    "L": -3.023846741954368,
    "M": -5.930737337562886,
    "N": -6.930737337562886,
    "P": -4.123382415505282,
    "Q": -2.843274496312547,
    "R": -4.34577483684173,
    "S": -3.9307373375628862,
    "T": -4.123382415505282,
    "V": -3.9307373375628862,
    "W": -6.930737337562886,
    "Y": -6.930737337562886
  },
  "+4": {
    "A": -3.471305718925589,
    "C": -6.930737337562886,
    "D": -6.930737337562886,
    "E": -3.760812336120574,
    "F": -6.930737337562886,
    "G": -2.0727563424353144,
    "H": "-inf",
    "I": -5.930737337562886,
    "K": -4.123382415505282,
    "L": -3.760812336120574,