{
  "-10": {
    "A": -3.9124287791499484,
    "C": -6.8520561611704665,
    "D": -4.425241494115269,
    "E": -3.7383993793748997,
    "F": -5.2282046470557155,
    "G": -4.0080064391321795,
    "H": -6.001433785208693,
    "I": -4.014609173956427,
    "K": -3.544388759408274,
    "L": -3.5420021665713963,
    "M": -5.451876620618736,
    "N": -4.617886572057666,
    "P": -4.390476075954592,
    "Q": -4.817009214071266,
    "R": -3.965809875477972,
    "S": -3.8789116529971728,
    "T": -4.469910543448997,
    "V": -3.900150449371512,
    "W": -7.25923154267634,
    "Y": -5.212937890402405
  },
  "-9": {
    "A": -3.965809875477972,
    "C": -7.2282046470557155,
    "D": -4.3481652710966285,
    "E": -3.8849480427278413,
    "F": -5.235899038845717,
    "G": -3.7548875021634687,
    "H": -6.153436878653744,
    "I": -3.918607354079073,
    "K": -3.4362797655677175,
    "L": -3.5420021665713963,
    "M": -5.274998858534657,
    "N": -4.695330657483013,
    "P": -4.403415131662091,
    "Q": -5.290940402403678,
    "R": -3.985131972879593,
    "S": -3.943589710636409,
    "T": -4.26315724589014,
    "V": -3.972221863992206,
    "W": -7.2282046470557155,
    "Y": -4.981893598813048
  },
  "-8": {
    "A": -3.7383993793748997,
    "C": -7.027905996569885,
    "D": -4.364940983847455,
    "E": -3.6953306574830136,
    "F": -5.146168878189704,
    "G": -4.041326512332206,
    "H": -5.553974808237472,
    "I": -4.0823537805922605,
    "K": -3.5372407924776708,
    "L": -3.640686441430803,
    "M": -5.7383993793749,
    "N": -4.638135255901471,
    "P": -4.298977721469097,
    "Q": -4.840278993394113,
    "R": -4.1940788631510895,
    "S": -3.7659852110467993,
    "T": -4.243634687625321,
    "V": -4.017921907997263,
    "W": -7.0823537805922605,
    "Y": -5.021242266288874
  },
  "-7": {
    "A": -4.071987065034001,
    "C": -7.110368156761857,
    "D": -4.110368156761857,
    "E": -3.5230502350425716,
    "F": -5.373402562595651,
    "G": -4.131741807554424,
    "H": -6.0548730441701535,
    "I": -3.869904162503391,
    "K": -3.4121060919261352,
    "L": -3.539619515260402,
    "M": -5.912428779149948,
    "N": -4.534865985289767,
    "P": -4.3151879486503555,
    "Q": -4.900150449371512,
    "R": -4.0616943100261675,
    "S": -3.956245011442438,
    "T": -4.286938471846182,
    "V": -4.117457581548177,
    "W": -7.25923154267634,
    "Y": -4.894050249835094
  },
  "-6": {
    "A": -3.7997999240390428,
    "C": -7.612868497291041,
    "D": -4.323361880096056,
    "E": -3.7743648766627724,
    "F": -4.9186073540790725,
    "G": -4.153436878653744,
    "H": -6.553974808237472,
    "I": -3.7884400618744953,
    "K": -3.7912716526576578,
    "L": -3.5160069580384516,
    "M": -5.048083878507515,
    "N": -4.339850002884625,
    "P": -4.502022728602751,
    "Q": -5.182880656546225,
    "R": -4.1940788631510895,
    "S": -3.7383993793748997,
    "T": -4.186603742588943,
    "V": -3.894050249835094,
    "W": -7.290940402403678,
    "Y": -4.771566243310099
  },
  "-5": {
    "A": -3.817009214071266,
    "C": -6.828597188346478,
    "D": -4.3481652710966285,
    "E": -3.757653936454845,
    "F": -4.92481250360578,
    "G": -4.331582386901024,
    "H": -5.875902903124834,
    "I": -3.7493704971959025,
    "K": -3.6204021699764484,
    "L": -3.394776213388218,
    "M": -5.451876620618736,
    "N": -4.633046379228671,
    "P": -4.290940402403678,
    "Q": -5.175463184983743,
    "R": -4.3947762133882184,
    "S": -3.7743648766627724,
    "T": -4.1903364614652725,
    "V": -3.855015536651011,
    "W": -6.92481250360578,
    "Y": -4.875902903124834
  },
  "-4": {
    "A": -4.271040844965974,
    "C": -7.323361880096056,
    "D": -4.0823537805922605,
    "E": -2.90321024912057,
    "F": -5.160741679276977,
    "G": -4.138937308958628,
    "H": -6.274998858534657,
    "I": -4.113908514467106,
    "K": -3.7659852110467993,
    "L": -3.5324950808270206,
    "M": -5.160741679276977,
    "N": -4.381914062451169,
    "P": -4.239761678478115,
    "Q": -4.597918155825069,
    "R": -4.627975389681249,
    "S": -3.8285971883464778,
    "T": -4.502022728602751,
    "V": -4.0616943100261675,
    "W": -7.168083654618145,
    "Y": -4.906276552168353
  },
  "-3": {
    "A": -3.8849480427278413,
    "C": -7.390476075954592,
    "D": -4.128157470205386,
    "E": -2.731584557818588,
    "F": -4.869904162503391,
    "G": -4.085825972499066,
    "H": -6.168083654618145,
    "I": -3.9981586531758326,
    "K": -3.872900414963311,
    "L": -3.4997051457093513,
    "M": -5.7383993793749,
    "N": -4.492774651800735,
    "P": -4.369165569709181,
    "Q": -4.881926690752604,
    "R": -4.674269041955184,
    "S": -4.075434366652471,
    "T": -4.339850002884625,
    "V": -4.164407996474747,
    "W": -7.027905996569885,
    "Y": -5.096292971550135
  },
  "-2": {
    "A": -3.4496381484227365,
    "C": -6.497391279871104,
    "D": -4.573340133104403,
    "E": -3.8849480427278413,
    "F": -4.235899038845717,
    "G": -3.897097125393958,
    "H": -6.2282046470557155,
    "I": -3.7006444573794814,
    "K": -3.9124287791499484,
    "L": -3.1607416792769767,
    "M": -5.390476075954592,
    "N": -4.442943495848728,
    "P": -4.568474377932588,
    "Q": -5.1245820159815585,
    "R": -4.506669093459116,
    "S": -3.9818935988130484,
    "T": -4.5929689398533355,
    "V": -3.9499034845686114,
    "W": -6.674269041955184,
    "Y": -4.969012307516316
  },
  "-1": {
    "A": -4.1245820159815585,
    "C": -7.356528744031255,
    "D": -4.447403144039428,
    "E": -3.6664495374958848,
    "F": -3.746619886179868,
    "G": -3.9062765521683533,
    "H": -6.900150449371512,
    "I": -4.0548730441701535,
    "K": -3.7884400618744953,
    "L": -2.805513575233437,
    "M": -5.041326512332206,
    "N": -5.0548730441701535,
    "P": -5.014609173956427,
    "Q": -5.160741679276977,
    "R": -4.0823537805922605,
    "S": -4.110368156761857,
    "T": -4.674269041955184,
    "V": -3.8639302614587585,
    "W": -6.573340133104403,
    "Y": -4.962614536318165
  },
  "0": {
    "A": "-inf",
    "C": "-inf",
    "D": "-inf",
    "E": "-inf",
    "F": "-inf",
    "G": "-inf",
    "H": "-inf",
    "I": "-inf",
    "K": 0.0,
    "L": "-inf",
    "M": "-inf",
    "N": "-inf",
    "P": "-inf",
    "Q": "-inf",
    "R": "-inf",
    "S": "-inf",
    "T": "-inf",
    "V": "-inf",
    "W": "-inf",
    "Y": "-inf"
  },
  "+1": {
    "A": -3.633046379228671,
    "C": -7.197830998012197,
    "D": -4.323361880096056,
    "E": -3.4429434958487284,
    "F": -4.8639302614587585,
    "G": -3.8849480427278413,
    "H": -5.912428779149948,
    "I": -3.900150449371512,
    "K": -3.8141267055381447,
    "L": -3.5515723180221674,
    "M": -6.0548730441701535,
    "N": -4.9373034477889775,
    "P": -4.658672186904165,
    "Q": -4.638135255901471,
    "R": -4.179167153747161,
    "S": -3.518350898506751,
    "T": -4.534865985289767,
    "V": -3.9786624775500354,
    "W": -7.027905996569885,
    "Y": -4.539619515260402
  },
  "+2": {
    "A": -3.5954414255328566,
    "C": -7.2282046470557155,
    "D": -4.622922161954964,
    "E": -3.9062765521683533,
    "F": -4.817009214071266,
    "G": -3.9786624775500354,
    "H": -5.71670430827558,
    "I": -3.785614017795732,
    "K": -3.965809875477972,
    "L": -3.1959537107715263,
    "M": -5.563624978271192,
    "N": -4.42964667323527,
    "P": -4.373402562595651,
    "Q": -4.817009214071266,
    "R": -4.653510481788387,
    "S": -3.7329449492827913,
    "T": -4.157084655668887,
    "V": -3.9981586531758326,
    "W": -6.900150449371512,
    "Y": -4.71670430827558
  },
  "+3": {
    "A": -4.149798301590395,
    "C": -7.168083654618145,
    "D": -4.274998858534657,
    "E": -3.2072542518988225,
    "F": -5.0616943100261675,
    "G": -3.630508656426771,
    "H": -5.9373034477889775,
    "I": -3.7411343470961387,
    "K": -3.9124287791499484,
    "L": -3.544388759408274,
    "M": -5.9373034477889775,
    "N": -4.483585480346075,
    "P": -4.722097567045799,
    "Q": -4.684761415772827,
    "R": -4.25923154267634,