{
  "-10": {
    "A": -5.700439718141092,
    "C": -6.700439718141092,
    "D": -5.115477217419936,
    "E": -5.700439718141092,
    "F": "-inf",
    "G": -4.700439718141092,
    "H": "-inf",
    "I": -6.700439718141092,
    "K": -3.3785116232537296,
    "L": -4.115477217419936,
    "M": -6.700439718141092,
    "N": -5.700439718141092,
    "P": -4.115477217419936,
    "Q": -2.893084796083488,
    "R": -2.0,
    "S": -5.700439718141092,
    "T": -5.700439718141092,
    "V": -6.700439718141092,
    "W": "-inf",
    "Y": "-inf"
  },
  "-9": {
    "A": -3.893084796083488,
    "C": "-inf",
    "D": -3.53051471669878,
    "E": -5.700439718141092,
    "F": "-inf",
    "G": -2.452512204697507,
    "H": -4.115477217419936,
    "I": -6.700439718141092,
    "K": -5.700439718141092,
    "L": "-inf",
    "M": -6.700439718141092,
    "N": -5.700439718141092,
    "P": -2.308122295362332,
    "Q": -5.115477217419936,
    "R": -4.37851162325373,
    "S": -3.893084796083488,
    "T": -5.115477217419936,
    "V": -5.700439718141092,
    "W": "-inf",
    "Y": -5.700439718141092
  },
  "-8": {
    "A": -4.700439718141092,
    "C": "-inf",
    "D": -4.700439718141092,
    "E": -4.37851162325373,
    "F": -6.700439718141092,
    "G": -5.700439718141092,
    "H": -5.700439718141092,
    "I": "-inf",
    "K": -2.6129768768907526,
    "L": -4.37851162325373,
    "M": -5.115477217419936,
    "N": -2.6129768768907526,
    "P": -3.893084796083488,
    "Q": -4.37851162325373,
    "R": -4.37851162325373,
    "S": -3.0,
    "T": -5.700439718141092,
    "V": -5.700439718141092,
    "W": "-inf",
    "Y": "-inf"
  },
  "-7": {
    "A": -4.700439718141092,
    "C": "-inf",
    "D": -4.700439718141092,
    "E": -4.37851162325373,
    "F": -6.700439718141092,
    "G": -4.37851162325373,
    "H": -2.893084796083488,
    "I": -5.700439718141092,
    "K": -3.700439718141092,
    "L": -4.115477217419936,
    "M": -5.700439718141092,
    "N": -5.115477217419936,
    "P": -2.241008099503795,
    "Q": -3.53051471669878,
    "R": -6.700439718141092,
    "S": -4.37851162325373,
    "T": -4.115477217419936,
    "V": "-inf",
    "W": -5.700439718141092,
    "Y": "-inf"
  },
  "-6": {
    "A": -5.115477217419936,
    "C": -6.700439718141092,
    "D": -2.0565835283663674,
    "E": -4.700439718141092,
    "F": -6.700439718141092,
    "G": -5.700439718141092,
    "H": -5.700439718141092,
    "I": "-inf",
    "K": -3.700439718141092,
    "L": "-inf",
    "M": "-inf",
    "N": -3.893084796083488,
    "P": -3.893084796083488,
    "Q": -4.700439718141092,
    "R": -4.700439718141092,
    "S": -5.115477217419936,
    "T": "-inf",
    "V": "-inf",
    "W": -2.115477217419936,
    "Y": -4.700439718141092
  },
  "-5": {
    "A": -1.7935491225325737,
    "C": -5.700439718141092,
    "D": "-inf",
    "E": -3.893084796083488,
    "F": -5.115477217419936,
    "G": "-inf",
    "H": "-inf",
    "I": -6.700439718141092,
    "K": -3.700439718141092,
    "L": -3.893084796083488,
    "M": "-inf",
    "N": -6.700439718141092,
    "P": -4.37851162325373,
    "Q": -3.53051471669878,
    "R": -2.700439718141092,
    "S": -3.700439718141092,
    "T": -6.700439718141092,
    "V": "-inf",
    "W": "-inf",
    "Y": -6.700439718141092
  },
  "-4": {
    "A": -4.115477217419936,
    "C": "-inf",
    "D": -6.700439718141092,
    "E": "-inf",
    "F": -0.8930847960834881,
    "G": -6.700439718141092,
    "H": "-inf",
    "I": -5.700439718141092,
    "K": "-inf",
    "L": -5.115477217419936,
    "M": -5.700439718141092,
    "N": "-inf",
    "P": "-inf",
    "Q": -5.700439718141092,
    "R": -5.700439718141092,
    "S": "-inf",
    "T": -4.37851162325373,
    "V": -2.53051471669878,
    "W": -6.700439718141092,
    "Y": -6.700439718141092
  },
  "-3": {
    "A": -4.115477217419936,
    "C": "-inf",
    "D": -6.700439718141092,
    "E": -6.700439718141092,
    "F": -3.115477217419936,
    "G": -2.0565835283663674,
    "H": -6.700439718141092,
    "I": -3.700439718141092,
    "K": -5.115477217419936,
    "L": -6.700439718141092,
    "M": "-inf",
    "N": "-inf",
    "P": -4.37851162325373,
    "Q": -6.700439718141092,
    "R": "-inf",
    "S": -5.700439718141092,
    "T": "-inf",
    "V": -3.0,
    "W": -4.700439718141092,
    "Y": -2.6129768768907526
  },
  "-2": {
    "A": -6.700439718141092,
    "C": "-inf",
    "D": "-inf",
    "E": "-inf",
    "F": -5.700439718141092,
    "G": -1.1768777620840793,
    "H": -2.241008099503795,
    "I": -6.700439718141092,
    "K": -5.115477217419936,
    "L": -5.700439718141092,
    "M": "-inf",
    "N": -4.37851162325373,
    "P": -2.893084796083488,
    "Q": "-inf",
    "R": "-inf",
    "S": -5.115477217419936,
    "T": "-inf",
    "V": -6.700439718141092,
    "W": "-inf",
    "Y": "-inf"
  },
  "-1": {
    "A": "-inf",
    "C": "-inf",
    "D": "-inf",
    "E": "-inf",
    "F": -2.893084796083488,
    "G": -6.700439718141092,
    "H": "-inf",
    "I": -6.700439718141092,
    "K": -5.700439718141092,
    "L": -0.7231597946411757,
    "M": "-inf",
    "N": -5.700439718141092,
    "P": -5.700439718141092,
    "Q": -5.115477217419936,
    "R": -3.53051471669878,
    "S": "-inf",
    "T": -6.700439718141092,
    "V": -6.700439718141092,
    "W": -6.700439718141092,
    "Y": "-inf"
  },
  "0": {
    "A": "-inf",
    "C": "-inf",
    "D": "-inf",
    "E": "-inf",
    "F": "-inf",
    "G": "-inf",
    "H": "-inf",
    "I": "-inf",
    "K": "-inf",
    "L": "-inf",
    "M": 0.0,
    "N": "-inf",
    "P": "-inf",
    "Q": "-inf",
    "R": "-inf",
    "S": "-inf",
    "T": "-inf",
    "V": "-inf",
    "W": "-inf",
    "Y": "-inf"
  },
  "+1": {
    "A": "-inf",
    "C": "-inf",
    "D": "-inf",
    "E": "-inf",
    "F": "-inf",
    "G": -1.5305147166987798,
    "H": "-inf",
    "I": "-inf",
    "K": -5.700439718141092,
    "L": -5.700439718141092,
    "M": -5.700439718141092,
    "N": -6.700439718141092,
    "P": "-inf",
    "Q": "-inf",
    "R": "-inf",
    "S": "-inf",
    "T": "-inf",
    "V": "-inf",
    "W": "-inf",
    "Y": "-inf"
  },
  "+2": {
    "A": "-inf",
    "C": -6.700439718141092,
    "D": "-inf",
    "E": "-inf",
    "F": "-inf",
    "G": -6.700439718141092,
    "H": "-inf",
    "I": "-inf",
    "K": -2.115477217419936,
    "L": "-inf",
    "M": "-inf",
    "N": "-inf",
    "P": "-inf",
    "Q": -5.700439718141092,
    "R": -3.241008099503795,
    "S": -6.700439718141092,
    "T": "-inf",
    "V": -5.700439718141092,
    "W": "-inf",
    "Y": "-inf"
  },
  "+3": {
    "A": -6.700439718141092,
    "C": "-inf",
    "D": "-inf",
    "E": "-inf",
    "F": "-inf",
    "G": -5.700439718141092,
    "H": "-inf",
    "I": "-inf",
    "K": -3.3785116232537296,
    "L": "-inf",
    "M": "-inf",
    "N": "-inf",
    "P": -5.700439718141092,
    "Q": "-inf",
    "R": -2.53051471669878,
    "S": -4.37851162325373,
    "T": -6.700439718141092,
    "V": -6.700439718141092,
    "W": -5.700439718141092,
    "Y": "-inf"
  },
  "+4": {
    "A": -5.115477217419936,
    "C": "-inf",
    "D": -5.115477217419936,
    "E": -5.700439718141092,
    "F": "-inf",
    "G": -6.700439718141092,
    "H": -6.700439718141092,
    "I": "-inf",
    "K": -5.115477217419936,
    "L": "-inf",
    "M": "-inf",
    "N": -5.700439718141092,
    "P": "-inf",
    "Q": -6.700439718141092,
    "R": -5.700439718141092,
    "S": -3.0,
    "T": -4.700439718141092,
    "V": -4.37851162325373,
    "W": "-inf",
    "Y": "-inf"
  },
  "+5": {
    "A": -4.700439718141092,
    "C": "-inf",
    "D": "-inf",
    "E": -3.893084796083488,
    "F": -6.700439718141092,
    "G": -5.115477217419936,
    "H": "-inf",
    "I": -5.700439718141092,
    "K": "-inf",
    "L": -4.115477217419936,
    "M": -6.700439718141092,
    "N": -6.700439718141092,
    "P": -5.115477217419936,
    "Q": -6.700439718141092,
    "R": -4.700439718141092,
    "S": -6.700439718141092,
    "T": -6.700439718141092,
    "V": -5.115477217419936,
    "W": "-inf",
    "Y": -6.700439718141092
  },
  "+6": {
    "A": -5.115477217419936,
    "C": "-inf",
    "D": -5.700439718141092,