{
  "-10": {
    "A": -3.8112099328835005,
    "C": -6.549742822196667,
    "D": -4.630361282404952,
    "E": -4.295227648718321,
    "F": -4.933753425854887,
    "G": -3.0357578242915015,
    "H": -5.622093666421351,
    "I": -5.2091186335994,
    "K": -4.429448588478955,
    "L": -3.962169108018973,
    "M": -5.372865060112588,
    "N": -5.0733047782536795,
    "P": -3.44394815817407,
    "Q": -4.469678433267488,
    "R": -3.3868042510704615,
    "S": -3.647040023551582,
    "T": -4.647040023551582,
    "V": -4.605699228170683,
    "W": -7.4883422775325235,
    "Y": -5.09031120355937
  },
  "-9": {
    "A": -3.9058866324219426,
    "C": -6.663913842115978,
    "D": -4.693926411182418,
    "E": -4.393824678748234,
    "F": -5.012608846566126,
    "G": -2.9726424392484816,
    "H": -5.4808477409856,
    "I": -5.311753545809201,
    "K": -4.465974464504069,
    "L": -4.023456228803118,
    "M": -5.234100990156736,
    "N": -5.1604154420237185,
    "P": -3.503449169922732,
    "Q": -4.44394815817407,
    "R": -3.3885561578320544,
    "S": -3.473391936066552,
    "T": -4.447595935189215,
    "V": -4.499657590760358,
    "W": -7.050936965225225,
    "Y": -5.331837791852533
  },
  "-8": {
    "A": -3.769524030076577,
    "C": -7.050936965225225,
    "D": -4.801841750349306,
    "E": -4.362498344554329,
    "F": -5.084620091481514,
    "G": -3.0289106588952266,
    "H": -5.589489000989423,
    "I": -5.2467562909627645,
    "K": -4.383306806834234,
    "L": -3.975272695293153,
    "M": -5.227814727309305,
    "N": -5.142567440690794,
    "P": -3.5655101380549836,
    "Q": -4.415093295501885,
    "R": -3.2821418896986616,
    "S": -3.4958759502179313,
    "T": -4.418668749725713,
    "V": -4.569479040257929,
    "W": -7.518715926576043,
    "Y": -5.148492274647899
  },
  "-7": {
    "A": -3.687442377612219,
    "C": -6.647040023551582,
    "D": -4.557604939969638,
    "E": -4.372865060112588,
    "F": -5.190661728891839,
    "G": -2.9595626122044916,
    "H": -5.613873159616383,
    "I": -5.272404878333375,
    "K": -4.672425341971495,
    "L": -4.050936965225225,
    "M": -5.589489000989423,
    "N": -5.096024854753764,
    "P": -3.429448588478955,
    "Q": -4.429448588478955,
    "R": -3.256321154998299,
    "S": -3.4604362809626394,
    "T": -4.589489000989423,
    "V": -4.538029401632876,
    "W": -7.613873159616383,
    "Y": -5.2919450647290205
  },
  "-6": {
    "A": -3.6982653469067555,
    "C": -6.86385141262473,
    "D": -4.959562612204492,
    "E": -4.390310194571997,
    "F": -5.09031120355937,
    "G": -2.8253772648100943,
    "H": -5.622093666421351,
    "I": -5.078951341394822,
    "K": -4.6512400120808675,
    "L": -3.832513446091723,
    "M": -5.113302846185599,
    "N": -5.154441540979086,
    "P": -3.6036629610141637,
    "Q": -4.429448588478955,
    "R": -3.4421277225497016,
    "S": -3.5655101380549836,
    "T": -4.379817820754354,
    "V": -4.379817820754354,
    "W": -7.2919450647290205,
    "Y": -5.379817820754354
  },
  "-5": {
    "A": -3.7832859313210614,
    "C": -6.825377264810094,
    "D": -4.655452263367782,
    "E": -4.379817820754354,
    "F": -5.050936965225225,
    "G": -2.8065182375587785,
    "H": -5.873632433417315,
    "I": -5.311753545809201,
    "K": -4.923557658748998,
    "L": -3.9109134494967748,
    "M": -5.32511192866422,
    "N": -5.124937546669003,
    "P": -3.406193236178652,
    "Q": -4.34879092513373,
    "R": -3.511062354032607,
    "S": -3.3955851366126715,
    "T": -4.530272957998442,
    "V": -4.422253087074751,
    "W": -7.096024854753764,
    "Y": -5.221555736837622
  },
  "-4": {
    "A": -3.6617937902416084,
    "C": -6.883480219373663,
    "D": -4.760421822969325,
    "E": -4.243582043167621,
    "F": -4.959562612204492,
    "G": -2.8736324334173156,
    "H": -5.672425341971495,
    "I": -5.142567440690794,
    "K": -5.13079027291444,
    "L": -3.8206393458034316,
    "M": -5.436680157710031,
    "N": -5.221555736837622,
    "P": -3.393824678748234,
    "Q": -4.298517718652507,
    "R": -3.64913848943558,
    "S": -3.4958759502179313,
    "T": -4.386804251070462,
    "V": -4.499657590760358,
    "W": -7.458594934138472,
    "Y": -4.815916935561028
  },
  "-3": {
    "A": -3.5894890009894236,
    "C": -6.630361282404952,
    "D": -4.820639345803431,
    "E": -4.098890188448153,
    "F": -4.733454775369055,
    "G": -2.736798218443426,
    "H": -5.706982564007864,
    "I": -5.32511192866422,
    "K": -5.09031120355937,
    "L": -3.938878458032754,
    "M": -5.184561529355421,
    "N": -5.0072155877959075,
    "P": -3.3487909251337302,
    "Q": -4.397347745311931,
    "R": -3.8958852402644433,
    "S": -3.3955851366126715,
    "T": -4.638676550616955,
    "V": -4.642852226588149,
    "W": -7.190661728891839,
    "Y": -5.039881776716229
  },
  "-2": {
    "A": -3.507250740082588,
    "C": -6.630361282404952,
    "D": -4.706982564007864,
    "E": -4.187608404914284,
    "F": -4.9491834664244925,
    "G": -2.8135615145628985,
    "H": -5.565510138054983,
    "I": -5.148492274647899,
    "K": -5.166414182645162,
    "L": -3.8230063603473474,
    "M": -5.265949856196076,
    "N": -5.234100990156736,
    "P": -3.7135552179313502,
    "Q": -4.422253087074751,
    "R": -3.362498344554328,
    "S": -3.4641260401117004,
    "T": -4.585464744430628,
    "V": -4.511062354032608,
    "W": -6.8065182375587785,
    "Y": -5.1366668392511095
  },
  "-1": {
    "A": -3.970016969841658,
    "C": -6.8065182375587785,
    "D": -3.47153398984597,
    "E": -4.698265346906755,
    "F": -5.184561529355421,
    "G": -2.502500340529183,
    "H": -6.0733047782536795,
    "I": -4.938878458032754,
    "K": -5.5341459671456485,
    "L": -3.4902220107507462,
    "M": -5.589489000989423,
    "N": -4.908397851577992,
    "P": -3.241997534451629,
    "Q": -4.715752773635596,
    "R": -4.44394815817407,
    "S": -3.503449169922732,
    "T": -5.166414182645162,
    "V": -4.59352451422458,
    "W": -7.613873159616383,
    "Y": -5.0453987816837955
  },
  "0": {
    "A": "-inf",
    "C": "-inf",
    "D": "-inf",
    "E": "-inf",
    "F": "-inf",
    "G": "-inf",
    "H": "-inf",
    "I": "-inf",
    "K": "-inf",
    "L": "-inf",
    "M": "-inf",
    "N": "-inf",
    "P": "-inf",
    "Q": "-inf",
    "R": 0.0,
    "S": "-inf",
    "T": "-inf",
    "V": "-inf",
    "W": "-inf",
    "Y": "-inf"
  },
  "+1": {
    "A": -3.9058866324219426,
    "C": -6.923557658748998,
    "D": -5.3051204534767535,
    "E": -5.2467562909627645,
    "F": -4.729008870337863,
    "G": -1.4177740550980371,
    "H": -5.663913842115978,
    "I": -5.345384323690481,
    "K": -5.345384323690481,
    "L": -3.93119772095113,
    "M": -5.4883422775325235,
    "N": -5.647040023551582,
    "P": -3.996489181202849,
    "Q": -5.096024854753764,
    "R": -4.702617371446462,
    "S": -3.9517712609136484,
    "T": -5.298517718652507,
    "V": -4.970016969841658,
    "W": -7.372865060112588,
    "Y": -5.372865060112588
  },
  "+2": {
    "A": -3.4827177283386455,
    "C": -6.8065182375587785,
    "D": -5.372865060112588,
    "E": -4.778684029362053,
    "F": -4.830130794780729,
    "G": -2.4403095811107223,
    "H": -5.715752773635596,
    "I": -5.272404878333375,
    "K": -5.265949856196076,
    "L": -3.9991633155011743,
    "M": -5.573458891170475,
    "N": -5.44394815817407,
    "P": -3.6138731596163827,
    "Q": -4.4808477409856,
    "R": -3.376337252019393,
    "S": -3.5167987235817515,
    "T": -4.613873159616383,
    "V": -4.376337252019393,
    "W": -6.565510138054983,
    "Y": -5.084620091481514
  },
  "+3": {
    "A": -3.751376683366318,
    "C": -6.597571347287282,
    "D": -4.834900038928601,
    "E": -4.638676550616955,
    "F": -4.59352451422458,
    "G": -2.804178099104262,
    "H": -5.311753545809201,
    "I": -5.096024854753764,
    "K": -4.959562612204492,
    "L": -3.607738373444281,
    "M": -5.541923317737368,
    "N": -5.096024854753764,
    "P": -3.4827177283386455,
    "Q": -4.589489000989423,
    "R": -3.769524030076577,
    "S": -3.3352125186331896,