{
  "-10": {
    "A": -3.560714954474479,
    "C": -5.882643049361842,
    "D": -3.075288127304237,
    "E": "-inf",
    "F": "-inf",
    "G": -4.297680548640685,
    "H": -2.712718047919529,
    "I": -4.297680548640685,
    "K": -2.882643049361841,
    "L": -3.560714954474479,
    "M": "-inf",
    "N": -5.882643049361842,
    "P": -3.560714954474479,
    "Q": -3.297680548640685,
    "R": -4.882643049361842,
    "S": "-inf",
    "T": "-inf",
    "V": -5.882643049361842,
    "W": "-inf",
    "Y": "-inf"
  },
  "-9": {
    "A": -4.882643049361842,
    "C": "-inf",
    "D": -4.882643049361842,
    "E": -3.075288127304237,
    "F": -3.560714954474479,
    "G": -3.560714954474479,
    "H": -3.882643049361841,
    "I": -4.882643049361842,
    "K": -5.882643049361842,
    "L": -3.075288127304237,
    "M": "-inf",
    "N": "-inf",
    "P": "-inf",
    "Q": "-inf",
    "R": -2.182203331220749,
    "S": -3.075288127304237,
    "T": "-inf",
    "V": -4.882643049361842,
    "W": "-inf",
    "Y": "-inf"
  },
  "-8": {
    "A": -4.297680548640685,
    "C": "-inf",
    "D": -3.297680548640685,
    "E": -4.297680548640685,
    "F": -4.297680548640685,
    "G": -3.075288127304237,
    "H": "-inf",
    "I": -5.882643049361842,
    "K": -3.882643049361841,
    "L": -3.075288127304237,
    "M": -4.297680548640685,
    "N": "-inf",
    "P": -5.882643049361842,
    "Q": -4.297680548640685,
    "R": -4.297680548640685,
    "S": -2.712718047919529,
    "T": -5.882643049361842,
    "V": -5.882643049361842,
    "W": "-inf",
    "Y": -4.882643049361842
  },
  "-7": {
    "A": -4.882643049361842,
    "C": -3.297680548640685,
    "D": "-inf",
    "E": -5.882643049361842,
    "F": -3.560714954474479,
    "G": -3.560714954474479,
    "H": -4.882643049361842,
    "I": -4.297680548640685,
    "K": -5.882643049361842,
    "L": -2.297680548640685,
    "M": -4.882643049361842,
    "N": -4.297680548640685,
    "P": -5.882643049361842,
    "Q": -3.882643049361841,
    "R": -3.560714954474479,
    "S": "-inf",
    "T": "-inf",
    "V": -5.882643049361842,
    "W": "-inf",
    "Y": -3.882643049361841
  },
  "-6": {
    "A": -4.882643049361842,
    "C": -4.297680548640685,
    "D": "-inf",
    "E": -4.882643049361842,
    "F": "-inf",
    "G": -3.560714954474479,
    "H": -4.882643049361842,
    "I": -4.297680548640685,
    "K": -1.8826430493618413,
    "L": "-inf",
    "M": "-inf",
    "N": -3.560714954474479,
    "P": -2.560714954474479,
    "Q": -4.882643049361842,
    "R": -4.882643049361842,
    "S": -4.882643049361842,
    "T": "-inf",
    "V": "-inf",
    "W": -4.297680548640685,
    "Y": -5.882643049361842
  },
  "-5": {
    "A": -2.560714954474479,
    "C": "-inf",
    "D": -3.297680548640685,
    "E": -4.297680548640685,
    "F": "-inf",
    "G": -3.560714954474479,
    "H": "-inf",
    "I": -4.297680548640685,
    "K": -2.712718047919529,
    "L": -4.297680548640685,
    "M": "-inf",
    "N": -4.882643049361842,
    "P": -3.560714954474479,
    "Q": "-inf",
    "R": -4.882643049361842,
    "S": -5.882643049361842,
    "T": "-inf",
    "V": -3.297680548640685,
    "W": "-inf",
    "Y": -4.297680548640685
  },
  "-4": {
    "A": -4.882643049361842,
    "C": -5.882643049361842,
    "D": "-inf",
    "E": -5.882643049361842,
    "F": "-inf",
    "G": -3.075288127304237,
    "H": "-inf",
    "I": -4.297680548640685,
    "K": -2.423211430724544,
    "L": -2.712718047919529,
    "M": -5.882643049361842,
    "N": -3.882643049361841,
    "P": -5.882643049361842,
    "Q": -4.882643049361842,
    "R": "-inf",
    "S": -3.560714954474479,
    "T": -5.882643049361842,
    "V": -3.297680548640685,
    "W": "-inf",
    "Y": -3.882643049361841
  },
  "-3": {
    "A": -5.882643049361842,
    "C": "-inf",
    "D": "-inf",
    "E": -5.882643049361842,
    "F": -4.882643049361842,
    "G": -3.560714954474479,
    "H": -3.075288127304237,
    "I": -3.882643049361841,
    "K": -2.297680548640685,
    "L": -2.882643049361841,
    "M": -2.560714954474479,
    "N": "-inf",
    "P": "-inf",
    "Q": "-inf",
    "R": -4.297680548640685,
    "S": -4.882643049361842,
    "T": "-inf",
    "V": -4.297680548640685,
    "W": "-inf",
    "Y": -5.882643049361842
  },
  "-2": {
    "A": -5.882643049361842,
    "C": -3.297680548640685,
    "D": -5.882643049361842,
    "E": -5.882643049361842,
    "F": -4.297680548640685,
    "G": -2.882643049361841,
    "H": -5.882643049361842,
    "I": -5.882643049361842,
    "K": -4.882643049361842,
    "L": -3.075288127304237,
    "M": "-inf",
    "N": -2.560714954474479,
    "P": -3.882643049361841,
    "Q": -3.882643049361841,
    "R": "-inf",
    "S": -3.882643049361841,
    "T": -4.882643049361842,
    "V": -3.882643049361841,
    "W": "-inf",
    "Y": "-inf"
  },
  "-1": {
    "A": -3.075288127304237,
    "C": -3.075288127304237,
    "D": -4.297680548640685,
    "E": -4.882643049361842,
    "F": "-inf",
    "G": "-inf",
    "H": "-inf",
    "I": -4.297680548640685,
    "K": -3.560714954474479,
    "L": -2.297680548640685,
    "M": "-inf",
    "N": -3.882643049361841,
    "P": -3.882643049361841,
    "Q": -3.560714954474479,
    "R": -3.882643049361841,
    "S": "-inf",
    "T": "-inf",
    "V": -4.297680548640685,
    "W": "-inf",
    "Y": "-inf"
  },
  "0": {
    "A": 0.0,
    "C": "-inf",
    "D": "-inf",
    "E": "-inf",
    "F": "-inf",
    "G": "-inf",
    "H": "-inf",
    "I": "-inf",
    "K": "-inf",
    "L": "-inf",
    "M": "-inf",
    "N": "-inf",
    "P": "-inf",
    "Q": "-inf",
    "R": "-inf",
    "S": "-inf",
    "T": "-inf",
    "V": "-inf",
    "W": "-inf",
    "Y": "-inf"
  },
  "+1": {
    "A": "-inf",
    "C": "-inf",
    "D": "-inf",
    "E": "-inf",
    "F": "-inf",
    "G": -1.1822033312207492,
    "H": "-inf",
    "I": "-inf",
    "K": "-inf",
    "L": "-inf",
    "M": "-inf",
    "N": "-inf",
    "P": "-inf",
    "Q": "-inf",
    "R": "-inf",
    "S": "-inf",
    "T": "-inf",
    "V": "-inf",
    "W": "-inf",
    "Y": "-inf"
  },
  "+2": {
    "A": "-inf",
    "C": "-inf",
    "D": "-inf",
    "E": -5.882643049361842,
    "F": "-inf",
    "G": "-inf",
    "H": "-inf",
    "I": -5.882643049361842,
    "K": -2.882643049361841,
    "L": "-inf",
    "M": "-inf",
    "N": "-inf",
    "P": "-inf",
    "Q": "-inf",
    "R": -2.182203331220749,
    "S": "-inf",
    "T": "-inf",
    "V": "-inf",
    "W": "-inf",
    "Y": "-inf"
  },
  "+3": {
    "A": "-inf",
    "C": "-inf",
    "D": "-inf",
    "E": "-inf",
    "F": "-inf",
    "G": -5.882643049361842,
    "H": "-inf",
    "I": "-inf",
    "K": -5.882643049361842,
    "L": -5.882643049361842,
    "M": "-inf",
    "N": "-inf",
    "P": "-inf",
    "Q": -4.882643049361842,
    "R": -3.297680548640685,
    "S": -3.882643049361841,
    "T": "-inf",
    "V": "-inf",
    "W": "-inf",
    "Y": "-inf"
  },
  "+4": {
    "A": "-inf",
    "C": "-inf",
    "D": -3.882643049361841,
    "E": -4.297680548640685,
    "F": -5.882643049361842,
    "G": "-inf",
    "H": "-inf",
    "I": "-inf",
    "K": -4.882643049361842,
    "L": "-inf",
    "M": "-inf",
    "N": "-inf",
    "P": "-inf",
    "Q": "-inf",
    "R": "-inf",
    "S": -5.882643049361842,
    "T": "-inf",
    "V": "-inf",
    "W": "-inf",
    "Y": "-inf"
  },
  "+5": {
    "A": "-inf",
    "C": "-inf",
    "D": "-inf",
    "E": -4.297680548640685,
    "F": "-inf",
    "G": "-inf",
    "H": "-inf",
    "I": -5.882643049361842,
    "K": "-inf",
    "L": -4.297680548640685,
    "M": "-inf",
    "N": "-inf",
    "P": -5.882643049361842,
    "Q": "-inf",
    "R": "-inf",
    "S": "-inf",
    "T": "-inf",
    "V": -4.882643049361842,
    "W": "-inf",
    "Y": "-inf"
  },
  "+6": {
    "A": -5.882643049361842,
    "C": "-inf",
    "D": -5.882643049361842,
    "E": -3.560714954474479,
    "F": "-inf",
    "G": "-inf",
    "H": "-inf",
    "I": "-inf",
    "K": "-inf",
    "L": -5.882643049361842,
    "M": "-inf",
    "N": "-inf",
    "P": "-inf",
    "Q": "-inf",
    "R": "-inf",
    "S": "-inf",
    "T": "-inf",
    "V": "-inf",
    "W": "-inf",
    "Y": "-inf"
  },