{
  "-10": {
    "A": -4.475733430966398,
    "C": -1.7752937128253057,
    "D": -7.475733430966398,
    "E": "-inf",
    "F": "-inf",
    "G": -4.890770930245242,
    "H": -4.890770930245242,
    "I": -6.475733430966398,
    "K": -6.475733430966398,
    "L": -5.475733430966398,
    "M": -7.475733430966398,
    "N": -6.475733430966398,
    "P": -2.5215371205795223,
    "Q": -7.475733430966398,
    "R": -3.7752937128253055,
    "S": -4.153805336079035,
    "T": -4.890770930245242,
    "V": -4.668378508908794,
    "W": -7.475733430966398,
    "Y": -6.475733430966398
  },
  "-9": {
    "A": -3.5688428353578794,
    "C": -2.5215371205795223,
    "D": "-inf",
    "E": -5.475733430966398,
    "F": "-inf",
    "G": -5.153805336079035,
    "H": -3.7752937128253055,
    "I": -7.475733430966398,
    "K": -3.5688428353578794,
    "L": "-inf",
    "M": -5.890770930245242,
    "N": -5.153805336079035,
    "P": -3.2278059175228124,
    "Q": -6.475733430966398,
    "R": -3.0163018123291003,
    "S": -4.3058084295240855,
    "T": -5.890770930245242,
    "V": -4.668378508908794,
    "W": -4.890770930245242,
    "Y": -7.475733430966398
  },
  "-8": {
    "A": -5.475733430966398,
    "C": -2.1538053360790355,
    "D": -5.890770930245242,
    "E": -7.475733430966398,
    "F": -6.475733430966398,
    "G": -5.475733430966398,
    "H": -5.890770930245242,
    "I": -7.475733430966398,
    "K": -5.890770930245242,
    "L": -7.475733430966398,
    "M": "-inf",
    "N": -4.153805336079035,
    "P": -2.9521714749093846,
    "Q": "-inf",
    "R": -4.475733430966398,
    "S": -3.0163018123291003,
    "T": -3.5688428353578794,
    "V": -3.4757334309663976,
    "W": -4.153805336079035,
    "Y": "-inf"
  },
  "-7": {
    "A": -3.2278059175228124,
    "C": -2.7752937128253055,
    "D": -4.475733430966398,
    "E": -4.475733430966398,
    "F": -4.3058084295240855,
    "G": -2.266280065337448,
    "H": -6.475733430966398,
    "I": -5.890770930245242,
    "K": -4.475733430966398,
    "L": -7.475733430966398,
    "M": -7.475733430966398,
    "N": -4.668378508908794,
    "P": -4.153805336079035,
    "Q": -6.475733430966398,
    "R": -4.0163018123291,
    "S": -4.475733430966398,
    "T": -6.475733430966398,
    "V": -6.475733430966398,
    "W": -4.3058084295240855,
    "Y": -6.475733430966398
  },
  "-6": {
    "A": -3.4757334309663976,
    "C": -1.7208459288029292,
    "D": -4.3058084295240855,
    "E": -5.475733430966398,
    "F": -5.890770930245242,
    "G": -5.475733430966398,
    "H": -6.475733430966398,
    "I": -7.475733430966398,
    "K": -5.153805336079035,
    "L": -4.890770930245242,
    "M": -5.890770930245242,
    "N": -6.475733430966398,
    "P": -3.6683785089087935,
    "Q": -5.890770930245242,
    "R": -3.5688428353578794,
    "S": -3.0163018123291003,
    "T": -7.475733430966398,
    "V": -4.668378508908794,
    "W": "-inf",
    "Y": -4.890770930245242
  },
  "-5": {
    "A": -5.153805336079035,
    "C": -2.6683785089087935,
    "D": -3.8907709302452416,
    "E": -5.153805336079035,
    "F": -5.890770930245242,
    "G": -2.6177524358388253,
    "H": -5.890770930245242,
    "I": -7.475733430966398,
    "K": -5.475733430966398,
    "L": -5.890770930245242,
    "M": "-inf",
    "N": -3.2278059175228124,
    "P": -2.6177524358388253,
    "Q": "-inf",
    "R": -3.3882705897160585,
    "S": -4.475733430966398,
    "T": -5.153805336079035,
    "V": -5.890770930245242,
    "W": "-inf",
    "Y": -5.890770930245242
  },
  "-4": {
    "A": -3.7752937128253055,
    "C": -2.9521714749093846,
    "D": "-inf",
    "E": "-inf",
    "F": -7.475733430966398,
    "G": -4.475733430966398,
    "H": -3.2278059175228124,
    "I": -6.475733430966398,
    "K": -3.6683785089087935,
    "L": -6.475733430966398,
    "M": -5.890770930245242,
    "N": -2.7752937128253055,
    "P": -4.3058084295240855,
    "Q": "-inf",
    "R": -3.4757334309663976,
    "S": -5.890770930245242,
    "T": -5.475733430966398,
    "V": -5.153805336079035,
    "W": -2.720845928802929,
    "Y": -6.475733430966398
  },
  "-3": {
    "A": -4.890770930245242,
    "C": -4.153805336079035,
    "D": -4.475733430966398,
    "E": -5.153805336079035,
    "F": -4.668378508908794,
    "G": -5.153805336079035,
    "H": -4.153805336079035,
    "I": -6.475733430966398,
    "K": -2.9521714749093846,
    "L": -6.475733430966398,
    "M": -7.475733430966398,
    "N": -4.153805336079035,
    "P": -2.9521714749093846,
    "Q": -4.153805336079035,
    "R": -4.0163018123291,
    "S": -3.1538053360790355,
    "T": -3.6683785089087935,
    "V": -5.475733430966398,
    "W": "-inf",
    "Y": -4.668378508908794
  },
  "-2": {
    "A": -6.475733430966398,
    "C": -5.153805336079035,
    "D": -3.8907709302452416,
    "E": -5.153805336079035,
    "F": -4.153805336079035,
    "G": -3.0834160081876374,
    "H": -4.890770930245242,
    "I": "-inf",
    "K": -5.153805336079035,
    "L": -5.475733430966398,
    "M": "-inf",
    "N": -3.0834160081876374,
    "P": -2.0834160081876374,
    "Q": -5.153805336079035,
    "R": -4.0163018123291,
    "S": -5.890770930245242,
    "T": -4.890770930245242,
    "V": -6.475733430966398,
    "W": -5.890770930245242,
    "Y": -3.5688428353578794
  },
  "-1": {
    "A": "-inf",
    "C": -2.4757334309663976,
    "D": -6.475733430966398,
    "E": -7.475733430966398,
    "F": -5.890770930245242,
    "G": -4.890770930245242,
    "H": -7.475733430966398,
    "I": -3.6683785089087935,
    "K": -2.9521714749093846,
    "L": -5.153805336079035,
    "M": -7.475733430966398,
    "N": -5.475733430966398,
    "P": -5.890770930245242,
    "Q": -6.475733430966398,
    "R": -3.0834160081876374,
    "S": -3.4757334309663976,
    "T": -7.475733430966398,
    "V": -6.475733430966398,
    "W": -2.6177524358388253,
    "Y": -3.8907709302452416
  },
  "0": {
    "A": "-inf",
    "C": 0.0,
    "D": "-inf",
    "E": "-inf",
    "F": "-inf",
    "G": "-inf",
    "H": "-inf",
    "I": "-inf",
    "K": "-inf",
    "L": "-inf",
    "M": "-inf",
    "N": "-inf",
    "P": "-inf",
    "Q": "-inf",
    "R": "-inf",
    "S": "-inf",
    "T": "-inf",
    "V": "-inf",
    "W": "-inf",
    "Y": "-inf"
  },
  "+1": {
    "A": "-inf",
    "C": "-inf",
    "D": "-inf",
    "E": "-inf",
    "F": "-inf",
    "G": -0.831877241191673,
    "H": "-inf",
    "I": "-inf",
    "K": "-inf",
    "L": -7.475733430966398,
    "M": "-inf",
    "N": "-inf",
    "P": "-inf",
    "Q": "-inf",
    "R": "-inf",
    "S": "-inf",
    "T": "-inf",
    "V": "-inf",
    "W": "-inf",
    "Y": "-inf"
  },
  "+2": {
    "A": "-inf",
    "C": "-inf",
    "D": "-inf",
    "E": "-inf",
    "F": "-inf",
    "G": -5.475733430966398,
    "H": "-inf",
    "I": "-inf",
    "K": -3.7752937128253055,
    "L": "-inf",
    "M": "-inf",
    "N": "-inf",
    "P": "-inf",
    "Q": "-inf",
    "R": -2.831877241191673,
    "S": "-inf",
    "T": "-inf",
    "V": "-inf",
    "W": "-inf",
    "Y": "-inf"
  },
  "+3": {
    "A": "-inf",
    "C": "-inf",
    "D": "-inf",
    "E": "-inf",
    "F": "-inf",
    "G": "-inf",
    "H": "-inf",
    "I": "-inf",
    "K": -3.8907709302452416,
    "L": "-inf",
    "M": "-inf",
    "N": "-inf",
    "P": "-inf",
    "Q": "-inf",
    "R": -3.6683785089087935,
    "S": "-inf",
    "T": "-inf",
    "V": "-inf",
    "W": "-inf",
    "Y": "-inf"
  },
  "+4": {
    "A": "-inf",
    "C": "-inf",
    "D": "-inf",
    "E": "-inf",
    "F": "-inf",
    "G": "-inf",
    "H": "-inf",
    "I": "-inf",
    "K": "-inf",
    "L": "-inf",
    "M": "-inf",
    "N": "-inf",
    "P": "-inf",
    "Q": "-inf",
    "R": -4.153805336079035,
    "S": "-inf",
    "T": "-inf",
    "V": "-inf",
    "W": "-inf",
    "Y": "-inf"
  },
  "+5": {
    "A": "-inf",
    "C": "-inf",
    "D": "-inf",
    "E": -7.475733430966398,
    "F": "-inf",
    "G": "-inf",
    "H": "-inf",
    "I": "-inf",
    "K": "-inf",
    "L": "-inf",
    "M": "-inf",
    "N": "-inf",
    "P": "-inf",
    "Q": "-inf",
    "R": "-inf",
    "S": -7.475733430966398,
    "T": "-inf",
    "V": "-inf",
    "W": "-inf",