{
  "-10": {
    "A": -5.325930025444858,
    "C": "-inf",
    "D": -4.173926931999809,
    "E": -3.004001930557496,
    "F": -4.588964431278653,
    "G": -3.2104528080249226,
    "H": -9.49585502688717,
    "I": -5.173926931999809,
    "K": -3.6132119775253297,
    "L": -6.495855026887171,
    "M": -5.588964431278653,
    "N": -5.795415308746079,
    "P": -5.247927513443585,
    "Q": -5.910892526166014,
    "R": -3.1208155955402463,
    "S": -4.1383030222690875,
    "T": -4.795415308746079,
    "V": -5.588964431278653,
    "W": -7.173926931999809,
    "Y": -5.795415308746079
  },
  "-9": {
    "A": -4.408392185636831,
    "C": -9.49585502688717,
    "D": -3.910892526166015,
    "E": -4.5416587165002955,
    "F": -3.910892526166015,
    "G": -3.8811451827719625,
    "H": -6.173926931999809,
    "I": -6.495855026887171,
    "K": -4.740967524723702,
    "L": -4.688500104829567,
    "M": -5.588964431278653,
    "N": -4.036423408249874,
    "P": -4.637874031759599,
    "Q": -2.8664984068075614,
    "R": -3.004001930557496,
    "S": -4.795415308746079,
    "T": -6.688500104829567,
    "V": -5.173926931999809,
    "W": -7.910892526166014,
    "Y": -5.795415308746079
  },
  "-8": {
    "A": -3.851998837112446,
    "C": -8.49585502688717,
    "D": -3.3259300254448587,
    "E": -4.451460907528718,
    "F": -2.8811451827719625,
    "G": -3.4083921856368313,
    "H": -7.495855026887171,
    "I": -4.637874031759599,
    "K": -3.6132119775253297,
    "L": -5.495855026887171,
    "M": -5.688500104829567,
    "N": -6.325930025444858,
    "P": -5.173926931999809,
    "Q": -5.247927513443585,
    "R": -3.7409675247237026,
    "S": -3.541658716500296,
    "T": -5.408392185636831,
    "V": -5.103537604108411,
    "W": -8.49585502688717,
    "Y": -5.103537604108411
  },
  "-7": {
    "A": -3.2479275134435857,
    "C": "-inf",
    "D": -3.3060304680071537,
    "E": -3.7409675247237026,
    "F": -5.173926931999809,
    "G": -3.5185751033872545,
    "H": -6.173926931999809,
    "I": -6.173926931999809,
    "K": -4.688500104829567,
    "L": -5.688500104829567,
    "M": -6.495855026887171,
    "N": -6.036423408249874,
    "P": -3.637874031759599,
    "Q": -5.495855026887171,
    "R": -3.3665720099422045,
    "S": -4.069590272185073,
    "T": -4.910892526166014,
    "V": -3.286401661258221,
    "W": -5.910892526166014,
    "Y": -4.910892526166014
  },
  "-6": {
    "A": -4.408392185636831,
    "C": -4.851998837112446,
    "D": -2.238467184194519,
    "E": -4.495855026887171,
    "F": -7.495855026887171,
    "G": -3.3461079073824886,
    "H": -6.325930025444858,
    "I": -5.910892526166014,
    "K": -3.8811451827719625,
    "L": -5.247927513443585,
    "M": -6.688500104829567,
    "N": -4.286401661258221,
    "P": -4.036423408249874,
    "Q": -4.451460907528718,
    "R": -3.495855026887171,
    "S": -3.5185751033872545,
    "T": -6.036423408249874,
    "V": -6.036423408249874,
    "W": -7.495855026887171,
    "Y": -4.688500104829567
  },
  "-5": {
    "A": -3.910892526166015,
    "C": -7.910892526166014,
    "D": -3.5185751033872545,
    "E": -3.688500104829567,
    "F": -5.325930025444858,
    "G": -4.103537604108411,
    "H": -4.408392185636831,
    "I": -6.495855026887171,
    "K": -3.2479275134435857,
    "L": -5.910892526166014,
    "M": -5.103537604108411,
    "N": -4.972293070830158,
    "P": -4.366572009942204,
    "Q": -3.5185751033872545,
    "R": -5.036423408249874,
    "S": -3.5889644312786526,
    "T": -5.495855026887171,
    "V": -5.103537604108411,
    "W": -5.795415308746079,
    "Y": -3.22906848619227
  },
  "-4": {
    "A": -4.247927513443585,
    "C": -7.173926931999809,
    "D": -2.7276707021102444,
    "E": -5.795415308746079,
    "F": -5.325930025444858,
    "G": -2.41903942983634,
    "H": -8.49585502688717,
    "I": -5.408392185636831,
    "K": -5.588964431278653,
    "L": -3.4297658364293984,
    "M": -6.688500104829567,
    "N": -3.5185751033872545,
    "P": -4.173926931999809,
    "Q": -9.49585502688717,
    "R": -3.26703633639129,
    "S": -4.495855026887171,
    "T": -5.247927513443585,
    "V": -4.851998837112446,
    "W": -4.5416587165002955,
    "Y": -8.49585502688717
  },
  "-3": {
    "A": -4.325930025444858,
    "C": -9.49585502688717,
    "D": -4.740967524723702,
    "E": "-inf",
    "F": -1.4624320253497207,
    "G": -5.495855026887171,
    "H": -3.4734872138587165,
    "I": -8.49585502688717,
    "K": -4.972293070830158,
    "L": -6.173926931999809,
    "M": -5.688500104829567,
    "N": -8.49585502688717,
    "P": -4.408392185636831,
    "Q": -3.6629650127224296,
    "R": -4.325930025444858,
    "S": -4.851998837112446,
    "T": -5.688500104829567,
    "V": -5.325930025444858,
    "W": -4.069590272185073,
    "Y": -4.286401661258221
  },
  "-2": {
    "A": -7.910892526166014,
    "C": -8.49585502688717,
    "D": -6.688500104829567,
    "E": -6.173926931999809,
    "F": -5.588964431278653,
    "G": -2.95669621577914,
    "H": -5.795415308746079,
    "I": -4.247927513443585,
    "K": -4.637874031759599,
    "L": -2.4624320253497207,
    "M": -1.3978229439266443,
    "N": -7.910892526166014,
    "P": -5.495855026887171,
    "Q": -6.325930025444858,
    "R": -4.588964431278653,
    "S": -5.495855026887171,
    "T": -7.910892526166014,
    "V": -5.103537604108411,
    "W": -8.49585502688717,
    "Y": -6.688500104829567
  },
  "-1": {
    "A": -7.173926931999809,
    "C": -7.910892526166014,
    "D": -3.9722930708301583,
    "E": "-inf",
    "F": -5.325930025444858,
    "G": -5.408392185636831,
    "H": -4.851998837112446,
    "I": -5.910892526166014,
    "K": -7.910892526166014,
    "L": -5.173926931999809,
    "M": -7.910892526166014,
    "N": -7.910892526166014,
    "P": -6.325930025444858,
    "Q": "-inf",
    "R": -0.48462777146391695,
    "S": -6.173926931999809,
    "T": -4.910892526166014,
    "V": -6.688500104829567,
    "W": -9.49585502688717,
    "Y": "-inf"
  },
  "0": {
    "A": "-inf",
    "C": "-inf",
    "D": "-inf",
    "E": "-inf",
    "F": 0.0,
    "G": "-inf",
    "H": "-inf",
    "I": "-inf",
    "K": "-inf",
    "L": "-inf",
    "M": "-inf",
    "N": "-inf",
    "P": "-inf",
    "Q": "-inf",
    "R": "-inf",
    "S": "-inf",
    "T": "-inf",
    "V": "-inf",
    "W": "-inf",
    "Y": "-inf"
  },
  "+1": {
    "A": "-inf",
    "C": "-inf",
    "D": "-inf",
    "E": "-inf",
    "F": "-inf",
    "G": -0.7376318121604459,
    "H": "-inf",
    "I": "-inf",
    "K": -9.49585502688717,
    "L": "-inf",
    "M": "-inf",
    "N": "-inf",
    "P": "-inf",
    "Q": "-inf",
    "R": "-inf",
    "S": "-inf",
    "T": "-inf",
    "V": "-inf",
    "W": "-inf",
    "Y": "-inf"
  },
  "+2": {
    "A": "-inf",
    "C": "-inf",
    "D": -7.495855026887171,
    "E": "-inf",
    "F": "-inf",
    "G": "-inf",
    "H": "-inf",
    "I": "-inf",
    "K": -1.9336126026660982,
    "L": "-inf",
    "M": "-inf",
    "N": -9.49585502688717,
    "P": "-inf",
    "Q": -8.49585502688717,
    "R": -1.7343037944426916,
    "S": "-inf",
    "T": -9.49585502688717,
    "V": "-inf",
    "W": "-inf",
    "Y": -9.49585502688717
  },
  "+3": {
    "A": -5.408392185636831,
    "C": "-inf",
    "D": -5.588964431278653,
    "E": -3.5889644312786526,
    "F": "-inf",
    "G": -5.495855026887171,
    "H": "-inf",
    "I": "-inf",
    "K": -5.103537604108411,
    "L": "-inf",
    "M": "-inf",
    "N": -5.103537604108411,
    "P": -7.910892526166014,
    "Q": -7.173926931999809,
    "R": -2.3461079073824886,
    "S": -3.26703633639129,
    "T": -6.173926931999809,
    "V": "-inf",
    "W": "-inf",
    "Y": -9.49585502688717
  },
  "+4": {
    "A": -4.795415308746079,
    "C": "-inf",
    "D": -3.3060304680071537,
    "E": -4.740967524723702,
    "F": -5.495855026887171,
    "G": -4.740967524723702,
    "H": -9.49585502688717,
    "I": -8.49585502688717,
    "K": -7.495855026887171,
    "L": -4.740967524723702,
    "M": -8.49585502688717,
    "N": -6.688500104829567,
    "P": -4.408392185636831,
    "Q": -5.795415308746079,
    "R": -5.325930025444858,