{
  "-10": {
    "A": -3.40372218605101,
    "C": -4.181329764714562,
    "D": -5.403722186051009,
    "E": "-inf",
    "F": -4.181329764714562,
    "G": -1.9012218455218264,
    "H": "-inf",
    "I": -4.181329764714562,
    "K": -3.081794091163647,
    "L": -4.181329764714562,
    "M": -6.9886846867721655,
    "N": "-inf",
    "P": -4.666756591884804,
    "Q": -6.9886846867721655,
    "R": -4.403722186051009,
    "S": -3.1813297647145617,
    "T": -5.9886846867721655,
    "V": "-inf",
    "W": -6.9886846867721655,
    "Y": -4.9886846867721655
  },
  "-9": {
    "A": -4.403722186051009,
    "C": -4.9886846867721655,
    "D": -4.9886846867721655,
    "E": -4.181329764714562,
    "F": -4.9886846867721655,
    "G": "-inf",
    "H": -4.403722186051009,
    "I": -5.403722186051009,
    "K": -3.2882449686310737,
    "L": -4.403722186051009,
    "M": -4.403722186051009,
    "N": -2.6667565918848037,
    "P": -6.9886846867721655,
    "Q": -4.403722186051009,
    "R": -3.8187596853298533,
    "S": -2.40372218605101,
    "T": -5.403722186051009,
    "V": -5.403722186051009,
    "W": "-inf",
    "Y": -6.9886846867721655
  },
  "-8": {
    "A": -1.4037221860510096,
    "C": -5.403722186051009,
    "D": -5.403722186051009,
    "E": -3.8187596853298533,
    "F": "-inf",
    "G": -4.181329764714562,
    "H": "-inf",
    "I": -3.1813297647145617,
    "K": -4.403722186051009,
    "L": -5.9886846867721655,
    "M": "-inf",
    "N": -4.666756591884804,
    "P": -4.666756591884804,
    "Q": -6.9886846867721655,
    "R": -3.988684686772166,
    "S": -4.9886846867721655,
    "T": -5.9886846867721655,
    "V": -4.403722186051009,
    "W": "-inf",
    "Y": -5.403722186051009
  },
  "-7": {
    "A": -4.181329764714562,
    "C": "-inf",
    "D": -5.9886846867721655,
    "E": -5.403722186051009,
    "F": -6.9886846867721655,
    "G": -3.6667565918848037,
    "H": -3.6667565918848037,
    "I": -5.403722186051009,
    "K": -3.081794091163647,
    "L": -1.7032824679099174,
    "M": "-inf",
    "N": -3.2882449686310737,
    "P": -4.666756591884804,
    "Q": "-inf",
    "R": -4.9886846867721655,
    "S": -6.9886846867721655,
    "T": -4.9886846867721655,
    "V": -4.403722186051009,
    "W": -6.9886846867721655,
    "Y": -5.9886846867721655
  },
  "-6": {
    "A": -4.666756591884804,
    "C": -5.403722186051009,
    "D": -5.403722186051009,
    "E": -6.9886846867721655,
    "F": "-inf",
    "G": -1.5963672639934054,
    "H": "-inf",
    "I": -6.9886846867721655,
    "K": -2.988684686772166,
    "L": -3.8187596853298533,
    "M": -5.9886846867721655,
    "N": -4.9886846867721655,
    "P": -4.9886846867721655,
    "Q": -5.403722186051009,
    "R": -2.1813297647145617,
    "S": "-inf",
    "T": -6.9886846867721655,
    "V": -6.9886846867721655,
    "W": "-inf",
    "Y": -5.403722186051009
  },
  "-5": {
    "A": -4.9886846867721655,
    "C": -4.9886846867721655,
    "D": -4.666756591884804,
    "E": -5.9886846867721655,
    "F": "-inf",
    "G": -1.7032824679099174,
    "H": -3.988684686772166,
    "I": -4.9886846867721655,
    "K": -4.181329764714562,
    "L": -4.181329764714562,
    "M": -6.9886846867721655,
    "N": -4.403722186051009,
    "P": -4.666756591884804,
    "Q": -5.403722186051009,
    "R": -5.9886846867721655,
    "S": -5.9886846867721655,
    "T": -5.9886846867721655,
    "V": -4.181329764714562,
    "W": -3.988684686772166,
    "Y": -3.6667565918848037
  },
  "-4": {
    "A": -4.403722186051009,
    "C": -3.8187596853298533,
    "D": -5.9886846867721655,
    "E": -4.9886846867721655,
    "F": -2.988684686772166,
    "G": -5.403722186051009,
    "H": -4.9886846867721655,
    "I": -3.6667565918848037,
    "K": -6.9886846867721655,
    "L": -1.5292530681348686,
    "M": -6.9886846867721655,
    "N": "-inf",
    "P": -4.181329764714562,
    "Q": -5.9886846867721655,
    "R": -5.403722186051009,
    "S": -4.9886846867721655,
    "T": "-inf",
    "V": -5.403722186051009,
    "W": -5.403722186051009,
    "Y": -4.9886846867721655
  },
  "-3": {
    "A": -3.6667565918848037,
    "C": -3.988684686772166,
    "D": -4.9886846867721655,
    "E": -4.666756591884804,
    "F": -4.181329764714562,
    "G": -5.9886846867721655,
    "H": "-inf",
    "I": -2.2882449686310737,
    "K": -4.181329764714562,
    "L": -2.6667565918848037,
    "M": -5.9886846867721655,
    "N": -5.9886846867721655,
    "P": -3.6667565918848037,
    "Q": -6.9886846867721655,
    "R": -5.403722186051009,
    "S": -3.8187596853298533,
    "T": -5.9886846867721655,
    "V": -5.403722186051009,
    "W": "-inf",
    "Y": -4.403722186051009
  },
  "-2": {
    "A": -6.9886846867721655,
    "C": -4.403722186051009,
    "D": -5.403722186051009,
    "E": -3.8187596853298533,
    "F": -4.181329764714562,
    "G": -3.5292530681348686,
    "H": -6.9886846867721655,
    "I": -4.403722186051009,
    "K": -1.7407571733285803,
    "L": -4.9886846867721655,
    "M": "-inf",
    "N": -5.403722186051009,
    "P": -3.8187596853298533,
    "Q": -4.9886846867721655,
    "R": -5.403722186051009,
    "S": -3.6667565918848037,
    "T": -6.9886846867721655,
    "V": -6.9886846867721655,
    "W": -6.9886846867721655,
    "Y": -3.8187596853298533
  },
  "-1": {
    "A": -4.666756591884804,
    "C": "-inf",
    "D": -5.9886846867721655,
    "E": -5.403722186051009,
    "F": -4.666756591884804,
    "G": -3.5292530681348686,
    "H": -6.9886846867721655,
    "I": -4.666756591884804,
    "K": -1.9012218455218264,
    "L": -3.8187596853298533,
    "M": -6.9886846867721655,
    "N": -4.9886846867721655,
    "P": -3.6667565918848037,
    "Q": -4.666756591884804,
    "R": -3.081794091163647,
    "S": -3.8187596853298533,
    "T": -4.181329764714562,
    "V": -6.9886846867721655,
    "W": "-inf",
    "Y": "-inf"
  },
  "0": {
    "A": "-inf",
    "C": "-inf",
    "D": "-inf",
    "E": "-inf",
    "F": "-inf",
    "G": "-inf",
    "H": "-inf",
    "I": 0.0,
    "K": "-inf",
    "L": "-inf",
    "M": "-inf",
    "N": "-inf",
    "P": "-inf",
    "Q": "-inf",
    "R": "-inf",
    "S": "-inf",
    "T": "-inf",
    "V": "-inf",
    "W": "-inf",
    "Y": "-inf"
  },
  "+1": {
    "A": "-inf",
    "C": "-inf",
    "D": "-inf",
    "E": "-inf",
    "F": "-inf",
    "G": -0.4808900465734697,
    "H": "-inf",
    "I": "-inf",
    "K": "-inf",
    "L": "-inf",
    "M": "-inf",
    "N": "-inf",
    "P": "-inf",
    "Q": "-inf",
    "R": "-inf",
    "S": "-inf",
    "T": "-inf",
    "V": "-inf",
    "W": "-inf",
    "Y": "-inf"
  },
  "+2": {
    "A": "-inf",
    "C": "-inf",
    "D": "-inf",
    "E": -5.9886846867721655,
    "F": "-inf",
    "G": "-inf",
    "H": "-inf",
    "I": "-inf",
    "K": -1.6667565918848035,
    "L": "-inf",
    "M": "-inf",
    "N": "-inf",
    "P": "-inf",
    "Q": "-inf",
    "R": -3.6667565918848037,
    "S": "-inf",
    "T": "-inf",
    "V": "-inf",
    "W": "-inf",
    "Y": "-inf"
  },
  "+3": {
    "A": "-inf",
    "C": "-inf",
    "D": "-inf",
    "E": "-inf",
    "F": -6.9886846867721655,
    "G": -6.9886846867721655,
    "H": "-inf",
    "I": "-inf",
    "K": -5.403722186051009,
    "L": "-inf",
    "M": "-inf",
    "N": -6.9886846867721655,
    "P": "-inf",
    "Q": -4.666756591884804,
    "R": -2.2882449686310737,
    "S": -6.9886846867721655,
    "T": "-inf",
    "V": "-inf",
    "W": "-inf",
    "Y": "-inf"
  },
  "+4": {
    "A": -5.9886846867721655,
    "C": "-inf",
    "D": -4.403722186051009,
    "E": -5.9886846867721655,
    "F": -6.9886846867721655,
    "G": -4.666756591884804,
    "H": "-inf",
    "I": -6.9886846867721655,
    "K": -6.9886846867721655,
    "L": -6.9886846867721655,
    "M": "-inf",
    "N": -6.9886846867721655,
    "P": "-inf",
    "Q": -6.9886846867721655,
    "R": -5.9886846867721655,
    "S": -3.988684686772166,
    "T": "-inf",
    "V": -6.9886846867721655,
    "W": -5.9886846867721655,
    "Y": -6.9886846867721655
  },
  "+5": {
    "A": -4.9886846867721655,
    "C": "-inf",
    "D": -6.9886846867721655,
    "E": -4.666756591884804,
    "F": -5.9886846867721655,