{
  "-10": {
    "A": -4.824428435416546,
    "C": -4.087462841250339,
    "D": -4.409390936137702,
    "E": -5.409390936137702,
    "F": -2.8244284354165456,
    "G": -2.9499593175004044,
    "H": -4.824428435416546,
    "I": -5.409390936137702,
    "K": -3.6020360140800975,
    "L": -3.0874628412503395,
    "M": -6.409390936137702,
    "N": -4.824428435416546,
    "P": -4.824428435416546,
    "Q": -5.409390936137702,
    "R": -4.824428435416546,
    "S": -4.087462841250339,
    "T": -4.824428435416546,
    "V": -6.409390936137702,
    "W": -4.824428435416546,
    "Y": -5.409390936137702
  },
  "-9": {
    "A": -2.6020360140800975,
    "C": -5.409390936137702,
    "D": -6.409390936137702,
    "E": "-inf",
    "F": -6.409390936137702,
    "G": -4.409390936137702,
    "H": -4.409390936137702,
    "I": -3.6020360140800975,
    "K": -3.8244284354165456,
    "L": -2.6020360140800975,
    "M": -3.2394659346953896,
    "N": -6.409390936137702,
    "P": -4.824428435416546,
    "Q": "-inf",
    "R": -4.409390936137702,
    "S": "-inf",
    "T": -4.087462841250339,
    "V": -3.6020360140800975,
    "W": -5.409390936137702,
    "Y": -6.409390936137702
  },
  "-8": {
    "A": -3.8244284354165456,
    "C": -4.087462841250339,
    "D": -3.8244284354165456,
    "E": "-inf",
    "F": -6.409390936137702,
    "G": -4.087462841250339,
    "H": "-inf",
    "I": -2.7089512179966095,
    "K": -4.409390936137702,
    "L": -3.8244284354165456,
    "M": -6.409390936137702,
    "N": -4.087462841250339,
    "P": -3.8244284354165456,
    "Q": "-inf",
    "R": -4.087462841250339,
    "S": -5.409390936137702,
    "T": -6.409390936137702,
    "V": -2.6020360140800975,
    "W": -5.409390936137702,
    "Y": -4.824428435416546
  },
  "-7": {
    "A": -3.6020360140800975,
    "C": -6.409390936137702,
    "D": -3.4093909361377017,
    "E": "-inf",
    "F": "-inf",
    "G": -1.9499593175004044,
    "H": "-inf",
    "I": "-inf",
    "K": -5.409390936137702,
    "L": -3.8244284354165456,
    "M": "-inf",
    "N": -5.409390936137702,
    "P": -3.6020360140800975,
    "Q": "-inf",
    "R": -6.409390936137702,
    "S": -2.4093909361377017,
    "T": -3.8244284354165456,
    "V": -5.409390936137702,
    "W": "-inf",
    "Y": -4.087462841250339
  },
  "-6": {
    "A": -3.6020360140800975,
    "C": -5.409390936137702,
    "D": -6.409390936137702,
    "E": "-inf",
    "F": -6.409390936137702,
    "G": -2.7089512179966095,
    "H": "-inf",
    "I": -4.409390936137702,
    "K": -2.6020360140800975,
    "L": -3.2394659346953896,
    "M": -3.4093909361377017,
    "N": -6.409390936137702,
    "P": -6.409390936137702,
    "Q": -4.409390936137702,
    "R": -3.4093909361377017,
    "S": -3.6020360140800975,
    "T": "-inf",
    "V": -6.409390936137702,
    "W": "-inf",
    "Y": -4.409390936137702
  },
  "-5": {
    "A": -3.8244284354165456,
    "C": -2.9499593175004044,
    "D": "-inf",
    "E": "-inf",
    "F": -4.087462841250339,
    "G": -4.824428435416546,
    "H": -6.409390936137702,
    "I": -1.8858289800806889,
    "K": -4.824428435416546,
    "L": -2.8244284354165456,
    "M": -6.409390936137702,
    "N": -6.409390936137702,
    "P": -4.087462841250339,
    "Q": -3.8244284354165456,
    "R": -6.409390936137702,
    "S": -6.409390936137702,
    "T": "-inf",
    "V": -4.087462841250339,
    "W": "-inf",
    "Y": -6.409390936137702
  },
  "-4": {
    "A": -5.409390936137702,
    "C": -4.087462841250339,
    "D": -4.824428435416546,
    "E": "-inf",
    "F": -6.409390936137702,
    "G": -4.824428435416546,
    "H": -4.824428435416546,
    "I": -2.9499593175004044,
    "K": -3.6020360140800975,
    "L": -4.409390936137702,
    "M": -5.409390936137702,
    "N": -3.6020360140800975,
    "P": -4.409390936137702,
    "Q": -3.6020360140800975,
    "R": -2.9499593175004044,
    "S": -4.824428435416546,
    "T": -4.409390936137702,
    "V": -3.6020360140800975,
    "W": "-inf",
    "Y": -6.409390936137702
  },
  "-3": {
    "A": -2.9499593175004044,
    "C": -4.087462841250339,
    "D": "-inf",
    "E": -3.8244284354165456,
    "F": -5.409390936137702,
    "G": -4.824428435416546,
    "H": -5.409390936137702,
    "I": -6.409390936137702,
    "K": -2.7089512179966095,
    "L": -3.6020360140800975,
    "M": "-inf",
    "N": -4.087462841250339,
    "P": -4.824428435416546,
    "Q": -6.409390936137702,
    "R": -5.409390936137702,
    "S": -2.8244284354165456,
    "T": -4.824428435416546,
    "V": -3.2394659346953896,
    "W": "-inf",
    "Y": "-inf"
  },
  "-2": {
    "A": -2.6020360140800975,
    "C": -3.4093909361377017,
    "D": "-inf",
    "E": "-inf",
    "F": -6.409390936137702,
    "G": -4.409390936137702,
    "H": -6.409390936137702,
    "I": -4.087462841250339,
    "K": -2.8244284354165456,
    "L": -1.9499593175004044,
    "M": "-inf",
    "N": -5.409390936137702,
    "P": -4.824428435416546,
    "Q": "-inf",
    "R": -5.409390936137702,
    "S": -5.409390936137702,
    "T": -4.087462841250339,
    "V": -4.824428435416546,
    "W": "-inf",
    "Y": -6.409390936137702
  },
  "-1": {
    "A": -3.8244284354165456,
    "C": -3.8244284354165456,
    "D": "-inf",
    "E": -4.824428435416546,
    "F": -3.4093909361377017,
    "G": -2.6020360140800975,
    "H": -6.409390936137702,
    "I": -3.2394659346953896,
    "K": -3.8244284354165456,
    "L": -5.409390936137702,
    "M": -5.409390936137702,
    "N": -4.409390936137702,
    "P": -4.409390936137702,
    "Q": -4.824428435416546,
    "R": -6.409390936137702,
    "S": -3.6020360140800975,
    "T": -5.409390936137702,
    "V": -4.087462841250339,
    "W": "-inf",
    "Y": -5.409390936137702
  },
  "0": {
    "A": "-inf",
    "C": "-inf",
    "D": "-inf",
    "E": "-inf",
    "F": "-inf",
    "G": "-inf",
    "H": "-inf",
    "I": "-inf",
    "K": 0.0,
    "L": "-inf",
    "M": "-inf",
    "N": "-inf",
    "P": "-inf",
    "Q": "-inf",
    "R": "-inf",
    "S": "-inf",
    "T": "-inf",
    "V": "-inf",
    "W": "-inf",
    "Y": "-inf"
  },
  "+1": {
    "A": "-inf",
    "C": "-inf",
    "D": "-inf",
    "E": "-inf",
    "F": "-inf",
    "G": -0.9499593175004044,
    "H": "-inf",
    "I": "-inf",
    "K": "-inf",
    "L": "-inf",
    "M": "-inf",
    "N": "-inf",
    "P": "-inf",
    "Q": "-inf",
    "R": -6.409390936137702,
    "S": "-inf",
    "T": "-inf",
    "V": "-inf",
    "W": "-inf",
    "Y": "-inf"
  },
  "+2": {
    "A": "-inf",
    "C": "-inf",
    "D": "-inf",
    "E": "-inf",
    "F": "-inf",
    "G": "-inf",
    "H": "-inf",
    "I": "-inf",
    "K": -2.4093909361377017,
    "L": "-inf",
    "M": "-inf",
    "N": "-inf",
    "P": "-inf",
    "Q": "-inf",
    "R": -2.8244284354165456,
    "S": "-inf",
    "T": -6.409390936137702,
    "V": "-inf",
    "W": "-inf",
    "Y": "-inf"
  },
  "+3": {
    "A": "-inf",
    "C": "-inf",
    "D": "-inf",
    "E": "-inf",
    "F": "-inf",
    "G": -6.409390936137702,
    "H": "-inf",
    "I": "-inf",
    "K": -6.409390936137702,
    "L": "-inf",
    "M": "-inf",
    "N": "-inf",
    "P": "-inf",
    "Q": "-inf",
    "R": -2.0874628412503395,
    "S": -6.409390936137702,
    "T": "-inf",
    "V": "-inf",
    "W": "-inf",
    "Y": "-inf"
  },
  "+4": {
    "A": "-inf",
    "C": "-inf",
    "D": "-inf",
    "E": "-inf",
    "F": "-inf",
    "G": -6.409390936137702,
    "H": "-inf",
    "I": -4.824428435416546,
    "K": -3.4093909361377017,
    "L": "-inf",
    "M": "-inf",
    "N": "-inf",
    "P": "-inf",
    "Q": "-inf",
    "R": -6.409390936137702,
    "S": -3.0874628412503395,
    "T": "-inf",
    "V": "-inf",
    "W": "-inf",
    "Y": "-inf"
  },
  "+5": {
    "A": -3.2394659346953896,
    "C": "-inf",
    "D": "-inf",
    "E": "-inf",
    "F": "-inf",
    "G": "-inf",
    "H": "-inf",
    "I": "-inf",
    "K": "-inf",
    "L": -6.409390936137702,
    "M": "-inf",
    "N": "-inf",
    "P": -5.409390936137702,
    "Q": "-inf",
    "R": -3.4093909361377017,
    "S": -5.409390936137702,
    "T": "-inf",
    "V": "-inf",
    "W": "-inf",
    "Y": "-inf"
  },
  "+6": {
    "A": "-inf",
    "C": "-inf",