{
  "-10": {
    "A": -3.9235212701526394,
    "C": -8.447083226209653,
    "D": -4.92352127015264,
    "E": -2.8032270364349277,
    "F": -8.447083226209653,
    "G": -2.9713497952432544,
    "H": -5.540192630601134,
    "I": -5.359620384959313,
    "K": -3.9552301298799777,
    "L": -3.58910223108208,
    "M": -6.862120725488496,
    "N": -6.639728304152048,
    "P": -4.089531221591568,
    "Q": -6.862120725488496,
    "R": -4.987651607572355,
    "S": -4.803227036434928,
    "T": -7.862120725488496,
    "V": -4.74664350806856,
    "W": -9.447083226209653,
    "Y": -6.639728304152048
  },
  "-9": {
    "A": -3.564440176847811,
    "C": -9.447083226209653,
    "D": -6.27715822476734,
    "E": -6.27715822476734,
    "F": -5.639728304152048,
    "G": -3.1072332233250273,
    "H": -4.862120725488496,
    "I": -4.639728304152048,
    "K": -3.1616810073474038,
    "L": -4.020818471507554,
    "M": -4.987651607572355,
    "N": -5.199155712766067,
    "P": -6.862120725488496,
    "Q": -7.862120725488496,
    "R": -4.359620384959313,
    "S": -3.892494374532015,
    "T": -3.987651607572355,
    "V": -4.803227036434928,
    "W": -8.447083226209653,
    "Y": -8.447083226209653
  },
  "-8": {
    "A": -3.2973361067049702,
    "C": -9.447083226209653,
    "D": -4.161681007347404,
    "E": -6.125155131322289,
    "F": -7.447083226209652,
    "G": -3.564440176847811,
    "H": -6.125155131322289,
    "I": -4.317800209264686,
    "K": -2.987651607572355,
    "L": -3.892494374532015,
    "M": -8.447083226209653,
    "N": -5.359620384959313,
    "P": -4.317800209264686,
    "Q": -5.639728304152048,
    "R": -3.9235212701526394,
    "S": -3.4026891068511986,
    "T": -5.987651607572355,
    "V": -3.8032270364349277,
    "W": "-inf",
    "Y": -9.447083226209653
  },
  "-7": {
    "A": -3.2376298605807023,
    "C": -9.447083226209653,
    "D": -5.199155712766067,
    "E": -6.447083226209652,
    "F": -7.862120725488496,
    "G": -2.046203789927468,
    "H": -4.27715822476734,
    "I": -4.92352127015264,
    "K": -5.359620384959313,
    "L": -3.4026891068511986,
    "M": -7.447083226209652,
    "N": -6.27715822476734,
    "P": -4.692195724046184,
    "Q": -7.125155131322289,
    "R": -3.4247154131811977,
    "S": -3.892494374532015,
    "T": -4.58910223108208,
    "V": -3.58910223108208,
    "W": -9.447083226209653,
    "Y": -7.862120725488496
  },
  "-6": {
    "A": -3.8032270364349277,
    "C": -9.447083226209653,
    "D": -3.27715822476734,
    "E": -5.540192630601134,
    "F": -5.27715822476734,
    "G": -4.237629860580703,
    "H": -7.447083226209652,
    "I": -5.27715822476734,
    "K": -3.359620384959313,
    "L": -3.832373382094444,
    "M": -2.862120725488496,
    "N": -4.987651607572355,
    "P": -3.199155712766067,
    "Q": -5.359620384959313,
    "R": -3.9552301298799777,
    "S": -3.862120725488496,
    "T": -5.27715822476734,
    "V": -4.359620384959313,
    "W": -8.447083226209653,
    "Y": -7.447083226209652
  },
  "-5": {
    "A": -3.692195724046184,
    "C": "-inf",
    "D": -4.359620384959313,
    "E": -6.639728304152048,
    "F": -7.447083226209652,
    "G": -3.257258667329635,
    "H": -7.862120725488496,
    "I": -4.540192630601134,
    "K": -4.74664350806856,
    "L": -3.692195724046184,
    "M": -4.27715822476734,
    "N": -5.639728304152048,
    "P": -3.832373382094444,
    "Q": -4.692195724046184,
    "R": -4.987651607572355,
    "S": -3.4247154131811977,
    "T": -5.987651607572355,
    "V": -3.74664350806856,
    "W": -2.492886915822777,
    "Y": -5.987651607572355
  },
  "-4": {
    "A": -3.1616810073474038,
    "C": -5.125155131322289,
    "D": -8.447083226209653,
    "E": -8.447083226209653,
    "F": -1.9001887663220154,
    "G": -5.199155712766067,
    "H": -6.862120725488496,
    "I": -3.862120725488496,
    "K": -8.447083226209653,
    "L": -3.180296685514751,
    "M": -8.447083226209653,
    "N": -3.58910223108208,
    "P": -5.987651607572355,
    "Q": -7.125155131322289,
    "R": -6.862120725488496,
    "S": -3.6657235126849925,
    "T": -7.447083226209652,
    "V": -4.803227036434928,
    "W": "-inf",
    "Y": -2.939288586010956
  },
  "-3": {
    "A": -3.054765803430892,
    "C": -7.447083226209652,
    "D": -6.639728304152048,
    "E": "-inf",
    "F": -2.788871743457858,
    "G": -2.5522654629017087,
    "H": -7.125155131322289,
    "I": -5.27715822476734,
    "K": -3.7746578842381564,
    "L": -3.6141932120449103,
    "M": -4.020818471507554,
    "N": -4.92352127015264,
    "P": -7.125155131322289,
    "Q": -7.862120725488496,
    "R": -6.862120725488496,
    "S": -2.7746578842381564,
    "T": -4.27715822476734,
    "V": -5.199155712766067,
    "W": -9.447083226209653,
    "Y": -5.639728304152048
  },
  "-2": {
    "A": -5.74664350806856,
    "C": -7.862120725488496,
    "D": -6.639728304152048,
    "E": -4.74664350806856,
    "F": -3.2973361067049702,
    "G": -3.257258667329635,
    "H": -7.125155131322289,
    "I": -7.125155131322289,
    "K": -3.5401926306011338,
    "L": -2.8471703840225246,
    "M": -8.447083226209653,
    "N": -5.987651607572355,
    "P": -1.7605826990264337,
    "Q": -7.125155131322289,
    "R": -7.125155131322289,
    "S": -4.161681007347404,
    "T": -7.125155131322289,
    "V": -3.564440176847811,
    "W": -9.447083226209653,
    "Y": -7.125155131322289
  },
  "-1": {
    "A": -4.125155131322289,
    "C": -8.447083226209653,
    "D": -6.447083226209652,
    "E": -9.447083226209653,
    "F": -7.125155131322289,
    "G": -2.6141932120449103,
    "H": -5.27715822476734,
    "I": -5.639728304152048,
    "K": -3.862120725488496,
    "L": -3.892494374532015,
    "M": -9.447083226209653,
    "N": -5.199155712766067,
    "P": -9.447083226209653,
    "Q": "-inf",
    "R": -1.0590659408645176,
    "S": -5.447083226209652,
    "T": -7.125155131322289,
    "V": -6.125155131322289,
    "W": -9.447083226209653,
    "Y": -5.74664350806856
  },
  "0": {
    "A": "-inf",
    "C": "-inf",
    "D": "-inf",
    "E": "-inf",
    "F": "-inf",
    "G": "-inf",
    "H": "-inf",
    "I": "-inf",
    "K": "-inf",
    "L": 0.0,
    "M": "-inf",
    "N": "-inf",
    "P": "-inf",
    "Q": "-inf",
    "R": "-inf",
    "S": "-inf",
    "T": "-inf",
    "V": "-inf",
    "W": "-inf",
    "Y": "-inf"
  },
  "+1": {
    "A": "-inf",
    "C": "-inf",
    "D": -8.447083226209653,
    "E": "-inf",
    "F": "-inf",
    "G": -1.5583399773113933,
    "H": "-inf",
    "I": "-inf",
    "K": "-inf",
    "L": "-inf",
    "M": "-inf",
    "N": "-inf",
    "P": "-inf",
    "Q": "-inf",
    "R": "-inf",
    "S": "-inf",
    "T": "-inf",
    "V": "-inf",
    "W": "-inf",
    "Y": "-inf"
  },
  "+2": {
    "A": "-inf",
    "C": "-inf",
    "D": -9.447083226209653,
    "E": -7.447083226209652,
    "F": "-inf",
    "G": "-inf",
    "H": "-inf",
    "I": "-inf",
    "K": -2.199155712766067,
    "L": "-inf",
    "M": "-inf",
    "N": "-inf",
    "P": "-inf",
    "Q": "-inf",
    "R": -4.237629860580703,
    "S": -8.447083226209653,
    "T": "-inf",
    "V": "-inf",
    "W": "-inf",
    "Y": "-inf"
  },
  "+3": {
    "A": -9.447083226209653,
    "C": "-inf",
    "D": -7.447083226209652,
    "E": -7.125155131322289,
    "F": -8.447083226209653,
    "G": -7.862120725488496,
    "H": "-inf",
    "I": "-inf",
    "K": -7.125155131322289,
    "L": "-inf",
    "M": -9.447083226209653,
    "N": "-inf",
    "P": "-inf",
    "Q": -6.447083226209652,
    "R": -2.4698033027097357,
    "S": -7.125155131322289,
    "T": -7.447083226209652,
    "V": "-inf",
    "W": "-inf",
    "Y": "-inf"
  },
  "+4": {
    "A": -6.125155131322289,
    "C": "-inf",
    "D": -6.27715822476734,
    "E": -6.639728304152048,
    "F": -7.862120725488496,
    "G": -4.987651607572355,
    "H": -9.447083226209653,
    "I": -8.447083226209653,
    "K": -8.447083226209653,
    "L": -5.199155712766067,
    "M": -6.125155131322289,
    "N": -7.125155131322289,
    "P": -5.125155131322289,
    "Q": -8.447083226209653,
    "R": -7.447083226209652,
    "S": -4.639728304152048,