{
  "-10": {
    "A": -5.599912842187128,
    "C": -6.599912842187128,
    "D": -5.014950341465972,
    "E": -6.599912842187128,
    "F": "-inf",
    "G": -4.599912842187128,
    "H": "-inf",
    "I": "-inf",
    "K": -3.1404812235498305,
    "L": -4.014950341465972,
    "M": -6.599912842187128,
    "N": -5.599912842187128,
    "P": -4.599912842187128,
    "Q": -2.7925579201295236,
    "R": -1.8994731240460356,
    "S": -5.599912842187128,
    "T": -5.599912842187128,
    "V": -6.599912842187128,
    "W": "-inf",
    "Y": "-inf"
  },
  "-9": {
    "A": -3.7925579201295236,
    "C": "-inf",
    "D": -3.599912842187128,
    "E": -5.599912842187128,
    "F": "-inf",
    "G": -2.351985328743542,
    "H": -4.014950341465972,
    "I": -6.599912842187128,
    "K": -5.014950341465972,
    "L": "-inf",
    "M": -6.599912842187128,
    "N": -6.599912842187128,
    "P": -2.207595419408367,
    "Q": -5.014950341465972,
    "R": -4.277984747299765,
    "S": -3.7925579201295236,
    "T": -5.014950341465972,
    "V": "-inf",
    "W": "-inf",
    "Y": -5.599912842187128
  },
  "-8": {
    "A": -5.599912842187128,
    "C": "-inf",
    "D": -4.599912842187128,
    "E": -4.277984747299765,
    "F": -6.599912842187128,
    "G": -5.599912842187128,
    "H": -5.599912842187128,
    "I": "-inf",
    "K": -2.5124500009367883,
    "L": -4.277984747299765,
    "M": -5.014950341465972,
    "N": -2.5124500009367883,
    "P": -3.7925579201295236,
    "Q": -4.277984747299765,
    "R": -4.277984747299765,
    "S": -3.0149503414659713,
    "T": -5.599912842187128,
    "V": -5.599912842187128,
    "W": "-inf",
    "Y": "-inf"
  },
  "-7": {
    "A": -5.599912842187128,
    "C": "-inf",
    "D": -4.599912842187128,
    "E": -4.277984747299765,
    "F": -6.599912842187128,
    "G": -4.277984747299765,
    "H": -2.7925579201295236,
    "I": -5.599912842187128,
    "K": -3.599912842187128,
    "L": -4.014950341465972,
    "M": -5.014950341465972,
    "N": -5.599912842187128,
    "P": -2.1404812235498305,
    "Q": -3.429987840744815,
    "R": -6.599912842187128,
    "S": -4.277984747299765,
    "T": -4.014950341465972,
    "V": "-inf",
    "W": -6.599912842187128,
    "Y": "-inf"
  },
  "-6": {
    "A": -5.599912842187128,
    "C": -6.599912842187128,
    "D": -1.9560566524124032,
    "E": -4.599912842187128,
    "F": -6.599912842187128,
    "G": -5.599912842187128,
    "H": -5.599912842187128,
    "I": "-inf",
    "K": -3.599912842187128,
    "L": "-inf",
    "M": "-inf",
    "N": -3.7925579201295236,
    "P": -4.277984747299765,
    "Q": -4.599912842187128,
    "R": -4.599912842187128,
    "S": -5.014950341465972,
    "T": "-inf",
    "V": "-inf",
    "W": -2.0149503414659713,
    "Y": -4.599912842187128
  },
  "-5": {
    "A": -1.7925579201295236,
    "C": -5.599912842187128,
    "D": "-inf",
    "E": -3.7925579201295236,
    "F": -5.014950341465972,
    "G": "-inf",
    "H": "-inf",
    "I": -6.599912842187128,
    "K": -3.599912842187128,
    "L": -4.014950341465972,
    "M": "-inf",
    "N": "-inf",
    "P": -4.277984747299765,
    "Q": -3.429987840744815,
    "R": -2.599912842187128,
    "S": -3.599912842187128,
    "T": -6.599912842187128,
    "V": "-inf",
    "W": -6.599912842187128,
    "Y": -6.599912842187128
  },
  "-4": {
    "A": -4.014950341465972,
    "C": "-inf",
    "D": -6.599912842187128,
    "E": "-inf",
    "F": -0.7925579201295238,
    "G": -6.599912842187128,
    "H": "-inf",
    "I": -5.599912842187128,
    "K": "-inf",
    "L": -5.014950341465972,
    "M": -5.599912842187128,
    "N": "-inf",
    "P": "-inf",
    "Q": "-inf",
    "R": -5.599912842187128,
    "S": "-inf",
    "T": -4.277984747299765,
    "V": -2.5124500009367883,
    "W": -6.599912842187128,
    "Y": -6.599912842187128
  },
  "-3": {
    "A": -4.599912842187128,
    "C": "-inf",
    "D": -6.599912842187128,
    "E": -6.599912842187128,
    "F": -3.0149503414659713,
    "G": -1.9560566524124032,
    "H": "-inf",
    "I": -3.599912842187128,
    "K": -4.599912842187128,
    "L": -6.599912842187128,
    "M": "-inf",
    "N": "-inf",
    "P": -4.277984747299765,
    "Q": -6.599912842187128,
    "R": "-inf",
    "S": -6.599912842187128,
    "T": "-inf",
    "V": -2.8994731240460356,
    "W": -4.599912842187128,
    "Y": -2.5124500009367883
  },
  "-2": {
    "A": -6.599912842187128,
    "C": "-inf",
    "D": -6.599912842187128,
    "E": "-inf",
    "F": -5.599912842187128,
    "G": -1.0763508861301148,
    "H": -2.1404812235498305,
    "I": -6.599912842187128,
    "K": -5.014950341465972,
    "L": -6.599912842187128,
    "M": "-inf",
    "N": -5.014950341465972,
    "P": -2.7925579201295236,
    "Q": "-inf",
    "R": "-inf",
    "S": -5.014950341465972,
    "T": "-inf",
    "V": "-inf",
    "W": "-inf",
    "Y": "-inf"
  },
  "-1": {
    "A": "-inf",
    "C": "-inf",
    "D": "-inf",
    "E": "-inf",
    "F": -2.7925579201295236,
    "G": -6.599912842187128,
    "H": "-inf",
    "I": -6.599912842187128,
    "K": -5.014950341465972,
    "L": -0.6226329186872112,
    "M": "-inf",
    "N": -6.599912842187128,
    "P": -5.599912842187128,
    "Q": "-inf",
    "R": -3.429987840744815,
    "S": "-inf",
    "T": -6.599912842187128,
    "V": -6.599912842187128,
    "W": -6.599912842187128,
    "Y": "-inf"
  },
  "0": {
    "A": "-inf",
    "C": "-inf",
    "D": "-inf",
    "E": "-inf",
    "F": "-inf",
    "G": "-inf",
    "H": "-inf",
    "I": "-inf",
    "K": "-inf",
    "L": "-inf",
    "M": 0.0,
    "N": "-inf",
    "P": "-inf",
    "Q": "-inf",
    "R": "-inf",
    "S": "-inf",
    "T": "-inf",
    "V": "-inf",
    "W": "-inf",
    "Y": "-inf"
  },
  "+1": {
    "A": "-inf",
    "C": "-inf",
    "D": "-inf",
    "E": "-inf",
    "F": "-inf",
    "G": -1.3519853287435422,
    "H": "-inf",
    "I": "-inf",
    "K": "-inf",
    "L": "-inf",
    "M": "-inf",
    "N": "-inf",
    "P": "-inf",
    "Q": "-inf",
    "R": "-inf",
    "S": "-inf",
    "T": "-inf",
    "V": "-inf",
    "W": "-inf",
    "Y": "-inf"
  },
  "+2": {
    "A": "-inf",
    "C": "-inf",
    "D": "-inf",
    "E": "-inf",
    "F": "-inf",
    "G": "-inf",
    "H": "-inf",
    "I": "-inf",
    "K": -2.0149503414659713,
    "L": "-inf",
    "M": "-inf",
    "N": "-inf",
    "P": "-inf",
    "Q": "-inf",
    "R": -3.1404812235498305,
    "S": "-inf",
    "T": "-inf",
    "V": "-inf",
    "W": "-inf",
    "Y": "-inf"
  },
  "+3": {
    "A": -6.599912842187128,
    "C": "-inf",
    "D": "-inf",
    "E": "-inf",
    "F": "-inf",
    "G": "-inf",
    "H": "-inf",
    "I": "-inf",
    "K": -3.277984747299765,
    "L": "-inf",
    "M": "-inf",
    "N": "-inf",
    "P": "-inf",
    "Q": "-inf",
    "R": -2.429987840744815,
    "S": -4.277984747299765,
    "T": "-inf",
    "V": "-inf",
    "W": "-inf",
    "Y": "-inf"
  },
  "+4": {
    "A": -5.014950341465972,
    "C": "-inf",
    "D": -5.014950341465972,
    "E": -5.599912842187128,
    "F": "-inf",
    "G": -6.599912842187128,
    "H": -6.599912842187128,
    "I": "-inf",
    "K": "-inf",
    "L": "-inf",
    "M": "-inf",
    "N": -5.599912842187128,
    "P": "-inf",
    "Q": -6.599912842187128,
    "R": -5.599912842187128,
    "S": -3.0149503414659713,
    "T": -6.599912842187128,
    "V": -4.599912842187128,
    "W": "-inf",
    "Y": "-inf"
  },
  "+5": {
    "A": -5.014950341465972,
    "C": "-inf",
    "D": "-inf",
    "E": -3.7925579201295236,
    "F": -6.599912842187128,
    "G": -5.014950341465972,
    "H": "-inf",
    "I": -5.599912842187128,
    "K": "-inf",
    "L": -4.014950341465972,
    "M": -6.599912842187128,
    "N": -6.599912842187128,
    "P": -6.599912842187128,
    "Q": -6.599912842187128,
    "R": -6.599912842187128,
    "S": -6.599912842187128,
    "T": -6.599912842187128,
    "V": -5.599912842187128,
    "W": "-inf",
    "Y": -6.599912842187128
  },
  "+6": {
    "A": -5.014950341465972,
    "C": "-inf",
    "D": -5.599912842187128,
    "E": -3.277984747299765,
    "F": "-inf",
    "G": -4.014950341465972,
    "H": "-inf",
    "I": "-inf",
    "K": -5.599912842187128,