{
  "-10": {
    "A": -2.5647846187835257,
    "C": -6.149747119504682,
    "D": -6.149747119504682,
    "E": -7.149747119504682,
    "F": -3.44930740136359,
    "G": -2.626185163447669,
    "H": -7.149747119504682,
    "I": -4.82781902461732,
    "K": -4.82781902461732,
    "L": -3.2428565238961635,
    "M": "-inf",
    "N": -5.564784618783526,
    "P": -6.149747119504682,
    "Q": -2.5647846187835257,
    "R": -5.564784618783526,
    "S": -4.82781902461732,
    "T": -7.149747119504682,
    "V": -5.149747119504682,
    "W": "-inf",
    "Y": -4.82781902461732
  },
  "-9": {
    "A": -2.0204641025597154,
    "C": -5.564784618783526,
    "D": "-inf",
    "E": -6.149747119504682,
    "F": -4.82781902461732,
    "G": -7.149747119504682,
    "H": -6.149747119504682,
    "I": "-inf",
    "K": -6.149747119504682,
    "L": -3.5647846187835257,
    "M": -3.342392197447078,
    "N": -5.564784618783526,
    "P": -4.82781902461732,
    "Q": -4.82781902461732,
    "R": -3.9798221180623696,
    "S": -7.149747119504682,
    "T": -2.8278190246173196,
    "V": -2.8278190246173196,
    "W": "-inf",
    "Y": "-inf"
  },
  "-8": {
    "A": -7.149747119504682,
    "C": -7.149747119504682,
    "D": "-inf",
    "E": -5.564784618783526,
    "F": -2.757429696725922,
    "G": -4.149747119504682,
    "H": "-inf",
    "I": -6.149747119504682,
    "K": -1.9402937538757323,
    "L": -4.82781902461732,
    "M": "-inf",
    "N": -6.149747119504682,
    "P": -3.0622842782543427,
    "Q": -7.149747119504682,
    "R": -4.82781902461732,
    "S": -2.9798221180623696,
    "T": -6.149747119504682,
    "V": -3.44930740136359,
    "W": -5.564784618783526,
    "Y": -7.149747119504682
  },
  "-7": {
    "A": -6.149747119504682,
    "C": -4.82781902461732,
    "D": -3.5647846187835257,
    "E": -3.342392197447078,
    "F": -4.564784618783526,
    "G": -2.5058909297299574,
    "H": -4.149747119504682,
    "I": -4.564784618783526,
    "K": -3.1497471195046822,
    "L": -6.149747119504682,
    "M": "-inf",
    "N": -5.564784618783526,
    "P": -5.564784618783526,
    "Q": -3.44930740136359,
    "R": -7.149747119504682,
    "S": "-inf",
    "T": -4.564784618783526,
    "V": -3.8278190246173196,
    "W": "-inf",
    "Y": -4.149747119504682
  },
  "-6": {
    "A": -5.564784618783526,
    "C": -3.690315500867385,
    "D": -7.149747119504682,
    "E": "-inf",
    "F": -3.1497471195046822,
    "G": -7.149747119504682,
    "H": "-inf",
    "I": -7.149747119504682,
    "K": -3.9798221180623696,
    "L": -1.6261851634476692,
    "M": -3.5647846187835257,
    "N": -6.149747119504682,
    "P": -7.149747119504682,
    "Q": "-inf",
    "R": -4.82781902461732,
    "S": -7.149747119504682,
    "T": -7.149747119504682,
    "V": -7.149747119504682,
    "W": "-inf",
    "Y": -2.2428565238961635
  },
  "-5": {
    "A": -2.195550809117807,
    "C": -4.82781902461732,
    "D": "-inf",
    "E": -5.564784618783526,
    "F": -7.149747119504682,
    "G": -5.564784618783526,
    "H": "-inf",
    "I": -1.9798221180623696,
    "K": -6.149747119504682,
    "L": -2.757429696725922,
    "M": "-inf",
    "N": "-inf",
    "P": -6.149747119504682,
    "Q": -7.149747119504682,
    "R": -6.149747119504682,
    "S": -2.5058909297299574,
    "T": -6.149747119504682,
    "V": -4.564784618783526,
    "W": "-inf",
    "Y": -7.149747119504682
  },
  "-4": {
    "A": -6.149747119504682,
    "C": -3.690315500867385,
    "D": -7.149747119504682,
    "E": -2.9798221180623696,
    "F": -3.5647846187835257,
    "G": -7.149747119504682,
    "H": -7.149747119504682,
    "I": -5.564784618783526,
    "K": -4.564784618783526,
    "L": -7.149747119504682,
    "M": "-inf",
    "N": -2.757429696725922,
    "P": -2.9018196060610966,
    "Q": -3.8278190246173196,
    "R": -3.2428565238961635,
    "S": -2.9798221180623696,
    "T": -7.149747119504682,
    "V": "-inf",
    "W": -7.149747119504682,
    "Y": "-inf"
  },
  "-3": {
    "A": -3.342392197447078,
    "C": -4.564784618783526,
    "D": -6.149747119504682,
    "E": -5.564784618783526,
    "F": -5.564784618783526,
    "G": -2.105353000146229,
    "H": -3.8278190246173196,
    "I": "-inf",
    "K": -3.5647846187835257,
    "L": -7.149747119504682,
    "M": "-inf",
    "N": "-inf",
    "P": -7.149747119504682,
    "Q": -7.149747119504682,
    "R": -3.0622842782543427,
    "S": -3.8278190246173196,
    "T": -3.690315500867385,
    "V": -3.0622842782543427,
    "W": "-inf",
    "Y": -7.149747119504682
  },
  "-2": {
    "A": -4.564784618783526,
    "C": -5.564784618783526,
    "D": "-inf",
    "E": -7.149747119504682,
    "F": -4.149747119504682,
    "G": -7.149747119504682,
    "H": "-inf",
    "I": -3.5647846187835257,
    "K": -4.149747119504682,
    "L": -3.2428565238961635,
    "M": -3.342392197447078,
    "N": -3.8278190246173196,
    "P": -3.5647846187835257,
    "Q": "-inf",
    "R": -5.564784618783526,
    "S": "-inf",
    "T": -5.564784618783526,
    "V": -6.149747119504682,
    "W": -2.690315500867385,
    "Y": -2.690315500867385
  },
  "-1": {
    "A": -2.757429696725922,
    "C": -3.8278190246173196,
    "D": -6.149747119504682,
    "E": -7.149747119504682,
    "F": "-inf",
    "G": -5.564784618783526,
    "H": -7.149747119504682,
    "I": -7.149747119504682,
    "K": -5.564784618783526,
    "L": -3.690315500867385,
    "M": -7.149747119504682,
    "N": -3.9798221180623696,
    "P": -5.149747119504682,
    "Q": "-inf",
    "R": -2.342392197447078,
    "S": -3.44930740136359,
    "T": -2.8278190246173196,
    "V": -3.44930740136359,
    "W": "-inf",
    "Y": -7.149747119504682
  },
  "0": {
    "A": "-inf",
    "C": "-inf",
    "D": "-inf",
    "E": "-inf",
    "F": "-inf",
    "G": "-inf",
    "H": "-inf",
    "I": "-inf",
    "K": "-inf",
    "L": "-inf",
    "M": "-inf",
    "N": 0.0,
    "P": "-inf",
    "Q": "-inf",
    "R": "-inf",
    "S": "-inf",
    "T": "-inf",
    "V": "-inf",
    "W": "-inf",
    "Y": "-inf"
  },
  "+1": {
    "A": "-inf",
    "C": "-inf",
    "D": "-inf",
    "E": "-inf",
    "F": "-inf",
    "G": -0.9018196060610967,
    "H": "-inf",
    "I": "-inf",
    "K": "-inf",
    "L": "-inf",
    "M": "-inf",
    "N": "-inf",
    "P": "-inf",
    "Q": "-inf",
    "R": "-inf",
    "S": "-inf",
    "T": "-inf",
    "V": "-inf",
    "W": "-inf",
    "Y": "-inf"
  },
  "+2": {
    "A": "-inf",
    "C": "-inf",
    "D": "-inf",
    "E": "-inf",
    "F": "-inf",
    "G": "-inf",
    "H": "-inf",
    "I": "-inf",
    "K": -1.29176612437711,
    "L": "-inf",
    "M": "-inf",
    "N": "-inf",
    "P": "-inf",
    "Q": "-inf",
    "R": -3.690315500867385,
    "S": "-inf",
    "T": "-inf",
    "V": "-inf",
    "W": "-inf",
    "Y": "-inf"
  },
  "+3": {
    "A": "-inf",
    "C": "-inf",
    "D": "-inf",
    "E": "-inf",
    "F": "-inf",
    "G": "-inf",
    "H": "-inf",
    "I": "-inf",
    "K": -5.564784618783526,
    "L": "-inf",
    "M": -7.149747119504682,
    "N": "-inf",
    "P": "-inf",
    "Q": "-inf",
    "R": -1.3948596173412136,
    "S": "-inf",
    "T": "-inf",
    "V": "-inf",
    "W": "-inf",
    "Y": "-inf"
  },
  "+4": {
    "A": "-inf",
    "C": "-inf",
    "D": -5.564784618783526,
    "E": "-inf",
    "F": "-inf",
    "G": "-inf",
    "H": "-inf",
    "I": "-inf",
    "K": "-inf",
    "L": -7.149747119504682,
    "M": "-inf",
    "N": -7.149747119504682,
    "P": "-inf",
    "Q": "-inf",
    "R": -7.149747119504682,
    "S": -2.690315500867385,
    "T": -2.5058909297299574,
    "V": -5.564784618783526,
    "W": "-inf",
    "Y": "-inf"
  },
  "+5": {
    "A": -1.9402937538757323,
    "C": "-inf",
    "D": "-inf",
    "E": "-inf",
    "F": -7.149747119504682,
    "G": -7.149747119504682,
    "H": "-inf",
    "I": -6.149747119504682,
    "K": -7.149747119504682,
    "L": -6.149747119504682,
    "M": "-inf",
    "N": -7.149747119504682,
    "P": "-inf",
    "Q": -7.149747119504682,
    "R": "-inf",
    "S": -4.149747119504682,
    "T": -6.149747119504682,
    "V": "-inf",
    "W": "-inf",
    "Y": "-inf"
  },
  "+6": {
    "A": -7.149747119504682,
    "C": "-inf",