{
  "-10": {
    "A": -3.34577483684173,
    "C": -4.34577483684173,
    "D": -3.9307373375628862,
    "E": -4.34577483684173,
    "F": -2.9307373375628862,
    "G": -2.760812336120574,
    "H": -4.930737337562886,
    "I": "-inf",
    "K": -3.9307373375628862,
    "L": -5.930737337562886,
    "M": "-inf",
    "N": -5.930737337562886,
    "P": -3.123382415505282,
    "Q": "-inf",
    "R": -4.34577483684173,
    "S": "-inf",
    "T": -5.930737337562886,
    "V": "-inf",
    "W": -4.930737337562886,
    "Y": -4.930737337562886
  },
  "-9": {
    "A": "-inf",
    "C": -4.930737337562886,
    "D": "-inf",
    "E": -5.930737337562886,
    "F": -4.930737337562886,
    "G": -5.930737337562886,
    "H": -4.34577483684173,
    "I": -4.930737337562886,
    "K": -5.930737337562886,
    "L": -2.34577483684173,
    "M": "-inf",
    "N": -4.930737337562886,
    "P": -2.760812336120574,
    "Q": -5.930737337562886,
    "R": -5.930737337562886,
    "S": -3.608809242675524,
    "T": -3.123382415505282,
    "V": -4.34577483684173,
    "W": -4.930737337562886,
    "Y": -4.34577483684173
  },
  "-8": {
    "A": -3.123382415505282,
    "C": -2.608809242675524,
    "D": "-inf",
    "E": "-inf",
    "F": -4.930737337562886,
    "G": -3.34577483684173,
    "H": "-inf",
    "I": -4.34577483684173,
    "K": "-inf",
    "L": -4.34577483684173,
    "M": "-inf",
    "N": -4.34577483684173,
    "P": -4.930737337562886,
    "Q": -4.930737337562886,
    "R": -2.9307373375628862,
    "S": -5.930737337562886,
    "T": -4.34577483684173,
    "V": -4.930737337562886,
    "W": -3.9307373375628862,
    "Y": -5.930737337562886
  },
  "-7": {
    "A": -2.760812336120574,
    "C": -3.608809242675524,
    "D": -5.930737337562886,
    "E": -4.930737337562886,
    "F": -5.930737337562886,
    "G": -3.608809242675524,
    "H": "-inf",
    "I": -4.930737337562886,
    "K": -3.34577483684173,
    "L": -5.930737337562886,
    "M": -4.930737337562886,
    "N": -5.930737337562886,
    "P": -3.608809242675524,
    "Q": "-inf",
    "R": -4.930737337562886,
    "S": -5.930737337562886,
    "T": -2.230297619421794,
    "V": -5.930737337562886,
    "W": "-inf",
    "Y": -5.930737337562886
  },
  "-6": {
    "A": -2.608809242675524,
    "C": -3.123382415505282,
    "D": "-inf",
    "E": "-inf",
    "F": -4.34577483684173,
    "G": -3.9307373375628862,
    "H": "-inf",
    "I": "-inf",
    "K": -4.930737337562886,
    "L": -3.9307373375628862,
    "M": -4.930737337562886,
    "N": -2.9307373375628862,
    "P": -4.34577483684173,
    "Q": "-inf",
    "R": -5.930737337562886,
    "S": -4.34577483684173,
    "T": -4.930737337562886,
    "V": -3.9307373375628862,
    "W": -3.9307373375628862,
    "Y": -5.930737337562886
  },
  "-5": {
    "A": -5.930737337562886,
    "C": -2.608809242675524,
    "D": "-inf",
    "E": "-inf",
    "F": -3.608809242675524,
    "G": -4.930737337562886,
    "H": -4.930737337562886,
    "I": -3.34577483684173,
    "K": -4.930737337562886,
    "L": "-inf",
    "M": "-inf",
    "N": -2.760812336120574,
    "P": -3.34577483684173,
    "Q": -5.930737337562886,
    "R": "-inf",
    "S": -4.930737337562886,
    "T": -2.9307373375628862,
    "V": -5.930737337562886,
    "W": "-inf",
    "Y": -4.34577483684173
  },
  "-4": {
    "A": -5.930737337562886,
    "C": -3.123382415505282,
    "D": "-inf",
    "E": "-inf",
    "F": -5.930737337562886,
    "G": -1.9307373375628862,
    "H": "-inf",
    "I": -4.930737337562886,
    "K": -5.930737337562886,
    "L": -3.608809242675524,
    "M": "-inf",
    "N": -5.930737337562886,
    "P": -2.9307373375628862,
    "Q": "-inf",
    "R": -4.34577483684173,
    "S": -4.34577483684173,
    "T": -5.930737337562886,
    "V": -3.9307373375628862,
    "W": "-inf",
    "Y": -3.608809242675524
  },
  "-3": {
    "A": -2.34577483684173,
    "C": -3.34577483684173,
    "D": -4.930737337562886,
    "E": -3.9307373375628862,
    "F": -4.34577483684173,
    "G": -5.930737337562886,
    "H": "-inf",
    "I": -4.34577483684173,
    "K": -4.34577483684173,
    "L": -5.930737337562886,
    "M": "-inf",
    "N": "-inf",
    "P": -3.9307373375628862,
    "Q": "-inf",
    "R": -3.9307373375628862,
    "S": -3.34577483684173,
    "T": -4.930737337562886,
    "V": -4.34577483684173,
    "W": "-inf",
    "Y": -3.9307373375628862
  },
  "-2": {
    "A": -3.608809242675524,
    "C": -3.608809242675524,
    "D": "-inf",
    "E": -4.930737337562886,
    "F": -4.34577483684173,
    "G": -1.9307373375628862,
    "H": -4.930737337562886,
    "I": -4.930737337562886,
    "K": -5.930737337562886,
    "L": -4.34577483684173,
    "M": "-inf",
    "N": -4.930737337562886,
    "P": -3.34577483684173,
    "Q": -4.34577483684173,
    "R": -3.34577483684173,
    "S": -5.930737337562886,
    "T": "-inf",
    "V": -4.930737337562886,
    "W": -4.930737337562886,
    "Y": "-inf"
  },
  "-1": {
    "A": -4.34577483684173,
    "C": -4.930737337562886,
    "D": "-inf",
    "E": "-inf",
    "F": -3.608809242675524,
    "G": -2.9307373375628862,
    "H": -3.608809242675524,
    "I": -4.34577483684173,
    "K": -5.930737337562886,
    "L": -3.9307373375628862,
    "M": "-inf",
    "N": -3.9307373375628862,
    "P": -4.930737337562886,
    "Q": -5.930737337562886,
    "R": -3.123382415505282,
    "S": -3.34577483684173,
    "T": -3.9307373375628862,
    "V": -3.608809242675524,
    "W": "-inf",
    "Y": -5.930737337562886
  },
  "0": {
    "A": "-inf",
    "C": "-inf",
    "D": "-inf",
    "E": "-inf",
    "F": "-inf",
    "G": "-inf",
    "H": "-inf",
    "I": "-inf",
    "K": "-inf",
    "L": "-inf",
    "M": "-inf",
    "N": "-inf",
    "P": 0.0,
    "Q": "-inf",
    "R": "-inf",
    "S": "-inf",
    "T": "-inf",
    "V": "-inf",
    "W": "-inf",
    "Y": "-inf"
  },
  "+1": {
    "A": "-inf",
    "C": "-inf",
    "D": "-inf",
    "E": "-inf",
    "F": "-inf",
    "G": -0.976541027176011,
    "H": "-inf",
    "I": "-inf",
    "K": "-inf",
    "L": "-inf",
    "M": "-inf",
    "N": "-inf",
    "P": "-inf",
    "Q": "-inf",
    "R": "-inf",
    "S": "-inf",
    "T": "-inf",
    "V": "-inf",
    "W": "-inf",
    "Y": "-inf"
  },
  "+2": {
    "A": "-inf",
    "C": "-inf",
    "D": "-inf",
    "E": -4.34577483684173,
    "F": "-inf",
    "G": "-inf",
    "H": "-inf",
    "I": "-inf",
    "K": -2.9307373375628862,
    "L": "-inf",
    "M": "-inf",
    "N": "-inf",
    "P": "-inf",
    "Q": "-inf",
    "R": -2.123382415505282,
    "S": "-inf",
    "T": "-inf",
    "V": "-inf",
    "W": "-inf",
    "Y": "-inf"
  },
  "+3": {
    "A": "-inf",
    "C": "-inf",
    "D": "-inf",
    "E": -5.930737337562886,
    "F": "-inf",
    "G": "-inf",
    "H": "-inf",
    "I": "-inf",
    "K": -3.9307373375628862,
    "L": "-inf",
    "M": "-inf",
    "N": "-inf",
    "P": "-inf",
    "Q": -4.34577483684173,
    "R": -2.123382415505282,
    "S": "-inf",
    "T": "-inf",
    "V": "-inf",
    "W": "-inf",
    "Y": "-inf"
  },
  "+4": {
    "A": -3.9307373375628862,
    "C": "-inf",
    "D": "-inf",
    "E": "-inf",
    "F": "-inf",
    "G": "-inf",
    "H": "-inf",
    "I": "-inf",
    "K": "-inf",
    "L": "-inf",
    "M": "-inf",
    "N": -5.930737337562886,
    "P": "-inf",
    "Q": "-inf",
    "R": -3.34577483684173,
    "S": -5.930737337562886,
    "T": "-inf",
    "V": "-inf",
    "W": "-inf",
    "Y": "-inf"
  },
  "+5": {
    "A": "-inf",
    "C": "-inf",
    "D": -4.34577483684173,
    "E": "-inf",
    "F": "-inf",
    "G": "-inf",
    "H": "-inf",
    "I": -4.930737337562886,
    "K": -4.930737337562886,
    "L": "-inf",
    "M": "-inf",
    "N": "-inf",
    "P": "-inf",
    "Q": -5.930737337562886,
    "R": -4.34577483684173,
    "S": -5.930737337562886,
    "T": "-inf",
    "V": "-inf",
    "W": "-inf",
    "Y": "-inf"
  },
  "+6": {
    "A": -5.930737337562886,
    "C": "-inf",
    "D": -5.930737337562886,
    "E": "-inf",
    "F": "-inf",
    "G": "-inf",
    "H": "-inf",
    "I": "-inf",
    "K": "-inf",
    "L": -4.34577483684173,
    "M": -4.930737337562886,
    "N": "-inf",
    "P": "-inf",