{
  "-10": {
    "A": -1.9068905956085185,
    "C": -4.906890595608519,
    "D": -3.9068905956085187,
    "E": -5.906890595608519,
    "F": "-inf",
    "G": -3.584962500721156,
    "H": "-inf",
    "I": -4.321928094887363,
    "K": -4.906890595608519,
    "L": -4.906890595608519,
    "M": -2.736965594166206,
    "N": -5.906890595608519,
    "P": -4.906890595608519,
    "Q": "-inf",
    "R": -4.906890595608519,
    "S": -3.9068905956085187,
    "T": -4.906890595608519,
    "V": -3.584962500721156,
    "W": "-inf",
    "Y": "-inf"
  },
  "-9": {
    "A": -3.584962500721156,
    "C": -3.584962500721156,
    "D": -5.906890595608519,
    "E": -2.4474589769712214,
    "F": "-inf",
    "G": -4.906890595608519,
    "H": "-inf",
    "I": -3.9068905956085187,
    "K": -5.906890595608519,
    "L": -1.5849625007211563,
    "M": "-inf",
    "N": -5.906890595608519,
    "P": -5.906890595608519,
    "Q": -3.321928094887362,
    "R": -5.906890595608519,
    "S": -4.906890595608519,
    "T": "-inf",
    "V": "-inf",
    "W": "-inf",
    "Y": "-inf"
  },
  "-8": {
    "A": -4.906890595608519,
    "C": -5.906890595608519,
    "D": -5.906890595608519,
    "E": "-inf",
    "F": -3.584962500721156,
    "G": -2.9068905956085187,
    "H": "-inf",
    "I": -5.906890595608519,
    "K": -4.321928094887363,
    "L": -3.9068905956085187,
    "M": -2.9068905956085187,
    "N": -2.2064508774674265,
    "P": -4.906890595608519,
    "Q": -4.906890595608519,
    "R": -5.906890595608519,
    "S": -4.906890595608519,
    "T": -3.321928094887362,
    "V": -5.906890595608519,
    "W": "-inf",
    "Y": "-inf"
  },
  "-7": {
    "A": -2.2064508774674265,
    "C": -4.906890595608519,
    "D": -4.906890595608519,
    "E": -4.906890595608519,
    "F": -5.906890595608519,
    "G": -3.321928094887362,
    "H": -5.906890595608519,
    "I": "-inf",
    "K": -5.906890595608519,
    "L": -4.321928094887363,
    "M": -5.906890595608519,
    "N": -5.906890595608519,
    "P": -4.321928094887363,
    "Q": -5.906890595608519,
    "R": -5.906890595608519,
    "S": -4.906890595608519,
    "T": -3.584962500721156,
    "V": -2.4474589769712214,
    "W": -5.906890595608519,
    "Y": -4.321928094887363
  },
  "-6": {
    "A": -3.584962500721156,
    "C": -4.906890595608519,
    "D": -5.906890595608519,
    "E": -4.906890595608519,
    "F": -3.9068905956085187,
    "G": "-inf",
    "H": "-inf",
    "I": -3.321928094887362,
    "K": -5.906890595608519,
    "L": -4.906890595608519,
    "M": -4.321928094887363,
    "N": -2.321928094887362,
    "P": "-inf",
    "Q": "-inf",
    "R": -4.906890595608519,
    "S": -5.906890595608519,
    "T": -4.906890595608519,
    "V": -1.9068905956085185,
    "W": "-inf",
    "Y": -5.906890595608519
  },
  "-5": {
    "A": -3.9068905956085187,
    "C": "-inf",
    "D": "-inf",
    "E": "-inf",
    "F": -5.906890595608519,
    "G": -5.906890595608519,
    "H": "-inf",
    "I": -4.321928094887363,
    "K": -3.0995356735509145,
    "L": -2.4474589769712214,
    "M": "-inf",
    "N": -2.736965594166206,
    "P": -3.9068905956085187,
    "Q": "-inf",
    "R": -5.906890595608519,
    "S": -4.321928094887363,
    "T": -2.4474589769712214,
    "V": -5.906890595608519,
    "W": -5.906890595608519,
    "Y": -4.321928094887363
  },
  "-4": {
    "A": -4.906890595608519,
    "C": -4.906890595608519,
    "D": -2.9068905956085187,
    "E": -3.9068905956085187,
    "F": -5.906890595608519,
    "G": -4.906890595608519,
    "H": -4.321928094887363,
    "I": -5.906890595608519,
    "K": -2.736965594166206,
    "L": -2.0995356735509145,
    "M": "-inf",
    "N": -5.906890595608519,
    "P": -5.906890595608519,
    "Q": -5.906890595608519,
    "R": -5.906890595608519,
    "S": -3.321928094887362,
    "T": -5.906890595608519,
    "V": -5.906890595608519,
    "W": -4.906890595608519,
    "Y": "-inf"
  },
  "-3": {
    "A": -5.906890595608519,
    "C": -4.321928094887363,
    "D": "-inf",
    "E": -4.906890595608519,
    "F": -5.906890595608519,
    "G": -4.906890595608519,
    "H": "-inf",
    "I": "-inf",
    "K": -3.584962500721156,
    "L": -3.321928094887362,
    "M": -2.9068905956085187,
    "N": -5.906890595608519,
    "P": "-inf",
    "Q": -3.0995356735509145,
    "R": -2.4474589769712214,
    "S": -4.906890595608519,
    "T": -3.9068905956085187,
    "V": -5.906890595608519,
    "W": -4.906890595608519,
    "Y": -3.9068905956085187
  },
  "-2": {
    "A": -3.584962500721156,
    "C": -3.584962500721156,
    "D": "-inf",
    "E": -5.906890595608519,
    "F": -5.906890595608519,
    "G": -5.906890595608519,
    "H": -5.906890595608519,
    "I": -3.0995356735509145,
    "K": -2.4474589769712214,
    "L": -3.9068905956085187,
    "M": -5.906890595608519,
    "N": -4.321928094887363,
    "P": -4.906890595608519,
    "Q": -4.906890595608519,
    "R": -5.906890595608519,
    "S": "-inf",
    "T": -5.906890595608519,
    "V": -2.2064508774674265,
    "W": "-inf",
    "Y": -5.906890595608519
  },
  "-1": {
    "A": -5.906890595608519,
    "C": "-inf",
    "D": "-inf",
    "E": "-inf",
    "F": -5.906890595608519,
    "G": -2.9068905956085187,
    "H": "-inf",
    "I": -5.906890595608519,
    "K": -3.321928094887362,
    "L": -3.584962500721156,
    "M": -5.906890595608519,
    "N": -2.2064508774674265,
    "P": -3.9068905956085187,
    "Q": -4.321928094887363,
    "R": -5.906890595608519,
    "S": -3.9068905956085187,
    "T": "-inf",
    "V": -2.4474589769712214,
    "W": "-inf",
    "Y": -5.906890595608519
  },
  "0": {
    "A": "-inf",
    "C": "-inf",
    "D": "-inf",
    "E": "-inf",
    "F": "-inf",
    "G": "-inf",
    "H": "-inf",
    "I": "-inf",
    "K": "-inf",
    "L": "-inf",
    "M": "-inf",
    "N": "-inf",
    "P": "-inf",
    "Q": 0.0,
    "R": "-inf",
    "S": "-inf",
    "T": "-inf",
    "V": "-inf",
    "W": "-inf",
    "Y": "-inf"
  },
  "+1": {
    "A": "-inf",
    "C": "-inf",
    "D": "-inf",
    "E": -5.906890595608519,
    "F": "-inf",
    "G": -0.5145731728297583,
    "H": "-inf",
    "I": "-inf",
    "K": -5.906890595608519,
    "L": "-inf",
    "M": "-inf",
    "N": "-inf",
    "P": "-inf",
    "Q": "-inf",
    "R": "-inf",
    "S": "-inf",
    "T": "-inf",
    "V": "-inf",
    "W": "-inf",
    "Y": "-inf"
  },
  "+2": {
    "A": -5.906890595608519,
    "C": "-inf",
    "D": "-inf",
    "E": -2.0995356735509145,
    "F": -4.906890595608519,
    "G": -5.906890595608519,
    "H": "-inf",
    "I": "-inf",
    "K": -3.321928094887362,
    "L": "-inf",
    "M": "-inf",
    "N": "-inf",
    "P": "-inf",
    "Q": "-inf",
    "R": -2.2064508774674265,
    "S": "-inf",
    "T": "-inf",
    "V": "-inf",
    "W": "-inf",
    "Y": "-inf"
  },
  "+3": {
    "A": "-inf",
    "C": "-inf",
    "D": "-inf",
    "E": -2.584962500721156,
    "F": "-inf",
    "G": "-inf",
    "H": "-inf",
    "I": "-inf",
    "K": "-inf",
    "L": -5.906890595608519,
    "M": "-inf",
    "N": "-inf",
    "P": "-inf",
    "Q": -1.9068905956085185,
    "R": -3.9068905956085187,
    "S": -5.906890595608519,
    "T": "-inf",
    "V": "-inf",
    "W": "-inf",
    "Y": "-inf"
  },
  "+4": {
    "A": "-inf",
    "C": "-inf",
    "D": -2.584962500721156,
    "E": -5.906890595608519,
    "F": -5.906890595608519,
    "G": "-inf",
    "H": "-inf",
    "I": -5.906890595608519,
    "K": "-inf",
    "L": "-inf",
    "M": "-inf",
    "N": -4.906890595608519,
    "P": -5.906890595608519,
    "Q": "-inf",
    "R": "-inf",
    "S": "-inf",
    "T": "-inf",
    "V": "-inf",
    "W": "-inf",
    "Y": "-inf"
  },
  "+5": {
    "A": "-inf",
    "C": "-inf",
    "D": "-inf",
    "E": "-inf",
    "F": "-inf",
    "G": -5.906890595608519,
    "H": "-inf",
    "I": -5.906890595608519,
    "K": "-inf",
    "L": "-inf",
    "M": "-inf",
    "N": -5.906890595608519,
    "P": -4.906890595608519,
    "Q": "-inf",
    "R": "-inf",
    "S": -3.0995356735509145,
    "T": -3.9068905956085187,
    "V": "-inf",
    "W": "-inf",
    "Y": "-inf"
  },
  "+6": {
    "A": -4.906890595608519,
    "C": "-inf",
    "D": "-inf",