{
  "-10": {
    "A": -5.709658248170471,
    "C": -4.124695747449315,
    "D": "-inf",
    "E": -6.294620748891627,
    "F": "-inf",
    "G": -5.294620748891627,
    "H": -5.294620748891627,
    "I": -4.972692654004264,
    "K": -2.2502266295331737,
    "L": -5.709658248170471,
    "M": "-inf",
    "N": -5.709658248170471,
    "P": -5.294620748891627,
    "Q": -4.709658248170471,
    "R": -4.487265826834023,
    "S": -7.294620748891627,
    "T": -7.294620748891627,
    "V": "-inf",
    "W": -6.294620748891627,
    "Y": "-inf"
  },
  "-9": {
    "A": -2.0466932354480414,
    "C": -6.294620748891627,
    "D": -6.294620748891627,
    "E": -4.709658248170471,
    "F": -5.709658248170471,
    "G": -3.972692654004265,
    "H": -6.294620748891627,
    "I": "-inf",
    "K": -4.709658248170471,
    "L": -5.294620748891627,
    "M": "-inf",
    "N": -6.294620748891627,
    "P": -5.294620748891627,
    "Q": -4.294620748891627,
    "R": -2.902303326112867,
    "S": -4.709658248170471,
    "T": -5.709658248170471,
    "V": -3.8351891302543297,
    "W": -6.294620748891627,
    "Y": -4.487265826834023
  },
  "-8": {
    "A": -2.2071579076412875,
    "C": "-inf",
    "D": "-inf",
    "E": "-inf",
    "F": -4.294620748891627,
    "G": -3.487265826834023,
    "H": -6.294620748891627,
    "I": -5.709658248170471,
    "K": -4.487265826834023,
    "L": -7.294620748891627,
    "M": "-inf",
    "N": -6.294620748891627,
    "P": -1.5667002943284278,
    "Q": -7.294620748891627,
    "R": -3.8351891302543297,
    "S": -4.487265826834023,
    "T": -5.294620748891627,
    "V": -7.294620748891627,
    "W": "-inf",
    "Y": -6.294620748891627
  },
  "-7": {
    "A": -2.487265826834023,
    "C": -5.709658248170471,
    "D": "-inf",
    "E": -7.294620748891627,
    "F": -7.294620748891627,
    "G": -3.709658248170471,
    "H": -6.294620748891627,
    "I": -3.972692654004265,
    "K": -5.709658248170471,
    "L": -4.124695747449315,
    "M": "-inf",
    "N": -5.294620748891627,
    "P": -2.294620748891627,
    "Q": -5.294620748891627,
    "R": -4.709658248170471,
    "S": -2.6507645591169022,
    "T": -5.709658248170471,
    "V": -4.294620748891627,
    "W": -5.709658248170471,
    "Y": -6.294620748891627
  },
  "-6": {
    "A": -3.8351891302543297,
    "C": "-inf",
    "D": -4.487265826834023,
    "E": -7.294620748891627,
    "F": -4.709658248170471,
    "G": -4.709658248170471,
    "H": -7.294620748891627,
    "I": -4.487265826834023,
    "K": -7.294620748891627,
    "L": -6.294620748891627,
    "M": -2.2502266295331737,
    "N": -3.8351891302543297,
    "P": -3.8351891302543297,
    "Q": -5.709658248170471,
    "R": -4.294620748891627,
    "S": -2.009218530029379,
    "T": -4.972692654004264,
    "V": -5.294620748891627,
    "W": "-inf",
    "Y": -7.294620748891627
  },
  "-5": {
    "A": -4.124695747449315,
    "C": -3.972692654004265,
    "D": "-inf",
    "E": -7.294620748891627,
    "F": "-inf",
    "G": -0.8516772530428988,
    "H": -7.294620748891627,
    "I": -4.124695747449315,
    "K": -4.487265826834023,
    "L": -5.709658248170471,
    "M": -7.294620748891627,
    "N": "-inf",
    "P": -6.294620748891627,
    "Q": -5.294620748891627,
    "R": -6.294620748891627,
    "S": -5.709658248170471,
    "T": -5.709658248170471,
    "V": -5.294620748891627,
    "W": -5.294620748891627,
    "Y": -4.487265826834023
  },
  "-4": {
    "A": -4.709658248170471,
    "C": -7.294620748891627,
    "D": "-inf",
    "E": "-inf",
    "F": -0.6947079067044993,
    "G": -5.709658248170471,
    "H": -6.294620748891627,
    "I": "-inf",
    "K": -7.294620748891627,
    "L": -3.3877301532831083,
    "M": "-inf",
    "N": -7.294620748891627,
    "P": -4.294620748891627,
    "Q": -7.294620748891627,
    "R": "-inf",
    "S": -6.294620748891627,
    "T": -6.294620748891627,
    "V": -7.294620748891627,
    "W": -4.972692654004264,
    "Y": -3.709658248170471
  },
  "-3": {
    "A": -3.972692654004265,
    "C": -4.487265826834023,
    "D": -6.294620748891627,
    "E": "-inf",
    "F": -2.3877301532831083,
    "G": -3.709658248170471,
    "H": -5.709658248170471,
    "I": -6.294620748891627,
    "K": -6.294620748891627,
    "L": -3.1246957474493144,
    "M": -3.972692654004265,
    "N": -7.294620748891627,
    "P": -7.294620748891627,
    "Q": -2.5397332467281584,
    "R": -4.294620748891627,
    "S": -5.294620748891627,
    "T": -6.294620748891627,
    "V": -4.124695747449315,
    "W": "-inf",
    "Y": -4.124695747449315
  },
  "-2": {
    "A": -6.294620748891627,
    "C": -6.294620748891627,
    "D": "-inf",
    "E": -5.709658248170471,
    "F": -6.294620748891627,
    "G": -0.6652641288120175,
    "H": -7.294620748891627,
    "I": -5.709658248170471,
    "K": -3.972692654004265,
    "L": -3.972692654004265,
    "M": -7.294620748891627,
    "N": "-inf",
    "P": -4.709658248170471,
    "Q": "-inf",
    "R": -4.487265826834023,
    "S": -6.294620748891627,
    "T": -4.487265826834023,
    "V": -7.294620748891627,
    "W": -7.294620748891627,
    "Y": "-inf"
  },
  "-1": {
    "A": -3.709658248170471,
    "C": -3.294620748891627,
    "D": "-inf",
    "E": "-inf",
    "F": -4.972692654004264,
    "G": -4.124695747449315,
    "H": "-inf",
    "I": -7.294620748891627,
    "K": -7.294620748891627,
    "L": -6.294620748891627,
    "M": -1.3638834113287406,
    "N": -5.709658248170471,
    "P": -5.709658248170471,
    "Q": -6.294620748891627,
    "R": -5.709658248170471,
    "S": -5.294620748891627,
    "T": -4.972692654004264,
    "V": -2.5397332467281584,
    "W": "-inf",
    "Y": -5.709658248170471
  },
  "0": {
    "A": "-inf",
    "C": "-inf",
    "D": "-inf",
    "E": "-inf",
    "F": "-inf",
    "G": "-inf",
    "H": "-inf",
    "I": "-inf",
    "K": "-inf",
    "L": "-inf",
    "M": "-inf",
    "N": "-inf",
    "P": "-inf",
    "Q": "-inf",
    "R": 0.0,
    "S": "-inf",
    "T": "-inf",
    "V": "-inf",
    "W": "-inf",
    "Y": "-inf"
  },
  "+1": {
    "A": -7.294620748891627,
    "C": "-inf",
    "D": "-inf",
    "E": "-inf",
    "F": "-inf",
    "G": -1.487265826834023,
    "H": "-inf",
    "I": "-inf",
    "K": "-inf",
    "L": "-inf",
    "M": "-inf",
    "N": "-inf",
    "P": "-inf",
    "Q": "-inf",
    "R": -6.294620748891627,
    "S": "-inf",
    "T": "-inf",
    "V": "-inf",
    "W": "-inf",
    "Y": "-inf"
  },
  "+2": {
    "A": -7.294620748891627,
    "C": "-inf",
    "D": "-inf",
    "E": "-inf",
    "F": "-inf",
    "G": -7.294620748891627,
    "H": "-inf",
    "I": "-inf",
    "K": -2.009218530029379,
    "L": -7.294620748891627,
    "M": "-inf",
    "N": "-inf",
    "P": "-inf",
    "Q": "-inf",
    "R": -5.709658248170471,
    "S": -7.294620748891627,
    "T": "-inf",
    "V": "-inf",
    "W": "-inf",
    "Y": "-inf"
  },
  "+3": {
    "A": -7.294620748891627,
    "C": "-inf",
    "D": "-inf",
    "E": "-inf",
    "F": -7.294620748891627,
    "G": -6.294620748891627,
    "H": "-inf",
    "I": "-inf",
    "K": -2.8351891302543297,
    "L": "-inf",
    "M": "-inf",
    "N": -7.294620748891627,
    "P": "-inf",
    "Q": "-inf",
    "R": -3.487265826834023,
    "S": "-inf",
    "T": "-inf",
    "V": "-inf",
    "W": "-inf",
    "Y": "-inf"
  },
  "+4": {
    "A": -6.294620748891627,
    "C": "-inf",
    "D": -4.487265826834023,
    "E": -5.709658248170471,
    "F": -7.294620748891627,
    "G": -5.294620748891627,
    "H": "-inf",
    "I": -7.294620748891627,
    "K": -7.294620748891627,
    "L": "-inf",
    "M": "-inf",
    "N": -4.487265826834023,
    "P": -5.709658248170471,
    "Q": "-inf",
    "R": -7.294620748891627,
    "S": -4.487265826834023,
    "T": "-inf",
    "V": -7.294620748891627,
    "W": -6.294620748891627,
    "Y": -7.294620748891627
  },
  "+5": {
    "A": -4.709658248170471,
    "C": "-inf",
    "D": -6.294620748891627,
    "E": -5.294620748891627,
    "F": -6.294620748891627,
    "G": -7.294620748891627,
    "H": "-inf",
    "I": -5.709658248170471,
    "K": "-inf",
    "L": -4.294620748891627,
    "M": "-inf",
    "N": "-inf",
    "P": -4.709658248170471,