{
  "-10": {
    "A": -5.303780748177103,
    "C": -3.9818526532897405,
    "D": -6.303780748177103,
    "E": -3.1338557467347905,
    "F": -5.303780748177103,
    "G": -3.303780748177103,
    "H": -6.303780748177103,
    "I": -5.303780748177103,
    "K": -3.7188182474559466,
    "L": -3.496425826119499,
    "M": "-inf",
    "N": -6.303780748177103,
    "P": -5.303780748177103,
    "Q": "-inf",
    "R": -5.303780748177103,
    "S": -2.9818526532897405,
    "T": -3.496425826119499,
    "V": -5.303780748177103,
    "W": -4.718818247455947,
    "Y": -3.9818526532897405
  },
  "-9": {
    "A": -3.9818526532897405,
    "C": -4.718818247455947,
    "D": "-inf",
    "E": -3.496425826119499,
    "F": -3.7188182474559466,
    "G": -5.303780748177103,
    "H": -6.303780748177103,
    "I": -4.718818247455947,
    "K": -4.303780748177103,
    "L": -4.718818247455947,
    "M": -2.496425826119499,
    "N": -5.303780748177103,
    "P": -6.303780748177103,
    "Q": "-inf",
    "R": -5.303780748177103,
    "S": -4.303780748177103,
    "T": -4.303780748177103,
    "V": -4.718818247455947,
    "W": -6.303780748177103,
    "Y": -2.9818526532897405
  },
  "-8": {
    "A": -4.718818247455947,
    "C": -3.7188182474559466,
    "D": "-inf",
    "E": -6.303780748177103,
    "F": -6.303780748177103,
    "G": -3.1338557467347905,
    "H": "-inf",
    "I": -6.303780748177103,
    "K": -2.7188182474559466,
    "L": -4.718818247455947,
    "M": "-inf",
    "N": -5.303780748177103,
    "P": -2.496425826119499,
    "Q": -6.303780748177103,
    "R": -3.7188182474559466,
    "S": -3.7188182474559466,
    "T": -6.303780748177103,
    "V": -6.303780748177103,
    "W": -5.303780748177103,
    "Y": -3.303780748177103
  },
  "-7": {
    "A": -4.718818247455947,
    "C": -3.1338557467347905,
    "D": -6.303780748177103,
    "E": -3.7188182474559466,
    "F": -4.718818247455947,
    "G": -3.496425826119499,
    "H": -6.303780748177103,
    "I": -6.303780748177103,
    "K": -3.496425826119499,
    "L": -4.718818247455947,
    "M": "-inf",
    "N": -6.303780748177103,
    "P": -3.9818526532897405,
    "Q": "-inf",
    "R": -2.7188182474559466,
    "S": -5.303780748177103,
    "T": -6.303780748177103,
    "V": -4.718818247455947,
    "W": -4.718818247455947,
    "Y": -3.1338557467347905
  },
  "-6": {
    "A": -5.303780748177103,
    "C": -2.496425826119499,
    "D": -4.718818247455947,
    "E": -4.718818247455947,
    "F": "-inf",
    "G": -5.303780748177103,
    "H": -4.718818247455947,
    "I": -3.9818526532897405,
    "K": -6.303780748177103,
    "L": -3.7188182474559466,
    "M": -6.303780748177103,
    "N": "-inf",
    "P": -3.1338557467347905,
    "Q": -6.303780748177103,
    "R": -6.303780748177103,
    "S": -4.303780748177103,
    "T": -6.303780748177103,
    "V": -5.303780748177103,
    "W": -3.7188182474559466,
    "Y": -2.3968901525685844
  },
  "-5": {
    "A": -2.3968901525685844,
    "C": -3.496425826119499,
    "D": -6.303780748177103,
    "E": "-inf",
    "F": "-inf",
    "G": -3.1338557467347905,
    "H": "-inf",
    "I": -4.718818247455947,
    "K": -3.9818526532897405,
    "L": -4.718818247455947,
    "M": -3.9818526532897405,
    "N": -6.303780748177103,
    "P": -2.9818526532897405,
    "Q": -6.303780748177103,
    "R": -3.7188182474559466,
    "S": -6.303780748177103,
    "T": -4.718818247455947,
    "V": -4.303780748177103,
    "W": -6.303780748177103,
    "Y": -4.303780748177103
  },
  "-4": {
    "A": -3.9818526532897405,
    "C": -2.603341030036011,
    "D": -3.7188182474559466,
    "E": -3.9818526532897405,
    "F": -2.7188182474559466,
    "G": -4.718818247455947,
    "H": -5.303780748177103,
    "I": -4.718818247455947,
    "K": -4.718818247455947,
    "L": -6.303780748177103,
    "M": -5.303780748177103,
    "N": -2.7188182474559466,
    "P": -5.303780748177103,
    "Q": -6.303780748177103,
    "R": -6.303780748177103,
    "S": "-inf",
    "T": "-inf",
    "V": -3.7188182474559466,
    "W": "-inf",
    "Y": -5.303780748177103
  },
  "-3": {
    "A": -5.303780748177103,
    "C": -3.9818526532897405,
    "D": -6.303780748177103,
    "E": "-inf",
    "F": -3.9818526532897405,
    "G": -2.496425826119499,
    "H": -5.303780748177103,
    "I": -6.303780748177103,
    "K": -2.496425826119499,
    "L": -4.303780748177103,
    "M": -6.303780748177103,
    "N": "-inf",
    "P": -5.303780748177103,
    "Q": -6.303780748177103,
    "R": -2.603341030036011,
    "S": -5.303780748177103,
    "T": -3.7188182474559466,
    "V": -4.718818247455947,
    "W": -6.303780748177103,
    "Y": -5.303780748177103
  },
  "-2": {
    "A": -5.303780748177103,
    "C": -3.9818526532897405,
    "D": -6.303780748177103,
    "E": -3.7188182474559466,
    "F": -5.303780748177103,
    "G": -4.718818247455947,
    "H": "-inf",
    "I": -4.303780748177103,
    "K": -3.1338557467347905,
    "L": -4.718818247455947,
    "M": -6.303780748177103,
    "N": -5.303780748177103,
    "P": -2.844349129539806,
    "Q": -4.718818247455947,
    "R": -4.718818247455947,
    "S": -4.303780748177103,
    "T": -4.718818247455947,
    "V": -4.303780748177103,
    "W": -6.303780748177103,
    "Y": -2.7188182474559466
  },
  "-1": {
    "A": -4.303780748177103,
    "C": -3.1338557467347905,
    "D": -2.9818526532897405,
    "E": -6.303780748177103,
    "F": -6.303780748177103,
    "G": -3.496425826119499,
    "H": -5.303780748177103,
    "I": "-inf",
    "K": -3.1338557467347905,
    "L": -3.9818526532897405,
    "M": "-inf",
    "N": -4.303780748177103,
    "P": -2.496425826119499,
    "Q": -6.303780748177103,
    "R": -4.718818247455947,
    "S": -3.7188182474559466,
    "T": "-inf",
    "V": -5.303780748177103,
    "W": "-inf",
    "Y": -6.303780748177103
  },
  "0": {
    "A": "-inf",
    "C": "-inf",
    "D": "-inf",
    "E": "-inf",
    "F": "-inf",
    "G": "-inf",
    "H": "-inf",
    "I": "-inf",
    "K": "-inf",
    "L": "-inf",
    "M": "-inf",
    "N": "-inf",
    "P": "-inf",
    "Q": "-inf",
    "R": "-inf",
    "S": 0.0,
    "T": "-inf",
    "V": "-inf",
    "W": "-inf",
    "Y": "-inf"
  },
  "+1": {
    "A": "-inf",
    "C": "-inf",
    "D": "-inf",
    "E": "-inf",
    "F": "-inf",
    "G": -0.9462287435590193,
    "H": "-inf",
    "I": "-inf",
    "K": "-inf",
    "L": "-inf",
    "M": "-inf",
    "N": "-inf",
    "P": "-inf",
    "Q": "-inf",
    "R": "-inf",
    "S": -6.303780748177103,
    "T": "-inf",
    "V": "-inf",
    "W": "-inf",
    "Y": "-inf"
  },
  "+2": {
    "A": "-inf",
    "C": "-inf",
    "D": "-inf",
    "E": -3.1338557467347905,
    "F": "-inf",
    "G": "-inf",
    "H": "-inf",
    "I": "-inf",
    "K": -2.7188182474559466,
    "L": "-inf",
    "M": "-inf",
    "N": "-inf",
    "P": "-inf",
    "Q": "-inf",
    "R": -6.303780748177103,
    "S": "-inf",
    "T": "-inf",
    "V": "-inf",
    "W": "-inf",
    "Y": "-inf"
  },
  "+3": {
    "A": -3.1338557467347905,
    "C": "-inf",
    "D": "-inf",
    "E": "-inf",
    "F": "-inf",
    "G": "-inf",
    "H": "-inf",
    "I": "-inf",
    "K": "-inf",
    "L": "-inf",
    "M": -6.303780748177103,
    "N": "-inf",
    "P": "-inf",
    "Q": "-inf",
    "R": -3.7188182474559466,
    "S": "-inf",
    "T": "-inf",
    "V": "-inf",
    "W": "-inf",
    "Y": "-inf"
  },
  "+4": {
    "A": "-inf",
    "C": "-inf",
    "D": -6.303780748177103,
    "E": "-inf",
    "F": "-inf",
    "G": "-inf",
    "H": "-inf",
    "I": "-inf",
    "K": -3.1338557467347905,
    "L": -6.303780748177103,
    "M": "-inf",
    "N": -4.718818247455947,
    "P": "-inf",
    "Q": "-inf",
    "R": "-inf",
    "S": "-inf",
    "T": -5.303780748177103,
    "V": "-inf",
    "W": "-inf",
    "Y": "-inf"
  },
  "+5": {
    "A": -5.303780748177103,
    "C": "-inf",
    "D": "-inf",
    "E": "-inf",
    "F": "-inf",
    "G": "-inf",
    "H": "-inf",
    "I": "-inf",
    "K": -3.303780748177103,
    "L": "-inf",
    "M": "-inf",
    "N": -6.303780748177103,
    "P": "-inf",
    "Q": "-inf",
    "R": "-inf",
    "S": -6.303780748177103,
    "T": "-inf",