{
  "-10": {
    "A": -3.8425921021141454,
    "C": -6.221103725367875,
    "D": -4.543031820255238,
    "E": -5.083600201617941,
    "F": -5.083600201617941,
    "G": -1.5657518967553212,
    "H": -5.735676898197633,
    "I": -4.842592102114145,
    "K": -2.9884429685776004,
    "L": -4.543031820255238,
    "M": -8.543031820255237,
    "N": -7.543031820255238,
    "P": -5.958069319534082,
    "Q": -4.636141224646719,
    "R": -5.958069319534082,
    "S": -4.543031820255238,
    "T": -7.543031820255238,
    "V": -5.221103725367875,
    "W": "-inf",
    "Y": "-inf"
  },
  "-9": {
    "A": -2.899175630480513,
    "C": -6.958069319534082,
    "D": -3.6850508251276657,
    "E": -4.636141224646719,
    "F": -5.221103725367875,
    "G": -4.455568979004898,
    "H": -5.958069319534082,
    "I": -7.543031820255238,
    "K": -5.221103725367875,
    "L": -6.221103725367875,
    "M": -5.958069319534082,
    "N": -6.221103725367875,
    "P": -5.958069319534082,
    "Q": -5.543031820255238,
    "R": -3.2951043068116523,
    "S": -1.5772475355931508,
    "T": -6.543031820255238,
    "V": -6.958069319534082,
    "W": "-inf",
    "Y": -7.543031820255238
  },
  "-8": {
    "A": -2.899175630480513,
    "C": -7.543031820255238,
    "D": -6.543031820255238,
    "E": -4.019469864198225,
    "F": -4.150714397476477,
    "G": -5.373106818812926,
    "H": "-inf",
    "I": -6.221103725367875,
    "K": -5.221103725367875,
    "L": -4.373106818812926,
    "M": -6.221103725367875,
    "N": -6.958069319534082,
    "P": -6.221103725367875,
    "Q": -3.2211037253678754,
    "R": -7.543031820255238,
    "S": -1.4034804678564443,
    "T": -6.543031820255238,
    "V": -4.150714397476477,
    "W": "-inf",
    "Y": -7.543031820255238
  },
  "-7": {
    "A": -5.221103725367875,
    "C": -8.543031820255237,
    "D": -6.958069319534082,
    "E": -6.543031820255238,
    "F": "-inf",
    "G": -0.9580693195340816,
    "H": -5.735676898197633,
    "I": -7.543031820255238,
    "K": -6.958069319534082,
    "L": -3.8425921021141454,
    "M": -6.221103725367875,
    "N": -5.543031820255238,
    "P": -3.4555689790048985,
    "Q": -5.373106818812926,
    "R": -6.221103725367875,
    "S": -3.8425921021141454,
    "T": -7.543031820255238,
    "V": -6.543031820255238,
    "W": -6.221103725367875,
    "Y": -4.150714397476477
  },
  "-6": {
    "A": -6.543031820255238,
    "C": -5.735676898197633,
    "D": -6.958069319534082,
    "E": -6.221103725367875,
    "F": -4.295104306811652,
    "G": -2.9884429685776004,
    "H": -8.543031820255237,
    "I": -5.373106818812926,
    "K": -3.051178723925563,
    "L": -1.4345073634770686,
    "M": -3.2951043068116523,
    "N": -6.221103725367875,
    "P": -6.221103725367875,
    "Q": -5.543031820255238,
    "R": -4.221103725367875,
    "S": -5.735676898197633,
    "T": "-inf",
    "V": -5.958069319534082,
    "W": "-inf",
    "Y": -6.958069319534082
  },
  "-5": {
    "A": -4.543031820255238,
    "C": -8.543031820255237,
    "D": "-inf",
    "E": -8.543031820255237,
    "F": -4.019469864198225,
    "G": -4.958069319534082,
    "H": "-inf",
    "I": -1.2484110713636107,
    "K": -4.150714397476477,
    "L": -3.5888355098683626,
    "M": "-inf",
    "N": -6.958069319534082,
    "P": -5.958069319534082,
    "Q": -6.543031820255238,
    "R": -2.9283219761400296,
    "S": -5.083600201617941,
    "T": -6.543031820255238,
    "V": -6.958069319534082,
    "W": -6.958069319534082,
    "Y": -3.735676898197634
  },
  "-4": {
    "A": -3.735676898197634,
    "C": -5.958069319534082,
    "D": -7.543031820255238,
    "E": -8.543031820255237,
    "F": -5.958069319534082,
    "G": -4.543031820255238,
    "H": -8.543031820255237,
    "I": -4.636141224646719,
    "K": -6.958069319534082,
    "L": -4.735676898197633,
    "M": "-inf",
    "N": -5.735676898197633,
    "P": -1.7228528578400502,
    "Q": -6.543031820255238,
    "R": "-inf",
    "S": -1.8151113656920386,
    "T": -6.958069319534082,
    "V": -3.6850508251276657,
    "W": -4.543031820255238,
    "Y": -6.958069319534082
  },
  "-3": {
    "A": -4.842592102114145,
    "C": -6.543031820255238,
    "D": -5.373106818812926,
    "E": -8.543031820255237,
    "F": -1.8425921021141456,
    "G": -5.221103725367875,
    "H": -3.498637700896784,
    "I": -6.958069319534082,
    "K": -5.735676898197633,
    "L": -4.295104306811652,
    "M": -2.185479815637154,
    "N": -5.958069319534082,
    "P": -5.083600201617941,
    "Q": -5.958069319534082,
    "R": -3.333578454626288,
    "S": -6.221103725367875,
    "T": "-inf",
    "V": -4.221103725367875,
    "W": "-inf",
    "Y": -6.958069319534082
  },
  "-2": {
    "A": -5.221103725367875,
    "C": -7.543031820255238,
    "D": -5.958069319534082,
    "E": -4.083600201617941,
    "F": -6.543031820255238,
    "G": -4.373106818812926,
    "H": "-inf",
    "I": -6.958069319534082,
    "K": -5.083600201617941,
    "L": -8.543031820255237,
    "M": -7.543031820255238,
    "N": -5.958069319534082,
    "P": -0.9505747829871574,
    "Q": -2.899175630480513,
    "R": -6.221103725367875,
    "S": -3.5430318202552376,
    "T": -6.221103725367875,
    "V": -8.543031820255237,
    "W": -8.543031820255237,
    "Y": -8.543031820255237
  },
  "-1": {
    "A": -5.373106818812926,
    "C": -7.543031820255238,
    "D": "-inf",
    "E": -6.221103725367875,
    "F": -2.203181817370613,
    "G": -6.958069319534082,
    "H": -5.958069319534082,
    "I": -5.958069319534082,
    "K": -5.543031820255238,
    "L": -5.083600201617941,
    "M": -4.636141224646719,
    "N": -6.958069319534082,
    "P": -5.543031820255238,
    "Q": -8.543031820255237,
    "R": -0.9136752001756281,
    "S": -6.543031820255238,
    "T": -5.221103725367875,
    "V": -8.543031820255237,
    "W": -7.543031820255238,
    "Y": "-inf"
  },
  "0": {
    "A": "-inf",
    "C": "-inf",
    "D": "-inf",
    "E": "-inf",
    "F": "-inf",
    "G": "-inf",
    "H": "-inf",
    "I": "-inf",
    "K": "-inf",
    "L": "-inf",
    "M": "-inf",
    "N": "-inf",
    "P": "-inf",
    "Q": "-inf",
    "R": "-inf",
    "S": "-inf",
    "T": "-inf",
    "V": 0.0,
    "W": "-inf",
    "Y": "-inf"
  },
  "+1": {
    "A": "-inf",
    "C": "-inf",
    "D": "-inf",
    "E": "-inf",
    "F": "-inf",
    "G": -1.6122944826923515,
    "H": "-inf",
    "I": "-inf",
    "K": "-inf",
    "L": "-inf",
    "M": "-inf",
    "N": "-inf",
    "P": "-inf",
    "Q": "-inf",
    "R": "-inf",
    "S": "-inf",
    "T": "-inf",
    "V": "-inf",
    "W": "-inf",
    "Y": "-inf"
  },
  "+2": {
    "A": "-inf",
    "C": "-inf",
    "D": "-inf",
    "E": -6.958069319534082,
    "F": "-inf",
    "G": "-inf",
    "H": "-inf",
    "I": "-inf",
    "K": -1.899175630480513,
    "L": "-inf",
    "M": "-inf",
    "N": "-inf",
    "P": "-inf",
    "Q": "-inf",
    "R": -4.958069319534082,
    "S": "-inf",
    "T": "-inf",
    "V": "-inf",
    "W": "-inf",
    "Y": "-inf"
  },
  "+3": {
    "A": -8.543031820255237,
    "C": "-inf",
    "D": -8.543031820255237,
    "E": "-inf",
    "F": "-inf",
    "G": -6.958069319534082,
    "H": "-inf",
    "I": "-inf",
    "K": -5.735676898197633,
    "L": "-inf",
    "M": "-inf",
    "N": "-inf",
    "P": "-inf",
    "Q": -6.958069319534082,
    "R": -2.185479815637154,
    "S": -8.543031820255237,
    "T": "-inf",
    "V": "-inf",
    "W": -8.543031820255237,
    "Y": "-inf"
  },
  "+4": {
    "A": -5.373106818812926,
    "C": "-inf",
    "D": -5.083600201617941,
    "E": -4.221103725367875,
    "F": "-inf",
    "G": -5.543031820255238,
    "H": "-inf",
    "I": -8.543031820255237,
    "K": -8.543031820255237,
    "L": "-inf",
    "M": -8.543031820255237,
    "N": -7.543031820255238,
    "P": -5.373106818812926,
    "Q": -5.958069319534082,
    "R": -6.543031820255238,
    "S": -5.083600201617941,
    "T": -6.958069319534082,
    "V": -5.543031820255238,
    "W": "-inf",
    "Y": "-inf"
  },
  "+5": {
    "A": -5.958069319534082,
    "C": "-inf",
    "D": -6.221103725367875,
    "E": -6.958069319534082,
    "F": -6.543031820255238,