{
  "-10": {
    "A": -3.6865005271832185,
    "C": -6.6865005271832185,
    "D": "-inf",
    "E": -4.6865005271832185,
    "F": -6.6865005271832185,
    "G": -6.6865005271832185,
    "H": "-inf",
    "I": "-inf",
    "K": -3.8791456051256143,
    "L": -5.1015380264620624,
    "M": "-inf",
    "N": "-inf",
    "P": -4.6865005271832185,
    "Q": "-inf",
    "R": -3.516575525740906,
    "S": -4.1015380264620624,
    "T": -6.6865005271832185,
    "V": -5.6865005271832185,
    "W": "-inf",
    "Y": -5.6865005271832185
  },
  "-9": {
    "A": -5.1015380264620624,
    "C": -6.6865005271832185,
    "D": -6.6865005271832185,
    "E": -5.1015380264620624,
    "F": -6.6865005271832185,
    "G": "-inf",
    "H": "-inf",
    "I": -5.1015380264620624,
    "K": -4.6865005271832185,
    "L": -5.6865005271832185,
    "M": "-inf",
    "N": -5.6865005271832185,
    "P": -3.6865005271832185,
    "Q": -5.1015380264620624,
    "R": -3.6865005271832185,
    "S": -5.1015380264620624,
    "T": -5.6865005271832185,
    "V": -5.1015380264620624,
    "W": -6.6865005271832185,
    "Y": -6.6865005271832185
  },
  "-8": {
    "A": -2.6865005271832185,
    "C": -5.6865005271832185,
    "D": -6.6865005271832185,
    "E": -5.6865005271832185,
    "F": "-inf",
    "G": -3.516575525740906,
    "H": "-inf",
    "I": "-inf",
    "K": -5.1015380264620624,
    "L": -5.6865005271832185,
    "M": "-inf",
    "N": -5.6865005271832185,
    "P": "-inf",
    "Q": -5.1015380264620624,
    "R": -5.6865005271832185,
    "S": -5.1015380264620624,
    "T": -5.6865005271832185,
    "V": -5.6865005271832185,
    "W": -6.6865005271832185,
    "Y": "-inf"
  },
  "-7": {
    "A": -4.6865005271832185,
    "C": -6.6865005271832185,
    "D": -5.6865005271832185,
    "E": -6.6865005271832185,
    "F": "-inf",
    "G": "-inf",
    "H": "-inf",
    "I": -5.6865005271832185,
    "K": -5.1015380264620624,
    "L": -5.6865005271832185,
    "M": "-inf",
    "N": "-inf",
    "P": -6.6865005271832185,
    "Q": -0.9316130250197499,
    "R": -4.364572432295856,
    "S": "-inf",
    "T": "-inf",
    "V": -6.6865005271832185,
    "W": -2.1629385711262055,
    "Y": "-inf"
  },
  "-6": {
    "A": -5.6865005271832185,
    "C": -5.6865005271832185,
    "D": -4.6865005271832185,
    "E": -5.1015380264620624,
    "F": "-inf",
    "G": -4.1015380264620624,
    "H": -6.6865005271832185,
    "I": "-inf",
    "K": -4.1015380264620624,
    "L": -2.101538026462062,
    "M": "-inf",
    "N": -4.364572432295856,
    "P": -5.6865005271832185,
    "Q": -3.6865005271832185,
    "R": -6.6865005271832185,
    "S": -6.6865005271832185,
    "T": -6.6865005271832185,
    "V": -1.6865005271832185,
    "W": -4.6865005271832185,
    "Y": "-inf"
  },
  "-5": {
    "A": -6.6865005271832185,
    "C": -5.6865005271832185,
    "D": -4.1015380264620624,
    "E": "-inf",
    "F": "-inf",
    "G": "-inf",
    "H": "-inf",
    "I": -6.6865005271832185,
    "K": -2.227068908545921,
    "L": -5.1015380264620624,
    "M": -6.6865005271832185,
    "N": -1.0717906830680102,
    "P": -5.1015380264620624,
    "Q": "-inf",
    "R": -5.1015380264620624,
    "S": -5.6865005271832185,
    "T": -3.6865005271832185,
    "V": "-inf",
    "W": -6.6865005271832185,
    "Y": "-inf"
  },
  "-4": {
    "A": -5.6865005271832185,
    "C": -6.6865005271832185,
    "D": "-inf",
    "E": -5.6865005271832185,
    "F": -0.9860608090421262,
    "G": -6.6865005271832185,
    "H": "-inf",
    "I": -5.1015380264620624,
    "K": -6.6865005271832185,
    "L": -3.227068908545921,
    "M": -5.6865005271832185,
    "N": "-inf",
    "P": "-inf",
    "Q": -4.6865005271832185,
    "R": -2.6865005271832185,
    "S": -5.6865005271832185,
    "T": "-inf",
    "V": "-inf",
    "W": "-inf",
    "Y": -4.364572432295856
  },
  "-3": {
    "A": -3.516575525740906,
    "C": -6.6865005271832185,
    "D": "-inf",
    "E": -6.6865005271832185,
    "F": "-inf",
    "G": -5.1015380264620624,
    "H": -4.6865005271832185,
    "I": -6.6865005271832185,
    "K": -5.1015380264620624,
    "L": -6.6865005271832185,
    "M": -5.1015380264620624,
    "N": -3.516575525740906,
    "P": "-inf",
    "Q": -6.6865005271832185,
    "R": -3.227068908545921,
    "S": -1.40109830832097,
    "T": -2.7796099315747,
    "V": -6.6865005271832185,
    "W": "-inf",
    "Y": "-inf"
  },
  "-2": {
    "A": -5.6865005271832185,
    "C": "-inf",
    "D": -4.6865005271832185,
    "E": "-inf",
    "F": -6.6865005271832185,
    "G": -3.6865005271832185,
    "H": "-inf",
    "I": -5.6865005271832185,
    "K": "-inf",
    "L": -4.364572432295856,
    "M": "-inf",
    "N": "-inf",
    "P": -0.6865005271832185,
    "Q": "-inf",
    "R": -6.6865005271832185,
    "S": -3.364572432295856,
    "T": -4.6865005271832185,
    "V": -6.6865005271832185,
    "W": "-inf",
    "Y": "-inf"
  },
  "-1": {
    "A": -3.6865005271832185,
    "C": "-inf",
    "D": -3.6865005271832185,
    "E": -6.6865005271832185,
    "F": "-inf",
    "G": -1.4385730137396329,
    "H": "-inf",
    "I": -6.6865005271832185,
    "K": "-inf",
    "L": -5.1015380264620624,
    "M": -5.6865005271832185,
    "N": -1.9860608090421261,
    "P": -6.6865005271832185,
    "Q": "-inf",
    "R": -3.8791456051256143,
    "S": -5.1015380264620624,
    "T": -6.6865005271832185,
    "V": -5.1015380264620624,
    "W": -6.6865005271832185,
    "Y": "-inf"
  },
  "0": {
    "A": "-inf",
    "C": "-inf",
    "D": "-inf",
    "E": "-inf",
    "F": "-inf",
    "G": "-inf",
    "H": "-inf",
    "I": "-inf",
    "K": "-inf",
    "L": "-inf",
    "M": "-inf",
    "N": "-inf",
    "P": "-inf",
    "Q": "-inf",
    "R": "-inf",
    "S": "-inf",
    "T": "-inf",
    "V": "-inf",
    "W": 0.0,
    "Y": "-inf"
  },
  "+1": {
    "A": "-inf",
    "C": "-inf",
    "D": "-inf",
    "E": "-inf",
    "F": "-inf",
    "G": -1.1629385711262055,
    "H": "-inf",
    "I": "-inf",
    "K": "-inf",
    "L": "-inf",
    "M": "-inf",
    "N": "-inf",
    "P": "-inf",
    "Q": "-inf",
    "R": "-inf",
    "S": "-inf",
    "T": "-inf",
    "V": "-inf",
    "W": "-inf",
    "Y": "-inf"
  },
  "+2": {
    "A": "-inf",
    "C": "-inf",
    "D": "-inf",
    "E": "-inf",
    "F": "-inf",
    "G": "-inf",
    "H": "-inf",
    "I": "-inf",
    "K": -1.599037685932879,
    "L": "-inf",
    "M": "-inf",
    "N": "-inf",
    "P": "-inf",
    "Q": "-inf",
    "R": -3.227068908545921,
    "S": "-inf",
    "T": "-inf",
    "V": "-inf",
    "W": "-inf",
    "Y": "-inf"
  },
  "+3": {
    "A": "-inf",
    "C": "-inf",
    "D": "-inf",
    "E": "-inf",
    "F": "-inf",
    "G": "-inf",
    "H": "-inf",
    "I": "-inf",
    "K": "-inf",
    "L": "-inf",
    "M": "-inf",
    "N": "-inf",
    "P": "-inf",
    "Q": "-inf",
    "R": -1.516575525740906,
    "S": -4.6865005271832185,
    "T": "-inf",
    "V": "-inf",
    "W": "-inf",
    "Y": "-inf"
  },
  "+4": {
    "A": -3.516575525740906,
    "C": "-inf",
    "D": -5.6865005271832185,
    "E": -6.6865005271832185,
    "F": -6.6865005271832185,
    "G": -4.364572432295856,
    "H": "-inf",
    "I": "-inf",
    "K": "-inf",
    "L": "-inf",
    "M": "-inf",
    "N": -6.6865005271832185,
    "P": -6.6865005271832185,
    "Q": "-inf",
    "R": -6.6865005271832185,
    "S": -2.9860608090421263,
    "T": -5.6865005271832185,
    "V": -6.6865005271832185,
    "W": "-inf",
    "Y": -5.1015380264620624
  },
  "+5": {
    "A": -4.1015380264620624,
    "C": "-inf",
    "D": -5.6865005271832185,
    "E": "-inf",
    "F": -6.6865005271832185,
    "G": -5.1015380264620624,
    "H": "-inf",
    "I": "-inf",
    "K": "-inf",
    "L": -5.6865005271832185,
    "M": "-inf",
    "N": "-inf",
    "P": -3.516575525740906,
    "Q": -4.6865005271832185,
    "R": "-inf",
    "S": -4.6865005271832185,
    "T": "-inf",
    "V": -5.1015380264620624,
    "W": -4.1015380264620624,
    "Y": "-inf"
  },
  "+6": {
    "A": -5.1015380264620624,
    "C": "-inf",
    "D": -4.6865005271832185,
    "E": -5.6865005271832185,
    "F": -6.6865005271832185,
    "G": -3.364572432295856,
    "H": "-inf",
    "I": "-inf",