{
  "-10": {
    "A": -4.22881869049588,
    "C": -4.22881869049588,
    "D": -5.22881869049588,
    "E": "-inf",
    "F": -6.22881869049588,
    "G": -3.9068905956085187,
    "H": -1.5849625007211563,
    "I": "-inf",
    "K": -5.22881869049588,
    "L": -4.643856189774724,
    "M": -6.22881869049588,
    "N": -4.643856189774724,
    "P": -4.643856189774724,
    "Q": -5.22881869049588,
    "R": -2.5283789723547887,
    "S": -5.22881869049588,
    "T": "-inf",
    "V": -6.22881869049588,
    "W": -6.22881869049588,
    "Y": -6.22881869049588
  },
  "-9": {
    "A": -5.22881869049588,
    "C": -3.9068905956085187,
    "D": "-inf",
    "E": -5.22881869049588,
    "F": -6.22881869049588,
    "G": -3.643856189774725,
    "H": "-inf",
    "I": -4.643856189774724,
    "K": -5.22881869049588,
    "L": -4.643856189774724,
    "M": -6.22881869049588,
    "N": -6.22881869049588,
    "P": -4.643856189774724,
    "Q": -5.22881869049588,
    "R": -5.22881869049588,
    "S": -4.22881869049588,
    "T": "-inf",
    "V": -5.22881869049588,
    "W": "-inf",
    "Y": -1.0995356735509143
  },
  "-8": {
    "A": -4.22881869049588,
    "C": -4.22881869049588,
    "D": -6.22881869049588,
    "E": -6.22881869049588,
    "F": -6.22881869049588,
    "G": -4.22881869049588,
    "H": -6.22881869049588,
    "I": -1.3708376953683088,
    "K": -4.643856189774724,
    "L": -3.4214637684382767,
    "M": -5.22881869049588,
    "N": -6.22881869049588,
    "P": -4.643856189774724,
    "Q": "-inf",
    "R": -4.22881869049588,
    "S": -4.22881869049588,
    "T": -6.22881869049588,
    "V": -6.22881869049588,
    "W": "-inf",
    "Y": -4.643856189774724
  },
  "-7": {
    "A": -3.643856189774725,
    "C": "-inf",
    "D": -6.22881869049588,
    "E": -6.22881869049588,
    "F": "-inf",
    "G": -5.22881869049588,
    "H": -5.22881869049588,
    "I": -4.643856189774724,
    "K": -4.643856189774724,
    "L": -4.643856189774724,
    "M": -6.22881869049588,
    "N": -0.9434164716336325,
    "P": "-inf",
    "Q": "-inf",
    "R": -3.9068905956085187,
    "S": -4.643856189774724,
    "T": -4.22881869049588,
    "V": -6.22881869049588,
    "W": -6.22881869049588,
    "Y": "-inf"
  },
  "-6": {
    "A": -5.22881869049588,
    "C": -6.22881869049588,
    "D": "-inf",
    "E": -6.22881869049588,
    "F": -3.643856189774725,
    "G": -6.22881869049588,
    "H": "-inf",
    "I": -4.22881869049588,
    "K": -4.22881869049588,
    "L": -1.4739311883324124,
    "M": -3.228818690495881,
    "N": -4.22881869049588,
    "P": -4.22881869049588,
    "Q": -5.22881869049588,
    "R": -3.9068905956085187,
    "S": -4.643856189774724,
    "T": -6.22881869049588,
    "V": -6.22881869049588,
    "W": "-inf",
    "Y": -6.22881869049588
  },
  "-5": {
    "A": -3.9068905956085187,
    "C": -3.9068905956085187,
    "D": -4.643856189774724,
    "E": "-inf",
    "F": -4.643856189774724,
    "G": -4.643856189774724,
    "H": "-inf",
    "I": -1.7693870718585836,
    "K": -6.22881869049588,
    "L": -3.0588936890535687,
    "M": "-inf",
    "N": "-inf",
    "P": -3.9068905956085187,
    "Q": -6.22881869049588,
    "R": -4.643856189774724,
    "S": -5.22881869049588,
    "T": -6.22881869049588,
    "V": -2.9068905956085187,
    "W": "-inf",
    "Y": -5.22881869049588
  },
  "-4": {
    "A": -6.22881869049588,
    "C": -5.22881869049588,
    "D": -6.22881869049588,
    "E": "-inf",
    "F": -6.22881869049588,
    "G": -3.9068905956085187,
    "H": "-inf",
    "I": -4.643856189774724,
    "K": -4.643856189774724,
    "L": -3.9068905956085187,
    "M": "-inf",
    "N": -6.22881869049588,
    "P": -4.643856189774724,
    "Q": -5.22881869049588,
    "R": -4.643856189774724,
    "S": -3.9068905956085187,
    "T": -1.0588936890535685,
    "V": -4.643856189774724,
    "W": "-inf",
    "Y": -6.22881869049588
  },
  "-3": {
    "A": -5.22881869049588,
    "C": -4.22881869049588,
    "D": "-inf",
    "E": -6.22881869049588,
    "F": -5.22881869049588,
    "G": -3.643856189774725,
    "H": "-inf",
    "I": "-inf",
    "K": -5.22881869049588,
    "L": -4.22881869049588,
    "M": -5.22881869049588,
    "N": -5.22881869049588,
    "P": -3.228818690495881,
    "Q": -6.22881869049588,
    "R": -1.0588936890535685,
    "S": -4.643856189774724,
    "T": "-inf",
    "V": -6.22881869049588,
    "W": "-inf",
    "Y": -6.22881869049588
  },
  "-2": {
    "A": "-inf",
    "C": -5.22881869049588,
    "D": -6.22881869049588,
    "E": -6.22881869049588,
    "F": "-inf",
    "G": -5.22881869049588,
    "H": -4.643856189774724,
    "I": -6.22881869049588,
    "K": -6.22881869049588,
    "L": -6.22881869049588,
    "M": -4.643856189774724,
    "N": -5.22881869049588,
    "P": -2.321928094887362,
    "Q": -1.3219280948873622,
    "R": -3.9068905956085187,
    "S": -4.643856189774724,
    "T": "-inf",
    "V": -6.22881869049588,
    "W": -5.22881869049588,
    "Y": -5.22881869049588
  },
  "-1": {
    "A": "-inf",
    "C": -3.228818690495881,
    "D": -6.22881869049588,
    "E": "-inf",
    "F": "-inf",
    "G": -3.643856189774725,
    "H": "-inf",
    "I": -6.22881869049588,
    "K": -6.22881869049588,
    "L": -6.22881869049588,
    "M": "-inf",
    "N": "-inf",
    "P": -4.643856189774724,
    "Q": "-inf",
    "R": -0.6742298388182434,
    "S": -5.22881869049588,
    "T": -4.643856189774724,
    "V": -6.22881869049588,
    "W": "-inf",
    "Y": -6.22881869049588
  },
  "0": {
    "A": "-inf",
    "C": "-inf",
    "D": "-inf",
    "E": "-inf",
    "F": "-inf",
    "G": "-inf",
    "H": "-inf",
    "I": "-inf",
    "K": "-inf",
    "L": "-inf",
    "M": "-inf",
    "N": "-inf",
    "P": "-inf",
    "Q": "-inf",
    "R": "-inf",
    "S": "-inf",
    "T": "-inf",
    "V": "-inf",
    "W": "-inf",
    "Y": 0.0
  },
  "+1": {
    "A": "-inf",
    "C": "-inf",
    "D": "-inf",
    "E": "-inf",
    "F": "-inf",
    "G": -1.0588936890535685,
    "H": "-inf",
    "I": "-inf",
    "K": "-inf",
    "L": "-inf",
    "M": "-inf",
    "N": "-inf",
    "P": "-inf",
    "Q": "-inf",
    "R": "-inf",
    "S": "-inf",
    "T": "-inf",
    "V": "-inf",
    "W": "-inf",
    "Y": "-inf"
  },
  "+2": {
    "A": "-inf",
    "C": "-inf",
    "D": "-inf",
    "E": "-inf",
    "F": "-inf",
    "G": "-inf",
    "H": "-inf",
    "I": "-inf",
    "K": -1.9808911770522952,
    "L": "-inf",
    "M": "-inf",
    "N": "-inf",
    "P": "-inf",
    "Q": "-inf",
    "R": -2.5283789723547887,
    "S": "-inf",
    "T": "-inf",
    "V": "-inf",
    "W": "-inf",
    "Y": "-inf"
  },
  "+3": {
    "A": -6.22881869049588,
    "C": "-inf",
    "D": -5.22881869049588,
    "E": "-inf",
    "F": "-inf",
    "G": -6.22881869049588,
    "H": "-inf",
    "I": "-inf",
    "K": -6.22881869049588,
    "L": "-inf",
    "M": "-inf",
    "N": "-inf",
    "P": "-inf",
    "Q": "-inf",
    "R": -1.8365012677171204,
    "S": -4.22881869049588,
    "T": -6.22881869049588,
    "V": "-inf",
    "W": "-inf",
    "Y": "-inf"
  },
  "+4": {
    "A": -6.22881869049588,
    "C": "-inf",
    "D": -4.22881869049588,
    "E": "-inf",
    "F": "-inf",
    "G": -6.22881869049588,
    "H": "-inf",
    "I": -6.22881869049588,
    "K": "-inf",
    "L": -6.22881869049588,
    "M": "-inf",
    "N": -4.22881869049588,
    "P": -6.22881869049588,
    "Q": -6.22881869049588,
    "R": -4.643856189774724,
    "S": -3.228818690495881,
    "T": -5.22881869049588,
    "V": -5.22881869049588,
    "W": "-inf",
    "Y": -6.22881869049588
  },
  "+5": {
    "A": -4.643856189774724,
    "C": "-inf",
    "D": -6.22881869049588,
    "E": "-inf",
    "F": "-inf",
    "G": -4.22881869049588,
    "H": "-inf",
    "I": "-inf",
    "K": -6.22881869049588,
    "L": -4.22881869049588,
    "M": "-inf",
    "N": -5.22881869049588,
    "P": -6.22881869049588,
    "Q": "-inf",
    "R": -3.643856189774725,
    "S": -3.9068905956085187,
    "T": -6.22881869049588,
    "V": -5.22881869049588,
    "W": "-inf",
    "Y": "-inf"
  },
  "+6": {
    "A": -6.22881869049588,
    "C": -6.22881869049588,
    "D": -6.22881869049588,
    "E": -6.22881869049588,