{
  "-10": {
    "A": -2.700615222614692,
    "C": -4.204692619390966,
    "D": "-inf",
    "E": -4.897839799950911,
    "F": "-inf",
    "G": -4.204692619390966,
    "H": -3.1060803307228566,
    "I": -3.7992275112828016,
    "K": -1.463852595465765,
    "L": -3.288401887516811,
    "M": -4.204692619390966,
    "N": -4.204692619390966,
    "P": -1.5305439699644374,
    "Q": -3.1060803307228566,
    "R": "-inf",
    "S": -1.9021075263969205,
    "T": -3.5115454388310208,
    "V": -2.951929650895598,
    "W": "-inf",
    "Y": -3.288401887516811
  },
  "-9": {
    "A": -1.8067973465925955,
    "C": -4.204692619390966,
    "D": "-inf",
    "E": -3.5115454388310208,
    "F": -4.897839799950911,
    "G": -4.204692619390966,
    "H": -3.7992275112828016,
    "I": -3.7992275112828016,
    "K": -3.1060803307228566,
    "L": -4.897839799950911,
    "M": "-inf",
    "N": -4.897839799950911,
    "P": -0.7389567165912395,
    "Q": -3.7992275112828016,
    "R": "-inf",
    "S": -2.189789598848701,
    "T": -4.204692619390966,
    "V": -3.288401887516811,
    "W": "-inf",
    "Y": "-inf"
  },
  "-8": {
    "A": -2.700615222614692,
    "C": -4.204692619390966,
    "D": "-inf",
    "E": -4.204692619390966,
    "F": -3.7992275112828016,
    "G": -4.204692619390966,
    "H": -3.1060803307228566,
    "I": -3.7992275112828016,
    "K": -4.897839799950911,
    "L": -4.204692619390966,
    "M": -4.204692619390966,
    "N": -3.5115454388310208,
    "P": -0.5671064596645803,
    "Q": -2.5952547069568657,
    "R": "-inf",
    "S": -2.951929650895598,
    "T": -4.204692619390966,
    "V": -3.7992275112828016,
    "W": "-inf",
    "Y": "-inf"
  },
  "-7": {
    "A": -1.9021075263969205,
    "C": -4.204692619390966,
    "D": "-inf",
    "E": -3.7992275112828016,
    "F": "-inf",
    "G": -4.897839799950911,
    "H": -4.204692619390966,
    "I": -4.897839799950911,
    "K": -4.897839799950911,
    "L": -4.204692619390966,
    "M": -4.897839799950911,
    "N": -3.7992275112828016,
    "P": -1.208960345836975,
    "Q": -3.7992275112828016,
    "R": "-inf",
    "S": -2.2587824703356527,
    "T": -2.332890442489375,
    "V": -1.5656352897757075,
    "W": "-inf",
    "Y": "-inf"
  },
  "-6": {
    "A": -2.700615222614692,
    "C": -4.897839799950911,
    "D": -4.897839799950911,
    "E": -3.1060803307228566,
    "F": "-inf",
    "G": -3.5115454388310208,
    "H": -3.288401887516811,
    "I": -3.5115454388310208,
    "K": -1.463852595465765,
    "L": -4.204692619390966,
    "M": "-inf",
    "N": -4.897839799950911,
    "P": -1.4013322384844311,
    "Q": -2.951929650895598,
    "R": -4.204692619390966,
    "S": -2.12525107771113,
    "T": -4.204692619390966,
    "V": -3.288401887516811,
    "W": "-inf",
    "Y": -3.288401887516811
  },
  "-5": {
    "A": -1.6397432619294292,
    "C": -4.897839799950911,
    "D": "-inf",
    "E": -4.897839799950911,
    "F": "-inf",
    "G": -4.897839799950911,
    "H": -3.7992275112828016,
    "I": -4.897839799950911,
    "K": -2.951929650895598,
    "L": -4.204692619390966,
    "M": -4.897839799950911,
    "N": -4.897839799950911,
    "P": -0.6783320947748046,
    "Q": "-inf",
    "R": -4.897839799950911,
    "S": -2.189789598848701,
    "T": -4.204692619390966,
    "V": -3.5115454388310208,
    "W": "-inf",
    "Y": "-inf"
  },
  "-4": {
    "A": -3.288401887516811,
    "C": "-inf",
    "D": -4.204692619390966,
    "E": -3.1060803307228566,
    "F": "-inf",
    "G": -4.897839799950911,
    "H": -3.7992275112828016,
    "I": "-inf",
    "K": -4.897839799950911,
    "L": -4.204692619390966,
    "M": "-inf",
    "N": -3.5115454388310208,
    "P": -0.4319316812963277,
    "Q": -3.288401887516811,
    "R": -4.897839799950911,
    "S": -2.332890442489375,
    "T": -4.204692619390966,
    "V": -4.204692619390966,
    "W": "-inf",
    "Y": "-inf"
  },
  "-3": {
    "A": -1.6020029339465822,
    "C": -4.897839799950911,
    "D": -3.7992275112828016,
    "E": "-inf",
    "F": "-inf",
    "G": "-inf",
    "H": -4.897839799950911,
    "I": "-inf",
    "K": "-inf",
    "L": -4.897839799950911,
    "M": -4.897839799950911,
    "N": -4.897839799950911,
    "P": -1.11365016603265,
    "Q": "-inf",
    "R": "-inf",
    "S": -2.12525107771113,
    "T": -2.499944527152541,
    "V": -1.5656352897757075,
    "W": "-inf",
    "Y": "-inf"
  },
  "-2": {
    "A": -3.5115454388310208,
    "C": "-inf",
    "D": -4.897839799950911,
    "E": -3.1060803307228566,
    "F": -4.204692619390966,
    "G": -3.7992275112828016,
    "H": -4.897839799950911,
    "I": "-inf",
    "K": -1.5305439699644374,
    "L": -4.897839799950911,
    "M": "-inf",
    "N": "-inf",
    "P": -0.8034952377288106,
    "Q": "-inf",
    "R": "-inf",
    "S": -2.12525107771113,
    "T": -4.897839799950911,
    "V": -3.288401887516811,
    "W": "-inf",
    "Y": -3.288401887516811
  },
  "-1": {
    "A": -1.4966424182887559,
    "C": "-inf",
    "D": "-inf",
    "E": "-inf",
    "F": "-inf",
    "G": -3.288401887516811,
    "H": "-inf",
    "I": "-inf",
    "K": "-inf",
    "L": -4.204692619390966,
    "M": "-inf",
    "N": "-inf",
    "P": -0.6931471805599453,
    "Q": "-inf",
    "R": "-inf",
    "S": -1.6397432619294292,
    "T": -3.7992275112828016,
    "V": -4.897839799950911,
    "W": "-inf",
    "Y": "-inf"
  },
  "0": {
    "A": "-inf",
    "C": "-inf",
    "D": "-inf",
    "E": "-inf",
    "F": "-inf",
    "G": "-inf",
    "H": "-inf",
    "I": "-inf",
    "K": "-inf",
    "L": "-inf",
    "M": "-inf",
    "N": "-inf",
    "P": 0.0,
    "Q": "-inf",
    "R": "-inf",
    "S": "-inf",
    "T": "-inf",
    "V": "-inf",
    "W": "-inf",
    "Y": "-inf"
  },
  "+1": {
    "A": -1.8067973465925955,
    "C": "-inf",
    "D": -4.204692619390966,
    "E": -4.204692619390966,
    "F": "-inf",
    "G": -3.7992275112828016,
    "H": "-inf",
    "I": "-inf",
    "K": -4.897839799950911,
    "L": -4.897839799950911,
    "M": "-inf",
    "N": "-inf",
    "P": -1.1842677332466036,
    "Q": "-inf",
    "R": "-inf",
    "S": -2.0646264558946954,
    "T": -2.0074680420547466,
    "V": -1.6789639750827106,
    "W": "-inf",
    "Y": -4.204692619390966
  },
  "+2": {
    "A": -3.1060803307228566,
    "C": "-inf",
    "D": "-inf",
    "E": -3.7992275112828016,
    "F": "-inf",
    "G": -4.897839799950911,
    "H": "-inf",
    "I": "-inf",
    "K": -1.6020029339465822,
    "L": -4.897839799950911,
    "M": "-inf",
    "N": "-inf",
    "P": -0.7389567165912395,
    "Q": "-inf",
    "R": "-inf",
    "S": -1.7197859696029658,
    "T": -4.204692619390966,
    "V": "-inf",
    "W": "-inf",
    "Y": -3.1060803307228566
  },
  "+3": {
    "A": -2.12525107771113,
    "C": "-inf",
    "D": -2.951929650895598,
    "E": -4.204692619390966,
    "F": "-inf",
    "G": -3.5115454388310208,
    "H": "-inf",
    "I": -4.897839799950911,
    "K": -3.5115454388310208,
    "L": -3.7992275112828016,
    "M": "-inf",
    "N": "-inf",
    "P": -0.6783320947748046,
    "Q": -4.204692619390966,
    "R": "-inf",
    "S": -2.0646264558946954,
    "T": -2.700615222614692,
    "V": "-inf",
    "W": "-inf",
    "Y": -4.897839799950911
  },
  "+4": {
    "A": -2.8183982582710754,
    "C": -4.897839799950911,
    "D": "-inf",
    "E": -4.204692619390966,
    "F": "-inf",
    "G": -3.7992275112828016,
    "H": -4.204692619390966,
    "I": "-inf",
    "K": "-inf",
    "L": -4.897839799950911,
    "M": "-inf",
    "N": "-inf",
    "P": -0.3869802934340614,
    "Q": "-inf",
    "R": -4.897839799950911,
    "S": -1.7623455840217617,
    "T": -4.897839799950911,
    "V": "-inf",
    "W": "-inf",
    "Y": -4.897839799950911
  },
  "+5": {
    "A": -2.499944527152541,
    "C": "-inf",
    "D": -2.951929650895598,
    "E": "-inf",
    "F": "-inf",
    "G": -3.288401887516811,
    "H": -4.204692619390966,
    "I": "-inf",
    "K": -4.897839799950911,
    "L": -4.204692619390966,
    "M": "-inf",
    "N": "-inf",
    "P": -1.160170181667543,
    "Q": -3.7992275112828016,
    "R": "-inf",
    "S": -2.412933150162911,
    "T": -1.7623455840217617,