{
  "-10": {
    "A": -2.527894970826423,
    "C": -4.607336512506259,
    "D": -3.2454336045105276,
    "E": -2.9485348769538224,
    "F": -3.492787631575337,
    "G": -2.6735477239832903,
    "H": -3.9385807850704726,
    "I": -3.47321753538124,
    "K": -2.8482330062522565,
    "L": -2.6325863663522253,
    "M": -4.128337320351946,
    "N": -3.424058299423156,
    "P": -2.396813866865408,
    "Q": -3.154059330827441,
    "R": -2.962391911615249,
    "S": -2.081126056577023,
    "T": -2.4837051597960524,
    "V": -2.903684310788471,
    "W": -5.037193073738583,
    "Y": -4.008897283487933
  },
  "-9": {
    "A": -2.501147462459395,
    "C": -4.189895213351379,
    "D": -3.3324449815001573,
    "E": -2.908079922261509,
    "F": -3.698300951513276,
    "G": -2.651152300474761,
    "H": -3.989224517889228,
    "I": -3.4809996758232944,
    "K": -2.862862316268216,
    "L": -2.6292474650867104,
    "M": -4.098923435145652,
    "N": -3.405776254585707,
    "P": -2.4195269341046415,
    "Q": -2.995491860041594,
    "R": -2.886292568076602,
    "S": -2.1234343831442644,
    "T": -2.5384931018182466,
    "V": -2.9303525578706324,
    "W": -4.931832558080757,
    "Y": -3.9572729180826256
  },
  "-8": {
    "A": -2.5553776165202553,
    "C": -4.472300228702316,
    "D": -3.4130490139147867,
    "E": -2.912494940470626,
    "F": -3.679069589585388,
    "G": -2.578871257761644,
    "H": -4.042570498594521,
    "I": -3.42037505400686,
    "K": -2.8236416031149343,
    "L": -2.6545652730710003,
    "M": -3.944772755318394,
    "N": -3.553906446631382,
    "P": -2.37460524671313,
    "Q": -2.937132244856011,
    "R": -2.8713190262864394,
    "S": -2.110453671671543,
    "T": -2.530911564365849,
    "V": -2.9416777072276856,
    "W": -5.3885909605764715,
    "Y": -3.9572729180826256
  },
  "-7": {
    "A": -2.463733026609137,
    "C": -4.669468293613265,
    "D": -3.3807302226596194,
    "E": -2.928102838136617,
    "F": -3.650898712618692,
    "G": -2.6209486622720157,
    "H": -3.8276800890370315,
    "I": -3.3223946456466558,
    "K": -2.8691981347173017,
    "L": -2.661426363450946,
    "M": -4.2470536271913275,
    "N": -3.42037505400686,
    "P": -2.40877414232838,
    "Q": -3.0100199606045033,
    "R": -2.9058797013519064,
    "S": -2.081126056577023,
    "T": -2.485147121112954,
    "V": -3.0003111464775425,
    "W": -5.56044121750313,
    "Y": -3.95100330506903
  },
  "-6": {
    "A": -2.505555992744161,
    "C": -4.777681878253498,
    "D": -3.3324449815001573,
    "E": -2.96705392472106,
    "F": -3.7129711412610695,
    "G": -2.6597066725714194,
    "H": -3.902213140899598,
    "I": -3.2547359971728413,
    "K": -2.888450066216623,
    "L": -2.6787879106468466,
    "M": -4.098923435145652,
    "N": -3.4540230881250924,
    "P": -2.356679030444978,
    "Q": -3.1072832660297105,
    "R": -2.884139714715501,
    "S": -2.073448475677989,
    "T": -2.5040843221327047,
    "V": -2.87770882438521,
    "W": -4.851789850407219,
    "Y": -3.9572729180826256
  },
  "-5": {
    "A": -2.4552941579632725,
    "C": -4.515317613786007,
    "D": -3.465495489287329,
    "E": -3.0755345677151302,
    "F": -3.6695908456308444,
    "G": -2.6275821857676496,
    "H": -4.008897283487933,
    "I": -3.359750432190425,
    "K": -2.856566387811401,
    "L": -2.6309155221874074,
    "M": -4.1209023418644275,
    "N": -3.477101035407637,
    "P": -2.3604934025204485,
    "Q": -3.0372157034129934,
    "R": -2.908079922261509,
    "S": -2.0840204146033874,
    "T": -2.5218889467662113,
    "V": -2.77042707854949,
    "W": -5.114154114874711,
    "Y": -3.9635820872758902
  },
  "-4": {
    "A": -2.4693987641448145,
    "C": -5.055885206750735,
    "D": -3.2485247970802007,
    "E": -3.029725031683836,
    "F": -3.6743189868267905,
    "G": -2.766595656237934,
    "H": -3.641682057513768,
    "I": -3.3290836337974525,
    "K": -2.8135710245513383,
    "L": -2.6292474650867104,
    "M": -3.9827520033836104,
    "N": -3.39855600661222,
    "P": -2.41817649500677,
    "Q": -3.0755345677151302,
    "R": -2.912494940470626,
    "S": -2.0859546511832185,
    "T": -2.4665618828096147,
    "V": -2.867081731810924,
    "W": -5.055885206750735,
    "Y": -4.028964846538742
  },
  "-3": {
    "A": -2.463733026609137,
    "C": -4.735717679154466,
    "D": -3.3842700493647433,
    "E": -3.0965879769129625,
    "F": -3.6695908456308444,
    "G": -2.833814630827985,
    "H": -4.049443377882283,
    "I": -3.142854731814578,
    "K": -3.078142131122211,
    "L": -2.680540759474261,
    "M": -4.36273802619079,
    "N": -3.592455116748617,
    "P": -2.0122616454923294,
    "Q": -3.2331635119187134,
    "R": -3.070339750838026,
    "S": -2.206160755628727,
    "T": -2.398135744123324,
    "V": -2.499682260732067,
    "W": -5.154976109394966,
    "Y": -4.316646918990523
  },
  "-2": {
    "A": -2.3023446794816484,
    "C": -4.255492495837192,
    "D": -3.427755161304482,
    "E": -3.2120465884777905,
    "F": -3.932426919496095,
    "G": -2.7346079807445367,
    "H": -4.049443377882283,
    "I": -3.4967480327914338,
    "K": -2.953132586202452,
    "L": -2.703611880375573,
    "M": -4.197863383000556,
    "N": -3.4809996758232944,
    "P": -2.0015280898492205,
    "Q": -3.060030381179165,
    "R": -3.017363934860262,
    "S": -2.1345512232506034,
    "T": -2.61435885259296,
    "V": -2.6718070795055064,
    "W": -5.3885909605764715,
    "Y": -4.106196194474732
  },
  "-1": {
    "A": -2.346577934458474,
    "C": -4.735717679154466,
    "D": -3.74806246107234,
    "E": -3.5127483741378747,
    "F": -3.3807302226596194,
    "G": -2.805586950203118,
    "H": -3.8166909674614358,
    "I": -3.148441338523218,
    "K": -3.0860058675824256,
    "L": -2.825667946260167,
    "M": -4.181990033844266,
    "N": -3.8556931252647053,
    "P": -2.446925908292756,
    "Q": -3.477101035407637,
    "R": -3.083377745176156,
    "S": -2.0705845119065596,
    "T": -2.1561237085047313,
    "V": -2.2248940858312367,
    "W": -5.624979738640701,
    "Y": -3.7080571264586406
  },
  "0": {
    "A": "-inf",
    "C": "-inf",
    "D": "-inf",
    "E": "-inf",
    "F": "-inf",
    "G": "-inf",
    "H": "-inf",
    "I": "-inf",
    "K": "-inf",
    "L": "-inf",
    "M": "-inf",
    "N": "-inf",
    "P": "-inf",
    "Q": "-inf",
    "R": "-inf",
    "S": 0.0,
    "T": "-inf",
    "V": "-inf",
    "W": "-inf",
    "Y": "-inf"
  },
  "+1": {
    "A": -2.4609121502674958,
    "C": -4.669468293613265,
    "D": -3.605642121030571,
    "E": -2.8798478626339596,
    "F": -3.890378683252595,
    "G": -2.570978556962735,
    "H": -3.867121821088328,
    "I": -3.4809996758232944,
    "K": -2.97408795137844,
    "L": -2.5725521214101654,
    "M": -4.2470536271913275,
    "N": -3.5331156769623084,
    "P": -2.698240336573662,
    "Q": -2.8135710245513383,
    "R": -3.0051537709533305,
    "S": -1.9361002845267652,
    "T": -2.3902305646162105,
    "V": -2.7859012751320873,
    "W": -5.037193073738583,
    "Y": -3.9202316464022764
  },
  "+2": {
    "A": -2.054508515577067,
    "C": -4.915303256129546,
    "D": -3.47321753538124,
    "E": -3.0124619642600554,
    "F": -3.7429733915648686,
    "G": -2.453894577608849,
    "H": -4.070350062701596,
    "I": -3.5581169791677256,
    "K": -3.3058653436954453,
    "L": -2.8297329925083363,
    "M": -4.316646918990523,
    "N": -3.6555390921751942,
    "P": -2.1550858256923116,
    "Q": -3.289604822823665,
    "R": -3.3157501029279874,
    "S": -1.8841405455960543,
    "T": -2.644361102896759,
    "V": -2.9213838878878717,
    "W": -5.362615474173211,
    "Y": -3.9385807850704726
  },
  "+3": {
    "A": -2.4413857279171407,
    "C": -4.1433751977164865,
    "D": -3.2831739324933746,
    "E": -2.9717377740334867,
    "F": -3.650898712618692,
    "G": -2.547667478094288,
    "H": -3.9635820872758902,
    "I": -3.549713568371346,
    "K": -3.2240587449257943,
    "L": -2.7495336309612126,
    "M": -4.515317613786007,
    "N": -3.2578561245090847,
    "P": -2.3771925702780807,
    "Q": -2.962391911615249,