{
  "-10": {
    "A": -2.5029831603192845,
    "C": -4.451896314634368,
    "D": -3.6212781434458194,
    "E": -3.1856902758825467,
    "F": -3.829623473661079,
    "G": -2.603856009507723,
    "H": -4.115424078013155,
    "I": -3.5335025325634337,
    "K": -2.9920580501921066,
    "L": -2.8767229961743634,
    "M": -4.4731737130816525,
    "N": -3.6121456598825468,
    "P": -2.1388399217730263,
    "Q": -2.9144633241572104,
    "R": -3.173890728951392,
    "S": -2.3224122604686337,
    "T": -1.8075896291329652,
    "V": -3.001886139128369,
    "W": -5.786897381366708,
    "Y": -4.351812856077385
  },
  "-9": {
    "A": -2.5474349228901185,
    "C": -4.894899342061597,
    "D": -3.353284025966258,
    "E": -3.188662046271704,
    "F": -3.8239896559428233,
    "G": -2.8072944897426004,
    "H": -4.0018269002894495,
    "I": -3.136476293101134,
    "K": -3.057738217054262,
    "L": -2.868046152148674,
    "M": -4.494913699718058,
    "N": -3.649186931562896,
    "P": -2.115164086087742,
    "Q": -2.9212737931597372,
    "R": -3.2374522104411363,
    "S": -2.335006885389034,
    "T": -1.782477526672594,
    "V": -3.0815174088203765,
    "W": -5.368187046508523,
    "Y": -4.287274334939814
  },
  "-8": {
    "A": -2.620578807237183,
    "C": -4.729107087218853,
    "D": -3.256380220326655,
    "E": -3.1622287892035486,
    "F": -3.8877793938181533,
    "G": -2.8340726088239934,
    "H": -3.988493369419984,
    "I": -3.6121456598825468,
    "K": -3.016811789345045,
    "L": -2.8175090831523186,
    "M": -4.342334112122841,
    "N": -3.7074558396868715,
    "P": -2.190133216160577,
    "Q": -2.984749856885382,
    "R": -3.173890728951392,
    "S": -2.3529101768815615,
    "T": -1.6443977772575598,
    "V": -3.009321117615887,
    "W": -5.540037303435182,
    "Y": -4.451896314634368
  },
  "-7": {
    "A": -2.544305029881191,
    "C": -4.441425014767072,
    "D": -3.422276897453209,
    "E": -3.0735280187868974,
    "F": -3.8641096497322485,
    "G": -2.6496655455390172,
    "H": -4.071299273104216,
    "I": -3.243721823454732,
    "K": -2.9994200466331757,
    "L": -2.9419879975473004,
    "M": -4.420805727564336,
    "N": -3.649186931562896,
    "P": -2.248840816987355,
    "Q": -3.136476293101134,
    "R": -3.2036548308578454,
    "S": -2.3737714288392784,
    "T": -1.760118138640373,
    "V": -2.7442815219138663,
    "W": -5.394855293590684,
    "Y": -4.539865087580325
  },
  "-6": {
    "A": -2.571226687447455,
    "C": -4.894899342061597,
    "D": -3.5209762727442535,
    "E": -3.0370656462495424,
    "F": -3.9431781732079414,
    "G": -2.6618927721085774,
    "H": -4.153742942315291,
    "I": -3.5941271543798683,
    "K": -3.0243589949804277,
    "L": -2.89430586673223,
    "M": -4.380800392950637,
    "N": -3.72256947749692,
    "P": -2.1514187039798864,
    "Q": -3.2374522104411363,
    "R": -3.1113703719700574,
    "S": -2.3261740203905252,
    "T": -1.669487546213611,
    "V": -2.9350354782324186,
    "W": -5.134572195327017,
    "Y": -4.296243004922574
  },
  "-5": {
    "A": -2.630748386406812,
    "C": -4.015340619456172,
    "D": -3.5941271543798683,
    "E": -3.159334431177184,
    "F": -4.035959906658908,
    "G": -2.6410224493829975,
    "H": -4.035959906658908,
    "I": -3.1856902758825467,
    "K": -2.9994200466331757,
    "L": -2.907698924068668,
    "M": -4.528436391756702,
    "N": -3.687653212390692,
    "P": -2.1620232572286837,
    "Q": -3.0243589949804277,
    "R": -3.1856902758825467,
    "S": -2.321161478566981,
    "T": -1.8364231895643088,
    "V": -2.765497361064139,
    "W": -5.221583572316647,
    "Y": -4.185491640629872
  },
  "-4": {
    "A": -2.5474349228901185,
    "C": -4.928235762329189,
    "D": -3.5461876920907494,
    "E": -3.0895711436274733,
    "F": -3.801766519158113,
    "G": -2.827829092184308,
    "H": -3.9818926853886323,
    "I": -3.2250296904425793,
    "K": -2.9823256132738756,
    "L": -2.9969600207923133,
    "M": -4.5514259099814005,
    "N": -3.769331243404959,
    "P": -2.3312118144204828,
    "Q": -2.811367815130236,
    "R": -3.2500309926479964,
    "S": -2.3337402607738413,
    "T": -1.6248941706707922,
    "V": -2.9212737931597372,
    "W": -5.479412681618747,
    "Y": -4.269574757840413
  },
  "-3": {
    "A": -2.515049671732401,
    "C": -4.831385936339271,
    "D": -3.6682351265335904,
    "E": -3.1196691747847525,
    "F": -4.130575883033757,
    "G": -3.173890728951392,
    "H": -3.780026532521707,
    "I": -2.967902286312771,
    "K": -3.179773098854458,
    "L": -2.8767229961743634,
    "M": -4.351812856077385,
    "N": -3.639797191213057,
    "P": -1.8503769043381741,
    "Q": -2.9994200466331757,
    "R": -3.3187978498950885,
    "S": -2.531882509882634,
    "T": -1.9582559848776127,
    "V": -2.4433291125411887,
    "W": -5.394855293590684,
    "Y": -4.226649713123379
  },
  "-2": {
    "A": -2.401829381634436,
    "C": -5.177131809745814,
    "D": -3.7074558396868715,
    "E": -3.3290194039666265,
    "F": -4.022166584526572,
    "G": -2.6760523007122123,
    "H": -4.138238755779326,
    "I": -3.0656019535144767,
    "K": -3.103139872833542,
    "L": -2.9099486438026836,
    "M": -4.420805727564336,
    "N": -3.6444810405254833,
    "P": -1.9556506859658493,
    "Q": -3.272431929337163,
    "R": -3.3963014110499485,
    "S": -2.5180891877502978,
    "T": -1.6514108758134318,
    "V": -2.8615875721092627,
    "W": -5.914730752876593,
    "Y": -4.599053958970655
  },
  "-1": {
    "A": -2.49998914610668,
    "C": -5.199110716464588,
    "D": -4.252183015128543,
    "E": -3.6212781434458194,
    "F": -3.9495274008866006,
    "G": -2.9920580501921066,
    "H": -4.193588850862491,
    "I": -3.16513154886151,
    "K": -3.0656019535144767,
    "L": -3.105875852652417,
    "M": -4.688285092698598,
    "N": -3.8467179070203796,
    "P": -1.9864765525198638,
    "Q": -3.3428127260989626,
    "R": -3.188662046271704,
    "S": -2.4237480673420824,
    "T": -1.6681854626963126,
    "V": -2.1567069236014507,
    "W": -5.870278990305759,
    "Y": -4.342334112122841
  },
  "0": {
    "A": "-inf",
    "C": "-inf",
    "D": "-inf",
    "E": "-inf",
    "F": "-inf",
    "G": "-inf",
    "H": "-inf",
    "I": "-inf",
    "K": "-inf",
    "L": "-inf",
    "M": "-inf",
    "N": "-inf",
    "P": "-inf",
    "Q": "-inf",
    "R": "-inf",
    "S": "-inf",
    "T": 0.0,
    "V": "-inf",
    "W": "-inf",
    "Y": "-inf"
  },
  "+1": {
    "A": -2.477815288612358,
    "C": -4.226649713123379,
    "D": -3.758749134074422,
    "E": -3.052529871947124,
    "F": -3.968820603821279,
    "G": -2.688608519487625,
    "H": -4.390652689393649,
    "I": -3.5209762727442535,
    "K": -3.272431929337163,
    "L": -2.9235542958584624,
    "M": -4.361382307093535,
    "N": -3.8998277323343276,
    "P": -2.0860893563874976,
    "Q": -3.103139872833542,
    "R": -3.3567989680737025,
    "S": -2.2022679486265706,
    "T": -1.7354603201558836,
    "V": -2.6618927721085774,
    "W": -5.394855293590684,
    "Y": -4.4731737130816525
  },
  "+2": {
    "A": -2.18903732563994,
    "C": -5.26810358795154,
    "D": -3.72256947749692,
    "E": -3.034511366444446,
    "F": -4.235088581769244,
    "G": -2.868046152148674,
    "H": -3.9623480893156615,
    "I": -3.2821881042825276,
    "K": -3.2006382373184197,
    "L": -3.0294222969369744,
    "M": -4.801080586843942,
    "N": -3.717506175540373,
    "P": -2.241888297672473,
    "Q": -3.285461429627497,
    "R": -3.460595761755346,
    "S": -2.2442004374308526,
    "T": -1.6418597048290888,
    "V": -2.7049874115716643,
    "W": -5.422254267778799,
    "Y": -4.400603020246817
  },
  "+3": {
    "A": -2.5241960769584773,
    "C": -5.6735686960597045,
    "D": -3.476344118723485,
    "E": -3.1768275886247013,
    "F": -4.008560932470793,
    "G": -2.717914646073124,
    "H": -4.278385387522568,
    "I": -3.353284025966258,
    "K": -3.332449939063416,
    "L": -3.0499358367700777,
    "M": -4.539865087580325,
    "N": -3.5335025325634337,
    "P": -1.7934787377345676,