{
  "-10": {
    "A": -3.5263605246161616,
    "C": -3.5263605246161616,
    "D": -3.5263605246161616,
    "E": -3.5263605246161616,
    "F": -2.1400661634962708,
    "G": "-inf",
    "H": -2.833213344056216,
    "I": -3.5263605246161616,
    "K": -3.5263605246161616,
    "L": -2.4277482359480516,
    "M": -3.5263605246161616,
    "N": "-inf",
    "P": -2.833213344056216,
    "Q": -3.5263605246161616,
    "R": "-inf",
    "S": -1.7346010553881064,
    "T": -3.5263605246161616,
    "V": -1.4469189829363254,
    "W": "-inf",
    "Y": "-inf"
  },
  "-9": {
    "A": -2.833213344056216,
    "C": "-inf",
    "D": -2.833213344056216,
    "E": -3.5263605246161616,
    "F": -1.329135947279942,
    "G": -3.5263605246161616,
    "H": "-inf",
    "I": -1.916922612182061,
    "K": "-inf",
    "L": -3.5263605246161616,
    "M": "-inf",
    "N": "-inf",
    "P": "-inf",
    "Q": -2.833213344056216,
    "R": -3.5263605246161616,
    "S": -3.5263605246161616,
    "T": -2.833213344056216,
    "V": -3.5263605246161616,
    "W": -3.5263605246161616,
    "Y": -1.916922612182061
  },
  "-8": {
    "A": -2.833213344056216,
    "C": "-inf",
    "D": "-inf",
    "E": "-inf",
    "F": -2.833213344056216,
    "G": -2.833213344056216,
    "H": "-inf",
    "I": "-inf",
    "K": -3.5263605246161616,
    "L": "-inf",
    "M": "-inf",
    "N": -3.5263605246161616,
    "P": -2.833213344056216,
    "Q": -2.833213344056216,
    "R": "-inf",
    "S": -1.329135947279942,
    "T": -1.580450375560848,
    "V": -2.833213344056216,
    "W": "-inf",
    "Y": -2.1400661634962708
  },
  "-7": {
    "A": -2.833213344056216,
    "C": "-inf",
    "D": -2.833213344056216,
    "E": -1.7346010553881064,
    "F": "-inf",
    "G": -3.5263605246161616,
    "H": "-inf",
    "I": "-inf",
    "K": -1.580450375560848,
    "L": -3.5263605246161616,
    "M": "-inf",
    "N": -2.1400661634962708,
    "P": -3.5263605246161616,
    "Q": -3.5263605246161616,
    "R": "-inf",
    "S": -2.4277482359480516,
    "T": -2.1400661634962708,
    "V": -3.5263605246161616,
    "W": "-inf",
    "Y": -3.5263605246161616
  },
  "-6": {
    "A": -3.5263605246161616,
    "C": "-inf",
    "D": -1.580450375560848,
    "E": -3.5263605246161616,
    "F": -3.5263605246161616,
    "G": "-inf",
    "H": -3.5263605246161616,
    "I": "-inf",
    "K": -2.833213344056216,
    "L": -2.1400661634962708,
    "M": -3.5263605246161616,
    "N": -1.7346010553881064,
    "P": -3.5263605246161616,
    "Q": -3.5263605246161616,
    "R": -3.5263605246161616,
    "S": -2.4277482359480516,
    "T": -2.1400661634962708,
    "V": "-inf",
    "W": "-inf",
    "Y": "-inf"
  },
  "-5": {
    "A": -2.1400661634962708,
    "C": "-inf",
    "D": -2.833213344056216,
    "E": -3.5263605246161616,
    "F": -3.5263605246161616,
    "G": "-inf",
    "H": "-inf",
    "I": "-inf",
    "K": -3.5263605246161616,
    "L": -2.833213344056216,
    "M": -3.5263605246161616,
    "N": "-inf",
    "P": -3.5263605246161616,
    "Q": -1.580450375560848,
    "R": -2.4277482359480516,
    "S": -2.4277482359480516,
    "T": -2.1400661634962708,
    "V": -2.1400661634962708,
    "W": "-inf",
    "Y": "-inf"
  },
  "-4": {
    "A": -2.4277482359480516,
    "C": "-inf",
    "D": -2.4277482359480516,
    "E": "-inf",
    "F": -1.041453874828161,
    "G": -2.833213344056216,
    "H": -2.833213344056216,
    "I": "-inf",
    "K": "-inf",
    "L": -3.5263605246161616,
    "M": "-inf",
    "N": "-inf",
    "P": -3.5263605246161616,
    "Q": -2.833213344056216,
    "R": "-inf",
    "S": -2.4277482359480516,
    "T": -2.4277482359480516,
    "V": "-inf",
    "W": -3.5263605246161616,
    "Y": -3.5263605246161616
  },
  "-3": {
    "A": "-inf",
    "C": "-inf",
    "D": -2.4277482359480516,
    "E": -2.4277482359480516,
    "F": "-inf",
    "G": -3.5263605246161616,
    "H": -2.833213344056216,
    "I": -2.833213344056216,
    "K": -3.5263605246161616,
    "L": -2.833213344056216,
    "M": -3.5263605246161616,
    "N": -2.833213344056216,
    "P": -0.9614111671546247,
    "Q": "-inf",
    "R": "-inf",
    "S": -2.833213344056216,
    "T": -2.833213344056216,
    "V": "-inf",
    "W": "-inf",
    "Y": "-inf"
  },
  "-2": {
    "A": -2.4277482359480516,
    "C": "-inf",
    "D": -3.5263605246161616,
    "E": -1.329135947279942,
    "F": "-inf",
    "G": -1.916922612182061,
    "H": "-inf",
    "I": "-inf",
    "K": "-inf",
    "L": -3.5263605246161616,
    "M": "-inf",
    "N": "-inf",
    "P": -2.833213344056216,
    "Q": -3.5263605246161616,
    "R": -3.5263605246161616,
    "S": -1.916922612182061,
    "T": -2.1400661634962708,
    "V": -3.5263605246161616,
    "W": "-inf",
    "Y": -3.5263605246161616
  },
  "-1": {
    "A": "-inf",
    "C": "-inf",
    "D": "-inf",
    "E": -1.916922612182061,
    "F": -3.5263605246161616,
    "G": -1.916922612182061,
    "H": -3.5263605246161616,
    "I": -2.4277482359480516,
    "K": "-inf",
    "L": -2.4277482359480516,
    "M": -3.5263605246161616,
    "N": -2.4277482359480516,
    "P": "-inf",
    "Q": -3.5263605246161616,
    "R": "-inf",
    "S": "-inf",
    "T": "-inf",
    "V": -1.128465251817791,
    "W": "-inf",
    "Y": "-inf"
  },
  "0": {
    "A": "-inf",
    "C": "-inf",
    "D": "-inf",
    "E": "-inf",
    "F": "-inf",
    "G": "-inf",
    "H": "-inf",
    "I": "-inf",
    "K": "-inf",
    "L": "-inf",
    "M": "-inf",
    "N": "-inf",
    "P": "-inf",
    "Q": "-inf",
    "R": "-inf",
    "S": "-inf",
    "T": "-inf",
    "V": "-inf",
    "W": "-inf",
    "Y": 0.0
  },
  "+1": {
    "A": -2.833213344056216,
    "C": "-inf",
    "D": -2.833213344056216,
    "E": -3.5263605246161616,
    "F": "-inf",
    "G": -2.833213344056216,
    "H": -2.833213344056216,
    "I": -2.4277482359480516,
    "K": -2.833213344056216,
    "L": "-inf",
    "M": "-inf",
    "N": "-inf",
    "P": "-inf",
    "Q": -2.833213344056216,
    "R": -2.833213344056216,
    "S": -2.4277482359480516,
    "T": -2.4277482359480516,
    "V": -1.4469189829363254,
    "W": -3.5263605246161616,
    "Y": -3.5263605246161616
  },
  "+2": {
    "A": -2.4277482359480516,
    "C": "-inf",
    "D": -2.833213344056216,
    "E": "-inf",
    "F": -3.5263605246161616,
    "G": "-inf",
    "H": -3.5263605246161616,
    "I": "-inf",
    "K": -3.5263605246161616,
    "L": -3.5263605246161616,
    "M": "-inf",
    "N": -3.5263605246161616,
    "P": -1.041453874828161,
    "Q": -2.4277482359480516,
    "R": "-inf",
    "S": -2.833213344056216,
    "T": "-inf",
    "V": -3.5263605246161616,
    "W": "-inf",
    "Y": -1.7346010553881064
  },
  "+3": {
    "A": -2.833213344056216,
    "C": "-inf",
    "D": -3.5263605246161616,
    "E": -3.5263605246161616,
    "F": "-inf",
    "G": -3.5263605246161616,
    "H": -2.833213344056216,
    "I": "-inf",
    "K": "-inf",
    "L": -2.833213344056216,
    "M": "-inf",
    "N": "-inf",
    "P": -2.833213344056216,
    "Q": -3.5263605246161616,
    "R": -3.5263605246161616,
    "S": -2.4277482359480516,
    "T": -0.8873031950009028,
    "V": -2.1400661634962708,
    "W": "-inf",
    "Y": "-inf"
  },
  "+4": {
    "A": -3.5263605246161616,
    "C": "-inf",
    "D": -2.833213344056216,
    "E": "-inf",
    "F": "-inf",
    "G": -3.5263605246161616,
    "H": -2.833213344056216,
    "I": -2.833213344056216,
    "K": "-inf",
    "L": -3.5263605246161616,
    "M": "-inf",
    "N": -3.5263605246161616,
    "P": -1.4469189829363254,
    "Q": "-inf",
    "R": "-inf",
    "S": -3.5263605246161616,
    "T": -3.5263605246161616,
    "V": -1.128465251817791,
    "W": "-inf",
    "Y": -2.4277482359480516
  },
  "+5": {
    "A": -1.916922612182061,
    "C": "-inf",
    "D": -3.5263605246161616,
    "E": -2.833213344056216,
    "F": -1.128465251817791,
    "G": -3.5263605246161616,
    "H": -3.5263605246161616,
    "I": "-inf",
    "K": -2.833213344056216,
    "L": -2.833213344056216,
    "M": "-inf",
    "N": -3.5263605246161616,
    "P": -2.833213344056216,
    "Q": -2.833213344056216,
    "R": -2.833213344056216,
    "S": -2.833213344056216,
    "T": "-inf",