{
  "-10": {
    "A": 0.012195121951219513,
    "C": 0.0,
    "D": 0.0,
    "E": 0.0,
    "F": 0.0,
    "G": 0.13414634146341464,
    "H": 0.0,
    "I": 0.04878048780487805,
    "K": 0.07317073170731707,
    "L": 0.0,
    "M": 0.0,
    "N": 0.0,
    "P": 0.1951219512195122,
    "Q": 0.0,
    "R": 0.21951219512195122,
    "S": 0.0,
    "T": 0.0,
    "V": 0.024390243902439025,
    "W": 0.0,
    "Y": 0.0
  },
  "-9": {
    "A": 0.024390243902439025,
    "C": 0.0,
    "D": 0.012195121951219513,
    "E": 0.0,
    "F": 0.0,
    "G": 0.012195121951219513,
    "H": 0.036585365853658534,
    "I": 0.0,
    "K": 0.45121951219512196,
    "L": 0.04878048780487805,
    "M": 0.036585365853658534,
    "N": 0.0,
    "P": 0.0,
    "Q": 0.012195121951219513,
    "R": 0.04878048780487805,
    "S": 0.036585365853658534,
    "T": 0.012195121951219513,
    "V": 0.012195121951219513,
    "W": 0.0,
    "Y": 0.0
  },
  "-8": {
    "A": 0.21951219512195122,
    "C": 0.0,
    "D": 0.0,
    "E": 0.0,
    "F": 0.0,
    "G": 0.036585365853658534,
    "H": 0.0,
    "I": 0.0,
    "K": 0.2073170731707317,
    "L": 0.0,
    "M": 0.036585365853658534,
    "N": 0.0,
    "P": 0.024390243902439025,
    "Q": 0.04878048780487805,
    "R": 0.024390243902439025,
    "S": 0.12195121951219512,
    "T": 0.024390243902439025,
    "V": 0.036585365853658534,
    "W": 0.0,
    "Y": 0.0
  },
  "-7": {
    "A": 0.07317073170731707,
    "C": 0.0,
    "D": 0.012195121951219513,
    "E": 0.0,
    "F": 0.0,
    "G": 0.2073170731707317,
    "H": 0.0,
    "I": 0.0,
    "K": 0.07317073170731707,
    "L": 0.06097560975609756,
    "M": 0.012195121951219513,
    "N": 0.0,
    "P": 0.12195121951219512,
    "Q": 0.0,
    "R": 0.07317073170731707,
    "S": 0.036585365853658534,
    "T": 0.08536585365853659,
    "V": 0.012195121951219513,
    "W": 0.0,
    "Y": 0.012195121951219513
  },
  "-6": {
    "A": 0.08536585365853659,
    "C": 0.0,
    "D": 0.012195121951219513,
    "E": 0.06097560975609756,
    "F": 0.0,
    "G": 0.15853658536585366,
    "H": 0.0,
    "I": 0.0,
    "K": 0.0,
    "L": 0.012195121951219513,
    "M": 0.0,
    "N": 0.012195121951219513,
    "P": 0.036585365853658534,
    "Q": 0.0,
    "R": 0.13414634146341464,
    "S": 0.2073170731707317,
    "T": 0.06097560975609756,
    "V": 0.0,
    "W": 0.0,
    "Y": 0.0
  },
  "-5": {
    "A": 0.024390243902439025,
    "C": 0.0,
    "D": 0.0,
    "E": 0.012195121951219513,
    "F": 0.0,
    "G": 0.13414634146341464,
    "H": 0.0,
    "I": 0.04878048780487805,
    "K": 0.35365853658536583,
    "L": 0.0,
    "M": 0.21951219512195122,
    "N": 0.0,
    "P": 0.0,
    "Q": 0.0,
    "R": 0.04878048780487805,
    "S": 0.024390243902439025,
    "T": 0.07317073170731707,
    "V": 0.04878048780487805,
    "W": 0.0,
    "Y": 0.012195121951219513
  },
  "-4": {
    "A": 0.036585365853658534,
    "C": 0.0,
    "D": 0.0,
    "E": 0.0,
    "F": 0.0,
    "G": 0.07317073170731707,
    "H": 0.012195121951219513,
    "I": 0.0,
    "K": 0.4024390243902439,
    "L": 0.0,
    "M": 0.0,
    "N": 0.0,
    "P": 0.1951219512195122,
    "Q": 0.13414634146341464,
    "R": 0.012195121951219513,
    "S": 0.036585365853658534,
    "T": 0.08536585365853659,
    "V": 0.012195121951219513,
    "W": 0.0,
    "Y": 0.0
  },
  "-3": {
    "A": 0.34146341463414637,
    "C": 0.0,
    "D": 0.04878048780487805,
    "E": 0.15853658536585366,
    "F": 0.0,
    "G": 0.17073170731707318,
    "H": 0.0,
    "I": 0.036585365853658534,
    "K": 0.036585365853658534,
    "L": 0.08536585365853659,
    "M": 0.0,
    "N": 0.0,
    "P": 0.024390243902439025,
    "Q": 0.036585365853658534,
    "R": 0.0,
    "S": 0.0,
    "T": 0.04878048780487805,
    "V": 0.0,
    "W": 0.0,
    "Y": 0.012195121951219513
  },
  "-2": {
    "A": 0.2073170731707317,
    "C": 0.0,
    "D": 0.036585365853658534,
    "E": 0.0,
    "F": 0.0,
    "G": 0.10975609756097561,
    "H": 0.012195121951219513,
    "I": 0.036585365853658534,
    "K": 0.012195121951219513,
    "L": 0.04878048780487805,
    "M": 0.036585365853658534,
    "N": 0.0,
    "P": 0.2682926829268293,
    "Q": 0.0,
    "R": 0.024390243902439025,
    "S": 0.0,
    "T": 0.0,
    "V": 0.2073170731707317,
    "W": 0.0,
    "Y": 0.0
  },
  "-1": {
    "A": 0.18292682926829268,
    "C": 0.0,
    "D": 0.0,
    "E": 0.0,
    "F": 0.036585365853658534,
    "G": 0.10975609756097561,
    "H": 0.0,
    "I": 0.0,
    "K": 0.036585365853658534,
    "L": 0.012195121951219513,
    "M": 0.0,
    "N": 0.012195121951219513,
    "P": 0.036585365853658534,
    "Q": 0.0,
    "R": 0.18292682926829268,
    "S": 0.04878048780487805,
    "T": 0.2804878048780488,
    "V": 0.06097560975609756,
    "W": 0.0,
    "Y": 0.0
  },
  "0": {
    "A": 0.0,
    "C": 0.0,
    "D": 0.0,
    "E": 0.0,
    "F": 0.0,
    "G": 0.0,
    "H": 0.0,
    "I": 0.0,
    "K": 1.0,
    "L": 0.0,
    "M": 0.0,
    "N": 0.0,
    "P": 0.0,
    "Q": 0.0,
    "R": 0.0,
    "S": 0.0,
    "T": 0.0,
    "V": 0.0,
    "W": 0.0,
    "Y": 0.0
  },
  "+1": {
    "A": 0.2804878048780488,
    "C": 0.0,
    "D": 0.036585365853658534,
    "E": 0.0,
    "F": 0.024390243902439025,
    "G": 0.0975609756097561,
    "H": 0.0,
    "I": 0.0,
    "K": 0.06097560975609756,
    "L": 0.0,
    "M": 0.0,
    "N": 0.0,
    "P": 0.04878048780487805,
    "Q": 0.08536585365853659,
    "R": 0.04878048780487805,
    "S": 0.25609756097560976,
    "T": 0.04878048780487805,
    "V": 0.012195121951219513,
    "W": 0.0,
    "Y": 0.0
  },
  "+2": {
    "A": 0.34146341463414637,
    "C": 0.0,
    "D": 0.036585365853658534,
    "E": 0.0,
    "F": 0.0,
    "G": 0.06097560975609756,
    "H": 0.04878048780487805,
    "I": 0.04878048780487805,
    "K": 0.012195121951219513,
    "L": 0.12195121951219512,
    "M": 0.0,
    "N": 0.0,
    "P": 0.04878048780487805,
    "Q": 0.2073170731707317,
    "R": 0.0,
    "S": 0.0,
    "T": 0.06097560975609756,
    "V": 0.012195121951219513,
    "W": 0.0,
    "Y": 0.0
  },
  "+3": {
    "A": 0.12195121951219512,
    "C": 0.0,
    "D": 0.0,
    "E": 0.0,
    "F": 0.0,
    "G": 0.08536585365853659,
    "H": 0.036585365853658534,
    "I": 0.012195121951219513,
    "K": 0.21951219512195122,
    "L": 0.036585365853658534,
    "M": 0.0,
    "N": 0.0,
    "P": 0.24390243902439024,
    "Q": 0.036585365853658534,
    "R": 0.14634146341463414,
    "S": 0.036585365853658534,
    "T": 0.024390243902439025,
    "V": 0.0,
    "W": 0.0,
    "Y": 0.0
  },
  "+4": {
    "A": 0.21951219512195122,
    "C": 0.0,
    "D": 0.0,
    "E": 0.0,
    "F": 0.0,
    "G": 0.07317073170731707,
    "H": 0.0,
    "I": 0.0,
    "K": 0.3780487804878049,
    "L": 0.036585365853658534,
    "M": 0.0,
    "N": 0.0,
    "P": 0.0,
    "Q": 0.0,
    "R": 0.0975609756097561,
    "S": 0.036585365853658534,
    "T": 0.0975609756097561,
    "V": 0.024390243902439025,
    "W": 0.0,
    "Y": 0.036585365853658534
  },
  "+5": {
    "A": 0.036585365853658534,
    "C": 0.0,
    "D": 0.1951219512195122,
    "E": 0.0,
    "F": 0.036585365853658534,
    "G": 0.036585365853658534,
    "H": 0.0,
    "I": 0.0,
    "K": 0.12195121951219512,
    "L": 0.036585365853658534,
    "M": 0.012195121951219513,
    "N": 0.0,
    "P": 0.1951219512195122,
    "Q": 0.012195121951219513,
    "R": 0.08536585365853659,
    "S": 0.10975609756097561,
    "T": 0.07317073170731707,
    "V": 0.012195121951219513,
    "W": 0.0,
    "Y": 0.036585365853658534
  },
  "+6": {
    "A": 0.21951219512195122,
    "C": 0.0,
    "D": 0.012195121951219513,
    "E": 0.0,
    "F": 0.0,
    "G": 0.3048780487804878,
    "H": 0.036585365853658534,
    "I": 0.012195121951219513,
    "K": 0.1951219512195122,
    "L": 0.04878048780487805,
    "M": 0.0,
    "N": 0.0,
    "P": 0.036585365853658534,
    "Q": 0.036585365853658534,
    "R": 0.07317073170731707,
    "S": 0.0,
    "T": 0.012195121951219513,
    "V": 0.012195121951219513,
    "W": 0.0,
    "Y": 0.0
  },
  "+7": {
    "A": 0.14634146341463414,
    "C": 0.0,
    "D": 0.024390243902439025,
    "E": 0.0,
    "F": 0.0,
    "G": 0.08536585365853659,
    "H": 0.0,
    "I": 0.0,