{
  "-10": {
    "A": 0.06799219041603262,
    "C": 0.013511728731803957,
    "D": 0.05496281834103764,
    "E": 0.0838582790203566,
    "F": 0.035249361164546786,
    "G": 0.054296706767349046,
    "H": 0.022851646616325477,
    "I": 0.048565850297166153,
    "K": 0.07933044302161991,
    "L": 0.09399925349565018,
    "M": 0.020428378649975595,
    "N": 0.04089695368801861,
    "P": 0.04910850153607626,
    "Q": 0.04667949122857389,
    "R": 0.06264894197364265,
    "S": 0.06866978667202618,
    "T": 0.054914008441241495,
    "V": 0.05861207614344368,
    "W": 0.008992506244796004,
    "Y": 0.02637744408395303
  },
  "-9": {
    "A": 0.06656808981021563,
    "C": 0.017123661316718827,
    "D": 0.058307732062361825,
    "E": 0.07910362054609664,
    "F": 0.033739125441442475,
    "G": 0.0573975709896925,
    "H": 0.02130121450515375,
    "I": 0.0483074449453042,
    "K": 0.07651382468632462,
    "L": 0.09565879008871916,
    "M": 0.020770047948548625,
    "N": 0.040931407734933534,
    "P": 0.04632920841827213,
    "Q": 0.046171294036578714,
    "R": 0.0629130896666571,
    "S": 0.07325504608228775,
    "T": 0.05144276321456258,
    "V": 0.05819575640988831,
    "W": 0.01168279307473657,
    "Y": 0.027376611444485915
  },
  "-8": {
    "A": 0.065442590944328,
    "C": 0.013029372074994975,
    "D": 0.05434838783772144,
    "E": 0.0800740762008671,
    "F": 0.033124694938126274,
    "G": 0.05539062275689799,
    "H": 0.025820436992161706,
    "I": 0.0495621464871228,
    "K": 0.07871027017715122,
    "L": 0.09929656320882023,
    "M": 0.02193574320250366,
    "N": 0.04110942031066066,
    "P": 0.05033449137213242,
    "Q": 0.048318929627609176,
    "R": 0.06022280283671653,
    "S": 0.07078009704556548,
    "T": 0.05180740187774556,
    "V": 0.058052197881076115,
    "W": 0.009268138620115421,
    "Y": 0.027594820408280457
  },
  "-7": {
    "A": 0.06800080392776135,
    "C": 0.012509690200694824,
    "D": 0.060914754945591315,
    "E": 0.09281920238881392,
    "F": 0.03442820637974102,
    "G": 0.05423928335582417,
    "H": 0.021324183869763702,
    "I": 0.04692066955697838,
    "K": 0.07883660168250596,
    "L": 0.08759941428120245,
    "M": 0.019165063596428264,
    "N": 0.04225788854115823,
    "P": 0.04551092480404261,
    "Q": 0.052031353182692586,
    "R": 0.06283556806109851,
    "S": 0.07024031697723161,
    "T": 0.04875247638462201,
    "V": 0.060593183841051994,
    "W": 0.008108185707312872,
    "Y": 0.028332711246375146
  },
  "-6": {
    "A": 0.06823336874443711,
    "C": 0.012486720836084871,
    "D": 0.058502971661546416,
    "E": 0.08188291366390077,
    "F": 0.03549628183410376,
    "G": 0.05429096442619656,
    "H": 0.018682706939619282,
    "I": 0.05167245686066209,
    "K": 0.07821930000861352,
    "L": 0.10031869993396307,
    "M": 0.022555916046972352,
    "N": 0.04188176519567027,
    "P": 0.04319389014901375,
    "Q": 0.05066467598840047,
    "R": 0.061422952137586494,
    "S": 0.06853197048436648,
    "T": 0.049484624881564215,
    "V": 0.062318757357374605,
    "W": 0.010069195210887479,
    "Y": 0.02661288007120503
  },
  "-5": {
    "A": 0.06885067041832955,
    "C": 0.012745126187946825,
    "D": 0.05784547359958655,
    "E": 0.0821987424272876,
    "F": 0.03575181601538947,
    "G": 0.05023112923138764,
    "H": 0.022194148554365616,
    "I": 0.05027706796060754,
    "K": 0.07950271325619455,
    "L": 0.09830888053059232,
    "M": 0.01931723563696919,
    "N": 0.04123575181601539,
    "P": 0.047150363203077895,
    "Q": 0.04943294381119182,
    "R": 0.05456085446036349,
    "S": 0.07473369892905338,
    "T": 0.051942346894829024,
    "V": 0.060722386516982974,
    "W": 0.0084498550058859,
    "Y": 0.03209107353067846
  },
  "-4": {
    "A": 0.07026615751241781,
    "C": 0.0095150592896724,
    "D": 0.05909730397082891,
    "E": 0.09838353096557466,
    "F": 0.03335151741364954,
    "G": 0.05443452295500876,
    "H": 0.019713457176490857,
    "I": 0.05191937753021907,
    "K": 0.07011972781302937,
    "L": 0.10003158287633869,
    "M": 0.01973068419994832,
    "N": 0.04225501737058199,
    "P": 0.05241609003990927,
    "Q": 0.04710442447385799,
    "R": 0.047888254041172584,
    "S": 0.07272100835510638,
    "T": 0.05238163599299434,
    "V": 0.05937580751672457,
    "W": 0.009687329524247036,
    "Y": 0.028169054523529243
  },
  "-3": {
    "A": 0.07121364380257832,
    "C": 0.01047115909156163,
    "D": 0.05723104309627035,
    "E": 0.10098194033707543,
    "F": 0.03530104223491918,
    "G": 0.05553705245628643,
    "H": 0.018332424129317522,
    "I": 0.04909127451261879,
    "K": 0.06571822331964743,
    "L": 0.10067185391484108,
    "M": 0.018157282724166644,
    "N": 0.04252777857532516,
    "P": 0.05371098796979529,
    "Q": 0.05318843492491889,
    "R": 0.046277527347899736,
    "S": 0.06930431536937609,
    "T": 0.052898446696718254,
    "V": 0.059726090327026325,
    "W": 0.009305463837606592,
    "Y": 0.029484050647448964
  },
  "-2": {
    "A": 0.07330672715266014,
    "C": 0.01168279307473657,
    "D": 0.05685204858020615,
    "E": 0.07317465330615291,
    "F": 0.04416147463320796,
    "G": 0.05662235493410663,
    "H": 0.01767492606735766,
    "I": 0.0578225042349766,
    "K": 0.05929541474058974,
    "L": 0.11967613195899969,
    "M": 0.01986275804645554,
    "N": 0.04739441270205863,
    "P": 0.0454908266100089,
    "Q": 0.05007321484969422,
    "R": 0.040552413218869335,
    "S": 0.06924976312842746,
    "T": 0.053220017801257576,
    "V": 0.0626259726090327,
    "W": 0.010560165379425192,
    "Y": 0.03037985586723707
  },
  "-1": {
    "A": 0.07090068620976772,
    "C": 0.010479772603290362,
    "D": 0.04592724453759798,
    "E": 0.095739182864854,
    "F": 0.03352091647764794,
    "G": 0.07191133825260558,
    "H": 0.0163312182376755,
    "I": 0.05216342702919981,
    "K": 0.05179017485428809,
    "L": 0.11652645783686008,
    "M": 0.021904160326164976,
    "N": 0.042160268741565934,
    "P": 0.04202819489505871,
    "Q": 0.058431192397140314,
    "R": 0.03983749174538459,
    "S": 0.07575296448361997,
    "T": 0.053785638404777625,
    "V": 0.06295328605472451,
    "W": 0.01015820149875104,
    "Y": 0.027698182549025237
  },
  "0": {
    "A": 0.0,
    "C": 0.0,
    "D": 0.0,
    "E": 0.0,
    "F": 0.0,
    "G": 0.0,
    "H": 0.0,
    "I": 0.0,
    "K": 1.0,
    "L": 0.0,
    "M": 0.0,
    "N": 0.0,
    "P": 0.0,
    "Q": 0.0,
    "R": 0.0,
    "S": 0.0,
    "T": 0.0,
    "V": 0.0,
    "W": 0.0,
    "Y": 0.0
  },
  "+1": {
    "A": 0.0758333572597548,
    "C": 0.010629073473255046,
    "D": 0.05946481380458813,
    "E": 0.09426627235924086,
    "F": 0.0380803353527233,
    "G": 0.05841970771483534,
    "H": 0.018722903327686696,
    "I": 0.05002153377932183,
    "K": 0.05309368629590284,
    "L": 0.0965890493554222,
    "M": 0.018903787073990066,
    "N": 0.04537885095753539,
    "P": 0.05233856843435068,
    "Q": 0.05404978609779207,
    "R": 0.048316058457032934,
    "S": 0.0654942720147004,
    "T": 0.05619455051824629,
    "V": 0.0605214045766459,
    "W": 0.009948606046685234,
    "Y": 0.03305004450314393
  },
  "+2": {
    "A": 0.06686382037956876,
    "C": 0.011424387722874615,
    "D": 0.04658474259955784,
    "E": 0.07047288179390737,
    "F": 0.045686066209193486,
    "G": 0.06034052083034253,
    "H": 0.01805104941284562,
    "I": 0.05687214677423986,
    "K": 0.064147693014442,
    "L": 0.13110913319360304,
    "M": 0.020356599385569496,
    "N": 0.038680410003158285,
    "P": 0.04857733497947113,
    "Q": 0.05131643170920784,
    "R": 0.049714318527663726,
    "S": 0.0639725516092911,
    "T": 0.049507594246174166,
    "V": 0.06217232765798616,
    "W": 0.010884607654540756,
    "Y": 0.031091906170145567
  },
  "+3": {
    "A": 0.06609147549455913,
    "C": 0.010893221166269488,
    "D": 0.056498894599328144,
    "E": 0.0909357144907979,
    "F": 0.03514887019437825,
    "G": 0.057096098079186884,
    "H": 0.01876022854517787,
    "I": 0.05178156134255936,
    "K": 0.06943064687473083,