{
  "-10": {
    "A": -3.254241287375788,
    "C": "-inf",
    "D": -5.839203788096944,
    "E": -2.7517409468466045,
    "F": -4.839203788096944,
    "G": -4.379772169459646,
    "H": -5.839203788096944,
    "I": -4.379772169459646,
    "K": -4.6692787866546315,
    "L": -3.254241287375788,
    "M": -6.2542412873757876,
    "N": -6.839203788096944,
    "P": -2.8850074777100687,
    "Q": -5.2542412873757876,
    "R": -3.517275693209582,
    "S": -4.138764069955852,
    "T": -5.839203788096944,
    "V": -4.517275693209582,
    "W": -7.839203788096944,
    "Y": -6.839203788096944
  },
  "-9": {
    "A": -3.1953475983222193,
    "C": -5.839203788096944,
    "D": -3.4468863653181834,
    "E": -5.517275693209582,
    "F": -6.839203788096944,
    "G": -5.2542412873757876,
    "H": -7.839203788096944,
    "I": -6.839203788096944,
    "K": -2.9323131924884254,
    "L": -4.6692787866546315,
    "M": -5.839203788096944,
    "N": -5.517275693209582,
    "P": -2.315641832039931,
    "Q": -4.517275693209582,
    "R": -3.254241287375788,
    "S": -5.517275693209582,
    "T": -4.379772169459646,
    "V": -4.2542412873757876,
    "W": "-inf",
    "Y": -7.839203788096944
  },
  "-8": {
    "A": -3.517275693209582,
    "C": -6.839203788096944,
    "D": "-inf",
    "E": -5.2542412873757876,
    "F": -7.839203788096944,
    "G": -0.7731145976391715,
    "H": -7.839203788096944,
    "I": -5.839203788096944,
    "K": -4.138764069955852,
    "L": -5.03184886603934,
    "M": -7.839203788096944,
    "N": -5.839203788096944,
    "P": -5.839203788096944,
    "Q": -6.839203788096944,
    "R": -5.839203788096944,
    "S": -4.138764069955852,
    "T": -6.2542412873757876,
    "V": -6.2542412873757876,
    "W": "-inf",
    "Y": -6.839203788096944
  },
  "-7": {
    "A": -3.7517409468466045,
    "C": -7.839203788096944,
    "D": -4.839203788096944,
    "E": -3.4468863653181834,
    "F": -3.5912762746533584,
    "G": -4.03184886603934,
    "H": -6.839203788096944,
    "I": -5.517275693209582,
    "K": -3.7517409468466045,
    "L": -4.379772169459646,
    "M": -4.517275693209582,
    "N": -6.2542412873757876,
    "P": -3.138764069955852,
    "Q": -5.839203788096944,
    "R": -3.6692787866546315,
    "S": -3.839203788096944,
    "T": -3.5912762746533584,
    "V": -5.517275693209582,
    "W": -7.839203788096944,
    "Y": -5.2542412873757876
  },
  "-6": {
    "A": -3.03184886603934,
    "C": -7.839203788096944,
    "D": -3.7517409468466045,
    "E": -4.517275693209582,
    "F": "-inf",
    "G": -4.379772169459646,
    "H": -7.839203788096944,
    "I": -6.839203788096944,
    "K": -3.5912762746533584,
    "L": -5.2542412873757876,
    "M": -5.839203788096944,
    "N": -4.839203788096944,
    "P": -2.2244939439817357,
    "Q": -4.6692787866546315,
    "R": -3.1953475983222193,
    "S": -4.517275693209582,
    "T": -4.379772169459646,
    "V": -4.517275693209582,
    "W": -7.839203788096944,
    "Y": -6.839203788096944
  },
  "-5": {
    "A": -3.9323131924884254,
    "C": -6.2542412873757876,
    "D": -6.839203788096944,
    "E": -6.839203788096944,
    "F": -6.2542412873757876,
    "G": -0.7202627153734366,
    "H": -6.2542412873757876,
    "I": -5.2542412873757876,
    "K": -4.839203788096944,
    "L": -5.839203788096944,
    "M": -5.839203788096944,
    "N": -6.2542412873757876,
    "P": -6.2542412873757876,
    "Q": -7.839203788096944,
    "R": -5.2542412873757876,
    "S": -5.517275693209582,
    "T": -4.379772169459646,
    "V": -5.03184886603934,
    "W": "-inf",
    "Y": -6.2542412873757876
  },
  "-4": {
    "A": -2.9323131924884254,
    "C": "-inf",
    "D": -5.517275693209582,
    "E": -3.839203788096944,
    "F": -5.517275693209582,
    "G": -4.839203788096944,
    "H": -7.839203788096944,
    "I": -4.2542412873757876,
    "K": -3.4468863653181834,
    "L": -2.9812227929693718,
    "M": -5.839203788096944,
    "N": -6.839203788096944,
    "P": -2.7099207711519777,
    "Q": -4.839203788096944,
    "R": -4.138764069955852,
    "S": -4.6692787866546315,
    "T": -3.7517409468466045,
    "V": -4.6692787866546315,
    "W": -7.839203788096944,
    "Y": -5.839203788096944
  },
  "-3": {
    "A": -2.6297504224679944,
    "C": -7.839203788096944,
    "D": -5.03184886603934,
    "E": -4.379772169459646,
    "F": -6.2542412873757876,
    "G": -4.2542412873757876,
    "H": -6.2542412873757876,
    "I": -5.839203788096944,
    "K": -3.254241287375788,
    "L": -4.2542412873757876,
    "M": -6.2542412873757876,
    "N": -6.2542412873757876,
    "P": -2.057844074572284,
    "Q": -4.138764069955852,
    "R": -3.9323131924884254,
    "S": -4.6692787866546315,
    "T": -5.2542412873757876,
    "V": -5.2542412873757876,
    "W": -7.839203788096944,
    "Y": -5.839203788096944
  },
  "-2": {
    "A": -4.03184886603934,
    "C": -7.839203788096944,
    "D": -6.839203788096944,
    "E": -6.839203788096944,
    "F": "-inf",
    "G": -0.6996524356981504,
    "H": -6.2542412873757876,
    "I": -5.517275693209582,
    "K": -4.839203788096944,
    "L": -4.517275693209582,
    "M": -6.2542412873757876,
    "N": -5.2542412873757876,
    "P": -5.517275693209582,
    "Q": -5.517275693209582,
    "R": -5.839203788096944,
    "S": -6.839203788096944,
    "T": -7.839203788096944,
    "V": -4.517275693209582,
    "W": "-inf",
    "Y": -5.03184886603934
  },
  "-1": {
    "A": -3.315641832039931,
    "C": -7.839203788096944,
    "D": -5.2542412873757876,
    "E": -3.138764069955852,
    "F": -5.517275693209582,
    "G": -4.6692787866546315,
    "H": -7.839203788096944,
    "I": -4.2542412873757876,
    "K": -4.6692787866546315,
    "L": -4.138764069955852,
    "M": -4.379772169459646,
    "N": -4.6692787866546315,
    "P": -2.3797721694596468,
    "Q": -5.517275693209582,
    "R": -4.2542412873757876,
    "S": -4.2542412873757876,
    "T": -4.03184886603934,
    "V": -4.03184886603934,
    "W": -7.839203788096944,
    "Y": -6.839203788096944
  },
  "0": {
    "A": "-inf",
    "C": "-inf",
    "D": "-inf",
    "E": "-inf",
    "F": "-inf",
    "G": "-inf",
    "H": "-inf",
    "I": "-inf",
    "K": 0.0,
    "L": "-inf",
    "M": "-inf",
    "N": "-inf",
    "P": "-inf",
    "Q": "-inf",
    "R": "-inf",
    "S": "-inf",
    "T": "-inf",
    "V": "-inf",
    "W": "-inf",
    "Y": "-inf"
  },
  "+1": {
    "A": -3.6692787866546315,
    "C": "-inf",
    "D": -6.839203788096944,
    "E": -5.839203788096944,
    "F": -7.839203788096944,
    "G": -0.6592946980820094,
    "H": -6.2542412873757876,
    "I": "-inf",
    "K": -4.138764069955852,
    "L": -6.2542412873757876,
    "M": "-inf",
    "N": -6.839203788096944,
    "P": -6.2542412873757876,
    "Q": -5.517275693209582,
    "R": -4.839203788096944,
    "S": -4.138764069955852,
    "T": -6.2542412873757876,
    "V": -6.839203788096944,
    "W": "-inf",
    "Y": -6.2542412873757876
  },
  "+2": {
    "A": -2.8850074777100687,
    "C": -7.839203788096944,
    "D": -3.254241287375788,
    "E": -2.2846149364193065,
    "F": -6.839203788096944,
    "G": -4.379772169459646,
    "H": -3.9323131924884254,
    "I": -5.517275693209582,
    "K": -5.839203788096944,
    "L": -4.6692787866546315,
    "M": -7.839203788096944,
    "N": -5.03184886603934,
    "P": -3.6692787866546315,
    "Q": -4.839203788096944,
    "R": -4.839203788096944,
    "S": -4.517275693209582,
    "T": -3.9323131924884254,
    "V": -4.839203788096944,
    "W": -7.839203788096944,
    "Y": -6.2542412873757876
  },
  "+3": {
    "A": -3.3797721694596468,
    "C": -6.839203788096944,
    "D": -5.839203788096944,
    "E": -5.839203788096944,
    "F": -7.839203788096944,
    "G": -3.6692787866546315,
    "H": -6.839203788096944,
    "I": -5.2542412873757876,
    "K": -3.0843162859334754,
    "L": -4.379772169459646,
    "M": -6.839203788096944,
    "N": -5.517275693209582,
    "P": -2.9812227929693718,
    "Q": -4.6692787866546315,
    "R": -2.5912762746533584,
    "S": -3.9323131924884254,
    "T": -3.6692787866546315,
    "V": -4.517275693209582,
    "W": -7.839203788096944,