{
  "-10": {
    "A": -4.169925001442312,
    "C": -3.1699250014423126,
    "D": -5.169925001442312,
    "E": "-inf",
    "F": "-inf",
    "G": -4.169925001442312,
    "H": -3.584962500721156,
    "I": -5.169925001442312,
    "K": -5.169925001442312,
    "L": -5.169925001442312,
    "M": -5.169925001442312,
    "N": -4.169925001442312,
    "P": -5.169925001442312,
    "Q": -5.169925001442312,
    "R": "-inf",
    "S": -2.584962500721156,
    "T": -2.84799690655495,
    "V": -5.169925001442312,
    "W": "-inf",
    "Y": -5.169925001442312
  },
  "-9": {
    "A": -4.169925001442312,
    "C": -5.169925001442312,
    "D": -5.169925001442312,
    "E": -5.169925001442312,
    "F": -4.169925001442312,
    "G": -2.584962500721156,
    "H": "-inf",
    "I": -4.169925001442312,
    "K": -4.169925001442312,
    "L": -3.584962500721156,
    "M": "-inf",
    "N": "-inf",
    "P": -3.584962500721156,
    "Q": -5.169925001442312,
    "R": "-inf",
    "S": -5.169925001442312,
    "T": -3.584962500721156,
    "V": -2.84799690655495,
    "W": "-inf",
    "Y": "-inf"
  },
  "-8": {
    "A": -3.1699250014423126,
    "C": -4.169925001442312,
    "D": -4.169925001442312,
    "E": -5.169925001442312,
    "F": -5.169925001442312,
    "G": -4.169925001442312,
    "H": "-inf",
    "I": -4.169925001442312,
    "K": "-inf",
    "L": -5.169925001442312,
    "M": "-inf",
    "N": "-inf",
    "P": -2.3625700793847084,
    "Q": -5.169925001442312,
    "R": "-inf",
    "S": -5.169925001442312,
    "T": -2.3625700793847084,
    "V": "-inf",
    "W": "-inf",
    "Y": -4.169925001442312
  },
  "-7": {
    "A": -4.169925001442312,
    "C": -2.584962500721156,
    "D": -4.169925001442312,
    "E": -3.584962500721156,
    "F": "-inf",
    "G": -5.169925001442312,
    "H": "-inf",
    "I": -5.169925001442312,
    "K": "-inf",
    "L": -2.3625700793847084,
    "M": "-inf",
    "N": "-inf",
    "P": "-inf",
    "Q": "-inf",
    "R": "-inf",
    "S": -2.84799690655495,
    "T": -3.1699250014423126,
    "V": -5.169925001442312,
    "W": "-inf",
    "Y": -5.169925001442312
  },
  "-6": {
    "A": -5.169925001442312,
    "C": -3.584962500721156,
    "D": "-inf",
    "E": -4.169925001442312,
    "F": -4.169925001442312,
    "G": -4.169925001442312,
    "H": -5.169925001442312,
    "I": -3.1699250014423126,
    "K": -5.169925001442312,
    "L": -5.169925001442312,
    "M": "-inf",
    "N": -5.169925001442312,
    "P": -2.584962500721156,
    "Q": "-inf",
    "R": -3.1699250014423126,
    "S": "-inf",
    "T": -3.1699250014423126,
    "V": "-inf",
    "W": "-inf",
    "Y": -5.169925001442312
  },
  "-5": {
    "A": -4.169925001442312,
    "C": -2.3625700793847084,
    "D": "-inf",
    "E": "-inf",
    "F": "-inf",
    "G": -1.84799690655495,
    "H": "-inf",
    "I": -5.169925001442312,
    "K": "-inf",
    "L": "-inf",
    "M": "-inf",
    "N": "-inf",
    "P": -5.169925001442312,
    "Q": -5.169925001442312,
    "R": -3.1699250014423126,
    "S": -3.584962500721156,
    "T": -4.169925001442312,
    "V": -4.169925001442312,
    "W": "-inf",
    "Y": "-inf"
  },
  "-4": {
    "A": -5.169925001442312,
    "C": -2.84799690655495,
    "D": -5.169925001442312,
    "E": "-inf",
    "F": -4.169925001442312,
    "G": -5.169925001442312,
    "H": "-inf",
    "I": -3.1699250014423126,
    "K": "-inf",
    "L": "-inf",
    "M": "-inf",
    "N": -5.169925001442312,
    "P": -5.169925001442312,
    "Q": "-inf",
    "R": "-inf",
    "S": -2.3625700793847084,
    "T": -2.0,
    "V": -5.169925001442312,
    "W": -5.169925001442312,
    "Y": "-inf"
  },
  "-3": {
    "A": "-inf",
    "C": -3.1699250014423126,
    "D": "-inf",
    "E": "-inf",
    "F": "-inf",
    "G": -5.169925001442312,
    "H": "-inf",
    "I": -2.3625700793847084,
    "K": -3.584962500721156,
    "L": -4.169925001442312,
    "M": -5.169925001442312,
    "N": -5.169925001442312,
    "P": -5.169925001442312,
    "Q": -5.169925001442312,
    "R": "-inf",
    "S": -2.84799690655495,
    "T": -2.84799690655495,
    "V": -3.584962500721156,
    "W": "-inf",
    "Y": "-inf"
  },
  "-2": {
    "A": -5.169925001442312,
    "C": -4.169925001442312,
    "D": "-inf",
    "E": "-inf",
    "F": "-inf",
    "G": -2.84799690655495,
    "H": -4.169925001442312,
    "I": -4.169925001442312,
    "K": -4.169925001442312,
    "L": -5.169925001442312,
    "M": "-inf",
    "N": "-inf",
    "P": "-inf",
    "Q": "-inf",
    "R": -5.169925001442312,
    "S": -1.2630344058337937,
    "T": -3.1699250014423126,
    "V": "-inf",
    "W": "-inf",
    "Y": "-inf"
  },
  "-1": {
    "A": -1.4694852833012202,
    "C": -3.1699250014423126,
    "D": "-inf",
    "E": -5.169925001442312,
    "F": -5.169925001442312,
    "G": "-inf",
    "H": "-inf",
    "I": -3.1699250014423126,
    "K": -5.169925001442312,
    "L": -3.584962500721156,
    "M": "-inf",
    "N": "-inf",
    "P": "-inf",
    "Q": "-inf",
    "R": "-inf",
    "S": -3.584962500721156,
    "T": -4.169925001442312,
    "V": -4.169925001442312,
    "W": -4.169925001442312,
    "Y": "-inf"
  },
  "0": {
    "A": "-inf",
    "C": "-inf",
    "D": "-inf",
    "E": "-inf",
    "F": "-inf",
    "G": "-inf",
    "H": "-inf",
    "I": "-inf",
    "K": "-inf",
    "L": "-inf",
    "M": "-inf",
    "N": "-inf",
    "P": "-inf",
    "Q": "-inf",
    "R": "-inf",
    "S": 0.0,
    "T": "-inf",
    "V": "-inf",
    "W": "-inf",
    "Y": "-inf"
  },
  "+1": {
    "A": -4.169925001442312,
    "C": "-inf",
    "D": "-inf",
    "E": -5.169925001442312,
    "F": -5.169925001442312,
    "G": -2.1699250014423126,
    "H": "-inf",
    "I": -2.84799690655495,
    "K": -3.584962500721156,
    "L": -2.3625700793847084,
    "M": "-inf",
    "N": -4.169925001442312,
    "P": "-inf",
    "Q": "-inf",
    "R": "-inf",
    "S": -3.584962500721156,
    "T": -5.169925001442312,
    "V": -5.169925001442312,
    "W": -5.169925001442312,
    "Y": "-inf"
  },
  "+2": {
    "A": "-inf",
    "C": -2.0,
    "D": -2.1699250014423126,
    "E": "-inf",
    "F": "-inf",
    "G": "-inf",
    "H": "-inf",
    "I": -5.169925001442312,
    "K": -5.169925001442312,
    "L": -3.584962500721156,
    "M": "-inf",
    "N": -5.169925001442312,
    "P": "-inf",
    "Q": "-inf",
    "R": "-inf",
    "S": -4.169925001442312,
    "T": -4.169925001442312,
    "V": -5.169925001442312,
    "W": "-inf",
    "Y": -5.169925001442312
  },
  "+3": {
    "A": -5.169925001442312,
    "C": -4.169925001442312,
    "D": -5.169925001442312,
    "E": "-inf",
    "F": "-inf",
    "G": "-inf",
    "H": "-inf",
    "I": -4.169925001442312,
    "K": -3.1699250014423126,
    "L": -2.0,
    "M": "-inf",
    "N": "-inf",
    "P": "-inf",
    "Q": "-inf",
    "R": "-inf",
    "S": -5.169925001442312,
    "T": -2.3625700793847084,
    "V": -5.169925001442312,
    "W": "-inf",
    "Y": "-inf"
  },
  "+4": {
    "A": -3.584962500721156,
    "C": -3.584962500721156,
    "D": "-inf",
    "E": "-inf",
    "F": "-inf",
    "G": "-inf",
    "H": "-inf",
    "I": -3.584962500721156,
    "K": "-inf",
    "L": "-inf",
    "M": "-inf",
    "N": "-inf",
    "P": -2.584962500721156,
    "Q": "-inf",
    "R": "-inf",
    "S": -3.584962500721156,
    "T": -2.84799690655495,
    "V": -3.584962500721156,
    "W": "-inf",
    "Y": -5.169925001442312
  },
  "+5": {
    "A": "-inf",
    "C": "-inf",
    "D": "-inf",
    "E": "-inf",
    "F": "-inf",
    "G": -2.3625700793847084,
    "H": "-inf",
    "I": "-inf",
    "K": -5.169925001442312,
    "L": -5.169925001442312,
    "M": "-inf",
    "N": -5.169925001442312,
    "P": -2.1699250014423126,
    "Q": "-inf",
    "R": "-inf",
    "S": -5.169925001442312,
    "T": -2.84799690655495,
    "V": "-inf",
    "W": -5.169925001442312,
    "Y": -5.169925001442312
  },
  "+6": {
    "A": -5.169925001442312,
    "C": -2.3625700793847084,
    "D": -5.169925001442312,
    "E": "-inf",
    "F": "-inf",
    "G": -5.169925001442312,
    "H": "-inf",
    "I": -3.1699250014423126,
    "K": -5.169925001442312,
    "L": -2.1699250014423126,
    "M": "-inf",