{
  "-10": {
    "A": -3.1023420086122493,
    "C": -1.2305398317106577,
    "D": -5.181783550292085,
    "E": "-inf",
    "F": "-inf",
    "G": -3.39002408106403,
    "H": -3.39002408106403,
    "I": -4.48863636973214,
    "K": -4.48863636973214,
    "L": -3.7954891891721947,
    "M": -5.181783550292085,
    "N": -4.48863636973214,
    "P": -1.7477963458069388,
    "Q": -5.181783550292085,
    "R": -2.6168341928305483,
    "S": -2.8791984572980396,
    "T": -3.39002408106403,
    "V": -3.235873401236772,
    "W": -5.181783550292085,
    "Y": -4.48863636973214
  },
  "-9": {
    "A": -2.473733349189875,
    "C": -1.7477963458069388,
    "D": "-inf",
    "E": -3.7954891891721947,
    "F": "-inf",
    "G": -3.572345637857985,
    "H": -2.6168341928305483,
    "I": -5.181783550292085,
    "K": -2.473733349189875,
    "L": "-inf",
    "M": -4.083171261623976,
    "N": -3.572345637857985,
    "P": -2.2373445711256448,
    "Q": -4.48863636973214,
    "R": -2.0907410969337694,
    "S": -2.984558972955866,
    "T": -4.083171261623976,
    "V": -3.235873401236772,
    "W": -3.39002408106403,
    "Y": -5.181783550292085
  },
  "-8": {
    "A": -3.7954891891721947,
    "C": -1.4929040961781488,
    "D": -4.083171261623976,
    "E": -5.181783550292085,
    "F": -4.48863636973214,
    "G": -3.7954891891721947,
    "H": -4.083171261623976,
    "I": -5.181783550292085,
    "K": -4.083171261623976,
    "L": -5.181783550292085,
    "M": "-inf",
    "N": -2.8791984572980396,
    "P": -2.0462893343629354,
    "Q": "-inf",
    "R": -3.1023420086122493,
    "S": -2.0907410969337694,
    "T": -2.473733349189875,
    "V": -2.409194828052304,
    "W": -2.8791984572980396,
    "Y": "-inf"
  },
  "-7": {
    "A": -2.2373445711256448,
    "C": -1.9236870122706031,
    "D": -3.1023420086122493,
    "E": -3.1023420086122493,
    "F": -2.984558972955866,
    "G": -1.5708656376478607,
    "H": -4.48863636973214,
    "I": -4.083171261623976,
    "K": -3.1023420086122493,
    "L": -5.181783550292085,
    "M": -5.181783550292085,
    "N": -3.235873401236772,
    "P": -2.8791984572980396,
    "Q": -4.48863636973214,
    "R": -2.783888277493715,
    "S": -3.1023420086122493,
    "T": -4.48863636973214,
    "V": -4.48863636973214,
    "W": -2.984558972955866,
    "Y": -4.48863636973214
  },
  "-6": {
    "A": -2.409194828052304,
    "C": -1.1927995037278107,
    "D": -2.984558972955866,
    "E": -3.7954891891721947,
    "F": -4.083171261623976,
    "G": -3.7954891891721947,
    "H": -4.48863636973214,
    "I": -5.181783550292085,
    "K": -3.572345637857985,
    "L": -3.39002408106403,
    "M": -4.083171261623976,
    "N": -4.48863636973214,
    "P": -2.5427262206768266,
    "Q": -4.083171261623976,
    "R": -2.473733349189875,
    "S": -2.0907410969337694,
    "T": -5.181783550292085,
    "V": -3.235873401236772,
    "W": "-inf",
    "Y": -3.39002408106403
  },
  "-5": {
    "A": -3.572345637857985,
    "C": -1.8495790401168812,
    "D": -2.6968769005040847,
    "E": -3.572345637857985,
    "F": -4.083171261623976,
    "G": -1.8144877203056111,
    "H": -4.083171261623976,
    "I": -5.181783550292085,
    "K": -3.7954891891721947,
    "L": -4.083171261623976,
    "M": "-inf",
    "N": -2.2373445711256448,
    "P": -1.8144877203056111,
    "Q": "-inf",
    "R": -2.348570206235869,
    "S": -3.1023420086122493,
    "T": -3.572345637857985,
    "V": -4.083171261623976,
    "W": "-inf",
    "Y": -4.083171261623976
  },
  "-4": {
    "A": -2.6168341928305483,
    "C": -2.0462893343629354,
    "D": "-inf",
    "E": "-inf",
    "F": -5.181783550292085,
    "G": -3.1023420086122493,
    "H": -2.2373445711256448,
    "I": -4.48863636973214,
    "K": -2.5427262206768266,
    "L": -4.48863636973214,
    "M": -4.083171261623976,
    "N": -1.9236870122706031,
    "P": -2.984558972955866,
    "Q": "-inf",
    "R": -2.409194828052304,
    "S": -4.083171261623976,
    "T": -3.7954891891721947,
    "V": -3.572345637857985,
    "W": -1.885946684287756,
    "Y": -4.48863636973214
  },
  "-3": {
    "A": -3.39002408106403,
    "C": -2.8791984572980396,
    "D": -3.1023420086122493,
    "E": -3.572345637857985,
    "F": -3.235873401236772,
    "G": -3.572345637857985,
    "H": -2.8791984572980396,
    "I": -4.48863636973214,
    "K": -2.0462893343629354,
    "L": -4.48863636973214,
    "M": -5.181783550292085,
    "N": -2.8791984572980396,
    "P": -2.0462893343629354,
    "Q": -2.8791984572980396,
    "R": -2.783888277493715,
    "S": -2.186051276738094,
    "T": -2.5427262206768266,
    "V": -3.7954891891721947,
    "W": "-inf",
    "Y": -3.235873401236772
  },
  "-2": {
    "A": -4.48863636973214,
    "C": -3.572345637857985,
    "D": -2.6968769005040847,
    "E": -3.572345637857985,
    "F": -2.8791984572980396,
    "G": -2.137261112568662,
    "H": -3.39002408106403,
    "I": "-inf",
    "K": -3.572345637857985,
    "L": -3.7954891891721947,
    "M": "-inf",
    "N": -2.137261112568662,
    "P": -1.4441139320087168,
    "Q": -3.572345637857985,
    "R": -2.783888277493715,
    "S": -4.083171261623976,
    "T": -3.39002408106403,
    "V": -4.48863636973214,
    "W": -4.083171261623976,
    "Y": -2.473733349189875
  },
  "-1": {
    "A": "-inf",
    "C": -1.7160476474923587,
    "D": -4.48863636973214,
    "E": -5.181783550292085,
    "F": -4.083171261623976,
    "G": -3.39002408106403,
    "H": -5.181783550292085,
    "I": -2.5427262206768266,
    "K": -2.0462893343629354,
    "L": -3.572345637857985,
    "M": -5.181783550292085,
    "N": -3.7954891891721947,
    "P": -4.083171261623976,
    "Q": -4.48863636973214,
    "R": -2.137261112568662,
    "S": -2.409194828052304,
    "T": -5.181783550292085,
    "V": -4.48863636973214,
    "W": -1.8144877203056111,
    "Y": -2.6968769005040847
  },
  "0": {
    "A": "-inf",
    "C": 0.0,
    "D": "-inf",
    "E": "-inf",
    "F": "-inf",
    "G": "-inf",
    "H": "-inf",
    "I": "-inf",
    "K": "-inf",
    "L": "-inf",
    "M": "-inf",
    "N": "-inf",
    "P": "-inf",
    "Q": "-inf",
    "R": "-inf",
    "S": "-inf",
    "T": "-inf",
    "V": "-inf",
    "W": "-inf",
    "Y": "-inf"
  },
  "+1": {
    "A": "-inf",
    "C": "-inf",
    "D": "-inf",
    "E": "-inf",
    "F": "-inf",
    "G": -0.5766133643039937,
    "H": "-inf",
    "I": "-inf",
    "K": "-inf",
    "L": -5.181783550292085,
    "M": "-inf",
    "N": "-inf",
    "P": "-inf",
    "Q": "-inf",
    "R": "-inf",
    "S": "-inf",
    "T": "-inf",
    "V": "-inf",
    "W": "-inf",
    "Y": "-inf"
  },
  "+2": {
    "A": "-inf",
    "C": "-inf",
    "D": "-inf",
    "E": "-inf",
    "F": "-inf",
    "G": -3.7954891891721947,
    "H": "-inf",
    "I": "-inf",
    "K": -2.6168341928305483,
    "L": "-inf",
    "M": "-inf",
    "N": "-inf",
    "P": "-inf",
    "Q": "-inf",
    "R": -1.9629077254238843,
    "S": "-inf",
    "T": "-inf",
    "V": "-inf",
    "W": "-inf",
    "Y": "-inf"
  },
  "+3": {
    "A": "-inf",
    "C": "-inf",
    "D": "-inf",
    "E": "-inf",
    "F": "-inf",
    "G": "-inf",
    "H": "-inf",
    "I": "-inf",
    "K": -2.6968769005040847,
    "L": "-inf",
    "M": "-inf",
    "N": "-inf",
    "P": "-inf",
    "Q": "-inf",
    "R": -2.5427262206768266,
    "S": "-inf",
    "T": "-inf",
    "V": "-inf",
    "W": "-inf",
    "Y": "-inf"
  },
  "+4": {
    "A": "-inf",
    "C": "-inf",
    "D": "-inf",
    "E": "-inf",
    "F": "-inf",
    "G": "-inf",
    "H": "-inf",
    "I": "-inf",
    "K": "-inf",
    "L": "-inf",
    "M": "-inf",
    "N": "-inf",
    "P": "-inf",
    "Q": "-inf",
    "R": -2.8791984572980396,
    "S": "-inf",
    "T": "-inf",
    "V": "-inf",
    "W": "-inf",
    "Y": "-inf"
  },
  "+5": {
    "A": "-inf",
    "C": "-inf",
    "D": "-inf",
    "E": -5.181783550292085,
    "F": "-inf",
    "G": "-inf",
    "H": "-inf",
    "I": "-inf",
    "K": "-inf",
    "L": "-inf",
    "M": "-inf",
    "N": "-inf",
    "P": "-inf",
    "Q": "-inf",
    "R": "-inf",
    "S": -5.181783550292085,
    "T": "-inf",
    "V": "-inf",
    "W": "-inf",
    "Y": "-inf"
  },