{
  "-10": {
    "A": -3.6916533809966614,
    "C": "-inf",
    "D": -2.89314568477889,
    "E": -2.0822154685625613,
    "F": -3.180827757230671,
    "G": -2.2253163122032347,
    "H": -6.582025138892826,
    "I": -3.586292865338835,
    "K": -2.5044876949871067,
    "L": -4.502583597212991,
    "M": -3.8739749377906163,
    "N": -4.01707578143129,
    "P": -3.6375861597263857,
    "Q": -4.097118489104826,
    "R": -2.163184531096228,
    "S": -2.8684530721885184,
    "T": -3.3239286008713442,
    "V": -3.8739749377906163,
    "W": -4.972587226458726,
    "Y": -4.01707578143129
  },
  "-9": {
    "A": -3.055664614276665,
    "C": -6.582025138892826,
    "D": -2.710824127984935,
    "E": -3.14803793440768,
    "F": -2.710824127984935,
    "G": -2.6902048407821995,
    "H": -4.279440045898781,
    "I": -4.502583597212991,
    "K": -3.2861882728884972,
    "L": -3.2498206287176226,
    "M": -3.8739749377906163,
    "N": -2.797835504974565,
    "P": -3.2147293089063522,
    "Q": -1.9869052887582364,
    "R": -2.0822154685625613,
    "S": -3.3239286008713442,
    "T": -4.636114989837513,
    "V": -3.586292865338835,
    "W": -5.483412850224717,
    "Y": -4.01707578143129
  },
  "-8": {
    "A": -2.67000213346468,
    "C": -5.8888779583328805,
    "D": -2.305359019876771,
    "E": -3.085517577426346,
    "F": -1.9970576602222543,
    "G": -2.3625174337167194,
    "H": -5.195730777772936,
    "I": -3.2147293089063522,
    "K": -2.5044876949871067,
    "L": -3.8094364166530448,
    "M": -3.9429678092775675,
    "N": -4.384800561556607,
    "P": -3.586292865338835,
    "Q": -3.6375861597263857,
    "R": -2.593041092328552,
    "S": -2.4548907538477347,
    "T": -3.74881179483661,
    "V": -3.5375027011694034,
    "W": -5.8888779583328805,
    "Y": -3.5375027011694034
  },
  "-7": {
    "A": -2.2512917986064953,
    "C": "-inf",
    "D": -2.291565697744435,
    "E": -2.593041092328552,
    "F": -3.586292865338835,
    "G": -2.4388904125012933,
    "H": -4.279440045898781,
    "I": -4.279440045898781,
    "K": -3.2498206287176226,
    "L": -3.9429678092775675,
    "M": -4.502583597212991,
    "N": -4.184129866094455,
    "P": -2.521582128346407,
    "Q": -3.8094364166530448,
    "R": -2.333529896843467,
    "S": -2.820825023199264,
    "T": -3.4039713085448806,
    "V": -2.2779600456886566,
    "W": -4.097118489104826,
    "Y": -3.4039713085448806
  },
  "-6": {
    "A": -3.055664614276665,
    "C": -3.3631493140246254,
    "D": -1.5515872175003909,
    "E": -3.1162892360931,
    "F": -5.195730777772936,
    "G": -2.319345261851511,
    "H": -4.384800561556607,
    "I": -4.097118489104826,
    "K": -2.6902048407821995,
    "L": -3.6375861597263857,
    "M": -4.636114989837513,
    "N": -2.9711072262486016,
    "P": -2.797835504974565,
    "Q": -3.085517577426346,
    "R": -2.4231420555331544,
    "S": -2.4388904125012933,
    "T": -4.184129866094455,
    "V": -4.184129866094455,
    "W": -5.195730777772936,
    "Y": -3.2498206287176226
  },
  "-5": {
    "A": -2.710824127984935,
    "C": -5.483412850224717,
    "D": -2.4388904125012933,
    "E": -2.556673448157677,
    "F": -3.6916533809966614,
    "G": -2.844355520609458,
    "H": -3.055664614276665,
    "I": -4.502583597212991,
    "K": -2.2512917986064953,
    "L": -4.097118489104826,
    "M": -3.5375027011694034,
    "N": -3.4465309229636767,
    "P": -3.0266770774034124,
    "Q": -2.4388904125012933,
    "R": -3.4909826855345103,
    "S": -2.4876805766707255,
    "T": -3.8094364166530448,
    "V": -3.5375027011694034,
    "W": -4.01707578143129,
    "Y": -2.2382197170391422
  },
  "-4": {
    "A": -2.9444389791664407,
    "C": -4.972587226458726,
    "D": -1.8906772566636825,
    "E": -4.01707578143129,
    "F": -3.6916533809966614,
    "G": -1.6767503604543967,
    "H": -5.8888779583328805,
    "I": -3.74881179483661,
    "K": -3.8739749377906163,
    "L": -2.37733251950186,
    "M": -4.636114989837513,
    "N": -2.4388904125012933,
    "P": -2.89314568477889,
    "Q": -6.582025138892826,
    "R": -2.264537025356516,
    "S": -3.1162892360931,
    "T": -3.6375861597263857,
    "V": -3.3631493140246254,
    "W": -3.14803793440768,
    "Y": -5.8888779583328805
  },
  "-3": {
    "A": -2.998506200436716,
    "C": -6.582025138892826,
    "D": -3.2861882728884972,
    "E": "-inf",
    "F": -1.0136806351317293,
    "G": -3.8094364166530448,
    "H": -2.407637868997189,
    "I": -5.8888779583328805,
    "K": -3.4465309229636767,
    "L": -4.279440045898781,
    "M": -3.9429678092775675,
    "N": -5.8888779583328805,
    "P": -3.055664614276665,
    "Q": -2.538973871058276,
    "R": -2.998506200436716,
    "S": -3.3631493140246254,
    "T": -3.9429678092775675,
    "V": -3.6916533809966614,
    "W": -2.820825023199264,
    "Y": -2.9711072262486016
  },
  "-2": {
    "A": -5.483412850224717,
    "C": -5.8888779583328805,
    "D": -4.636114989837513,
    "E": -4.279440045898781,
    "F": -3.8739749377906163,
    "G": -2.0494256457395705,
    "H": -4.01707578143129,
    "I": -2.9444389791664407,
    "K": -3.2147293089063522,
    "L": -1.7068278156916747,
    "M": -0.968897032504756,
    "N": -5.483412850224717,
    "P": -3.8094364166530448,
    "Q": -4.384800561556607,
    "R": -3.180827757230671,
    "S": -3.8094364166530448,
    "T": -5.483412850224717,
    "V": -3.5375027011694034,
    "W": -5.8888779583328805,
    "Y": -4.636114989837513
  },
  "-1": {
    "A": -4.972587226458726,
    "C": -5.483412850224717,
    "D": -2.7533837424037313,
    "E": "-inf",
    "F": -3.6916533809966614,
    "G": -3.74881179483661,
    "H": -3.3631493140246254,
    "I": -4.097118489104826,
    "K": -5.483412850224717,
    "L": -3.586292865338835,
    "M": -5.483412850224717,
    "N": -5.483412850224717,
    "P": -4.384800561556607,
    "Q": "-inf",
    "R": -0.33591837341126357,
    "S": -4.279440045898781,
    "T": -3.4039713085448806,
    "V": -4.636114989837513,
    "W": -6.582025138892826,
    "Y": "-inf"
  },
  "0": {
    "A": "-inf",
    "C": "-inf",
    "D": "-inf",
    "E": "-inf",
    "F": 0.0,
    "G": "-inf",
    "H": "-inf",
    "I": "-inf",
    "K": "-inf",
    "L": "-inf",
    "M": "-inf",
    "N": "-inf",
    "P": "-inf",
    "Q": "-inf",
    "R": "-inf",
    "S": "-inf",
    "T": "-inf",
    "V": "-inf",
    "W": "-inf",
    "Y": "-inf"
  },
  "+1": {
    "A": "-inf",
    "C": "-inf",
    "D": "-inf",
    "E": "-inf",
    "F": "-inf",
    "G": -0.5112874108903364,
    "H": "-inf",
    "I": "-inf",
    "K": -6.582025138892826,
    "L": "-inf",
    "M": "-inf",
    "N": "-inf",
    "P": "-inf",
    "Q": "-inf",
    "R": "-inf",
    "S": "-inf",
    "T": "-inf",
    "V": "-inf",
    "W": "-inf",
    "Y": "-inf"
  },
  "+2": {
    "A": "-inf",
    "C": "-inf",
    "D": -5.195730777772936,
    "E": "-inf",
    "F": "-inf",
    "G": "-inf",
    "H": "-inf",
    "I": "-inf",
    "K": -1.3402781238331838,
    "L": "-inf",
    "M": "-inf",
    "N": -6.582025138892826,
    "P": "-inf",
    "Q": -5.8888779583328805,
    "R": -1.2021277853523666,
    "S": "-inf",
    "T": -6.582025138892826,
    "V": "-inf",
    "W": "-inf",
    "Y": -6.582025138892826
  },
  "+3": {
    "A": -3.74881179483661,
    "C": "-inf",
    "D": -3.8739749377906163,
    "E": -2.4876805766707255,
    "F": "-inf",
    "G": -3.8094364166530448,
    "H": "-inf",
    "I": "-inf",
    "K": -3.5375027011694034,
    "L": "-inf",
    "M": "-inf",
    "N": -3.5375027011694034,
    "P": -5.483412850224717,
    "Q": -4.972587226458726,
    "R": -1.6261980812915655,
    "S": -2.264537025356516,
    "T": -4.279440045898781,
    "V": "-inf",
    "W": "-inf",
    "Y": -6.582025138892826
  },
  "+4": {
    "A": -3.3239286008713442,
    "C": "-inf",
    "D": -2.291565697744435,
    "E": -3.2861882728884972,
    "F": -3.8094364166530448,
    "G": -3.2861882728884972,
    "H": -6.582025138892826,
    "I": -5.8888779583328805,
    "K": -5.195730777772936,
    "L": -3.2861882728884972,
    "M": -5.8888779583328805,
    "N": -4.636114989837513,
    "P": -3.055664614276665,