{
  "-10": {
    "A": -2.810907586541918,
    "C": -3.0985896589936988,
    "D": -4.197201947661808,
    "E": -2.810907586541918,
    "F": "-inf",
    "G": -3.2809112157876537,
    "H": "-inf",
    "I": -4.890349128221754,
    "K": -2.810907586541918,
    "L": -3.2809112157876537,
    "M": -4.197201947661808,
    "N": -3.791736839553644,
    "P": -3.5040547671018634,
    "Q": -3.791736839553644,
    "R": -3.2809112157876537,
    "S": -2.4054424784337534,
    "T": -3.0985896589936988,
    "V": -3.5040547671018634,
    "W": "-inf",
    "Y": -4.890349128221754
  },
  "-9": {
    "A": -2.1822989271195437,
    "C": -3.2809112157876537,
    "D": -4.890349128221754,
    "E": -3.791736839553644,
    "F": -4.890349128221754,
    "G": -2.6931245508855346,
    "H": -3.791736839553644,
    "I": -4.890349128221754,
    "K": -4.197201947661808,
    "L": -4.197201947661808,
    "M": -3.2809112157876537,
    "N": -3.5040547671018634,
    "P": -3.791736839553644,
    "Q": -1.6714733033535532,
    "R": -4.890349128221754,
    "S": -4.890349128221754,
    "T": -2.9444389791664407,
    "V": -2.6931245508855346,
    "W": "-inf",
    "Y": "-inf"
  },
  "-8": {
    "A": -3.791736839553644,
    "C": -1.3350010667323402,
    "D": -4.197201947661808,
    "E": "-inf",
    "F": -4.197201947661808,
    "G": -2.4924538554233835,
    "H": -1.7122952978738082,
    "I": -4.197201947661808,
    "K": -2.325399770760217,
    "L": -4.197201947661808,
    "M": -4.890349128221754,
    "N": -4.197201947661808,
    "P": -3.791736839553644,
    "Q": -2.810907586541918,
    "R": -3.2809112157876537,
    "S": -4.890349128221754,
    "T": "-inf",
    "V": -4.197201947661808,
    "W": -2.6931245508855346,
    "Y": "-inf"
  },
  "-7": {
    "A": -3.5040547671018634,
    "C": -2.810907586541918,
    "D": -3.5040547671018634,
    "E": "-inf",
    "F": -3.5040547671018634,
    "G": -3.5040547671018634,
    "H": -4.890349128221754,
    "I": -4.890349128221754,
    "K": -2.325399770760217,
    "L": -3.0985896589936988,
    "M": -4.890349128221754,
    "N": -3.5040547671018634,
    "P": -4.890349128221754,
    "Q": -3.2809112157876537,
    "R": -2.810907586541918,
    "S": -3.5040547671018634,
    "T": -3.5040547671018634,
    "V": -2.5877640352277083,
    "W": -1.845826690498331,
    "Y": -1.5945122622174248
  },
  "-6": {
    "A": -2.5877640352277083,
    "C": -4.197201947661808,
    "D": "-inf",
    "E": -3.791736839553644,
    "F": -2.6931245508855346,
    "G": -3.791736839553644,
    "H": "-inf",
    "I": -1.4891517465595985,
    "K": -3.791736839553644,
    "L": -4.197201947661808,
    "M": "-inf",
    "N": -2.6931245508855346,
    "P": -2.9444389791664407,
    "Q": -3.0985896589936988,
    "R": -4.197201947661808,
    "S": -1.4246132254220272,
    "T": -3.791736839553644,
    "V": -3.791736839553644,
    "W": -4.890349128221754,
    "Y": -3.0985896589936988
  },
  "-5": {
    "A": -2.1822989271195437,
    "C": -3.5040547671018634,
    "D": -4.197201947661808,
    "E": -2.810907586541918,
    "F": -2.9444389791664407,
    "G": -3.0985896589936988,
    "H": -2.1177604059819726,
    "I": "-inf",
    "K": -4.890349128221754,
    "L": -3.5040547671018634,
    "M": "-inf",
    "N": -3.5040547671018634,
    "P": -2.810907586541918,
    "Q": -1.7122952978738082,
    "R": -2.810907586541918,
    "S": -3.2809112157876537,
    "T": -3.791736839553644,
    "V": -3.2809112157876537,
    "W": "-inf",
    "Y": -2.325399770760217
  },
  "-4": {
    "A": -3.0985896589936988,
    "C": -3.5040547671018634,
    "D": -4.197201947661808,
    "E": -3.791736839553644,
    "F": -2.0571357841655376,
    "G": -1.5945122622174248,
    "H": "-inf",
    "I": -4.197201947661808,
    "K": -3.791736839553644,
    "L": -4.890349128221754,
    "M": "-inf",
    "N": -1.4891517465595985,
    "P": -3.5040547671018634,
    "Q": -3.791736839553644,
    "R": -3.2809112157876537,
    "S": -2.4054424784337534,
    "T": -2.810907586541918,
    "V": -3.791736839553644,
    "W": -3.791736839553644,
    "Y": "-inf"
  },
  "-3": {
    "A": -4.197201947661808,
    "C": -1.3350010667323402,
    "D": -3.5040547671018634,
    "E": -3.791736839553644,
    "F": -4.197201947661808,
    "G": -4.197201947661808,
    "H": -3.0985896589936988,
    "I": -3.5040547671018634,
    "K": -4.197201947661808,
    "L": -1.845826690498331,
    "M": "-inf",
    "N": -2.2512917986064953,
    "P": -2.4924538554233835,
    "Q": "-inf",
    "R": -4.890349128221754,
    "S": -2.6931245508855346,
    "T": -4.197201947661808,
    "V": -4.890349128221754,
    "W": -2.4054424784337534,
    "Y": -4.197201947661808
  },
  "-2": {
    "A": -3.0985896589936988,
    "C": -3.791736839553644,
    "D": "-inf",
    "E": "-inf",
    "F": -3.5040547671018634,
    "G": -3.0985896589936988,
    "H": -4.890349128221754,
    "I": -4.197201947661808,
    "K": -3.0985896589936988,
    "L": -2.810907586541918,
    "M": "-inf",
    "N": -3.5040547671018634,
    "P": -1.3350010667323402,
    "Q": -4.197201947661808,
    "R": -2.6931245508855346,
    "S": -2.1177604059819726,
    "T": -2.5877640352277083,
    "V": -2.6931245508855346,
    "W": -3.5040547671018634,
    "Y": -2.810907586541918
  },
  "-1": {
    "A": "-inf",
    "C": -1.9459101490553135,
    "D": "-inf",
    "E": -4.197201947661808,
    "F": -3.0985896589936988,
    "G": -3.2809112157876537,
    "H": -3.791736839553644,
    "I": -3.5040547671018634,
    "K": -3.791736839553644,
    "L": -2.325399770760217,
    "M": -4.197201947661808,
    "N": "-inf",
    "P": -1.754854912292604,
    "Q": -4.197201947661808,
    "R": -1.9459101490553135,
    "S": -4.197201947661808,
    "T": -3.791736839553644,
    "V": -2.810907586541918,
    "W": -1.9999773703255892,
    "Y": -4.890349128221754
  },
  "0": {
    "A": "-inf",
    "C": "-inf",
    "D": "-inf",
    "E": "-inf",
    "F": "-inf",
    "G": 0.0,
    "H": "-inf",
    "I": "-inf",
    "K": "-inf",
    "L": "-inf",
    "M": "-inf",
    "N": "-inf",
    "P": "-inf",
    "Q": "-inf",
    "R": "-inf",
    "S": "-inf",
    "T": "-inf",
    "V": "-inf",
    "W": "-inf",
    "Y": "-inf"
  },
  "+1": {
    "A": "-inf",
    "C": "-inf",
    "D": "-inf",
    "E": "-inf",
    "F": "-inf",
    "G": -0.7960045659996532,
    "H": "-inf",
    "I": "-inf",
    "K": -4.890349128221754,
    "L": "-inf",
    "M": "-inf",
    "N": "-inf",
    "P": "-inf",
    "Q": "-inf",
    "R": -4.890349128221754,
    "S": "-inf",
    "T": "-inf",
    "V": "-inf",
    "W": "-inf",
    "Y": "-inf"
  },
  "+2": {
    "A": "-inf",
    "C": "-inf",
    "D": "-inf",
    "E": -3.2809112157876537,
    "F": "-inf",
    "G": -4.890349128221754,
    "H": "-inf",
    "I": "-inf",
    "K": -1.0617077317326589,
    "L": "-inf",
    "M": "-inf",
    "N": "-inf",
    "P": "-inf",
    "Q": "-inf",
    "R": -3.2809112157876537,
    "S": "-inf",
    "T": "-inf",
    "V": "-inf",
    "W": "-inf",
    "Y": "-inf"
  },
  "+3": {
    "A": -2.9444389791664407,
    "C": "-inf",
    "D": "-inf",
    "E": "-inf",
    "F": "-inf",
    "G": "-inf",
    "H": -4.890349128221754,
    "I": "-inf",
    "K": -3.2809112157876537,
    "L": "-inf",
    "M": "-inf",
    "N": "-inf",
    "P": "-inf",
    "Q": "-inf",
    "R": -1.2794312155775294,
    "S": -4.197201947661808,
    "T": "-inf",
    "V": "-inf",
    "W": "-inf",
    "Y": "-inf"
  },
  "+4": {
    "A": -2.4924538554233835,
    "C": "-inf",
    "D": -3.0985896589936988,
    "E": -3.5040547671018634,
    "F": "-inf",
    "G": -3.2809112157876537,
    "H": "-inf",
    "I": "-inf",
    "K": -3.5040547671018634,
    "L": "-inf",
    "M": "-inf",
    "N": -2.9444389791664407,
    "P": "-inf",
    "Q": "-inf",
    "R": -4.890349128221754,
    "S": -3.2809112157876537,
    "T": -4.890349128221754,
    "V": "-inf",
    "W": "-inf",
    "Y": "-inf"
  },
  "+5": {
    "A": -2.6931245508855346,
    "C": "-inf",
    "D": -4.890349128221754,
    "E": -3.791736839553644,
    "F": "-inf",
    "G": -4.197201947661808,
    "H": "-inf",
    "I": -4.890349128221754,
    "K": -3.5040547671018634,