{
  "-10": {
    "A": -2.359280436670591,
    "C": -2.898276937403278,
    "D": -3.7455747977904816,
    "E": "-inf",
    "F": -2.898276937403278,
    "G": -1.3178265618424299,
    "H": "-inf",
    "I": -2.898276937403278,
    "K": -2.136136885356381,
    "L": -2.898276937403278,
    "M": -4.844187086458591,
    "N": "-inf",
    "P": -3.2347491740244907,
    "Q": -4.844187086458591,
    "R": -3.0524276172305362,
    "S": -2.205129756843333,
    "T": -4.151039905898646,
    "V": "-inf",
    "W": -4.844187086458591,
    "Y": -3.457892725338701
  },
  "-9": {
    "A": -3.0524276172305362,
    "C": -3.457892725338701,
    "D": -3.457892725338701,
    "E": -2.898276937403278,
    "F": -3.457892725338701,
    "G": "-inf",
    "H": -3.0524276172305362,
    "I": -3.7455747977904816,
    "K": -2.2792377289970545,
    "L": -3.0524276172305362,
    "M": -3.0524276172305362,
    "N": -1.8484548129046003,
    "P": -4.844187086458591,
    "Q": -3.0524276172305362,
    "R": -2.646962509122372,
    "S": -1.6661332561106457,
    "T": -3.7455747977904816,
    "V": -3.7455747977904816,
    "W": "-inf",
    "Y": -4.844187086458591
  },
  "-8": {
    "A": -0.9729860755507004,
    "C": -3.7455747977904816,
    "D": -3.7455747977904816,
    "E": -2.646962509122372,
    "F": "-inf",
    "G": -2.898276937403278,
    "H": "-inf",
    "I": -2.205129756843333,
    "K": -3.0524276172305362,
    "L": -4.151039905898646,
    "M": "-inf",
    "N": -3.2347491740244907,
    "P": -3.2347491740244907,
    "Q": -4.844187086458591,
    "R": -2.7647455447787554,
    "S": -3.457892725338701,
    "T": -4.151039905898646,
    "V": -3.0524276172305362,
    "W": "-inf",
    "Y": -3.7455747977904816
  },
  "-7": {
    "A": -2.898276937403278,
    "C": "-inf",
    "D": -4.151039905898646,
    "E": -3.7455747977904816,
    "F": -4.844187086458591,
    "G": -2.5416019934645457,
    "H": -2.5416019934645457,
    "I": -3.7455747977904816,
    "K": -2.136136885356381,
    "L": -1.180625440328945,
    "M": "-inf",
    "N": -2.2792377289970545,
    "P": -3.2347491740244907,
    "Q": "-inf",
    "R": -3.457892725338701,
    "S": -4.844187086458591,
    "T": -3.457892725338701,
    "V": -3.0524276172305362,
    "W": -4.844187086458591,
    "Y": -4.151039905898646
  },
  "-6": {
    "A": -3.2347491740244907,
    "C": -3.7455747977904816,
    "D": -3.7455747977904816,
    "E": -4.844187086458591,
    "F": "-inf",
    "G": -1.106517468175223,
    "H": "-inf",
    "I": -4.844187086458591,
    "K": -2.07159836421881,
    "L": -2.646962509122372,
    "M": -4.151039905898646,
    "N": -3.457892725338701,
    "P": -3.457892725338701,
    "Q": -3.7455747977904816,
    "R": -1.5119825762833874,
    "S": "-inf",
    "T": -4.844187086458591,
    "V": -4.844187086458591,
    "W": "-inf",
    "Y": -3.7455747977904816
  },
  "-5": {
    "A": -3.457892725338701,
    "C": -3.457892725338701,
    "D": -3.2347491740244907,
    "E": -4.151039905898646,
    "F": "-inf",
    "G": -1.180625440328945,
    "H": -2.7647455447787554,
    "I": -3.457892725338701,
    "K": -2.898276937403278,
    "L": -2.898276937403278,
    "M": -4.844187086458591,
    "N": -3.0524276172305362,
    "P": -3.2347491740244907,
    "Q": -3.7455747977904816,
    "R": -4.151039905898646,
    "S": -4.151039905898646,
    "T": -4.151039905898646,
    "V": -2.898276937403278,
    "W": -2.7647455447787554,
    "Y": -2.5416019934645457
  },
  "-4": {
    "A": -3.0524276172305362,
    "C": -2.646962509122372,
    "D": -4.151039905898646,
    "E": -3.457892725338701,
    "F": -2.07159836421881,
    "G": -3.7455747977904816,
    "H": -3.457892725338701,
    "I": -2.5416019934645457,
    "K": -4.844187086458591,
    "L": -1.0599974525403302,
    "M": -4.844187086458591,
    "N": "-inf",
    "P": -2.898276937403278,
    "Q": -4.151039905898646,
    "R": -3.7455747977904816,
    "S": -3.457892725338701,
    "T": "-inf",
    "V": -3.7455747977904816,
    "W": -3.7455747977904816,
    "Y": -3.457892725338701
  },
  "-3": {
    "A": -2.5416019934645457,
    "C": -2.7647455447787554,
    "D": -3.457892725338701,
    "E": -3.2347491740244907,
    "F": -2.898276937403278,
    "G": -4.151039905898646,
    "H": "-inf",
    "I": -1.5860905484371093,
    "K": -2.898276937403278,
    "L": -1.8484548129046003,
    "M": -4.151039905898646,
    "N": -4.151039905898646,
    "P": -2.5416019934645457,
    "Q": -4.844187086458591,
    "R": -3.7455747977904816,
    "S": -2.646962509122372,
    "T": -4.151039905898646,
    "V": -3.7455747977904816,
    "W": "-inf",
    "Y": -3.0524276172305362
  },
  "-2": {
    "A": -4.844187086458591,
    "C": -3.0524276172305362,
    "D": -3.7455747977904816,
    "E": -2.646962509122372,
    "F": -2.898276937403278,
    "G": -2.4462918136602205,
    "H": -4.844187086458591,
    "I": -3.0524276172305362,
    "K": -1.2066009267322053,
    "L": -3.457892725338701,
    "M": "-inf",
    "N": -3.7455747977904816,
    "P": -2.646962509122372,
    "Q": -3.457892725338701,
    "R": -3.7455747977904816,
    "S": -2.5416019934645457,
    "T": -4.844187086458591,
    "V": -4.844187086458591,
    "W": -4.844187086458591,
    "Y": -2.646962509122372
  },
  "-1": {
    "A": -3.2347491740244907,
    "C": "-inf",
    "D": -4.151039905898646,
    "E": -3.7455747977904816,
    "F": -3.2347491740244907,
    "G": -2.4462918136602205,
    "H": -4.844187086458591,
    "I": -3.2347491740244907,
    "K": -1.3178265618424299,
    "L": -2.646962509122372,
    "M": -4.844187086458591,
    "N": -3.457892725338701,
    "P": -2.5416019934645457,
    "Q": -3.2347491740244907,
    "R": -2.136136885356381,
    "S": -2.646962509122372,
    "T": -2.898276937403278,
    "V": -4.844187086458591,
    "W": "-inf",
    "Y": "-inf"
  },
  "0": {
    "A": "-inf",
    "C": "-inf",
    "D": "-inf",
    "E": "-inf",
    "F": "-inf",
    "G": "-inf",
    "H": "-inf",
    "I": 0.0,
    "K": "-inf",
    "L": "-inf",
    "M": "-inf",
    "N": "-inf",
    "P": "-inf",
    "Q": "-inf",
    "R": "-inf",
    "S": "-inf",
    "T": "-inf",
    "V": "-inf",
    "W": "-inf",
    "Y": "-inf"
  },
  "+1": {
    "A": "-inf",
    "C": "-inf",
    "D": "-inf",
    "E": "-inf",
    "F": "-inf",
    "G": -0.3333275799417413,
    "H": "-inf",
    "I": "-inf",
    "K": "-inf",
    "L": "-inf",
    "M": "-inf",
    "N": "-inf",
    "P": "-inf",
    "Q": "-inf",
    "R": "-inf",
    "S": "-inf",
    "T": "-inf",
    "V": "-inf",
    "W": "-inf",
    "Y": "-inf"
  },
  "+2": {
    "A": "-inf",
    "C": "-inf",
    "D": "-inf",
    "E": -4.151039905898646,
    "F": "-inf",
    "G": "-inf",
    "H": "-inf",
    "I": "-inf",
    "K": -1.155307632344655,
    "L": "-inf",
    "M": "-inf",
    "N": "-inf",
    "P": "-inf",
    "Q": "-inf",
    "R": -2.5416019934645457,
    "S": "-inf",
    "T": "-inf",
    "V": "-inf",
    "W": "-inf",
    "Y": "-inf"
  },
  "+3": {
    "A": "-inf",
    "C": "-inf",
    "D": "-inf",
    "E": "-inf",
    "F": -4.844187086458591,
    "G": -4.844187086458591,
    "H": "-inf",
    "I": "-inf",
    "K": -3.7455747977904816,
    "L": "-inf",
    "M": "-inf",
    "N": -4.844187086458591,
    "P": "-inf",
    "Q": -3.2347491740244907,
    "R": -1.5860905484371093,
    "S": -4.844187086458591,
    "T": "-inf",
    "V": "-inf",
    "W": "-inf",
    "Y": "-inf"
  },
  "+4": {
    "A": -4.151039905898646,
    "C": "-inf",
    "D": -3.0524276172305362,
    "E": -4.151039905898646,
    "F": -4.844187086458591,
    "G": -3.2347491740244907,
    "H": "-inf",
    "I": -4.844187086458591,
    "K": -4.844187086458591,
    "L": -4.844187086458591,
    "M": "-inf",
    "N": -4.844187086458591,
    "P": "-inf",
    "Q": -4.844187086458591,
    "R": -4.151039905898646,
    "S": -2.7647455447787554,
    "T": "-inf",
    "V": -4.844187086458591,
    "W": -4.151039905898646,
    "Y": -4.844187086458591
  },
  "+5": {
    "A": -3.457892725338701,
    "C": "-inf",
    "D": -4.844187086458591,
    "E": -3.2347491740244907,
    "F": -4.151039905898646,
    "G": -4.151039905898646,
    "H": "-inf",