{
  "-10": {
    "A": -2.7195777062732778,
    "C": -5.855071922202427,
    "D": -3.4127248868332227,
    "E": -1.9430489167742813,
    "F": -5.855071922202427,
    "G": -2.0595827330302328,
    "H": -3.8401689016601623,
    "I": -3.7150057587061562,
    "K": -2.7415566129920528,
    "L": -2.4877760922159533,
    "M": -4.756459633534318,
    "N": -4.602308953707059,
    "P": -2.8346470360580645,
    "Q": -4.756459633534318,
    "R": -3.457176649404057,
    "S": -3.329343277894172,
    "T": -5.449606814094262,
    "V": -3.2901225647408903,
    "W": -6.548219102762372,
    "Y": -4.602308953707059
  },
  "-9": {
    "A": -2.470681658856653,
    "C": -6.548219102762372,
    "D": -4.350994525426153,
    "E": -4.350994525426153,
    "F": -3.909161773147114,
    "G": -2.1537699480899337,
    "H": -3.3701652724144266,
    "I": -3.2160145925871686,
    "K": -2.1915102760727807,
    "L": -2.78701898706881,
    "M": -3.457176649404057,
    "N": -3.603780123595932,
    "P": -4.756459633534318,
    "Q": -5.449606814094262,
    "R": -3.0218585781462113,
    "S": -2.698071501052314,
    "T": -2.7640294688441114,
    "V": -3.329343277894172,
    "W": -5.855071922202427,
    "Y": -5.855071922202427
  },
  "-8": {
    "A": -2.285539225721057,
    "C": -6.548219102762372,
    "D": -2.884657456632726,
    "E": -4.2456340097683265,
    "F": -5.161924741642482,
    "G": -2.470681658856653,
    "H": -4.2456340097683265,
    "I": -2.992871041272959,
    "K": -2.070882288284166,
    "L": -2.698071501052314,
    "M": -5.855071922202427,
    "N": -3.7150057587061562,
    "P": -2.992871041272959,
    "Q": -3.909161773147114,
    "R": -2.7195777062732778,
    "S": -2.3585643607359468,
    "T": -4.150323829964002,
    "V": -2.6361960973342264,
    "W": "-inf",
    "Y": -6.548219102762372
  },
  "-7": {
    "A": -2.2441540095582027,
    "C": -6.548219102762372,
    "D": -3.603780123595932,
    "E": -4.468777561082536,
    "F": -5.449606814094262,
    "G": -1.4183203878392991,
    "H": -2.9647001643062625,
    "I": -3.4127248868332227,
    "K": -3.7150057587061562,
    "L": -2.3585643607359468,
    "M": -5.161924741642482,
    "N": -4.350994525426153,
    "P": -3.2523822367580433,
    "Q": -4.938781190328272,
    "R": -2.3738318328667356,
    "S": -2.698071501052314,
    "T": -3.1809232727758983,
    "V": -2.4877760922159533,
    "W": -6.548219102762372,
    "Y": -5.449606814094262
  },
  "-6": {
    "A": -2.6361960973342264,
    "C": -6.548219102762372,
    "D": -2.271552983746317,
    "E": -3.8401689016601623,
    "F": -3.657847344866208,
    "G": -2.937301190118148,
    "H": -5.161924741642482,
    "I": -3.657847344866208,
    "K": -2.328711397586266,
    "L": -2.656398804651746,
    "M": -1.9838709112945363,
    "N": -3.457176649404057,
    "P": -2.2174857624760413,
    "Q": -3.7150057587061562,
    "R": -2.7415566129920528,
    "S": -2.6770180918544817,
    "T": -3.657847344866208,
    "V": -3.0218585781462113,
    "W": -5.855071922202427,
    "Y": -5.161924741642482
  },
  "-5": {
    "A": -2.5592350561980983,
    "C": "-inf",
    "D": -3.0218585781462113,
    "E": -4.602308953707059,
    "F": -5.161924741642482,
    "G": -2.2577596616139815,
    "H": -5.449606814094262,
    "I": -3.147021721100217,
    "K": -3.2901225647408903,
    "L": -2.5592350561980983,
    "M": -2.9647001643062625,
    "N": -3.909161773147114,
    "P": -2.656398804651746,
    "Q": -3.2523822367580433,
    "R": -3.457176649404057,
    "S": -2.3738318328667356,
    "T": -4.150323829964002,
    "V": -2.596975384180945,
    "W": -1.7279375371573356,
    "Y": -4.150323829964002
  },
  "-4": {
    "A": -2.1915102760727807,
    "C": -3.5524868292083815,
    "D": -5.855071922202427,
    "E": -5.855071922202427,
    "F": -1.3171104859077858,
    "G": -3.603780123595932,
    "H": -4.756459633534318,
    "I": -2.6770180918544817,
    "K": -5.855071922202427,
    "L": -2.2044136809086887,
    "M": -5.855071922202427,
    "N": -2.4877760922159533,
    "P": -4.150323829964002,
    "Q": -4.938781190328272,
    "R": -4.756459633534318,
    "S": -2.5408859175299017,
    "T": -5.161924741642482,
    "V": -3.329343277894172,
    "W": "-inf",
    "Y": -2.0373595962455227
  },
  "-3": {
    "A": -2.117402303919059,
    "C": -5.161924741642482,
    "D": -4.602308953707059,
    "E": "-inf",
    "F": -1.9330985859211132,
    "G": -1.7690956096508432,
    "H": -4.938781190328272,
    "I": -3.657847344866208,
    "K": -2.6163934700380467,
    "L": -2.505167834927822,
    "M": -2.78701898706881,
    "N": -3.4127248868332227,
    "P": -4.938781190328272,
    "Q": -5.449606814094262,
    "R": -4.756459633534318,
    "S": -1.9232462894781013,
    "T": -2.9647001643062625,
    "V": -3.603780123595932,
    "W": -6.548219102762372,
    "Y": -3.909161773147114
  },
  "-2": {
    "A": -3.9832697453008357,
    "C": -5.449606814094262,
    "D": -4.602308953707059,
    "E": -3.2901225647408903,
    "F": -2.285539225721057,
    "G": -2.2577596616139815,
    "H": -4.938781190328272,
    "I": -4.938781190328272,
    "K": -2.453874540540272,
    "L": -1.9735081242589896,
    "M": -5.855071922202427,
    "N": -4.150323829964002,
    "P": -1.2203429339727914,
    "Q": -4.938781190328272,
    "R": -4.938781190328272,
    "S": -2.884657456632726,
    "T": -4.938781190328272,
    "V": -2.470681658856653,
    "W": -6.548219102762372,
    "Y": -4.938781190328272
  },
  "-1": {
    "A": -2.859339648648436,
    "C": -5.855071922202427,
    "D": -4.468777561082536,
    "E": -6.548219102762372,
    "F": -4.938781190328272,
    "G": -1.812020654367877,
    "H": -3.657847344866208,
    "I": -3.909161773147114,
    "K": -2.6770180918544817,
    "L": -2.698071501052314,
    "M": -6.548219102762372,
    "N": -3.603780123595932,
    "P": -6.548219102762372,
    "Q": "-inf",
    "R": -0.7340885709373061,
    "S": -3.7756303805225913,
    "T": -4.938781190328272,
    "V": -4.2456340097683265,
    "W": -6.548219102762372,
    "Y": -3.9832697453008357
  },
  "0": {
    "A": "-inf",
    "C": "-inf",
    "D": "-inf",
    "E": "-inf",
    "F": "-inf",
    "G": "-inf",
    "H": "-inf",
    "I": "-inf",
    "K": "-inf",
    "L": 0.0,
    "M": "-inf",
    "N": "-inf",
    "P": "-inf",
    "Q": "-inf",
    "R": "-inf",
    "S": "-inf",
    "T": "-inf",
    "V": "-inf",
    "W": "-inf",
    "Y": "-inf"
  },
  "+1": {
    "A": "-inf",
    "C": "-inf",
    "D": -5.855071922202427,
    "E": "-inf",
    "F": "-inf",
    "G": -1.0801589616272413,
    "H": "-inf",
    "I": "-inf",
    "K": "-inf",
    "L": "-inf",
    "M": "-inf",
    "N": "-inf",
    "P": "-inf",
    "Q": "-inf",
    "R": "-inf",
    "S": "-inf",
    "T": "-inf",
    "V": "-inf",
    "W": "-inf",
    "Y": "-inf"
  },
  "+2": {
    "A": "-inf",
    "C": "-inf",
    "D": -6.548219102762372,
    "E": -5.161924741642482,
    "F": "-inf",
    "G": "-inf",
    "H": "-inf",
    "I": "-inf",
    "K": -1.524338581916096,
    "L": "-inf",
    "M": "-inf",
    "N": "-inf",
    "P": "-inf",
    "Q": "-inf",
    "R": -2.937301190118148,
    "S": -5.855071922202427,
    "T": "-inf",
    "V": "-inf",
    "W": "-inf",
    "Y": "-inf"
  },
  "+3": {
    "A": -6.548219102762372,
    "C": "-inf",
    "D": -5.161924741642482,
    "E": -4.938781190328272,
    "F": -5.855071922202427,
    "G": -5.449606814094262,
    "H": "-inf",
    "I": "-inf",
    "K": -4.938781190328272,
    "L": "-inf",
    "M": -6.548219102762372,
    "N": "-inf",
    "P": "-inf",
    "Q": -4.468777561082536,
    "R": -1.7119371958108944,
    "S": -4.938781190328272,
    "T": -5.161924741642482,
    "V": "-inf",
    "W": "-inf",
    "Y": "-inf"
  },
  "+4": {
    "A": -4.2456340097683265,
    "C": "-inf",
    "D": -4.350994525426153,
    "E": -4.602308953707059,
    "F": -5.449606814094262,
    "G": -3.457176649404057,
    "H": -6.548219102762372,
    "I": -5.855071922202427,
    "K": -5.855071922202427,
    "L": -3.603780123595932,
    "M": -4.2456340097683265,
    "N": -4.938781190328272,
    "P": -3.5524868292083815,
    "Q": -5.855071922202427,