{
  "-10": {
    "A": -3.8815637979434374,
    "C": -4.574710978503383,
    "D": -3.4760986898352733,
    "E": -4.574710978503383,
    "F": "-inf",
    "G": -3.188416617383492,
    "H": "-inf",
    "I": "-inf",
    "K": -2.176815705705012,
    "L": -2.782951509275328,
    "M": -4.574710978503383,
    "N": -3.8815637979434374,
    "P": -3.188416617383492,
    "Q": -1.9356536488881242,
    "R": -1.316614440481901,
    "S": -3.8815637979434374,
    "T": -3.8815637979434374,
    "V": -4.574710978503383,
    "W": "-inf",
    "Y": "-inf"
  },
  "-9": {
    "A": -2.62880082944807,
    "C": "-inf",
    "D": -2.495269436823547,
    "E": -3.8815637979434374,
    "F": "-inf",
    "G": -1.6302719993369423,
    "H": -2.782951509275328,
    "I": -4.574710978503383,
    "K": -3.4760986898352733,
    "L": "-inf",
    "M": -4.574710978503383,
    "N": -4.574710978503383,
    "P": -1.5301885407799598,
    "Q": -3.4760986898352733,
    "R": -2.9652730660692823,
    "S": -2.62880082944807,
    "T": -3.4760986898352733,
    "V": "-inf",
    "W": "-inf",
    "Y": -3.8815637979434374
  },
  "-8": {
    "A": -3.8815637979434374,
    "C": "-inf",
    "D": -3.188416617383492,
    "E": -2.9652730660692823,
    "F": -4.574710978503383,
    "G": -3.8815637979434374,
    "H": -3.8815637979434374,
    "I": "-inf",
    "K": -1.7414976344471669,
    "L": -2.9652730660692823,
    "M": -3.4760986898352733,
    "N": -1.7414976344471669,
    "P": -2.62880082944807,
    "Q": -2.9652730660692823,
    "R": -2.9652730660692823,
    "S": -2.0898043287153825,
    "T": -3.8815637979434374,
    "V": -3.8815637979434374,
    "W": "-inf",
    "Y": "-inf"
  },
  "-7": {
    "A": -3.8815637979434374,
    "C": "-inf",
    "D": -3.188416617383492,
    "E": -2.9652730660692823,
    "F": -4.574710978503383,
    "G": -2.9652730660692823,
    "H": -1.9356536488881242,
    "I": -3.8815637979434374,
    "K": -2.495269436823547,
    "L": -2.782951509275328,
    "M": -3.4760986898352733,
    "N": -3.8815637979434374,
    "P": -1.483668525145067,
    "Q": -2.3774864011671633,
    "R": -4.574710978503383,
    "S": -2.9652730660692823,
    "T": -2.782951509275328,
    "V": "-inf",
    "W": -4.574710978503383,
    "Y": "-inf"
  },
  "-6": {
    "A": -3.8815637979434374,
    "C": -4.574710978503383,
    "D": -1.3558351536351823,
    "E": -3.188416617383492,
    "F": -4.574710978503383,
    "G": -3.8815637979434374,
    "H": -3.8815637979434374,
    "I": "-inf",
    "K": -2.495269436823547,
    "L": "-inf",
    "M": "-inf",
    "N": -2.62880082944807,
    "P": -2.9652730660692823,
    "Q": -3.188416617383492,
    "R": -3.188416617383492,
    "S": -3.4760986898352733,
    "T": "-inf",
    "V": "-inf",
    "W": -1.396657148155437,
    "Y": -3.188416617383492
  },
  "-5": {
    "A": -1.242506468328179,
    "C": -3.8815637979434374,
    "D": "-inf",
    "E": -2.62880082944807,
    "F": -3.4760986898352733,
    "G": "-inf",
    "H": "-inf",
    "I": -4.574710978503383,
    "K": -2.495269436823547,
    "L": -2.782951509275328,
    "M": "-inf",
    "N": "-inf",
    "P": -2.9652730660692823,
    "Q": -2.3774864011671633,
    "R": -1.8021222562636017,
    "S": -2.495269436823547,
    "T": -4.574710978503383,
    "V": "-inf",
    "W": -4.574710978503383,
    "Y": -4.574710978503383
  },
  "-4": {
    "A": -2.782951509275328,
    "C": "-inf",
    "D": -4.574710978503383,
    "E": "-inf",
    "F": -0.5493592877682337,
    "G": -4.574710978503383,
    "H": "-inf",
    "I": -3.8815637979434374,
    "K": "-inf",
    "L": -3.4760986898352733,
    "M": -3.8815637979434374,
    "N": "-inf",
    "P": "-inf",
    "Q": "-inf",
    "R": -3.8815637979434374,
    "S": "-inf",
    "T": -2.9652730660692823,
    "V": -1.7414976344471669,
    "W": -4.574710978503383,
    "Y": -4.574710978503383
  },
  "-3": {
    "A": -3.188416617383492,
    "C": "-inf",
    "D": -4.574710978503383,
    "E": -4.574710978503383,
    "F": -2.0898043287153825,
    "G": -1.3558351536351823,
    "H": "-inf",
    "I": -2.495269436823547,
    "K": -3.188416617383492,
    "L": -4.574710978503383,
    "M": "-inf",
    "N": "-inf",
    "P": -2.9652730660692823,
    "Q": -4.574710978503383,
    "R": "-inf",
    "S": -4.574710978503383,
    "T": "-inf",
    "V": -2.009761621041846,
    "W": -3.188416617383492,
    "Y": -1.7414976344471669
  },
  "-2": {
    "A": -4.574710978503383,
    "C": "-inf",
    "D": -4.574710978503383,
    "E": "-inf",
    "F": -3.8815637979434374,
    "G": -0.7460695820142879,
    "H": -1.483668525145067,
    "I": -4.574710978503383,
    "K": -3.4760986898352733,
    "L": -4.574710978503383,
    "M": "-inf",
    "N": -3.4760986898352733,
    "P": -1.9356536488881242,
    "Q": "-inf",
    "R": "-inf",
    "S": -3.4760986898352733,
    "T": "-inf",
    "V": "-inf",
    "W": "-inf",
    "Y": "-inf"
  },
  "-1": {
    "A": "-inf",
    "C": "-inf",
    "D": "-inf",
    "E": "-inf",
    "F": -1.9356536488881242,
    "G": -4.574710978503383,
    "H": "-inf",
    "I": -4.574710978503383,
    "K": -3.4760986898352733,
    "L": -0.4315762521118501,
    "M": "-inf",
    "N": -4.574710978503383,
    "P": -3.8815637979434374,
    "Q": "-inf",
    "R": -2.3774864011671633,
    "S": "-inf",
    "T": -4.574710978503383,
    "V": -4.574710978503383,
    "W": -4.574710978503383,
    "Y": "-inf"
  },
  "0": {
    "A": "-inf",
    "C": "-inf",
    "D": "-inf",
    "E": "-inf",
    "F": "-inf",
    "G": "-inf",
    "H": "-inf",
    "I": "-inf",
    "K": "-inf",
    "L": "-inf",
    "M": 0.0,
    "N": "-inf",
    "P": "-inf",
    "Q": "-inf",
    "R": "-inf",
    "S": "-inf",
    "T": "-inf",
    "V": "-inf",
    "W": "-inf",
    "Y": "-inf"
  },
  "+1": {
    "A": "-inf",
    "C": "-inf",
    "D": "-inf",
    "E": "-inf",
    "F": "-inf",
    "G": -0.937124818776997,
    "H": "-inf",
    "I": "-inf",
    "K": "-inf",
    "L": "-inf",
    "M": "-inf",
    "N": "-inf",
    "P": "-inf",
    "Q": "-inf",
    "R": "-inf",
    "S": "-inf",
    "T": "-inf",
    "V": "-inf",
    "W": "-inf",
    "Y": "-inf"
  },
  "+2": {
    "A": "-inf",
    "C": "-inf",
    "D": "-inf",
    "E": "-inf",
    "F": "-inf",
    "G": "-inf",
    "H": "-inf",
    "I": "-inf",
    "K": -1.396657148155437,
    "L": "-inf",
    "M": "-inf",
    "N": "-inf",
    "P": "-inf",
    "Q": "-inf",
    "R": -2.176815705705012,
    "S": "-inf",
    "T": "-inf",
    "V": "-inf",
    "W": "-inf",
    "Y": "-inf"
  },
  "+3": {
    "A": -4.574710978503383,
    "C": "-inf",
    "D": "-inf",
    "E": "-inf",
    "F": "-inf",
    "G": "-inf",
    "H": "-inf",
    "I": "-inf",
    "K": -2.2721258855093374,
    "L": "-inf",
    "M": "-inf",
    "N": "-inf",
    "P": "-inf",
    "Q": "-inf",
    "R": -1.684339220607218,
    "S": -2.9652730660692823,
    "T": "-inf",
    "V": "-inf",
    "W": "-inf",
    "Y": "-inf"
  },
  "+4": {
    "A": -3.4760986898352733,
    "C": "-inf",
    "D": -3.4760986898352733,
    "E": -3.8815637979434374,
    "F": "-inf",
    "G": -4.574710978503383,
    "H": -4.574710978503383,
    "I": "-inf",
    "K": "-inf",
    "L": "-inf",
    "M": "-inf",
    "N": -3.8815637979434374,
    "P": "-inf",
    "Q": -4.574710978503383,
    "R": -3.8815637979434374,
    "S": -2.0898043287153825,
    "T": -4.574710978503383,
    "V": -3.188416617383492,
    "W": "-inf",
    "Y": "-inf"
  },
  "+5": {
    "A": -3.4760986898352733,
    "C": "-inf",
    "D": "-inf",
    "E": -2.62880082944807,
    "F": -4.574710978503383,
    "G": -3.4760986898352733,
    "H": "-inf",
    "I": -3.8815637979434374,
    "K": "-inf",
    "L": -2.782951509275328,
    "M": -4.574710978503383,
    "N": -4.574710978503383,
    "P": -4.574710978503383,
    "Q": -4.574710978503383,
    "R": -4.574710978503383,
    "S": -4.574710978503383,
    "T": -4.574710978503383,
    "V": -3.8815637979434374,
    "W": "-inf",
    "Y": -4.574710978503383
  },
  "+6": {
    "A": -3.4760986898352733,
    "C": "-inf",
    "D": -3.8815637979434374,
    "E": -2.2721258855093374,
    "F": "-inf",
    "G": -2.782951509275328,
    "H": "-inf",