{
  "-10": {
    "A": -1.777773227253315,
    "C": -4.2626798770413155,
    "D": -4.2626798770413155,
    "E": -4.955827057601261,
    "F": -2.390877700139724,
    "G": -1.820332841672111,
    "H": -4.955827057601261,
    "I": -3.3463891451671604,
    "K": -3.3463891451671604,
    "L": -2.247776856499051,
    "M": "-inf",
    "N": -3.857214768933151,
    "P": -4.2626798770413155,
    "Q": -1.777773227253315,
    "R": -3.857214768933151,
    "S": -3.3463891451671604,
    "T": -4.955827057601261,
    "V": -3.56953269648137,
    "W": "-inf",
    "Y": -3.3463891451671604
  },
  "-9": {
    "A": -1.4004789961118471,
    "C": -3.857214768933151,
    "D": "-inf",
    "E": -4.2626798770413155,
    "F": -3.3463891451671604,
    "G": -4.955827057601261,
    "H": -4.2626798770413155,
    "I": "-inf",
    "K": -4.2626798770413155,
    "L": -2.4709204078132605,
    "M": -2.316769727986002,
    "N": -3.857214768933151,
    "P": -3.3463891451671604,
    "Q": -3.3463891451671604,
    "R": -2.7586024802650413,
    "S": -4.955827057601261,
    "T": -1.9600947840472698,
    "V": -1.9600947840472698,
    "W": "-inf",
    "Y": "-inf"
  },
  "-8": {
    "A": -4.955827057601261,
    "C": -4.955827057601261,
    "D": "-inf",
    "E": -3.857214768933151,
    "F": -1.9113046198778378,
    "G": -2.8763855159214247,
    "H": "-inf",
    "I": -4.2626798770413155,
    "K": -1.3449091449570363,
    "L": -3.3463891451671604,
    "M": "-inf",
    "N": -4.2626798770413155,
    "P": -2.1226137135450447,
    "Q": -4.955827057601261,
    "R": -3.3463891451671604,
    "S": -2.065455299705096,
    "T": -4.2626798770413155,
    "V": -2.390877700139724,
    "W": -3.857214768933151,
    "Y": -4.955827057601261
  },
  "-7": {
    "A": -4.2626798770413155,
    "C": -3.3463891451671604,
    "D": -2.4709204078132605,
    "E": -2.316769727986002,
    "F": -3.164067588373206,
    "G": -1.73695123273306,
    "H": -2.8763855159214247,
    "I": -3.164067588373206,
    "K": -2.1832383353614793,
    "L": -4.2626798770413155,
    "M": "-inf",
    "N": -3.857214768933151,
    "P": -3.857214768933151,
    "Q": -2.390877700139724,
    "R": -4.955827057601261,
    "S": "-inf",
    "T": -3.164067588373206,
    "V": -2.653241964607215,
    "W": "-inf",
    "Y": -2.8763855159214247
  },
  "-6": {
    "A": -3.857214768933151,
    "C": -2.55793178480289,
    "D": -4.955827057601261,
    "E": "-inf",
    "F": -2.1832383353614793,
    "G": -4.955827057601261,
    "H": "-inf",
    "I": -4.955827057601261,
    "K": -2.7586024802650413,
    "L": -1.1271856611121658,
    "M": -2.4709204078132605,
    "N": -4.2626798770413155,
    "P": -4.955827057601261,
    "Q": "-inf",
    "R": -3.3463891451671604,
    "S": -4.955827057601261,
    "T": -4.955827057601261,
    "V": -4.955827057601261,
    "W": "-inf",
    "Y": -1.5546296759391054
  },
  "-5": {
    "A": -1.5218398531161146,
    "C": -3.3463891451671604,
    "D": "-inf",
    "E": -3.857214768933151,
    "F": -4.955827057601261,
    "G": -3.857214768933151,
    "H": "-inf",
    "I": -1.3723081191451507,
    "K": -4.2626798770413155,
    "L": -1.9113046198778378,
    "M": "-inf",
    "N": "-inf",
    "P": -4.2626798770413155,
    "Q": -4.955827057601261,
    "R": -4.2626798770413155,
    "S": -1.73695123273306,
    "T": -4.2626798770413155,
    "V": -3.164067588373206,
    "W": "-inf",
    "Y": -4.955827057601261
  },
  "-4": {
    "A": -4.2626798770413155,
    "C": -2.55793178480289,
    "D": -4.955827057601261,
    "E": -2.065455299705096,
    "F": -2.4709204078132605,
    "G": -4.955827057601261,
    "H": -4.955827057601261,
    "I": -3.857214768933151,
    "K": -3.164067588373206,
    "L": -4.955827057601261,
    "M": "-inf",
    "N": -1.9113046198778378,
    "P": -2.01138807843482,
    "Q": -2.653241964607215,
    "R": -2.247776856499051,
    "S": -2.065455299705096,
    "T": -4.955827057601261,
    "V": "-inf",
    "W": -4.955827057601261,
    "Y": "-inf"
  },
  "-3": {
    "A": -2.316769727986002,
    "C": -3.164067588373206,
    "D": -4.2626798770413155,
    "E": -3.857214768933151,
    "F": -3.857214768933151,
    "G": -1.4593194961347804,
    "H": -2.653241964607215,
    "I": "-inf",
    "K": -2.4709204078132605,
    "L": -4.955827057601261,
    "M": "-inf",
    "N": "-inf",
    "P": -4.955827057601261,
    "Q": -4.955827057601261,
    "R": -2.1226137135450447,
    "S": -2.653241964607215,
    "T": -2.55793178480289,
    "V": -2.1226137135450447,
    "W": "-inf",
    "Y": -4.955827057601261
  },
  "-2": {
    "A": -3.164067588373206,
    "C": -3.857214768933151,
    "D": "-inf",
    "E": -4.955827057601261,
    "F": -2.8763855159214247,
    "G": -4.955827057601261,
    "H": "-inf",
    "I": -2.4709204078132605,
    "K": -2.8763855159214247,
    "L": -2.247776856499051,
    "M": -2.316769727986002,
    "N": -2.653241964607215,
    "P": -2.4709204078132605,
    "Q": "-inf",
    "R": -3.857214768933151,
    "S": "-inf",
    "T": -3.857214768933151,
    "V": -4.2626798770413155,
    "W": -1.864784604242945,
    "Y": -1.864784604242945
  },
  "-1": {
    "A": -1.9113046198778378,
    "C": -2.653241964607215,
    "D": -4.2626798770413155,
    "E": -4.955827057601261,
    "F": "-inf",
    "G": -3.857214768933151,
    "H": -4.955827057601261,
    "I": -4.955827057601261,
    "K": -3.857214768933151,
    "L": -2.55793178480289,
    "M": -4.955827057601261,
    "N": -2.7586024802650413,
    "P": -3.56953269648137,
    "Q": "-inf",
    "R": -1.6236225474260568,
    "S": -2.390877700139724,
    "T": -1.9600947840472698,
    "V": -2.390877700139724,
    "W": "-inf",
    "Y": -4.955827057601261
  },
  "0": {
    "A": "-inf",
    "C": "-inf",
    "D": "-inf",
    "E": "-inf",
    "F": "-inf",
    "G": "-inf",
    "H": "-inf",
    "I": "-inf",
    "K": "-inf",
    "L": "-inf",
    "M": "-inf",
    "N": 0.0,
    "P": "-inf",
    "Q": "-inf",
    "R": "-inf",
    "S": "-inf",
    "T": "-inf",
    "V": "-inf",
    "W": "-inf",
    "Y": "-inf"
  },
  "+1": {
    "A": "-inf",
    "C": "-inf",
    "D": "-inf",
    "E": "-inf",
    "F": "-inf",
    "G": -0.6250937173149297,
    "H": "-inf",
    "I": "-inf",
    "K": "-inf",
    "L": "-inf",
    "M": "-inf",
    "N": "-inf",
    "P": "-inf",
    "Q": "-inf",
    "R": "-inf",
    "S": "-inf",
    "T": "-inf",
    "V": "-inf",
    "W": "-inf",
    "Y": "-inf"
  },
  "+2": {
    "A": "-inf",
    "C": "-inf",
    "D": "-inf",
    "E": "-inf",
    "F": "-inf",
    "G": "-inf",
    "H": "-inf",
    "I": "-inf",
    "K": -0.8953840470548413,
    "L": "-inf",
    "M": "-inf",
    "N": "-inf",
    "P": "-inf",
    "Q": "-inf",
    "R": -2.55793178480289,
    "S": "-inf",
    "T": "-inf",
    "V": "-inf",
    "W": "-inf",
    "Y": "-inf"
  },
  "+3": {
    "A": "-inf",
    "C": "-inf",
    "D": "-inf",
    "E": "-inf",
    "F": "-inf",
    "G": "-inf",
    "H": "-inf",
    "I": "-inf",
    "K": -3.857214768933151,
    "L": "-inf",
    "M": -4.955827057601261,
    "N": "-inf",
    "P": "-inf",
    "Q": "-inf",
    "R": -0.9668430110369863,
    "S": "-inf",
    "T": "-inf",
    "V": "-inf",
    "W": "-inf",
    "Y": "-inf"
  },
  "+4": {
    "A": "-inf",
    "C": "-inf",
    "D": -3.857214768933151,
    "E": "-inf",
    "F": "-inf",
    "G": "-inf",
    "H": "-inf",
    "I": "-inf",
    "K": "-inf",
    "L": -4.955827057601261,
    "M": "-inf",
    "N": -4.955827057601261,
    "P": "-inf",
    "Q": "-inf",
    "R": -4.955827057601261,
    "S": -1.864784604242945,
    "T": -1.73695123273306,
    "V": -3.857214768933151,
    "W": "-inf",
    "Y": "-inf"
  },
  "+5": {
    "A": -1.3449091449570363,
    "C": "-inf",
    "D": "-inf",
    "E": "-inf",
    "F": -4.955827057601261,
    "G": -4.955827057601261,
    "H": "-inf",
    "I": -4.2626798770413155,
    "K": -4.955827057601261,
    "L": -4.2626798770413155,
    "M": "-inf",
    "N": -4.955827057601261,
    "P": "-inf",
    "Q": -4.955827057601261,
    "R": "-inf",
    "S": -2.8763855159214247,
    "T": -4.2626798770413155,
    "V": "-inf",
    "W": "-inf",
    "Y": "-inf"
  },