{
  "-10": {
    "A": -2.3191143949452564,
    "C": -3.012261575505202,
    "D": -2.7245795030534206,
    "E": -3.012261575505202,
    "F": -2.031432322493475,
    "G": -1.9136492868370918,
    "H": -3.417726683613366,
    "I": "-inf",
    "K": -2.7245795030534206,
    "L": -4.110873864173311,
    "M": "-inf",
    "N": -4.110873864173311,
    "P": -2.164963715117998,
    "Q": "-inf",
    "R": -3.012261575505202,
    "S": "-inf",
    "T": -4.110873864173311,
    "V": "-inf",
    "W": -3.417726683613366,
    "Y": -3.417726683613366
  },
  "-9": {
    "A": "-inf",
    "C": -3.417726683613366,
    "D": "-inf",
    "E": -4.110873864173311,
    "F": -3.417726683613366,
    "G": -4.110873864173311,
    "H": -3.012261575505202,
    "I": -3.417726683613366,
    "K": -4.110873864173311,
    "L": -1.625967214385311,
    "M": "-inf",
    "N": -3.417726683613366,
    "P": -1.9136492868370918,
    "Q": -4.110873864173311,
    "R": -4.110873864173311,
    "S": -2.501435951739211,
    "T": -2.164963715117998,
    "V": -3.012261575505202,
    "W": -3.417726683613366,
    "Y": -3.012261575505202
  },
  "-8": {
    "A": -2.164963715117998,
    "C": -1.8082887711792657,
    "D": "-inf",
    "E": "-inf",
    "F": -3.417726683613366,
    "G": -2.3191143949452564,
    "H": "-inf",
    "I": -3.012261575505202,
    "K": "-inf",
    "L": -3.012261575505202,
    "M": "-inf",
    "N": -3.012261575505202,
    "P": -3.417726683613366,
    "Q": -3.417726683613366,
    "R": -2.031432322493475,
    "S": -4.110873864173311,
    "T": -3.012261575505202,
    "V": -3.417726683613366,
    "W": -2.7245795030534206,
    "Y": -4.110873864173311
  },
  "-7": {
    "A": -1.9136492868370918,
    "C": -2.501435951739211,
    "D": -4.110873864173311,
    "E": -3.417726683613366,
    "F": -4.110873864173311,
    "G": -2.501435951739211,
    "H": "-inf",
    "I": -3.417726683613366,
    "K": -2.3191143949452564,
    "L": -4.110873864173311,
    "M": -3.417726683613366,
    "N": -4.110873864173311,
    "P": -2.501435951739211,
    "Q": "-inf",
    "R": -3.417726683613366,
    "S": -4.110873864173311,
    "T": -1.5459245067117746,
    "V": -4.110873864173311,
    "W": "-inf",
    "Y": -4.110873864173311
  },
  "-6": {
    "A": -1.8082887711792657,
    "C": -2.164963715117998,
    "D": "-inf",
    "E": "-inf",
    "F": -3.012261575505202,
    "G": -2.7245795030534206,
    "H": "-inf",
    "I": "-inf",
    "K": -3.417726683613366,
    "L": -2.7245795030534206,
    "M": -3.417726683613366,
    "N": -2.031432322493475,
    "P": -3.012261575505202,
    "Q": "-inf",
    "R": -4.110873864173311,
    "S": -3.012261575505202,
    "T": -3.417726683613366,
    "V": -2.7245795030534206,
    "W": -2.7245795030534206,
    "Y": -4.110873864173311
  },
  "-5": {
    "A": -4.110873864173311,
    "C": -1.8082887711792657,
    "D": "-inf",
    "E": "-inf",
    "F": -2.501435951739211,
    "G": -3.417726683613366,
    "H": -3.417726683613366,
    "I": -2.3191143949452564,
    "K": -3.417726683613366,
    "L": "-inf",
    "M": "-inf",
    "N": -1.9136492868370918,
    "P": -2.3191143949452564,
    "Q": -4.110873864173311,
    "R": "-inf",
    "S": -3.417726683613366,
    "T": -2.031432322493475,
    "V": -4.110873864173311,
    "W": "-inf",
    "Y": -3.012261575505202
  },
  "-4": {
    "A": -4.110873864173311,
    "C": -2.164963715117998,
    "D": "-inf",
    "E": "-inf",
    "F": -4.110873864173311,
    "G": -1.33828514193353,
    "H": "-inf",
    "I": -3.417726683613366,
    "K": -4.110873864173311,
    "L": -2.501435951739211,
    "M": "-inf",
    "N": -4.110873864173311,
    "P": -2.031432322493475,
    "Q": "-inf",
    "R": -3.012261575505202,
    "S": -3.012261575505202,
    "T": -4.110873864173311,
    "V": -2.7245795030534206,
    "W": "-inf",
    "Y": -2.501435951739211
  },
  "-3": {
    "A": -1.625967214385311,
    "C": -2.3191143949452564,
    "D": -3.417726683613366,
    "E": -2.7245795030534206,
    "F": -3.012261575505202,
    "G": -4.110873864173311,
    "H": "-inf",
    "I": -3.012261575505202,
    "K": -3.012261575505202,
    "L": -4.110873864173311,
    "M": "-inf",
    "N": "-inf",
    "P": -2.7245795030534206,
    "Q": "-inf",
    "R": -2.7245795030534206,
    "S": -2.3191143949452564,
    "T": -3.417726683613366,
    "V": -3.012261575505202,
    "W": "-inf",
    "Y": -2.7245795030534206
  },
  "-2": {
    "A": -2.501435951739211,
    "C": -2.501435951739211,
    "D": "-inf",
    "E": -3.417726683613366,
    "F": -3.012261575505202,
    "G": -1.33828514193353,
    "H": -3.417726683613366,
    "I": -3.417726683613366,
    "K": -4.110873864173311,
    "L": -3.012261575505202,
    "M": "-inf",
    "N": -3.417726683613366,
    "P": -2.3191143949452564,
    "Q": -3.012261575505202,
    "R": -2.3191143949452564,
    "S": -4.110873864173311,
    "T": "-inf",
    "V": -3.417726683613366,
    "W": -3.417726683613366,
    "Y": "-inf"
  },
  "-1": {
    "A": -3.012261575505202,
    "C": -3.417726683613366,
    "D": "-inf",
    "E": "-inf",
    "F": -2.501435951739211,
    "G": -2.031432322493475,
    "H": -2.501435951739211,
    "I": -3.012261575505202,
    "K": -4.110873864173311,
    "L": -2.7245795030534206,
    "M": "-inf",
    "N": -2.7245795030534206,
    "P": -3.417726683613366,
    "Q": -4.110873864173311,
    "R": -2.164963715117998,
    "S": -2.3191143949452564,
    "T": -2.7245795030534206,
    "V": -2.501435951739211,
    "W": "-inf",
    "Y": -4.110873864173311
  },
  "0": {
    "A": "-inf",
    "C": "-inf",
    "D": "-inf",
    "E": "-inf",
    "F": "-inf",
    "G": "-inf",
    "H": "-inf",
    "I": "-inf",
    "K": "-inf",
    "L": "-inf",
    "M": "-inf",
    "N": "-inf",
    "P": 0.0,
    "Q": "-inf",
    "R": "-inf",
    "S": "-inf",
    "T": "-inf",
    "V": "-inf",
    "W": "-inf",
    "Y": "-inf"
  },
  "+1": {
    "A": "-inf",
    "C": "-inf",
    "D": "-inf",
    "E": "-inf",
    "F": "-inf",
    "G": -0.676886659688165,
    "H": "-inf",
    "I": "-inf",
    "K": "-inf",
    "L": "-inf",
    "M": "-inf",
    "N": "-inf",
    "P": "-inf",
    "Q": "-inf",
    "R": "-inf",
    "S": "-inf",
    "T": "-inf",
    "V": "-inf",
    "W": "-inf",
    "Y": "-inf"
  },
  "+2": {
    "A": "-inf",
    "C": "-inf",
    "D": "-inf",
    "E": -3.012261575505202,
    "F": "-inf",
    "G": "-inf",
    "H": "-inf",
    "I": "-inf",
    "K": -2.031432322493475,
    "L": "-inf",
    "M": "-inf",
    "N": "-inf",
    "P": "-inf",
    "Q": "-inf",
    "R": -1.4718165345580525,
    "S": "-inf",
    "T": "-inf",
    "V": "-inf",
    "W": "-inf",
    "Y": "-inf"
  },
  "+3": {
    "A": "-inf",
    "C": "-inf",
    "D": "-inf",
    "E": -4.110873864173311,
    "F": "-inf",
    "G": "-inf",
    "H": "-inf",
    "I": "-inf",
    "K": -2.7245795030534206,
    "L": "-inf",
    "M": "-inf",
    "N": "-inf",
    "P": "-inf",
    "Q": -3.012261575505202,
    "R": -1.4718165345580525,
    "S": "-inf",
    "T": "-inf",
    "V": "-inf",
    "W": "-inf",
    "Y": "-inf"
  },
  "+4": {
    "A": -2.7245795030534206,
    "C": "-inf",
    "D": "-inf",
    "E": "-inf",
    "F": "-inf",
    "G": "-inf",
    "H": "-inf",
    "I": "-inf",
    "K": "-inf",
    "L": "-inf",
    "M": "-inf",
    "N": -4.110873864173311,
    "P": "-inf",
    "Q": "-inf",
    "R": -2.3191143949452564,
    "S": -4.110873864173311,
    "T": "-inf",
    "V": "-inf",
    "W": "-inf",
    "Y": "-inf"
  },
  "+5": {
    "A": "-inf",
    "C": "-inf",
    "D": -3.012261575505202,
    "E": "-inf",
    "F": "-inf",
    "G": "-inf",
    "H": "-inf",
    "I": -3.417726683613366,
    "K": -3.417726683613366,
    "L": "-inf",
    "M": "-inf",
    "N": "-inf",
    "P": "-inf",
    "Q": -4.110873864173311,
    "R": -3.012261575505202,
    "S": -4.110873864173311,
    "T": "-inf",
    "V": "-inf",
    "W": "-inf",
    "Y": "-inf"
  },
  "+6": {
    "A": -4.110873864173311,
    "C": "-inf",
    "D": -4.110873864173311,
    "E": "-inf",
    "F": "-inf",
    "G": "-inf",
    "H": "-inf",
    "I": "-inf",
    "K": "-inf",
    "L": -3.012261575505202,