{
  "-10": {
    "A": -1.3217558399823195,
    "C": -3.4011973816621555,
    "D": -2.70805020110221,
    "E": -4.0943445622221,
    "F": "-inf",
    "G": -2.4849066497880004,
    "H": "-inf",
    "I": -2.995732273553991,
    "K": -3.4011973816621555,
    "L": -3.4011973816621555,
    "M": -1.8971199848858813,
    "N": -4.0943445622221,
    "P": -3.4011973816621555,
    "Q": "-inf",
    "R": -3.4011973816621555,
    "S": -2.70805020110221,
    "T": -3.4011973816621555,
    "V": -2.4849066497880004,
    "W": "-inf",
    "Y": "-inf"
  },
  "-9": {
    "A": -2.4849066497880004,
    "C": -2.4849066497880004,
    "D": -4.0943445622221,
    "E": -1.6964492894237302,
    "F": "-inf",
    "G": -3.4011973816621555,
    "H": "-inf",
    "I": -2.70805020110221,
    "K": -4.0943445622221,
    "L": -1.0986122886681098,
    "M": "-inf",
    "N": -4.0943445622221,
    "P": -4.0943445622221,
    "Q": -2.3025850929940455,
    "R": -4.0943445622221,
    "S": -3.4011973816621555,
    "T": "-inf",
    "V": "-inf",
    "W": "-inf",
    "Y": "-inf"
  },
  "-8": {
    "A": -3.4011973816621555,
    "C": -4.0943445622221,
    "D": -4.0943445622221,
    "E": "-inf",
    "F": -2.4849066497880004,
    "G": -2.0149030205422647,
    "H": "-inf",
    "I": -4.0943445622221,
    "K": -2.995732273553991,
    "L": -2.70805020110221,
    "M": -2.0149030205422647,
    "N": -1.529395204760564,
    "P": -3.4011973816621555,
    "Q": -3.4011973816621555,
    "R": -4.0943445622221,
    "S": -3.4011973816621555,
    "T": -2.3025850929940455,
    "V": -4.0943445622221,
    "W": "-inf",
    "Y": "-inf"
  },
  "-7": {
    "A": -1.529395204760564,
    "C": -3.4011973816621555,
    "D": -3.4011973816621555,
    "E": -3.4011973816621555,
    "F": -4.0943445622221,
    "G": -2.3025850929940455,
    "H": -4.0943445622221,
    "I": "-inf",
    "K": -4.0943445622221,
    "L": -2.995732273553991,
    "M": -4.0943445622221,
    "N": -4.0943445622221,
    "P": -2.995732273553991,
    "Q": -4.0943445622221,
    "R": -4.0943445622221,
    "S": -3.4011973816621555,
    "T": -2.4849066497880004,
    "V": -1.6964492894237302,
    "W": -4.0943445622221,
    "Y": -2.995732273553991
  },
  "-6": {
    "A": -2.4849066497880004,
    "C": -3.4011973816621555,
    "D": -4.0943445622221,
    "E": -3.4011973816621555,
    "F": -2.70805020110221,
    "G": "-inf",
    "H": "-inf",
    "I": -2.3025850929940455,
    "K": -4.0943445622221,
    "L": -3.4011973816621555,
    "M": -2.995732273553991,
    "N": -1.6094379124341003,
    "P": "-inf",
    "Q": "-inf",
    "R": -3.4011973816621555,
    "S": -4.0943445622221,
    "T": -3.4011973816621555,
    "V": -1.3217558399823195,
    "W": "-inf",
    "Y": -4.0943445622221
  },
  "-5": {
    "A": -2.70805020110221,
    "C": "-inf",
    "D": "-inf",
    "E": "-inf",
    "F": -4.0943445622221,
    "G": -4.0943445622221,
    "H": "-inf",
    "I": -2.995732273553991,
    "K": -2.1484344131667874,
    "L": -1.6964492894237302,
    "M": "-inf",
    "N": -1.8971199848858813,
    "P": -2.70805020110221,
    "Q": "-inf",
    "R": -4.0943445622221,
    "S": -2.995732273553991,
    "T": -1.6964492894237302,
    "V": -4.0943445622221,
    "W": -4.0943445622221,
    "Y": -2.995732273553991
  },
  "-4": {
    "A": -3.4011973816621555,
    "C": -3.4011973816621555,
    "D": -2.0149030205422647,
    "E": -2.70805020110221,
    "F": -4.0943445622221,
    "G": -3.4011973816621555,
    "H": -2.995732273553991,
    "I": -4.0943445622221,
    "K": -1.8971199848858813,
    "L": -1.455287232606842,
    "M": "-inf",
    "N": -4.0943445622221,
    "P": -4.0943445622221,
    "Q": -4.0943445622221,
    "R": -4.0943445622221,
    "S": -2.3025850929940455,
    "T": -4.0943445622221,
    "V": -4.0943445622221,
    "W": -3.4011973816621555,
    "Y": "-inf"
  },
  "-3": {
    "A": -4.0943445622221,
    "C": -2.995732273553991,
    "D": "-inf",
    "E": -3.4011973816621555,
    "F": -4.0943445622221,
    "G": -3.4011973816621555,
    "H": "-inf",
    "I": "-inf",
    "K": -2.4849066497880004,
    "L": -2.3025850929940455,
    "M": -2.0149030205422647,
    "N": -4.0943445622221,
    "P": "-inf",
    "Q": -2.1484344131667874,
    "R": -1.6964492894237302,
    "S": -3.4011973816621555,
    "T": -2.70805020110221,
    "V": -4.0943445622221,
    "W": -3.4011973816621555,
    "Y": -2.70805020110221
  },
  "-2": {
    "A": -2.4849066497880004,
    "C": -2.4849066497880004,
    "D": "-inf",
    "E": -4.0943445622221,
    "F": -4.0943445622221,
    "G": -4.0943445622221,
    "H": -4.0943445622221,
    "I": -2.1484344131667874,
    "K": -1.6964492894237302,
    "L": -2.70805020110221,
    "M": -4.0943445622221,
    "N": -2.995732273553991,
    "P": -3.4011973816621555,
    "Q": -3.4011973816621555,
    "R": -4.0943445622221,
    "S": "-inf",
    "T": -4.0943445622221,
    "V": -1.529395204760564,
    "W": "-inf",
    "Y": -4.0943445622221
  },
  "-1": {
    "A": -4.0943445622221,
    "C": "-inf",
    "D": "-inf",
    "E": "-inf",
    "F": -4.0943445622221,
    "G": -2.0149030205422647,
    "H": "-inf",
    "I": -4.0943445622221,
    "K": -2.3025850929940455,
    "L": -2.4849066497880004,
    "M": -4.0943445622221,
    "N": -1.529395204760564,
    "P": -2.70805020110221,
    "Q": -2.995732273553991,
    "R": -4.0943445622221,
    "S": -2.70805020110221,
    "T": "-inf",
    "V": -1.6964492894237302,
    "W": "-inf",
    "Y": -4.0943445622221
  },
  "0": {
    "A": "-inf",
    "C": "-inf",
    "D": "-inf",
    "E": "-inf",
    "F": "-inf",
    "G": "-inf",
    "H": "-inf",
    "I": "-inf",
    "K": "-inf",
    "L": "-inf",
    "M": "-inf",
    "N": "-inf",
    "P": "-inf",
    "Q": 0.0,
    "R": "-inf",
    "S": "-inf",
    "T": "-inf",
    "V": "-inf",
    "W": "-inf",
    "Y": "-inf"
  },
  "+1": {
    "A": "-inf",
    "C": "-inf",
    "D": "-inf",
    "E": -4.0943445622221,
    "F": "-inf",
    "G": -0.35667494393873245,
    "H": "-inf",
    "I": "-inf",
    "K": -4.0943445622221,
    "L": "-inf",
    "M": "-inf",
    "N": "-inf",
    "P": "-inf",
    "Q": "-inf",
    "R": "-inf",
    "S": "-inf",
    "T": "-inf",
    "V": "-inf",
    "W": "-inf",
    "Y": "-inf"
  },
  "+2": {
    "A": -4.0943445622221,
    "C": "-inf",
    "D": "-inf",
    "E": -1.455287232606842,
    "F": -3.4011973816621555,
    "G": -4.0943445622221,
    "H": "-inf",
    "I": "-inf",
    "K": -2.3025850929940455,
    "L": "-inf",
    "M": "-inf",
    "N": "-inf",
    "P": "-inf",
    "Q": "-inf",
    "R": -1.529395204760564,
    "S": "-inf",
    "T": "-inf",
    "V": "-inf",
    "W": "-inf",
    "Y": "-inf"
  },
  "+3": {
    "A": "-inf",
    "C": "-inf",
    "D": "-inf",
    "E": -1.791759469228055,
    "F": "-inf",
    "G": "-inf",
    "H": "-inf",
    "I": "-inf",
    "K": "-inf",
    "L": -4.0943445622221,
    "M": "-inf",
    "N": "-inf",
    "P": "-inf",
    "Q": -1.3217558399823195,
    "R": -2.70805020110221,
    "S": -4.0943445622221,
    "T": "-inf",
    "V": "-inf",
    "W": "-inf",
    "Y": "-inf"
  },
  "+4": {
    "A": "-inf",
    "C": "-inf",
    "D": -1.791759469228055,
    "E": -4.0943445622221,
    "F": -4.0943445622221,
    "G": "-inf",
    "H": "-inf",
    "I": -4.0943445622221,
    "K": "-inf",
    "L": "-inf",
    "M": "-inf",
    "N": -3.4011973816621555,
    "P": -4.0943445622221,
    "Q": "-inf",
    "R": "-inf",
    "S": "-inf",
    "T": "-inf",
    "V": "-inf",
    "W": "-inf",
    "Y": "-inf"
  },
  "+5": {
    "A": "-inf",
    "C": "-inf",
    "D": "-inf",
    "E": "-inf",
    "F": "-inf",
    "G": -4.0943445622221,
    "H": "-inf",
    "I": -4.0943445622221,
    "K": "-inf",
    "L": "-inf",
    "M": "-inf",
    "N": -4.0943445622221,
    "P": -3.4011973816621555,
    "Q": "-inf",
    "R": "-inf",
    "S": -2.1484344131667874,
    "T": -2.70805020110221,
    "V": "-inf",
    "W": "-inf",
    "Y": "-inf"
  },
  "+6": {
    "A": -3.4011973816621555,
    "C": "-inf",
    "D": "-inf",
    "E": -1.8971199848858813,
    "F": "-inf",
    "G": "-inf",
    "H": "-inf",
    "I": "-inf",
    "K": "-inf",
    "L": "-inf",