{
  "-10": {
    "A": -3.9576335166801986,
    "C": -2.8590212280120886,
    "D": "-inf",
    "E": -4.363098624788362,
    "F": "-inf",
    "G": -3.6699514442284173,
    "H": -3.6699514442284173,
    "I": -3.4468078929142076,
    "K": -1.5597382438818277,
    "L": -3.9576335166801986,
    "M": "-inf",
    "N": -3.9576335166801986,
    "P": -3.6699514442284173,
    "Q": -3.264486336120253,
    "R": -3.1103356562929947,
    "S": -5.056245805348308,
    "T": -5.056245805348308,
    "V": "-inf",
    "W": -4.363098624788362,
    "Y": "-inf"
  },
  "-9": {
    "A": -1.4186596456219223,
    "C": -4.363098624788362,
    "D": -4.363098624788362,
    "E": -3.264486336120253,
    "F": -3.9576335166801986,
    "G": -2.7536607123542622,
    "H": -4.363098624788362,
    "I": "-inf",
    "K": -3.264486336120253,
    "L": -3.6699514442284173,
    "M": "-inf",
    "N": -4.363098624788362,
    "P": -3.6699514442284173,
    "Q": -2.976804263668472,
    "R": -2.011723367624885,
    "S": -3.264486336120253,
    "T": -3.9576335166801986,
    "V": -2.6583505325499375,
    "W": -4.363098624788362,
    "Y": -3.1103356562929947
  },
  "-8": {
    "A": -1.5298852807321466,
    "C": "-inf",
    "D": "-inf",
    "E": "-inf",
    "F": -2.976804263668472,
    "G": -2.4171884757330493,
    "H": -4.363098624788362,
    "I": -3.9576335166801986,
    "K": -3.1103356562929947,
    "L": -5.056245805348308,
    "M": "-inf",
    "N": -4.363098624788362,
    "P": -1.0859538917961862,
    "Q": -5.056245805348308,
    "R": -2.6583505325499375,
    "S": -3.1103356562929947,
    "T": -3.6699514442284173,
    "V": -5.056245805348308,
    "W": "-inf",
    "Y": -4.363098624788362
  },
  "-7": {
    "A": -1.7240412951731041,
    "C": -3.9576335166801986,
    "D": "-inf",
    "E": -5.056245805348308,
    "F": -5.056245805348308,
    "G": -2.571339155560308,
    "H": -4.363098624788362,
    "I": -2.7536607123542622,
    "K": -3.9576335166801986,
    "L": -2.8590212280120886,
    "M": "-inf",
    "N": -3.6699514442284173,
    "P": -1.5905099025485814,
    "Q": -3.6699514442284173,
    "R": -3.264486336120253,
    "S": -1.8373699804801074,
    "T": -3.9576335166801986,
    "V": -2.976804263668472,
    "W": -3.9576335166801986,
    "Y": -4.363098624788362
  },
  "-6": {
    "A": -2.6583505325499375,
    "C": "-inf",
    "D": -3.1103356562929947,
    "E": -5.056245805348308,
    "F": -3.264486336120253,
    "G": -3.264486336120253,
    "H": -5.056245805348308,
    "I": -3.1103356562929947,
    "K": -5.056245805348308,
    "L": -4.363098624788362,
    "M": -1.5597382438818277,
    "N": -2.6583505325499375,
    "P": -2.6583505325499375,
    "Q": -3.9576335166801986,
    "R": -2.976804263668472,
    "S": -1.3926841592186616,
    "T": -3.4468078929142076,
    "V": -3.6699514442284173,
    "W": "-inf",
    "Y": -5.056245805348308
  },
  "-5": {
    "A": -2.8590212280120886,
    "C": -2.7536607123542622,
    "D": "-inf",
    "E": -5.056245805348308,
    "F": "-inf",
    "G": -0.5903376866937243,
    "H": -5.056245805348308,
    "I": -2.8590212280120886,
    "K": -3.1103356562929947,
    "L": -3.9576335166801986,
    "M": -5.056245805348308,
    "N": "-inf",
    "P": -4.363098624788362,
    "Q": -3.6699514442284173,
    "R": -4.363098624788362,
    "S": -3.9576335166801986,
    "T": -3.9576335166801986,
    "V": -3.6699514442284173,
    "W": -3.6699514442284173,
    "Y": -3.1103356562929947
  },
  "-4": {
    "A": -3.264486336120253,
    "C": -5.056245805348308,
    "D": "-inf",
    "E": "-inf",
    "F": -0.48153482684492527,
    "G": -3.9576335166801986,
    "H": -4.363098624788362,
    "I": "-inf",
    "K": -5.056245805348308,
    "L": -2.348195604246098,
    "M": "-inf",
    "N": -5.056245805348308,
    "P": -2.976804263668472,
    "Q": -5.056245805348308,
    "R": "-inf",
    "S": -4.363098624788362,
    "T": -4.363098624788362,
    "V": -5.056245805348308,
    "W": -3.4468078929142076,
    "Y": -2.571339155560308
  },
  "-3": {
    "A": -2.7536607123542622,
    "C": -3.1103356562929947,
    "D": -4.363098624788362,
    "E": "-inf",
    "F": -1.6550484236861527,
    "G": -2.571339155560308,
    "H": -3.9576335166801986,
    "I": -4.363098624788362,
    "K": -4.363098624788362,
    "L": -2.165874047452143,
    "M": -2.7536607123542622,
    "N": -5.056245805348308,
    "P": -5.056245805348308,
    "Q": -1.760408939343979,
    "R": -2.976804263668472,
    "S": -3.6699514442284173,
    "T": -4.363098624788362,
    "V": -2.8590212280120886,
    "W": "-inf",
    "Y": -2.8590212280120886
  },
  "-2": {
    "A": -4.363098624788362,
    "C": -4.363098624788362,
    "D": "-inf",
    "E": -3.9576335166801986,
    "F": -4.363098624788362,
    "G": -0.4611259552137182,
    "H": -5.056245805348308,
    "I": -3.9576335166801986,
    "K": -2.7536607123542622,
    "L": -2.7536607123542622,
    "M": -5.056245805348308,
    "N": "-inf",
    "P": -3.264486336120253,
    "Q": "-inf",
    "R": -3.1103356562929947,
    "S": -4.363098624788362,
    "T": -3.1103356562929947,
    "V": -5.056245805348308,
    "W": -5.056245805348308,
    "Y": "-inf"
  },
  "-1": {
    "A": -2.571339155560308,
    "C": -2.2836570831085266,
    "D": "-inf",
    "E": "-inf",
    "F": -3.4468078929142076,
    "G": -2.8590212280120886,
    "H": "-inf",
    "I": -5.056245805348308,
    "K": -5.056245805348308,
    "L": -4.363098624788362,
    "M": -0.9453719411749968,
    "N": -3.9576335166801986,
    "P": -3.9576335166801986,
    "Q": -4.363098624788362,
    "R": -3.9576335166801986,
    "S": -3.6699514442284173,
    "T": -3.4468078929142076,
    "V": -1.760408939343979,
    "W": "-inf",
    "Y": -3.9576335166801986
  },
  "0": {
    "A": "-inf",
    "C": "-inf",
    "D": "-inf",
    "E": "-inf",
    "F": "-inf",
    "G": "-inf",
    "H": "-inf",
    "I": "-inf",
    "K": "-inf",
    "L": "-inf",
    "M": "-inf",
    "N": "-inf",
    "P": "-inf",
    "Q": "-inf",
    "R": 0.0,
    "S": "-inf",
    "T": "-inf",
    "V": "-inf",
    "W": "-inf",
    "Y": "-inf"
  },
  "+1": {
    "A": -5.056245805348308,
    "C": "-inf",
    "D": "-inf",
    "E": "-inf",
    "F": "-inf",
    "G": -1.030894114613159,
    "H": "-inf",
    "I": "-inf",
    "K": "-inf",
    "L": "-inf",
    "M": "-inf",
    "N": "-inf",
    "P": "-inf",
    "Q": "-inf",
    "R": -4.363098624788362,
    "S": "-inf",
    "T": "-inf",
    "V": "-inf",
    "W": "-inf",
    "Y": "-inf"
  },
  "+2": {
    "A": -5.056245805348308,
    "C": "-inf",
    "D": "-inf",
    "E": "-inf",
    "F": "-inf",
    "G": -5.056245805348308,
    "H": "-inf",
    "I": "-inf",
    "K": -1.3926841592186616,
    "L": -5.056245805348308,
    "M": "-inf",
    "N": "-inf",
    "P": "-inf",
    "Q": "-inf",
    "R": -3.9576335166801986,
    "S": -5.056245805348308,
    "T": "-inf",
    "V": "-inf",
    "W": "-inf",
    "Y": "-inf"
  },
  "+3": {
    "A": -5.056245805348308,
    "C": "-inf",
    "D": "-inf",
    "E": "-inf",
    "F": -5.056245805348308,
    "G": -4.363098624788362,
    "H": "-inf",
    "I": "-inf",
    "K": -1.9652033519899923,
    "L": "-inf",
    "M": "-inf",
    "N": -5.056245805348308,
    "P": "-inf",
    "Q": "-inf",
    "R": -2.4171884757330493,
    "S": "-inf",
    "T": "-inf",
    "V": "-inf",
    "W": "-inf",
    "Y": "-inf"
  },
  "+4": {
    "A": -4.363098624788362,
    "C": "-inf",
    "D": -3.1103356562929947,
    "E": -3.9576335166801986,
    "F": -5.056245805348308,
    "G": -3.6699514442284173,
    "H": "-inf",
    "I": -5.056245805348308,
    "K": -5.056245805348308,
    "L": "-inf",
    "M": "-inf",
    "N": -3.1103356562929947,
    "P": -3.9576335166801986,
    "Q": "-inf",
    "R": -5.056245805348308,
    "S": -3.1103356562929947,
    "T": "-inf",
    "V": -5.056245805348308,
    "W": -4.363098624788362,
    "Y": -5.056245805348308
  },
  "+5": {
    "A": -3.264486336120253,
    "C": "-inf",
    "D": -4.363098624788362,
    "E": -3.6699514442284173,
    "F": -4.363098624788362,
    "G": -5.056245805348308,
    "H": "-inf",
    "I": -3.9576335166801986,
    "K": "-inf",