{
  "-10": {
    "A": -2.6634818816223333,
    "C": -4.312140507209715,
    "D": -3.1489896974040343,
    "E": -3.5236831468454453,
    "F": -3.5236831468454453,
    "G": -1.0852965126923375,
    "H": -3.9756682705885025,
    "I": -3.3566290621822787,
    "K": -2.071430817933757,
    "L": -3.1489896974040343,
    "M": -5.921578419643816,
    "N": -5.2284312390838705,
    "P": -4.1298189504157605,
    "Q": -3.2135282185416054,
    "R": -4.1298189504157605,
    "S": -3.1489896974040343,
    "T": -5.2284312390838705,
    "V": -3.61899332664977,
    "W": "-inf",
    "Y": "-inf"
  },
  "-9": {
    "A": -2.0095554142156695,
    "C": -4.822966130975706,
    "D": -2.5542825896573413,
    "E": -3.2135282185416054,
    "F": -3.61899332664977,
    "G": -3.0883650755875993,
    "H": -4.1298189504157605,
    "I": -5.2284312390838705,
    "K": -3.61899332664977,
    "L": -4.312140507209715,
    "M": -4.1298189504157605,
    "N": -4.312140507209715,
    "P": -4.1298189504157605,
    "Q": -3.8421368779639797,
    "R": -2.28399225991743,
    "S": -1.0932646823415144,
    "T": -4.535284058523925,
    "V": -4.822966130975706,
    "W": "-inf",
    "Y": -5.2284312390838705
  },
  "-8": {
    "A": -2.0095554142156695,
    "C": -5.2284312390838705,
    "D": -4.535284058523925,
    "E": -2.786084203714666,
    "F": -2.8770559819203925,
    "G": -3.7243538423075964,
    "H": "-inf",
    "I": -4.312140507209715,
    "K": -3.61899332664977,
    "L": -3.031206661747651,
    "M": -4.312140507209715,
    "N": -4.822966130975706,
    "P": -4.312140507209715,
    "Q": -2.2326989655298792,
    "R": -5.2284312390838705,
    "S": -0.9728185292656474,
    "T": -4.535284058523925,
    "V": -2.8770559819203925,
    "W": "-inf",
    "Y": -5.2284312390838705
  },
  "-7": {
    "A": -3.61899332664977,
    "C": -5.921578419643816,
    "D": -4.822966130975706,
    "E": -4.535284058523925,
    "F": "-inf",
    "G": -0.664083047616034,
    "H": -3.9756682705885025,
    "I": -5.2284312390838705,
    "K": -4.822966130975706,
    "L": -2.6634818816223333,
    "M": -4.312140507209715,
    "N": -3.8421368779639797,
    "P": -2.395217895027654,
    "Q": -3.7243538423075964,
    "R": -4.312140507209715,
    "S": -2.6634818816223333,
    "T": -5.2284312390838705,
    "V": -4.535284058523925,
    "W": -4.312140507209715,
    "Y": -2.8770559819203925
  },
  "-6": {
    "A": -4.535284058523925,
    "C": -3.9756682705885025,
    "D": -4.822966130975706,
    "E": -4.312140507209715,
    "F": -2.977139440477375,
    "G": -2.071430817933757,
    "H": -5.921578419643816,
    "I": -3.7243538423075964,
    "K": -2.114915929873496,
    "L": -0.9943247344866107,
    "M": -2.28399225991743,
    "N": -4.312140507209715,
    "P": -4.312140507209715,
    "Q": -3.8421368779639797,
    "R": -2.9258461460898246,
    "S": -3.9756682705885025,
    "T": "-inf",
    "V": -4.1298189504157605,
    "W": "-inf",
    "Y": -4.822966130975706
  },
  "-5": {
    "A": -3.1489896974040343,
    "C": -5.921578419643816,
    "D": "-inf",
    "E": -5.921578419643816,
    "F": -2.786084203714666,
    "G": -3.436671769855815,
    "H": "-inf",
    "I": -0.8653326142955075,
    "K": -2.8770559819203925,
    "L": -2.487591215158669,
    "M": "-inf",
    "N": -4.822966130975706,
    "P": -4.1298189504157605,
    "Q": -4.535284058523925,
    "R": -2.029758121533189,
    "S": -3.5236831468454453,
    "T": -4.535284058523925,
    "V": -4.822966130975706,
    "W": -4.822966130975706,
    "Y": -2.5893739094686117
  },
  "-4": {
    "A": -2.5893739094686117,
    "C": -4.1298189504157605,
    "D": -5.2284312390838705,
    "E": -5.921578419643816,
    "F": -4.1298189504157605,
    "G": -3.1489896974040343,
    "H": -5.921578419643816,
    "I": -3.2135282185416054,
    "K": -4.822966130975706,
    "L": -3.282521090028557,
    "M": "-inf",
    "N": -3.9756682705885025,
    "P": -1.194190600931475,
    "Q": -4.535284058523925,
    "R": "-inf",
    "S": -1.2581393255317483,
    "T": -4.822966130975706,
    "V": -2.5542825896573413,
    "W": -3.1489896974040343,
    "Y": -4.822966130975706
  },
  "-3": {
    "A": -3.3566290621822787,
    "C": -4.535284058523925,
    "D": -3.7243538423075964,
    "E": -5.921578419643816,
    "F": -1.2771875205024428,
    "G": -3.61899332664977,
    "H": -2.4250708581773353,
    "I": -4.822966130975706,
    "K": -3.9756682705885025,
    "L": -2.977139440477375,
    "M": -1.5148591723795624,
    "N": -4.1298189504157605,
    "P": -3.5236831468454453,
    "Q": -4.1298189504157605,
    "R": -2.310660506999591,
    "S": -4.312140507209715,
    "T": "-inf",
    "V": -2.9258461460898246,
    "W": "-inf",
    "Y": -4.822966130975706
  },
  "-2": {
    "A": -3.61899332664977,
    "C": -5.2284312390838705,
    "D": -4.1298189504157605,
    "E": -2.8305359662855,
    "F": -4.535284058523925,
    "G": -3.031206661747651,
    "H": "-inf",
    "I": -4.822966130975706,
    "K": -3.5236831468454453,
    "L": -5.921578419643816,
    "M": -5.2284312390838705,
    "N": -4.1298189504157605,
    "P": -0.65888823073893,
    "Q": -2.0095554142156695,
    "R": -4.312140507209715,
    "S": -2.455842516844089,
    "T": -4.312140507209715,
    "V": -5.921578419643816,
    "W": -5.921578419643816,
    "Y": -5.921578419643816
  },
  "-1": {
    "A": -3.7243538423075964,
    "C": -5.2284312390838705,
    "D": "-inf",
    "E": -4.312140507209715,
    "F": -1.5271292649713768,
    "G": -4.822966130975706,
    "H": -4.1298189504157605,
    "I": -4.1298189504157605,
    "K": -3.8421368779639797,
    "L": -3.5236831468454453,
    "M": -3.2135282185416054,
    "N": -4.822966130975706,
    "P": -3.8421368779639797,
    "Q": -5.921578419643816,
    "R": -0.6333113889492803,
    "S": -4.535284058523925,
    "T": -3.61899332664977,
    "V": -5.921578419643816,
    "W": -5.2284312390838705,
    "Y": "-inf"
  },
  "0": {
    "A": "-inf",
    "C": "-inf",
    "D": "-inf",
    "E": "-inf",
    "F": "-inf",
    "G": "-inf",
    "H": "-inf",
    "I": "-inf",
    "K": "-inf",
    "L": "-inf",
    "M": "-inf",
    "N": "-inf",
    "P": "-inf",
    "Q": "-inf",
    "R": "-inf",
    "S": "-inf",
    "T": "-inf",
    "V": 0.0,
    "W": "-inf",
    "Y": "-inf"
  },
  "+1": {
    "A": "-inf",
    "C": "-inf",
    "D": "-inf",
    "E": "-inf",
    "F": "-inf",
    "G": -1.117557374910559,
    "H": "-inf",
    "I": "-inf",
    "K": "-inf",
    "L": "-inf",
    "M": "-inf",
    "N": "-inf",
    "P": "-inf",
    "Q": "-inf",
    "R": "-inf",
    "S": "-inf",
    "T": "-inf",
    "V": "-inf",
    "W": "-inf",
    "Y": "-inf"
  },
  "+2": {
    "A": "-inf",
    "C": "-inf",
    "D": "-inf",
    "E": -4.822966130975706,
    "F": "-inf",
    "G": "-inf",
    "H": "-inf",
    "I": "-inf",
    "K": -1.3164082336557241,
    "L": "-inf",
    "M": "-inf",
    "N": "-inf",
    "P": "-inf",
    "Q": "-inf",
    "R": -3.436671769855815,
    "S": "-inf",
    "T": "-inf",
    "V": "-inf",
    "W": "-inf",
    "Y": "-inf"
  },
  "+3": {
    "A": -5.921578419643816,
    "C": "-inf",
    "D": -5.921578419643816,
    "E": "-inf",
    "F": "-inf",
    "G": -4.822966130975706,
    "H": "-inf",
    "I": "-inf",
    "K": -3.9756682705885025,
    "L": "-inf",
    "M": "-inf",
    "N": "-inf",
    "P": "-inf",
    "Q": -4.822966130975706,
    "R": -1.5148591723795624,
    "S": -5.921578419643816,
    "T": "-inf",
    "V": "-inf",
    "W": -5.921578419643816,
    "Y": "-inf"
  },
  "+4": {
    "A": -3.7243538423075964,
    "C": "-inf",
    "D": -3.5236831468454453,
    "E": -2.9258461460898246,
    "F": "-inf",
    "G": -3.8421368779639797,
    "H": "-inf",
    "I": -5.921578419643816,
    "K": -5.921578419643816,
    "L": "-inf",
    "M": -5.921578419643816,
    "N": -5.2284312390838705,
    "P": -3.7243538423075964,
    "Q": -4.1298189504157605,
    "R": -4.535284058523925,
    "S": -3.5236831468454453,
    "T": -4.822966130975706,
    "V": -3.8421368779639797,
    "W": "-inf",
    "Y": "-inf"
  },
  "+5": {
    "A": -4.1298189504157605,
    "C": "-inf",
    "D": -4.312140507209715,