{
  "-10": {
    "A": -2.5552874465498,
    "C": -4.634728988229636,
    "D": "-inf",
    "E": -3.248434627109745,
    "F": -4.634728988229636,
    "G": -4.634728988229636,
    "H": "-inf",
    "I": "-inf",
    "K": -2.6888188391743224,
    "L": -3.536116699561526,
    "M": "-inf",
    "N": "-inf",
    "P": -3.248434627109745,
    "Q": "-inf",
    "R": -2.4375044108934163,
    "S": -2.842969519001581,
    "T": -4.634728988229636,
    "V": -3.9415818076696905,
    "W": "-inf",
    "Y": -3.9415818076696905
  },
  "-9": {
    "A": -3.536116699561526,
    "C": -4.634728988229636,
    "D": -4.634728988229636,
    "E": -3.536116699561526,
    "F": -4.634728988229636,
    "G": "-inf",
    "H": "-inf",
    "I": -3.536116699561526,
    "K": -3.248434627109745,
    "L": -3.9415818076696905,
    "M": "-inf",
    "N": -3.9415818076696905,
    "P": -2.5552874465498,
    "Q": -3.536116699561526,
    "R": -2.5552874465498,
    "S": -3.536116699561526,
    "T": -3.9415818076696905,
    "V": -3.536116699561526,
    "W": -4.634728988229636,
    "Y": -4.634728988229636
  },
  "-8": {
    "A": -1.8621402659898547,
    "C": -3.9415818076696905,
    "D": -4.634728988229636,
    "E": -3.9415818076696905,
    "F": "-inf",
    "G": -2.4375044108934163,
    "H": "-inf",
    "I": "-inf",
    "K": -3.536116699561526,
    "L": -3.9415818076696905,
    "M": "-inf",
    "N": -3.9415818076696905,
    "P": "-inf",
    "Q": -3.536116699561526,
    "R": -3.9415818076696905,
    "S": -3.536116699561526,
    "T": -3.9415818076696905,
    "V": -3.9415818076696905,
    "W": -4.634728988229636,
    "Y": "-inf"
  },
  "-7": {
    "A": -3.248434627109745,
    "C": -4.634728988229636,
    "D": -3.9415818076696905,
    "E": -4.634728988229636,
    "F": "-inf",
    "G": "-inf",
    "H": "-inf",
    "I": -3.9415818076696905,
    "K": -3.536116699561526,
    "L": -3.9415818076696905,
    "M": "-inf",
    "N": "-inf",
    "P": -4.634728988229636,
    "Q": -0.6457449416653614,
    "R": -3.0252910757955354,
    "S": "-inf",
    "T": "-inf",
    "V": -4.634728988229636,
    "W": -1.499234772300486,
    "Y": "-inf"
  },
  "-6": {
    "A": -3.9415818076696905,
    "C": -3.9415818076696905,
    "D": -3.248434627109745,
    "E": -3.536116699561526,
    "F": "-inf",
    "G": -2.842969519001581,
    "H": -4.634728988229636,
    "I": "-inf",
    "K": -2.842969519001581,
    "L": -1.45667515788169,
    "M": "-inf",
    "N": -3.0252910757955354,
    "P": -3.9415818076696905,
    "Q": -2.5552874465498,
    "R": -4.634728988229636,
    "S": -4.634728988229636,
    "T": -4.634728988229636,
    "V": -1.1689930854299093,
    "W": -3.248434627109745,
    "Y": "-inf"
  },
  "-5": {
    "A": -4.634728988229636,
    "C": -3.9415818076696905,
    "D": -2.842969519001581,
    "E": "-inf",
    "F": "-inf",
    "G": "-inf",
    "H": "-inf",
    "I": -4.634728988229636,
    "K": -1.54368653487132,
    "L": -3.536116699561526,
    "M": -4.634728988229636,
    "N": -0.7429086901190092,
    "P": -3.536116699561526,
    "Q": "-inf",
    "R": -3.536116699561526,
    "S": -3.9415818076696905,
    "T": -2.5552874465498,
    "V": "-inf",
    "W": -4.634728988229636,
    "Y": "-inf"
  },
  "-4": {
    "A": -3.9415818076696905,
    "C": -4.634728988229636,
    "D": "-inf",
    "E": -3.9415818076696905,
    "F": -0.6834852696482084,
    "G": -4.634728988229636,
    "H": "-inf",
    "I": -3.536116699561526,
    "K": -4.634728988229636,
    "L": -2.236833715431265,
    "M": -3.9415818076696905,
    "N": "-inf",
    "P": "-inf",
    "Q": -3.248434627109745,
    "R": -1.8621402659898547,
    "S": -3.9415818076696905,
    "T": "-inf",
    "V": "-inf",
    "W": "-inf",
    "Y": -3.0252910757955354
  },
  "-3": {
    "A": -2.4375044108934163,
    "C": -4.634728988229636,
    "D": "-inf",
    "E": -4.634728988229636,
    "F": "-inf",
    "G": -3.536116699561526,
    "H": -3.248434627109745,
    "I": -4.634728988229636,
    "K": -3.536116699561526,
    "L": -4.634728988229636,
    "M": -3.536116699561526,
    "N": -2.4375044108934163,
    "P": "-inf",
    "Q": -4.634728988229636,
    "R": -2.236833715431265,
    "S": -0.9711673420999893,
    "T": -1.9266787871274258,
    "V": -4.634728988229636,
    "W": "-inf",
    "Y": "-inf"
  },
  "-2": {
    "A": -3.9415818076696905,
    "C": "-inf",
    "D": -3.248434627109745,
    "E": "-inf",
    "F": -4.634728988229636,
    "G": -2.5552874465498,
    "H": "-inf",
    "I": -3.9415818076696905,
    "K": "-inf",
    "L": -3.0252910757955354,
    "M": "-inf",
    "N": "-inf",
    "P": -0.475845904869964,
    "Q": "-inf",
    "R": -4.634728988229636,
    "S": -2.33214389523559,
    "T": -3.248434627109745,
    "V": -4.634728988229636,
    "W": "-inf",
    "Y": "-inf"
  },
  "-1": {
    "A": -2.5552874465498,
    "C": "-inf",
    "D": -2.5552874465498,
    "E": -4.634728988229636,
    "F": "-inf",
    "G": -0.99714282850325,
    "H": "-inf",
    "I": -4.634728988229636,
    "K": "-inf",
    "L": -3.536116699561526,
    "M": -3.9415818076696905,
    "N": -1.3766324502081537,
    "P": -4.634728988229636,
    "Q": "-inf",
    "R": -2.6888188391743224,
    "S": -3.536116699561526,
    "T": -4.634728988229636,
    "V": -3.536116699561526,
    "W": -4.634728988229636,
    "Y": "-inf"
  },
  "0": {
    "A": "-inf",
    "C": "-inf",
    "D": "-inf",
    "E": "-inf",
    "F": "-inf",
    "G": "-inf",
    "H": "-inf",
    "I": "-inf",
    "K": "-inf",
    "L": "-inf",
    "M": "-inf",
    "N": "-inf",
    "P": "-inf",
    "Q": "-inf",
    "R": "-inf",
    "S": "-inf",
    "T": "-inf",
    "V": "-inf",
    "W": 0.0,
    "Y": "-inf"
  },
  "+1": {
    "A": "-inf",
    "C": "-inf",
    "D": "-inf",
    "E": "-inf",
    "F": "-inf",
    "G": -0.8060875917405407,
    "H": "-inf",
    "I": "-inf",
    "K": "-inf",
    "L": "-inf",
    "M": "-inf",
    "N": "-inf",
    "P": "-inf",
    "Q": "-inf",
    "R": "-inf",
    "S": "-inf",
    "T": "-inf",
    "V": "-inf",
    "W": "-inf",
    "Y": "-inf"
  },
  "+2": {
    "A": "-inf",
    "C": "-inf",
    "D": "-inf",
    "E": "-inf",
    "F": "-inf",
    "G": "-inf",
    "H": "-inf",
    "I": "-inf",
    "K": -1.1083684636134743,
    "L": "-inf",
    "M": "-inf",
    "N": "-inf",
    "P": "-inf",
    "Q": "-inf",
    "R": -2.236833715431265,
    "S": "-inf",
    "T": "-inf",
    "V": "-inf",
    "W": "-inf",
    "Y": "-inf"
  },
  "+3": {
    "A": "-inf",
    "C": "-inf",
    "D": "-inf",
    "E": "-inf",
    "F": "-inf",
    "G": "-inf",
    "H": "-inf",
    "I": "-inf",
    "K": "-inf",
    "L": "-inf",
    "M": "-inf",
    "N": "-inf",
    "P": "-inf",
    "Q": "-inf",
    "R": -1.0512100497735257,
    "S": -3.248434627109745,
    "T": "-inf",
    "V": "-inf",
    "W": "-inf",
    "Y": "-inf"
  },
  "+4": {
    "A": -2.4375044108934163,
    "C": "-inf",
    "D": -3.9415818076696905,
    "E": -4.634728988229636,
    "F": -4.634728988229636,
    "G": -3.0252910757955354,
    "H": "-inf",
    "I": "-inf",
    "K": "-inf",
    "L": "-inf",
    "M": "-inf",
    "N": -4.634728988229636,
    "P": -4.634728988229636,
    "Q": "-inf",
    "R": -4.634728988229636,
    "S": -2.069779630768099,
    "T": -3.9415818076696905,
    "V": -4.634728988229636,
    "W": "-inf",
    "Y": -3.536116699561526
  },
  "+5": {
    "A": -2.842969519001581,
    "C": "-inf",
    "D": -3.9415818076696905,
    "E": "-inf",
    "F": -4.634728988229636,
    "G": -3.536116699561526,
    "H": "-inf",
    "I": "-inf",
    "K": "-inf",
    "L": -3.9415818076696905,
    "M": "-inf",
    "N": "-inf",
    "P": -2.4375044108934163,
    "Q": -3.248434627109745,
    "R": "-inf",
    "S": -3.248434627109745,
    "T": "-inf",
    "V": -3.536116699561526,
    "W": -2.842969519001581,
    "Y": "-inf"
  },
  "+6": {
    "A": -3.536116699561526,
    "C": "-inf",
    "D": -3.248434627109745,
    "E": -3.9415818076696905,
    "F": -4.634728988229636,
    "G": -2.33214389523559,
    "H": "-inf",
    "I": "-inf",
    "K": -3.9415818076696905,
    "L": -3.9415818076696905,
    "M": -4.634728988229636,