{
  "-10": {
    "A": -2.9311937524164198,
    "C": -2.9311937524164198,
    "D": -3.624340932976365,
    "E": "-inf",
    "F": -4.31748811353631,
    "G": -2.70805020110221,
    "H": -1.0986122886681098,
    "I": "-inf",
    "K": -3.624340932976365,
    "L": -3.2188758248682006,
    "M": -4.31748811353631,
    "N": -3.2188758248682006,
    "P": -3.2188758248682006,
    "Q": -3.624340932976365,
    "R": -1.7525387560747736,
    "S": -3.624340932976365,
    "T": "-inf",
    "V": -4.31748811353631,
    "W": -4.31748811353631,
    "Y": -4.31748811353631
  },
  "-9": {
    "A": -3.624340932976365,
    "C": -2.70805020110221,
    "D": "-inf",
    "E": -3.624340932976365,
    "F": -4.31748811353631,
    "G": -2.5257286443082556,
    "H": "-inf",
    "I": -3.2188758248682006,
    "K": -3.624340932976365,
    "L": -3.2188758248682006,
    "M": -4.31748811353631,
    "N": -4.31748811353631,
    "P": -3.2188758248682006,
    "Q": -3.624340932976365,
    "R": -3.624340932976365,
    "S": -2.9311937524164198,
    "T": "-inf",
    "V": -3.624340932976365,
    "W": "-inf",
    "Y": -0.7621400520468967
  },
  "-8": {
    "A": -2.9311937524164198,
    "C": -2.9311937524164198,
    "D": -4.31748811353631,
    "E": -4.31748811353631,
    "F": -4.31748811353631,
    "G": -2.9311937524164198,
    "H": -4.31748811353631,
    "I": -0.9501922835498364,
    "K": -3.2188758248682006,
    "L": -2.371577964480997,
    "M": -3.624340932976365,
    "N": -4.31748811353631,
    "P": -3.2188758248682006,
    "Q": "-inf",
    "R": -2.9311937524164198,
    "S": -2.9311937524164198,
    "T": -4.31748811353631,
    "V": -4.31748811353631,
    "W": "-inf",
    "Y": -3.2188758248682006
  },
  "-7": {
    "A": -2.5257286443082556,
    "C": "-inf",
    "D": -4.31748811353631,
    "E": -4.31748811353631,
    "F": "-inf",
    "G": -3.624340932976365,
    "H": -3.624340932976365,
    "I": -3.2188758248682006,
    "K": -3.2188758248682006,
    "L": -3.2188758248682006,
    "M": -4.31748811353631,
    "N": -0.6539264674066639,
    "P": "-inf",
    "Q": "-inf",
    "R": -2.70805020110221,
    "S": -3.2188758248682006,
    "T": -2.9311937524164198,
    "V": -4.31748811353631,
    "W": -4.31748811353631,
    "Y": "-inf"
  },
  "-6": {
    "A": -3.624340932976365,
    "C": -4.31748811353631,
    "D": "-inf",
    "E": -4.31748811353631,
    "F": -2.5257286443082556,
    "G": -4.31748811353631,
    "H": "-inf",
    "I": -2.9311937524164198,
    "K": -2.9311937524164198,
    "L": -1.0216512475319814,
    "M": -2.2380465718564744,
    "N": -2.9311937524164198,
    "P": -2.9311937524164198,
    "Q": -3.624340932976365,
    "R": -2.70805020110221,
    "S": -3.2188758248682006,
    "T": -4.31748811353631,
    "V": -4.31748811353631,
    "W": "-inf",
    "Y": -4.31748811353631
  },
  "-5": {
    "A": -2.70805020110221,
    "C": -2.70805020110221,
    "D": -3.2188758248682006,
    "E": "-inf",
    "F": -3.2188758248682006,
    "G": -3.2188758248682006,
    "H": "-inf",
    "I": -1.2264456601779945,
    "K": -4.31748811353631,
    "L": -2.120263536200091,
    "M": "-inf",
    "N": "-inf",
    "P": -2.70805020110221,
    "Q": -4.31748811353631,
    "R": -3.2188758248682006,
    "S": -3.624340932976365,
    "T": -4.31748811353631,
    "V": -2.0149030205422647,
    "W": "-inf",
    "Y": -3.624340932976365
  },
  "-4": {
    "A": -4.31748811353631,
    "C": -3.624340932976365,
    "D": -4.31748811353631,
    "E": "-inf",
    "F": -4.31748811353631,
    "G": -2.70805020110221,
    "H": "-inf",
    "I": -3.2188758248682006,
    "K": -3.2188758248682006,
    "L": -2.70805020110221,
    "M": "-inf",
    "N": -4.31748811353631,
    "P": -3.2188758248682006,
    "Q": -3.624340932976365,
    "R": -3.2188758248682006,
    "S": -2.70805020110221,
    "T": -0.7339691750802004,
    "V": -3.2188758248682006,
    "W": "-inf",
    "Y": -4.31748811353631
  },
  "-3": {
    "A": -3.624340932976365,
    "C": -2.9311937524164198,
    "D": "-inf",
    "E": -4.31748811353631,
    "F": -3.624340932976365,
    "G": -2.5257286443082556,
    "H": "-inf",
    "I": "-inf",
    "K": -3.624340932976365,
    "L": -2.9311937524164198,
    "M": -3.624340932976365,
    "N": -3.624340932976365,
    "P": -2.2380465718564744,
    "Q": -4.31748811353631,
    "R": -0.7339691750802004,
    "S": -3.2188758248682006,
    "T": "-inf",
    "V": -4.31748811353631,
    "W": "-inf",
    "Y": -4.31748811353631
  },
  "-2": {
    "A": "-inf",
    "C": -3.624340932976365,
    "D": -4.31748811353631,
    "E": -4.31748811353631,
    "F": "-inf",
    "G": -3.624340932976365,
    "H": -3.2188758248682006,
    "I": -4.31748811353631,
    "K": -4.31748811353631,
    "L": -4.31748811353631,
    "M": -3.2188758248682006,
    "N": -3.624340932976365,
    "P": -1.6094379124341003,
    "Q": -0.916290731874155,
    "R": -2.70805020110221,
    "S": -3.2188758248682006,
    "T": "-inf",
    "V": -4.31748811353631,
    "W": -3.624340932976365,
    "Y": -3.624340932976365
  },
  "-1": {
    "A": "-inf",
    "C": -2.2380465718564744,
    "D": -4.31748811353631,
    "E": "-inf",
    "F": "-inf",
    "G": -2.5257286443082556,
    "H": "-inf",
    "I": -4.31748811353631,
    "K": -4.31748811353631,
    "L": -4.31748811353631,
    "M": "-inf",
    "N": "-inf",
    "P": -3.2188758248682006,
    "Q": "-inf",
    "R": -0.4673405118262518,
    "S": -3.624340932976365,
    "T": -3.2188758248682006,
    "V": -4.31748811353631,
    "W": "-inf",
    "Y": -4.31748811353631
  },
  "0": {
    "A": "-inf",
    "C": "-inf",
    "D": "-inf",
    "E": "-inf",
    "F": "-inf",
    "G": "-inf",
    "H": "-inf",
    "I": "-inf",
    "K": "-inf",
    "L": "-inf",
    "M": "-inf",
    "N": "-inf",
    "P": "-inf",
    "Q": "-inf",
    "R": "-inf",
    "S": "-inf",
    "T": "-inf",
    "V": "-inf",
    "W": "-inf",
    "Y": 0.0
  },
  "+1": {
    "A": "-inf",
    "C": "-inf",
    "D": "-inf",
    "E": "-inf",
    "F": "-inf",
    "G": -0.7339691750802004,
    "H": "-inf",
    "I": "-inf",
    "K": "-inf",
    "L": "-inf",
    "M": "-inf",
    "N": "-inf",
    "P": "-inf",
    "Q": "-inf",
    "R": "-inf",
    "S": "-inf",
    "T": "-inf",
    "V": "-inf",
    "W": "-inf",
    "Y": "-inf"
  },
  "+2": {
    "A": "-inf",
    "C": "-inf",
    "D": "-inf",
    "E": "-inf",
    "F": "-inf",
    "G": "-inf",
    "H": "-inf",
    "I": "-inf",
    "K": -1.3730491343698699,
    "L": "-inf",
    "M": "-inf",
    "N": "-inf",
    "P": "-inf",
    "Q": "-inf",
    "R": -1.7525387560747736,
    "S": "-inf",
    "T": "-inf",
    "V": "-inf",
    "W": "-inf",
    "Y": "-inf"
  },
  "+3": {
    "A": -4.31748811353631,
    "C": "-inf",
    "D": -3.624340932976365,
    "E": "-inf",
    "F": "-inf",
    "G": -4.31748811353631,
    "H": "-inf",
    "I": "-inf",
    "K": -4.31748811353631,
    "L": "-inf",
    "M": "-inf",
    "N": "-inf",
    "P": "-inf",
    "Q": "-inf",
    "R": -1.2729656758128873,
    "S": -2.9311937524164198,
    "T": -4.31748811353631,
    "V": "-inf",
    "W": "-inf",
    "Y": "-inf"
  },
  "+4": {
    "A": -4.31748811353631,
    "C": "-inf",
    "D": -2.9311937524164198,
    "E": "-inf",
    "F": "-inf",
    "G": -4.31748811353631,
    "H": "-inf",
    "I": -4.31748811353631,
    "K": "-inf",
    "L": -4.31748811353631,
    "M": "-inf",
    "N": -2.9311937524164198,
    "P": -4.31748811353631,
    "Q": -4.31748811353631,
    "R": -3.2188758248682006,
    "S": -2.2380465718564744,
    "T": -3.624340932976365,
    "V": -3.624340932976365,
    "W": "-inf",
    "Y": -4.31748811353631
  },
  "+5": {
    "A": -3.2188758248682006,
    "C": "-inf",
    "D": -4.31748811353631,
    "E": "-inf",
    "F": "-inf",
    "G": -2.9311937524164198,
    "H": "-inf",
    "I": "-inf",
    "K": -4.31748811353631,
    "L": -2.9311937524164198,
    "M": "-inf",
    "N": -3.624340932976365,
    "P": -4.31748811353631,
    "Q": "-inf",
    "R": -2.5257286443082556,
    "S": -2.70805020110221,
    "T": -4.31748811353631,
    "V": -3.624340932976365,
    "W": "-inf",
    "Y": "-inf"
  },