{
  "-10": {
    "A": -4.0,
    "C": -5.481126689736616,
    "D": -4.486144764503241,
    "E": -3.906217853679383,
    "F": -4.623145694609044,
    "G": -3.799302649762871,
    "H": -5.89616418901546,
    "I": -4.393663848486277,
    "K": -3.9857157739937525,
    "L": -3.3268711445601875,
    "M": -5.606657571820475,
    "N": -4.978626349207433,
    "P": -4.47612600867825,
    "Q": -4.843696769121324,
    "R": -4.183446141095931,
    "S": -4.224786936476831,
    "T": -4.047425346192736,
    "V": -3.8308727287637407,
    "W": -6.36564947231668,
    "Y": -5.302323536947851
  },
  "-9": {
    "A": -3.9436925590980456,
    "C": -5.451379346342565,
    "D": -4.491180354400539,
    "E": -4.108019870923691,
    "F": -4.431883170716767,
    "G": -3.8245032038880136,
    "H": -5.606657571820475,
    "I": -4.320134813064311,
    "K": -3.738162354948967,
    "L": -3.463699617978432,
    "M": -5.41264695185385,
    "N": -4.65669825432007,
    "P": -4.374927285904691,
    "Q": -4.786865546524648,
    "R": -4.119670230662616,
    "S": -4.0035932647240084,
    "T": -4.47612600867825,
    "V": -3.9892735934069417,
    "W": -6.696855380792053,
    "Y": -5.532110618455421
  },
  "-8": {
    "A": -3.8533901653251688,
    "C": -5.250172254896745,
    "D": -4.466176348270645,
    "E": -4.167235913914672,
    "F": -4.818161677014187,
    "G": -3.8533901653251688,
    "H": -5.422233000683048,
    "I": -4.35184367279165,
    "K": -3.978626349207433,
    "L": -3.427050016980824,
    "M": -5.441598325549979,
    "N": -4.856635824828823,
    "P": -4.356430942287302,
    "Q": -4.818161677014187,
    "R": -4.025342848114463,
    "S": -3.866416845621408,
    "T": -4.220599139513397,
    "V": -4.0,
    "W": -6.276012259832004,
    "Y": -5.241660755041226
  },
  "-7": {
    "A": -3.6968553807920537,
    "C": -5.119670230662616,
    "D": -4.54252723440076,
    "E": -4.155196664291758,
    "F": -4.756233927870985,
    "G": -3.7114724768642358,
    "H": -6.096462839501291,
    "I": -4.634243403492374,
    "K": -3.8372704999618916,
    "L": -3.320134813064312,
    "M": -5.74416109557041,
    "N": -4.950611973037836,
    "P": -4.441598325549979,
    "Q": -4.818161677014187,
    "R": -3.8404800564377815,
    "S": -4.2081081953302,
    "T": -4.084997653007837,
    "V": -3.9506119730378364,
    "W": -6.441598325549979,
    "Y": -5.233199176293031
  },
  "-6": {
    "A": -3.996415662650961,
    "C": -5.143257050980233,
    "D": -4.431883170716767,
    "E": -3.978626349207433,
    "F": -4.756233927870985,
    "G": -3.8245032038880136,
    "H": -5.89616418901546,
    "I": -4.293499686560845,
    "K": -3.9857157739937525,
    "L": -3.4811266897366164,
    "M": -5.595769255677739,
    "N": -4.668058116484619,
    "P": -4.280364284371711,
    "Q": -4.574236094128097,
    "R": -3.882867366402002,
    "S": -3.8533901653251688,
    "T": -4.441598325549979,
    "V": -4.018056494035971,
    "W": -6.127489735121916,
    "Y": -5.293499686560845
  },
  "-5": {
    "A": -3.8055616402345533,
    "C": -5.0,
    "D": -4.511500338780135,
    "E": -4.021695071099319,
    "F": -4.623145694609044,
    "G": -3.7232737290965865,
    "H": -6.096462839501291,
    "I": -4.171271427149829,
    "K": -4.032666188920322,
    "L": -3.3449900017505874,
    "M": -5.628683878150474,
    "N": -4.679508137228157,
    "P": -4.601203141728367,
    "Q": -5.0,
    "R": -4.127489735121916,
    "S": -3.996415662650961,
    "T": -4.36103284424631,
    "V": -3.6910497591108475,
    "W": -5.89616418901546,
    "Y": -5.320134813064311
  },
  "-4": {
    "A": -4.0035932647240084,
    "C": -4.714413752176358,
    "D": -4.793070696051356,
    "E": -4.41264695185385,
    "F": -4.139299037411549,
    "G": -3.82132895609287,
    "H": -5.584962500721156,
    "I": -4.167235913914672,
    "K": -4.179376476786884,
    "L": -3.149214506276632,
    "M": -5.241660755041226,
    "N": -4.786865546524648,
    "P": -4.6910497591108475,
    "Q": -4.916342070953091,
    "R": -4.131415438335716,
    "S": -3.863149131787497,
    "T": -4.159198594849254,
    "V": -3.7532062351734172,
    "W": -6.563588849928589,
    "Y": -5.384265150484027
  },
  "-3": {
    "A": -3.738162354948967,
    "C": -4.702684459594251,
    "D": -4.617628689641478,
    "E": -4.241660755041226,
    "F": -4.47612600867825,
    "G": -3.8276844511326935,
    "H": -5.856635824828823,
    "I": -4.115776314558126,
    "K": -4.245910228042585,
    "L": -3.286917036170877,
    "M": -5.403124177735343,
    "N": -4.6910497591108475,
    "P": -4.407877707705977,
    "Q": -4.936806173512806,
    "R": -4.187527317907748,
    "S": -4.0035932647240084,
    "T": -4.084997653007837,
    "V": -3.7532062351734172,
    "W": -6.127489735121916,
    "Y": -5.167235913914672
  },
  "-2": {
    "A": -3.6259121289004206,
    "C": -4.824503203888013,
    "D": -4.799302649762871,
    "E": -4.39838625872868,
    "F": -4.451379346342565,
    "G": -3.6737717676790123,
    "H": -5.805561640234553,
    "I": -4.347270943001826,
    "K": -4.108019870923691,
    "L": -3.159198594849254,
    "M": -5.374927285904691,
    "N": -4.799302649762871,
    "P": -4.139299037411549,
    "Q": -4.74416109557041,
    "R": -3.9715715916734826,
    "S": -3.9095847047777816,
    "T": -4.329123596291566,
    "V": -4.051138848991801,
    "W": -6.191620072541632,
    "Y": -5.088809266957856
  },
  "-1": {
    "A": -3.818161677014187,
    "C": -3.8729745616435705,
    "D": -4.720314353616042,
    "E": -4.651051691178929,
    "F": -4.191620072541632,
    "G": -3.584962500721156,
    "H": -5.491180354400539,
    "I": -4.191620072541632,
    "K": -4.9928402084271335,
    "L": -3.02717020116547,
    "M": -5.685267406516842,
    "N": -4.708537185839689,
    "P": -4.07362286314318,
    "Q": -4.929952502471743,
    "R": -5.1998405793466,
    "S": -3.620384554931987,
    "T": -4.379588663274554,
    "V": -3.8795622216783303,
    "W": -6.191620072541632,
    "Y": -5.267347398704876
  },
  "0": {
    "A": "-inf",
    "C": 0.0,
    "D": "-inf",
    "E": "-inf",
    "F": "-inf",
    "G": "-inf",
    "H": "-inf",
    "I": "-inf",
    "K": "-inf",
    "L": "-inf",
    "M": "-inf",
    "N": "-inf",
    "P": "-inf",
    "Q": "-inf",
    "R": "-inf",
    "S": "-inf",
    "T": "-inf",
    "V": "-inf",
    "W": "-inf",
    "Y": "-inf"
  },
  "+1": {
    "A": -4.1753182602125305,
    "C": -3.886180100442838,
    "D": -4.708537185839689,
    "E": -4.623145694609044,
    "F": -4.324622204056626,
    "G": -3.53730952512974,
    "H": -5.606657571820475,
    "I": -4.2081081953302,
    "K": -4.333639077414059,
    "L": -3.1814098739394123,
    "M": -6.347270943001826,
    "N": -4.824503203888013,
    "P": -4.054861935034518,
    "Q": -4.374927285904691,
    "R": -4.284729476933113,
    "S": -3.6910497591108475,
    "T": -4.2630344058337934,
    "V": -4.2122598386006675,
    "W": -6.584962500721156,
    "Y": -5.403124177735343
  },
  "+2": {
    "A": -4.0,
    "C": -4.74416109557041,
    "D": -4.634243403492374,
    "E": -4.38895684580875,
    "F": -4.850151791258624,
    "G": -3.6259121289004206,
    "H": -5.74416109557041,
    "I": -4.374927285904691,
    "K": -4.036341847063721,
    "L": -3.2673473987048762,
    "M": -6.1753182602125305,
    "N": -5.066089190457772,
    "P": -4.293499686560845,
    "Q": -4.5477638827669065,
    "R": -3.6012031417283668,
    "S": -3.5795893286223044,
    "T": -4.451379346342565,
    "V": -3.8245032038880136,
    "W": -6.051138848991801,
    "Y": -5.347270943001826
  },
  "+3": {
    "A": -3.9197326601538647,
    "C": -4.496233582126824,
    "D": -4.521768674233962,
    "E": -4.311201688294304,
    "F": -4.64542714198505,
    "G": -3.7471698454427482,
    "H": -5.9928402084271335,
    "I": -4.289107917443687,
    "K": -4.043721377429318,
    "L": -3.2651892905374678,
    "M": -6.051138848991801,
    "N": -4.47612600867825,
    "P": -4.127489735121916,
    "Q": -4.64542714198505,
    "R": -3.9575647336796034,
    "S": -3.882867366402002,
    "T": -4.167235913914672,
    "V": -3.96455116399571,
    "W": -6.673771767679012,