{
  "-10": {
    "A": 0.10480349344978165,
    "C": 0.0,
    "D": 0.017467248908296942,
    "E": 0.14847161572052403,
    "F": 0.034934497816593885,
    "G": 0.048034934497816595,
    "H": 0.017467248908296942,
    "I": 0.048034934497816595,
    "K": 0.039301310043668124,
    "L": 0.10480349344978165,
    "M": 0.013100436681222707,
    "N": 0.008733624454148471,
    "P": 0.13537117903930132,
    "Q": 0.026200873362445413,
    "R": 0.08733624454148471,
    "S": 0.056768558951965066,
    "T": 0.017467248908296942,
    "V": 0.043668122270742356,
    "W": 0.004366812227074236,
    "Y": 0.008733624454148471
  },
  "-9": {
    "A": 0.1091703056768559,
    "C": 0.017467248908296942,
    "D": 0.09170305676855896,
    "E": 0.021834061135371178,
    "F": 0.008733624454148471,
    "G": 0.026200873362445413,
    "H": 0.004366812227074236,
    "I": 0.008733624454148471,
    "K": 0.13100436681222707,
    "L": 0.039301310043668124,
    "M": 0.017467248908296942,
    "N": 0.021834061135371178,
    "P": 0.20087336244541484,
    "Q": 0.043668122270742356,
    "R": 0.10480349344978165,
    "S": 0.021834061135371178,
    "T": 0.048034934497816595,
    "V": 0.05240174672489083,
    "W": 0.0,
    "Y": 0.004366812227074236
  },
  "-8": {
    "A": 0.08733624454148471,
    "C": 0.008733624454148471,
    "D": 0.0,
    "E": 0.026200873362445413,
    "F": 0.004366812227074236,
    "G": 0.5851528384279476,
    "H": 0.004366812227074236,
    "I": 0.017467248908296942,
    "K": 0.056768558951965066,
    "L": 0.03056768558951965,
    "M": 0.004366812227074236,
    "N": 0.017467248908296942,
    "P": 0.017467248908296942,
    "Q": 0.008733624454148471,
    "R": 0.017467248908296942,
    "S": 0.056768558951965066,
    "T": 0.013100436681222707,
    "V": 0.013100436681222707,
    "W": 0.0,
    "Y": 0.008733624454148471
  },
  "-7": {
    "A": 0.07423580786026202,
    "C": 0.004366812227074236,
    "D": 0.034934497816593885,
    "E": 0.09170305676855896,
    "F": 0.08296943231441048,
    "G": 0.0611353711790393,
    "H": 0.008733624454148471,
    "I": 0.021834061135371178,
    "K": 0.07423580786026202,
    "L": 0.048034934497816595,
    "M": 0.043668122270742356,
    "N": 0.013100436681222707,
    "P": 0.11353711790393013,
    "Q": 0.017467248908296942,
    "R": 0.07860262008733625,
    "S": 0.06986899563318777,
    "T": 0.08296943231441048,
    "V": 0.021834061135371178,
    "W": 0.004366812227074236,
    "Y": 0.026200873362445413
  },
  "-6": {
    "A": 0.1222707423580786,
    "C": 0.004366812227074236,
    "D": 0.07423580786026202,
    "E": 0.043668122270742356,
    "F": 0.0,
    "G": 0.048034934497816595,
    "H": 0.004366812227074236,
    "I": 0.008733624454148471,
    "K": 0.08296943231441048,
    "L": 0.026200873362445413,
    "M": 0.017467248908296942,
    "N": 0.034934497816593885,
    "P": 0.21397379912663755,
    "Q": 0.039301310043668124,
    "R": 0.1091703056768559,
    "S": 0.043668122270742356,
    "T": 0.048034934497816595,
    "V": 0.043668122270742356,
    "W": 0.004366812227074236,
    "Y": 0.008733624454148471
  },
  "-5": {
    "A": 0.06550218340611354,
    "C": 0.013100436681222707,
    "D": 0.008733624454148471,
    "E": 0.008733624454148471,
    "F": 0.013100436681222707,
    "G": 0.6069868995633187,
    "H": 0.013100436681222707,
    "I": 0.026200873362445413,
    "K": 0.034934497816593885,
    "L": 0.017467248908296942,
    "M": 0.017467248908296942,
    "N": 0.013100436681222707,
    "P": 0.013100436681222707,
    "Q": 0.004366812227074236,
    "R": 0.026200873362445413,
    "S": 0.021834061135371178,
    "T": 0.048034934497816595,
    "V": 0.03056768558951965,
    "W": 0.0,
    "Y": 0.013100436681222707
  },
  "-4": {
    "A": 0.13100436681222707,
    "C": 0.0,
    "D": 0.021834061135371178,
    "E": 0.06986899563318777,
    "F": 0.021834061135371178,
    "G": 0.034934497816593885,
    "H": 0.004366812227074236,
    "I": 0.05240174672489083,
    "K": 0.09170305676855896,
    "L": 0.12663755458515283,
    "M": 0.017467248908296942,
    "N": 0.008733624454148471,
    "P": 0.15283842794759825,
    "Q": 0.034934497816593885,
    "R": 0.056768558951965066,
    "S": 0.039301310043668124,
    "T": 0.07423580786026202,
    "V": 0.039301310043668124,
    "W": 0.004366812227074236,
    "Y": 0.017467248908296942
  },
  "-3": {
    "A": 0.1615720524017467,
    "C": 0.004366812227074236,
    "D": 0.03056768558951965,
    "E": 0.048034934497816595,
    "F": 0.013100436681222707,
    "G": 0.05240174672489083,
    "H": 0.013100436681222707,
    "I": 0.017467248908296942,
    "K": 0.10480349344978165,
    "L": 0.05240174672489083,
    "M": 0.013100436681222707,
    "N": 0.013100436681222707,
    "P": 0.24017467248908297,
    "Q": 0.056768558951965066,
    "R": 0.06550218340611354,
    "S": 0.039301310043668124,
    "T": 0.026200873362445413,
    "V": 0.026200873362445413,
    "W": 0.004366812227074236,
    "Y": 0.017467248908296942
  },
  "-2": {
    "A": 0.0611353711790393,
    "C": 0.004366812227074236,
    "D": 0.008733624454148471,
    "E": 0.008733624454148471,
    "F": 0.0,
    "G": 0.6157205240174672,
    "H": 0.013100436681222707,
    "I": 0.021834061135371178,
    "K": 0.034934497816593885,
    "L": 0.043668122270742356,
    "M": 0.013100436681222707,
    "N": 0.026200873362445413,
    "P": 0.021834061135371178,
    "Q": 0.021834061135371178,
    "R": 0.017467248908296942,
    "S": 0.008733624454148471,
    "T": 0.004366812227074236,
    "V": 0.043668122270742356,
    "W": 0.0,
    "Y": 0.03056768558951965
  },
  "-1": {
    "A": 0.10043668122270742,
    "C": 0.004366812227074236,
    "D": 0.026200873362445413,
    "E": 0.11353711790393013,
    "F": 0.021834061135371178,
    "G": 0.039301310043668124,
    "H": 0.004366812227074236,
    "I": 0.05240174672489083,
    "K": 0.039301310043668124,
    "L": 0.056768558951965066,
    "M": 0.048034934497816595,
    "N": 0.039301310043668124,
    "P": 0.19213973799126638,
    "Q": 0.021834061135371178,
    "R": 0.05240174672489083,
    "S": 0.05240174672489083,
    "T": 0.0611353711790393,
    "V": 0.0611353711790393,
    "W": 0.004366812227074236,
    "Y": 0.008733624454148471
  },
  "0": {
    "A": 0.0,
    "C": 0.0,
    "D": 0.0,
    "E": 0.0,
    "F": 0.0,
    "G": 0.0,
    "H": 0.0,
    "I": 0.0,
    "K": 1.0,
    "L": 0.0,
    "M": 0.0,
    "N": 0.0,
    "P": 0.0,
    "Q": 0.0,
    "R": 0.0,
    "S": 0.0,
    "T": 0.0,
    "V": 0.0,
    "W": 0.0,
    "Y": 0.0
  },
  "+1": {
    "A": 0.07860262008733625,
    "C": 0.0,
    "D": 0.008733624454148471,
    "E": 0.017467248908296942,
    "F": 0.004366812227074236,
    "G": 0.6331877729257642,
    "H": 0.013100436681222707,
    "I": 0.0,
    "K": 0.056768558951965066,
    "L": 0.013100436681222707,
    "M": 0.0,
    "N": 0.008733624454148471,
    "P": 0.013100436681222707,
    "Q": 0.021834061135371178,
    "R": 0.034934497816593885,
    "S": 0.056768558951965066,
    "T": 0.013100436681222707,
    "V": 0.008733624454148471,
    "W": 0.0,
    "Y": 0.013100436681222707
  },
  "+2": {
    "A": 0.13537117903930132,
    "C": 0.004366812227074236,
    "D": 0.10480349344978165,
    "E": 0.2052401746724891,
    "F": 0.008733624454148471,
    "G": 0.048034934497816595,
    "H": 0.06550218340611354,
    "I": 0.021834061135371178,
    "K": 0.017467248908296942,
    "L": 0.039301310043668124,
    "M": 0.004366812227074236,
    "N": 0.03056768558951965,
    "P": 0.07860262008733625,
    "Q": 0.034934497816593885,
    "R": 0.034934497816593885,
    "S": 0.043668122270742356,
    "T": 0.06550218340611354,
    "V": 0.034934497816593885,
    "W": 0.004366812227074236,
    "Y": 0.013100436681222707
  },
  "+3": {
    "A": 0.09606986899563319,
    "C": 0.008733624454148471,
    "D": 0.017467248908296942,
    "E": 0.017467248908296942,
    "F": 0.004366812227074236,
    "G": 0.07860262008733625,
    "H": 0.008733624454148471,
    "I": 0.026200873362445413,
    "K": 0.11790393013100436,
    "L": 0.048034934497816595,
    "M": 0.008733624454148471,
    "N": 0.021834061135371178,