{
  "-10": {
    "A": 0.06976744186046512,
    "C": 0.0,
    "D": 0.046511627906976744,
    "E": 0.16279069767441862,
    "F": 0.0,
    "G": 0.023255813953488372,
    "H": 0.046511627906976744,
    "I": 0.023255813953488372,
    "K": 0.16279069767441862,
    "L": 0.046511627906976744,
    "M": 0.023255813953488372,
    "N": 0.023255813953488372,
    "P": 0.11627906976744186,
    "Q": 0.023255813953488372,
    "R": 0.11627906976744186,
    "S": 0.023255813953488372,
    "T": 0.023255813953488372,
    "V": 0.06976744186046512,
    "W": 0.0,
    "Y": 0.0
  },
  "-9": {
    "A": 0.023255813953488372,
    "C": 0.0,
    "D": 0.06976744186046512,
    "E": 0.09302325581395349,
    "F": 0.046511627906976744,
    "G": 0.0,
    "H": 0.023255813953488372,
    "I": 0.023255813953488372,
    "K": 0.06976744186046512,
    "L": 0.27906976744186046,
    "M": 0.023255813953488372,
    "N": 0.046511627906976744,
    "P": 0.023255813953488372,
    "Q": 0.046511627906976744,
    "R": 0.046511627906976744,
    "S": 0.06976744186046512,
    "T": 0.023255813953488372,
    "V": 0.046511627906976744,
    "W": 0.0,
    "Y": 0.046511627906976744
  },
  "-8": {
    "A": 0.023255813953488372,
    "C": 0.0,
    "D": 0.0,
    "E": 0.0,
    "F": 0.0,
    "G": 0.023255813953488372,
    "H": 0.0,
    "I": 0.023255813953488372,
    "K": 0.046511627906976744,
    "L": 0.6744186046511628,
    "M": 0.0,
    "N": 0.06976744186046512,
    "P": 0.023255813953488372,
    "Q": 0.0,
    "R": 0.0,
    "S": 0.023255813953488372,
    "T": 0.0,
    "V": 0.09302325581395349,
    "W": 0.0,
    "Y": 0.0
  },
  "-7": {
    "A": 0.0,
    "C": 0.06976744186046512,
    "D": 0.0,
    "E": 0.0,
    "F": 0.0,
    "G": 0.023255813953488372,
    "H": 0.0,
    "I": 0.06976744186046512,
    "K": 0.0,
    "L": 0.46511627906976744,
    "M": 0.0,
    "N": 0.0,
    "P": 0.06976744186046512,
    "Q": 0.046511627906976744,
    "R": 0.0,
    "S": 0.0,
    "T": 0.046511627906976744,
    "V": 0.20930232558139536,
    "W": 0.0,
    "Y": 0.0
  },
  "-6": {
    "A": 0.046511627906976744,
    "C": 0.16279069767441862,
    "D": 0.046511627906976744,
    "E": 0.09302325581395349,
    "F": 0.0,
    "G": 0.046511627906976744,
    "H": 0.023255813953488372,
    "I": 0.0,
    "K": 0.16279069767441862,
    "L": 0.023255813953488372,
    "M": 0.0,
    "N": 0.09302325581395349,
    "P": 0.0,
    "Q": 0.13953488372093023,
    "R": 0.023255813953488372,
    "S": 0.09302325581395349,
    "T": 0.0,
    "V": 0.046511627906976744,
    "W": 0.0,
    "Y": 0.0
  },
  "-5": {
    "A": 0.18604651162790697,
    "C": 0.023255813953488372,
    "D": 0.023255813953488372,
    "E": 0.023255813953488372,
    "F": 0.0,
    "G": 0.023255813953488372,
    "H": 0.16279069767441862,
    "I": 0.0,
    "K": 0.023255813953488372,
    "L": 0.023255813953488372,
    "M": 0.0,
    "N": 0.09302325581395349,
    "P": 0.023255813953488372,
    "Q": 0.023255813953488372,
    "R": 0.06976744186046512,
    "S": 0.09302325581395349,
    "T": 0.06976744186046512,
    "V": 0.0,
    "W": 0.0,
    "Y": 0.13953488372093023
  },
  "-4": {
    "A": 0.023255813953488372,
    "C": 0.0,
    "D": 0.046511627906976744,
    "E": 0.023255813953488372,
    "F": 0.0,
    "G": 0.4883720930232558,
    "H": 0.09302325581395349,
    "I": 0.0,
    "K": 0.023255813953488372,
    "L": 0.0,
    "M": 0.0,
    "N": 0.06976744186046512,
    "P": 0.046511627906976744,
    "Q": 0.11627906976744186,
    "R": 0.0,
    "S": 0.046511627906976744,
    "T": 0.0,
    "V": 0.023255813953488372,
    "W": 0.0,
    "Y": 0.0
  },
  "-3": {
    "A": 0.5581395348837209,
    "C": 0.046511627906976744,
    "D": 0.023255813953488372,
    "E": 0.0,
    "F": 0.023255813953488372,
    "G": 0.046511627906976744,
    "H": 0.023255813953488372,
    "I": 0.046511627906976744,
    "K": 0.0,
    "L": 0.06976744186046512,
    "M": 0.0,
    "N": 0.0,
    "P": 0.0,
    "Q": 0.046511627906976744,
    "R": 0.023255813953488372,
    "S": 0.0,
    "T": 0.0,
    "V": 0.046511627906976744,
    "W": 0.0,
    "Y": 0.046511627906976744
  },
  "-2": {
    "A": 0.0,
    "C": 0.2558139534883721,
    "D": 0.27906976744186046,
    "E": 0.06976744186046512,
    "F": 0.0,
    "G": 0.0,
    "H": 0.0,
    "I": 0.0,
    "K": 0.046511627906976744,
    "L": 0.0,
    "M": 0.0,
    "N": 0.18604651162790697,
    "P": 0.0,
    "Q": 0.0,
    "R": 0.0,
    "S": 0.13953488372093023,
    "T": 0.0,
    "V": 0.023255813953488372,
    "W": 0.0,
    "Y": 0.0
  },
  "-1": {
    "A": 0.06976744186046512,
    "C": 0.0,
    "D": 0.0,
    "E": 0.023255813953488372,
    "F": 0.0,
    "G": 0.023255813953488372,
    "H": 0.046511627906976744,
    "I": 0.06976744186046512,
    "K": 0.023255813953488372,
    "L": 0.0,
    "M": 0.0,
    "N": 0.023255813953488372,
    "P": 0.046511627906976744,
    "Q": 0.0,
    "R": 0.023255813953488372,
    "S": 0.0,
    "T": 0.0,
    "V": 0.6511627906976745,
    "W": 0.0,
    "Y": 0.0
  },
  "0": {
    "A": 0.0,
    "C": 0.0,
    "D": 0.0,
    "E": 0.0,
    "F": 0.0,
    "G": 0.0,
    "H": 0.0,
    "I": 0.0,
    "K": 0.0,
    "L": 0.0,
    "M": 0.0,
    "N": 1.0,
    "P": 0.0,
    "Q": 0.0,
    "R": 0.0,
    "S": 0.0,
    "T": 0.0,
    "V": 0.0,
    "W": 0.0,
    "Y": 0.0
  },
  "+1": {
    "A": 0.37209302325581395,
    "C": 0.06976744186046512,
    "D": 0.0,
    "E": 0.023255813953488372,
    "F": 0.046511627906976744,
    "G": 0.0,
    "H": 0.0,
    "I": 0.09302325581395349,
    "K": 0.023255813953488372,
    "L": 0.023255813953488372,
    "M": 0.0,
    "N": 0.0,
    "P": 0.0,
    "Q": 0.023255813953488372,
    "R": 0.023255813953488372,
    "S": 0.0,
    "T": 0.09302325581395349,
    "V": 0.11627906976744186,
    "W": 0.0,
    "Y": 0.09302325581395349
  },
  "+2": {
    "A": 0.046511627906976744,
    "C": 0.0,
    "D": 0.0,
    "E": 0.046511627906976744,
    "F": 0.0,
    "G": 0.023255813953488372,
    "H": 0.023255813953488372,
    "I": 0.023255813953488372,
    "K": 0.06976744186046512,
    "L": 0.046511627906976744,
    "M": 0.023255813953488372,
    "N": 0.023255813953488372,
    "P": 0.16279069767441862,
    "Q": 0.20930232558139536,
    "R": 0.06976744186046512,
    "S": 0.023255813953488372,
    "T": 0.06976744186046512,
    "V": 0.13953488372093023,
    "W": 0.0,
    "Y": 0.0
  },
  "+3": {
    "A": 0.046511627906976744,
    "C": 0.0,
    "D": 0.32558139534883723,
    "E": 0.046511627906976744,
    "F": 0.0,
    "G": 0.23255813953488372,
    "H": 0.0,
    "I": 0.023255813953488372,
    "K": 0.0,
    "L": 0.0,
    "M": 0.0,
    "N": 0.09302325581395349,
    "P": 0.023255813953488372,
    "Q": 0.0,
    "R": 0.0,
    "S": 0.09302325581395349,
    "T": 0.06976744186046512,
    "V": 0.046511627906976744,
    "W": 0.0,
    "Y": 0.0
  },
  "+4": {
    "A": 0.023255813953488372,
    "C": 0.0,
    "D": 0.06976744186046512,
    "E": 0.0,
    "F": 0.0,
    "G": 0.11627906976744186,
    "H": 0.023255813953488372,
    "I": 0.023255813953488372,
    "K": 0.11627906976744186,
    "L": 0.046511627906976744,
    "M": 0.0,
    "N": 0.11627906976744186,
    "P": 0.06976744186046512,
    "Q": 0.11627906976744186,
    "R": 0.023255813953488372,
    "S": 0.11627906976744186,
    "T": 0.023255813953488372,
    "V": 0.06976744186046512,
    "W": 0.0,
    "Y": 0.046511627906976744
  },
  "+5": {
    "A": 0.0,
    "C": 0.023255813953488372,
    "D": 0.13953488372093023,
    "E": 0.06976744186046512,
    "F": 0.09302325581395349,
    "G": 0.06976744186046512,
    "H": 0.0,
    "I": 0.023255813953488372,
    "K": 0.09302325581395349,
    "L": 0.09302325581395349,
    "M": 0.046511627906976744,
    "N": 0.023255813953488372,
    "P": 0.0,
    "Q": 0.06976744186046512,
    "R": 0.0,
    "S": 0.046511627906976744,
    "T": 0.0,
    "V": 0.023255813953488372,
    "W": 0.06976744186046512,
    "Y": 0.11627906976744186
  },
  "+6": {
    "A": 0.023255813953488372,
    "C": 0.0,
    "D": 0.023255813953488372,
    "E": 0.046511627906976744,
    "F": 0.06976744186046512,
    "G": 0.4883720930232558,
    "H": 0.023255813953488372,
    "I": 0.0,