{
  "-10": {
    "A": 0.07928531546621999,
    "C": 0.027359017308766054,
    "D": 0.034059184812953655,
    "E": 0.057509771077610274,
    "F": 0.027359017308766054,
    "G": 0.07426018983807929,
    "H": 0.01507537688442211,
    "I": 0.01340033500837521,
    "K": 0.06030150753768844,
    "L": 0.048576214405360134,
    "M": 0.010050251256281407,
    "N": 0.018425460636515914,
    "P": 0.2534896705750977,
    "Q": 0.02400893355667225,
    "R": 0.034059184812953655,
    "S": 0.06532663316582915,
    "T": 0.034059184812953655,
    "V": 0.027359017308766054,
    "W": 0.0027917364600781687,
    "Y": 0.011166945840312675
  },
  "-9": {
    "A": 0.07705192629815745,
    "C": 0.020100502512562814,
    "D": 0.03796761585706309,
    "E": 0.02847571189279732,
    "F": 0.01619207146845338,
    "G": 0.03350083752093802,
    "H": 0.0072585147962032385,
    "I": 0.011725293132328308,
    "K": 0.06588498045784479,
    "L": 0.022892238972640984,
    "M": 0.01619207146845338,
    "N": 0.03461753210496929,
    "P": 0.25404801786711334,
    "Q": 0.038525963149078725,
    "R": 0.060859854829704074,
    "S": 0.07314349525404802,
    "T": 0.06923506420993858,
    "V": 0.02568397543271915,
    "W": 0.027359017308766054,
    "Y": 0.006700167504187605
  },
  "-8": {
    "A": 0.03238414293690676,
    "C": 0.02680067001675042,
    "D": 0.009491903964265773,
    "E": 0.011166945840312675,
    "F": 0.0072585147962032385,
    "G": 0.42546063651591287,
    "H": 0.006141820212171971,
    "I": 0.0072585147962032385,
    "K": 0.030709101060859854,
    "L": 0.011725293132328308,
    "M": 0.00446677833612507,
    "N": 0.018983807928531545,
    "P": 0.0943606923506421,
    "Q": 0.015633724176437745,
    "R": 0.018425460636515914,
    "S": 0.036292573981016193,
    "T": 0.07426018983807929,
    "V": 0.02065884980457845,
    "W": 0.01507537688442211,
    "Y": 0.06588498045784479
  },
  "-7": {
    "A": 0.10050251256281408,
    "C": 0.031825795644891124,
    "D": 0.02847571189279732,
    "E": 0.06253489670575098,
    "F": 0.01619207146845338,
    "G": 0.07035175879396985,
    "H": 0.014517029592406477,
    "I": 0.01675041876046901,
    "K": 0.06532663316582915,
    "L": 0.05360134003350084,
    "M": 0.01340033500837521,
    "N": 0.02065884980457845,
    "P": 0.20770519262981574,
    "Q": 0.020100502512562814,
    "R": 0.03350083752093802,
    "S": 0.04020100502512563,
    "T": 0.03573422668900056,
    "V": 0.04578447794528197,
    "W": 0.017308766052484645,
    "Y": 0.0463428252372976
  },
  "-6": {
    "A": 0.10050251256281408,
    "C": 0.02959240647682859,
    "D": 0.03796761585706309,
    "E": 0.02121719709659408,
    "F": 0.00446677833612507,
    "G": 0.04578447794528197,
    "H": 0.010050251256281407,
    "I": 0.014517029592406477,
    "K": 0.0993858179787828,
    "L": 0.030709101060859854,
    "M": 0.014517029592406477,
    "N": 0.01675041876046901,
    "P": 0.2333891680625349,
    "Q": 0.0413176996091569,
    "R": 0.06756002233389168,
    "S": 0.0513679508654383,
    "T": 0.04913456169737577,
    "V": 0.023450586264656615,
    "W": 0.04187604690117253,
    "Y": 0.015633724176437745
  },
  "-5": {
    "A": 0.07816862088218872,
    "C": 0.02400893355667225,
    "D": 0.012283640424343942,
    "E": 0.006141820212171971,
    "F": 0.01060859854829704,
    "G": 0.4349525404801787,
    "H": 0.0072585147962032385,
    "I": 0.006700167504187605,
    "K": 0.06588498045784479,
    "L": 0.017308766052484645,
    "M": 0.0016750418760469012,
    "N": 0.01619207146845338,
    "P": 0.09491903964265773,
    "Q": 0.014517029592406477,
    "R": 0.023450586264656615,
    "S": 0.03685092127303183,
    "T": 0.06253489670575098,
    "V": 0.020100502512562814,
    "W": 0.013958682300390842,
    "Y": 0.014517029592406477
  },
  "-4": {
    "A": 0.10329424902289223,
    "C": 0.03461753210496929,
    "D": 0.03238414293690676,
    "E": 0.07649357900614182,
    "F": 0.02065884980457845,
    "G": 0.0664433277498604,
    "H": 0.01340033500837521,
    "I": 0.021775544388609715,
    "K": 0.06923506420993858,
    "L": 0.0413176996091569,
    "M": 0.007816862088218872,
    "N": 0.017308766052484645,
    "P": 0.2266890005583473,
    "Q": 0.02680067001675042,
    "R": 0.03908431044109436,
    "S": 0.05471803461753211,
    "T": 0.02847571189279732,
    "V": 0.03126744835287549,
    "W": 0.01619207146845338,
    "Y": 0.042992741485203795
  },
  "-3": {
    "A": 0.11669458403126745,
    "C": 0.04913456169737577,
    "D": 0.03685092127303183,
    "E": 0.01619207146845338,
    "F": 0.007816862088218872,
    "G": 0.044109436069235064,
    "H": 0.0033500837520938024,
    "I": 0.02065884980457845,
    "K": 0.06923506420993858,
    "L": 0.02400893355667225,
    "M": 0.013958682300390842,
    "N": 0.02568397543271915,
    "P": 0.2300390843104411,
    "Q": 0.03461753210496929,
    "R": 0.07649357900614182,
    "S": 0.07649357900614182,
    "T": 0.06030150753768844,
    "V": 0.04913456169737577,
    "W": 0.013958682300390842,
    "Y": 0.010050251256281407
  },
  "-2": {
    "A": 0.05471803461753211,
    "C": 0.05862646566164154,
    "D": 0.011166945840312675,
    "E": 0.010050251256281407,
    "F": 0.009491903964265773,
    "G": 0.4584031267448353,
    "H": 0.0072585147962032385,
    "I": 0.011725293132328308,
    "K": 0.044109436069235064,
    "L": 0.023450586264656615,
    "M": 0.003908431044109436,
    "N": 0.01060859854829704,
    "P": 0.12283640424343942,
    "Q": 0.006141820212171971,
    "R": 0.024567280848687884,
    "S": 0.05862646566164154,
    "T": 0.02568397543271915,
    "V": 0.015633724176437745,
    "W": 0.0016750418760469012,
    "Y": 0.034059184812953655
  },
  "-1": {
    "A": 0.11446119486320491,
    "C": 0.03238414293690676,
    "D": 0.010050251256281407,
    "E": 0.04243439419318816,
    "F": 0.029034059184812954,
    "G": 0.059743160245672805,
    "H": 0.02121719709659408,
    "I": 0.02065884980457845,
    "K": 0.07928531546621999,
    "L": 0.047459519821328865,
    "M": 0.011725293132328308,
    "N": 0.017308766052484645,
    "P": 0.27191513121161365,
    "Q": 0.01675041876046901,
    "R": 0.031825795644891124,
    "S": 0.0826353992183138,
    "T": 0.03573422668900056,
    "V": 0.02847571189279732,
    "W": 0.0011166945840312675,
    "Y": 0.04578447794528197
  },
  "0": {
    "A": 0.0,
    "C": 0.0,
    "D": 0.0,
    "E": 0.0,
    "F": 0.0,
    "G": 0.0,
    "H": 0.0,
    "I": 0.0,
    "K": 0.0,
    "L": 0.0,
    "M": 0.0,
    "N": 0.0,
    "P": 1.0,
    "Q": 0.0,
    "R": 0.0,
    "S": 0.0,
    "T": 0.0,
    "V": 0.0,
    "W": 0.0,
    "Y": 0.0
  },
  "+1": {
    "A": 0.04690117252931323,
    "C": 0.0463428252372976,
    "D": 0.006141820212171971,
    "E": 0.009491903964265773,
    "F": 0.0027917364600781687,
    "G": 0.47627024008933555,
    "H": 0.003908431044109436,
    "I": 0.0033500837520938024,
    "K": 0.01507537688442211,
    "L": 0.005583472920156337,
    "M": 0.0027917364600781687,
    "N": 0.015633724176437745,
    "P": 0.1407035175879397,
    "Q": 0.008375209380234505,
    "R": 0.00893355667225014,
    "S": 0.07091010608598548,
    "T": 0.06197654941373534,
    "V": 0.02568397543271915,
    "W": 0.03740926856504746,
    "Y": 0.007816862088218872
  },
  "+2": {
    "A": 0.08319374651032943,
    "C": 0.04578447794528197,
    "D": 0.01675041876046901,
    "E": 0.04913456169737577,
    "F": 0.023450586264656615,
    "G": 0.06923506420993858,
    "H": 0.01675041876046901,
    "I": 0.018425460636515914,
    "K": 0.048576214405360134,
    "L": 0.03685092127303183,
    "M": 0.011166945840312675,
    "N": 0.018425460636515914,
    "P": 0.2250139586823004,
    "Q": 0.021775544388609715,
    "R": 0.02233389168062535,
    "S": 0.07370184254606366,
    "T": 0.08542713567839195,
    "V": 0.03350083752093802,
    "W": 0.013958682300390842,
    "Y": 0.07091010608598548
  },
  "+3": {
    "A": 0.12116136236739251,
    "C": 0.047459519821328865,
    "D": 0.04075935231714126,
    "E": 0.012841987716359575,
    "F": 0.010050251256281407,
    "G": 0.03908431044109436,
    "H": 0.005025125628140704,