{
  "-10": {
    "A": 0.043478260869565216,
    "C": 0.08695652173913043,
    "D": 0.043478260869565216,
    "E": 0.043478260869565216,
    "F": 0.021739130434782608,
    "G": 0.06521739130434782,
    "H": 0.0,
    "I": 0.06521739130434782,
    "K": 0.10869565217391304,
    "L": 0.021739130434782608,
    "M": 0.0,
    "N": 0.021739130434782608,
    "P": 0.043478260869565216,
    "Q": 0.0,
    "R": 0.0,
    "S": 0.043478260869565216,
    "T": 0.10869565217391304,
    "V": 0.10869565217391304,
    "W": 0.043478260869565216,
    "Y": 0.0
  },
  "-9": {
    "A": 0.06521739130434782,
    "C": 0.0,
    "D": 0.06521739130434782,
    "E": 0.043478260869565216,
    "F": 0.06521739130434782,
    "G": 0.043478260869565216,
    "H": 0.043478260869565216,
    "I": 0.021739130434782608,
    "K": 0.06521739130434782,
    "L": 0.043478260869565216,
    "M": 0.0,
    "N": 0.043478260869565216,
    "P": 0.043478260869565216,
    "Q": 0.0,
    "R": 0.043478260869565216,
    "S": 0.08695652173913043,
    "T": 0.13043478260869565,
    "V": 0.043478260869565216,
    "W": 0.0,
    "Y": 0.021739130434782608
  },
  "-8": {
    "A": 0.043478260869565216,
    "C": 0.06521739130434782,
    "D": 0.06521739130434782,
    "E": 0.043478260869565216,
    "F": 0.021739130434782608,
    "G": 0.13043478260869565,
    "H": 0.0,
    "I": 0.043478260869565216,
    "K": 0.0,
    "L": 0.06521739130434782,
    "M": 0.10869565217391304,
    "N": 0.043478260869565216,
    "P": 0.021739130434782608,
    "Q": 0.021739130434782608,
    "R": 0.0,
    "S": 0.021739130434782608,
    "T": 0.06521739130434782,
    "V": 0.08695652173913043,
    "W": 0.021739130434782608,
    "Y": 0.0
  },
  "-7": {
    "A": 0.021739130434782608,
    "C": 0.15217391304347827,
    "D": 0.043478260869565216,
    "E": 0.0,
    "F": 0.021739130434782608,
    "G": 0.043478260869565216,
    "H": 0.021739130434782608,
    "I": 0.043478260869565216,
    "K": 0.0,
    "L": 0.043478260869565216,
    "M": 0.0,
    "N": 0.13043478260869565,
    "P": 0.021739130434782608,
    "Q": 0.021739130434782608,
    "R": 0.021739130434782608,
    "S": 0.17391304347826086,
    "T": 0.043478260869565216,
    "V": 0.08695652173913043,
    "W": 0.0,
    "Y": 0.0
  },
  "-6": {
    "A": 0.10869565217391304,
    "C": 0.08695652173913043,
    "D": 0.043478260869565216,
    "E": 0.043478260869565216,
    "F": 0.0,
    "G": 0.17391304347826086,
    "H": 0.021739130434782608,
    "I": 0.0,
    "K": 0.021739130434782608,
    "L": 0.0,
    "M": 0.021739130434782608,
    "N": 0.0,
    "P": 0.021739130434782608,
    "Q": 0.021739130434782608,
    "R": 0.0,
    "S": 0.15217391304347827,
    "T": 0.15217391304347827,
    "V": 0.06521739130434782,
    "W": 0.0,
    "Y": 0.0
  },
  "-5": {
    "A": 0.15217391304347827,
    "C": 0.043478260869565216,
    "D": 0.0,
    "E": 0.043478260869565216,
    "F": 0.043478260869565216,
    "G": 0.06521739130434782,
    "H": 0.0,
    "I": 0.021739130434782608,
    "K": 0.043478260869565216,
    "L": 0.0,
    "M": 0.0,
    "N": 0.021739130434782608,
    "P": 0.08695652173913043,
    "Q": 0.0,
    "R": 0.021739130434782608,
    "S": 0.15217391304347827,
    "T": 0.15217391304347827,
    "V": 0.021739130434782608,
    "W": 0.08695652173913043,
    "Y": 0.0
  },
  "-4": {
    "A": 0.08695652173913043,
    "C": 0.10869565217391304,
    "D": 0.0,
    "E": 0.0,
    "F": 0.0,
    "G": 0.2608695652173913,
    "H": 0.021739130434782608,
    "I": 0.08695652173913043,
    "K": 0.0,
    "L": 0.021739130434782608,
    "M": 0.0,
    "N": 0.021739130434782608,
    "P": 0.0,
    "Q": 0.08695652173913043,
    "R": 0.0,
    "S": 0.13043478260869565,
    "T": 0.10869565217391304,
    "V": 0.0,
    "W": 0.021739130434782608,
    "Y": 0.0
  },
  "-3": {
    "A": 0.06521739130434782,
    "C": 0.17391304347826086,
    "D": 0.0,
    "E": 0.0,
    "F": 0.06521739130434782,
    "G": 0.021739130434782608,
    "H": 0.021739130434782608,
    "I": 0.08695652173913043,
    "K": 0.021739130434782608,
    "L": 0.021739130434782608,
    "M": 0.0,
    "N": 0.021739130434782608,
    "P": 0.10869565217391304,
    "Q": 0.0,
    "R": 0.0,
    "S": 0.17391304347826086,
    "T": 0.08695652173913043,
    "V": 0.08695652173913043,
    "W": 0.043478260869565216,
    "Y": 0.0
  },
  "-2": {
    "A": 0.13043478260869565,
    "C": 0.1956521739130435,
    "D": 0.0,
    "E": 0.021739130434782608,
    "F": 0.0,
    "G": 0.043478260869565216,
    "H": 0.021739130434782608,
    "I": 0.043478260869565216,
    "K": 0.06521739130434782,
    "L": 0.15217391304347827,
    "M": 0.021739130434782608,
    "N": 0.021739130434782608,
    "P": 0.06521739130434782,
    "Q": 0.021739130434782608,
    "R": 0.06521739130434782,
    "S": 0.0,
    "T": 0.043478260869565216,
    "V": 0.08695652173913043,
    "W": 0.0,
    "Y": 0.0
  },
  "-1": {
    "A": 0.08695652173913043,
    "C": 0.08695652173913043,
    "D": 0.0,
    "E": 0.0,
    "F": 0.08695652173913043,
    "G": 0.0,
    "H": 0.0,
    "I": 0.10869565217391304,
    "K": 0.1956521739130435,
    "L": 0.021739130434782608,
    "M": 0.021739130434782608,
    "N": 0.06521739130434782,
    "P": 0.0,
    "Q": 0.021739130434782608,
    "R": 0.021739130434782608,
    "S": 0.043478260869565216,
    "T": 0.21739130434782608,
    "V": 0.021739130434782608,
    "W": 0.0,
    "Y": 0.0
  },
  "0": {
    "A": 0.0,
    "C": 0.0,
    "D": 0.0,
    "E": 0.0,
    "F": 0.0,
    "G": 0.0,
    "H": 0.0,
    "I": 0.0,
    "K": 0.0,
    "L": 0.0,
    "M": 0.0,
    "N": 0.0,
    "P": 0.0,
    "Q": 0.0,
    "R": 0.0,
    "S": 0.0,
    "T": 1.0,
    "V": 0.0,
    "W": 0.0,
    "Y": 0.0
  },
  "+1": {
    "A": 0.021739130434782608,
    "C": 0.2391304347826087,
    "D": 0.0,
    "E": 0.0,
    "F": 0.021739130434782608,
    "G": 0.15217391304347827,
    "H": 0.0,
    "I": 0.06521739130434782,
    "K": 0.043478260869565216,
    "L": 0.06521739130434782,
    "M": 0.0,
    "N": 0.021739130434782608,
    "P": 0.06521739130434782,
    "Q": 0.0,
    "R": 0.021739130434782608,
    "S": 0.10869565217391304,
    "T": 0.13043478260869565,
    "V": 0.021739130434782608,
    "W": 0.021739130434782608,
    "Y": 0.0
  },
  "+2": {
    "A": 0.10869565217391304,
    "C": 0.10869565217391304,
    "D": 0.021739130434782608,
    "E": 0.0,
    "F": 0.021739130434782608,
    "G": 0.043478260869565216,
    "H": 0.0,
    "I": 0.13043478260869565,
    "K": 0.10869565217391304,
    "L": 0.021739130434782608,
    "M": 0.0,
    "N": 0.0,
    "P": 0.021739130434782608,
    "Q": 0.021739130434782608,
    "R": 0.0,
    "S": 0.1956521739130435,
    "T": 0.06521739130434782,
    "V": 0.06521739130434782,
    "W": 0.0,
    "Y": 0.0
  },
  "+3": {
    "A": 0.06521739130434782,
    "C": 0.10869565217391304,
    "D": 0.0,
    "E": 0.0,
    "F": 0.15217391304347827,
    "G": 0.021739130434782608,
    "H": 0.021739130434782608,
    "I": 0.06521739130434782,
    "K": 0.13043478260869565,
    "L": 0.06521739130434782,
    "M": 0.0,
    "N": 0.0,
    "P": 0.0,
    "Q": 0.0,
    "R": 0.0,
    "S": 0.15217391304347827,
    "T": 0.06521739130434782,
    "V": 0.043478260869565216,
    "W": 0.021739130434782608,
    "Y": 0.0
  },
  "+4": {
    "A": 0.021739130434782608,
    "C": 0.0,
    "D": 0.021739130434782608,
    "E": 0.043478260869565216,
    "F": 0.0,
    "G": 0.0,
    "H": 0.0,
    "I": 0.0,
    "K": 0.021739130434782608,
    "L": 0.10869565217391304,
    "M": 0.0,
    "N": 0.08695652173913043,
    "P": 0.043478260869565216,
    "Q": 0.021739130434782608,
    "R": 0.0,
    "S": 0.15217391304347827,
    "T": 0.1956521739130435,
    "V": 0.06521739130434782,
    "W": 0.021739130434782608,
    "Y": 0.0
  },
  "+5": {
    "A": 0.021739130434782608,
    "C": 0.2391304347826087,
    "D": 0.021739130434782608,
    "E": 0.0,
    "F": 0.021739130434782608,
    "G": 0.0,
    "H": 0.0,
    "I": 0.021739130434782608,
    "K": 0.043478260869565216,
    "L": 0.043478260869565216,
    "M": 0.0,
    "N": 0.043478260869565216,
    "P": 0.0,
    "Q": 0.0,
    "R": 0.043478260869565216,
    "S": 0.1956521739130435,