{
  "-10": {
    "A": 0.10084033613445378,
    "C": 0.0,
    "D": 0.008403361344537815,
    "E": 0.0,
    "F": 0.0,
    "G": 0.0,
    "H": 0.0,
    "I": 0.0,
    "K": 0.008403361344537815,
    "L": 0.0,
    "M": 0.0,
    "N": 0.008403361344537815,
    "P": 0.008403361344537815,
    "Q": 0.0,
    "R": 0.008403361344537815,
    "S": 0.008403361344537815,
    "T": 0.0,
    "V": 0.01680672268907563,
    "W": 0.0,
    "Y": 0.8319327731092437
  },
  "-9": {
    "A": 0.01680672268907563,
    "C": 0.0,
    "D": 0.0,
    "E": 0.0,
    "F": 0.0,
    "G": 0.008403361344537815,
    "H": 0.0,
    "I": 0.008403361344537815,
    "K": 0.5630252100840336,
    "L": 0.0,
    "M": 0.0,
    "N": 0.0,
    "P": 0.3697478991596639,
    "Q": 0.0,
    "R": 0.0,
    "S": 0.0,
    "T": 0.0,
    "V": 0.03361344537815126,
    "W": 0.0,
    "Y": 0.0
  },
  "-8": {
    "A": 0.42016806722689076,
    "C": 0.008403361344537815,
    "D": 0.0,
    "E": 0.01680672268907563,
    "F": 0.0,
    "G": 0.008403361344537815,
    "H": 0.0,
    "I": 0.0,
    "K": 0.008403361344537815,
    "L": 0.025210084033613446,
    "M": 0.0,
    "N": 0.0,
    "P": 0.42857142857142855,
    "Q": 0.0,
    "R": 0.0,
    "S": 0.08403361344537816,
    "T": 0.0,
    "V": 0.0,
    "W": 0.0,
    "Y": 0.0
  },
  "-7": {
    "A": 0.008403361344537815,
    "C": 0.008403361344537815,
    "D": 0.008403361344537815,
    "E": 0.0,
    "F": 0.008403361344537815,
    "G": 0.0,
    "H": 0.0,
    "I": 0.008403361344537815,
    "K": 0.4789915966386555,
    "L": 0.008403361344537815,
    "M": 0.0,
    "N": 0.0,
    "P": 0.0,
    "Q": 0.0,
    "R": 0.0,
    "S": 0.04201680672268908,
    "T": 0.42016806722689076,
    "V": 0.008403361344537815,
    "W": 0.0,
    "Y": 0.0
  },
  "-6": {
    "A": 0.0,
    "C": 0.0,
    "D": 0.0,
    "E": 0.008403361344537815,
    "F": 0.008403361344537815,
    "G": 0.01680672268907563,
    "H": 0.0,
    "I": 0.01680672268907563,
    "K": 0.008403361344537815,
    "L": 0.0,
    "M": 0.0,
    "N": 0.0,
    "P": 0.44537815126050423,
    "Q": 0.0,
    "R": 0.0,
    "S": 0.008403361344537815,
    "T": 0.01680672268907563,
    "V": 0.0,
    "W": 0.0,
    "Y": 0.47058823529411764
  },
  "-5": {
    "A": 0.0,
    "C": 0.0,
    "D": 0.0,
    "E": 0.0,
    "F": 0.0,
    "G": 0.0,
    "H": 0.0,
    "I": 0.0,
    "K": 0.47058823529411764,
    "L": 0.0,
    "M": 0.0,
    "N": 0.0,
    "P": 0.008403361344537815,
    "Q": 0.0,
    "R": 0.0,
    "S": 0.42016806722689076,
    "T": 0.06722689075630252,
    "V": 0.01680672268907563,
    "W": 0.0,
    "Y": 0.01680672268907563
  },
  "-4": {
    "A": 0.40336134453781514,
    "C": 0.0,
    "D": 0.0,
    "E": 0.0,
    "F": 0.0,
    "G": 0.008403361344537815,
    "H": 0.0,
    "I": 0.0,
    "K": 0.008403361344537815,
    "L": 0.01680672268907563,
    "M": 0.0,
    "N": 0.008403361344537815,
    "P": 0.06722689075630252,
    "Q": 0.0,
    "R": 0.008403361344537815,
    "S": 0.0,
    "T": 0.0,
    "V": 0.008403361344537815,
    "W": 0.0,
    "Y": 0.47058823529411764
  },
  "-3": {
    "A": 0.0,
    "C": 0.008403361344537815,
    "D": 0.008403361344537815,
    "E": 0.0,
    "F": 0.0,
    "G": 0.008403361344537815,
    "H": 0.008403361344537815,
    "I": 0.0,
    "K": 0.4789915966386555,
    "L": 0.0,
    "M": 0.0,
    "N": 0.0,
    "P": 0.46218487394957986,
    "Q": 0.0,
    "R": 0.008403361344537815,
    "S": 0.01680672268907563,
    "T": 0.0,
    "V": 0.0,
    "W": 0.0,
    "Y": 0.0
  },
  "-2": {
    "A": 0.03361344537815126,
    "C": 0.0,
    "D": 0.0,
    "E": 0.0,
    "F": 0.008403361344537815,
    "G": 0.0,
    "H": 0.01680672268907563,
    "I": 0.01680672268907563,
    "K": 0.01680672268907563,
    "L": 0.0,
    "M": 0.0,
    "N": 0.0,
    "P": 0.8235294117647058,
    "Q": 0.0,
    "R": 0.008403361344537815,
    "S": 0.06722689075630252,
    "T": 0.008403361344537815,
    "V": 0.0,
    "W": 0.0,
    "Y": 0.0
  },
  "-1": {
    "A": 0.008403361344537815,
    "C": 0.0,
    "D": 0.0,
    "E": 0.0,
    "F": 0.01680672268907563,
    "G": 0.0,
    "H": 0.0,
    "I": 0.0,
    "K": 0.008403361344537815,
    "L": 0.0,
    "M": 0.0,
    "N": 0.008403361344537815,
    "P": 0.0,
    "Q": 0.0,
    "R": 0.0,
    "S": 0.44537815126050423,
    "T": 0.47058823529411764,
    "V": 0.025210084033613446,
    "W": 0.0,
    "Y": 0.01680672268907563
  },
  "0": {
    "A": 0.0,
    "C": 0.0,
    "D": 0.0,
    "E": 0.0,
    "F": 0.0,
    "G": 0.0,
    "H": 0.0,
    "I": 0.0,
    "K": 0.0,
    "L": 0.0,
    "M": 0.0,
    "N": 0.0,
    "P": 0.0,
    "Q": 0.0,
    "R": 0.0,
    "S": 0.0,
    "T": 0.0,
    "V": 0.0,
    "W": 0.0,
    "Y": 1.0
  },
  "+1": {
    "A": 0.008403361344537815,
    "C": 0.0,
    "D": 0.0,
    "E": 0.0,
    "F": 0.0,
    "G": 0.0,
    "H": 0.01680672268907563,
    "I": 0.008403361344537815,
    "K": 0.47058823529411764,
    "L": 0.0,
    "M": 0.0,
    "N": 0.0,
    "P": 0.47058823529411764,
    "Q": 0.0,
    "R": 0.0,
    "S": 0.008403361344537815,
    "T": 0.0,
    "V": 0.0,
    "W": 0.0,
    "Y": 0.01680672268907563
  },
  "+2": {
    "A": 0.37815126050420167,
    "C": 0.0,
    "D": 0.0,
    "E": 0.008403361344537815,
    "F": 0.0,
    "G": 0.0,
    "H": 0.008403361344537815,
    "I": 0.008403361344537815,
    "K": 0.025210084033613446,
    "L": 0.0,
    "M": 0.0,
    "N": 0.0,
    "P": 0.453781512605042,
    "Q": 0.0,
    "R": 0.008403361344537815,
    "S": 0.10084033613445378,
    "T": 0.008403361344537815,
    "V": 0.0,
    "W": 0.0,
    "Y": 0.0
  },
  "+3": {
    "A": 0.01680672268907563,
    "C": 0.0,
    "D": 0.008403361344537815,
    "E": 0.0,
    "F": 0.008403361344537815,
    "G": 0.0,
    "H": 0.008403361344537815,
    "I": 0.0,
    "K": 0.4789915966386555,
    "L": 0.0,
    "M": 0.0,
    "N": 0.0,
    "P": 0.01680672268907563,
    "Q": 0.0,
    "R": 0.0,
    "S": 0.05042016806722689,
    "T": 0.4117647058823529,
    "V": 0.0,
    "W": 0.0,
    "Y": 0.0
  },
  "+4": {
    "A": 0.01680672268907563,
    "C": 0.008403361344537815,
    "D": 0.008403361344537815,
    "E": 0.0,
    "F": 0.0,
    "G": 0.008403361344537815,
    "H": 0.0,
    "I": 0.01680672268907563,
    "K": 0.025210084033613446,
    "L": 0.0,
    "M": 0.0,
    "N": 0.008403361344537815,
    "P": 0.3865546218487395,
    "Q": 0.0,
    "R": 0.0,
    "S": 0.03361344537815126,
    "T": 0.01680672268907563,
    "V": 0.0,
    "W": 0.0,
    "Y": 0.47058823529411764
  },
  "+5": {
    "A": 0.008403361344537815,
    "C": 0.0,
    "D": 0.0,
    "E": 0.0,
    "F": 0.0,
    "G": 0.0,
    "H": 0.0,
    "I": 0.008403361344537815,
    "K": 0.46218487394957986,
    "L": 0.008403361344537815,
    "M": 0.0,
    "N": 0.0,
    "P": 0.0,
    "Q": 0.0,
    "R": 0.008403361344537815,
    "S": 0.31092436974789917,
    "T": 0.13445378151260504,
    "V": 0.01680672268907563,
    "W": 0.025210084033613446,
    "Y": 0.01680672268907563
  },
  "+6": {
    "A": 0.3697478991596639,
    "C": 0.0,
    "D": 0.0,
    "E": 0.0,
    "F": 0.0,
    "G": 0.0,
    "H": 0.0,
    "I": 0.008403361344537815,
    "K": 0.0,
    "L": 0.0,
    "M": 0.0,
    "N": 0.0,
    "P": 0.058823529411764705,
    "Q": 0.008403361344537815,
    "R": 0.008403361344537815,
    "S": 0.03361344537815126,
    "T": 0.03361344537815126,
    "V": 0.0,
    "W": 0.008403361344537815,
    "Y": 0.47058823529411764
  },
  "+7": {
    "A": 0.01680672268907563,
    "C": 0.008403361344537815,
    "D": 0.0,
    "E": 0.0,
    "F": 0.0,
    "G": 0.008403361344537815,
    "H": 0.0,
    "I": 0.01680672268907563,
    "K": 0.5630252100840336,
    "L": 0.0,
    "M": 0.0,
    "N": 0.0,
    "P": 0.35294117647058826,
    "Q": 0.008403361344537815,
    "R": 0.0,
    "S": 0.0,
    "T": 0.008403361344537815,
    "V": 0.0,
    "W": 0.0,
    "Y": 0.0
  },
  "+8": {
    "A": 0.12605042016806722,
    "C": 0.0,
    "D": 0.0,
    "E": 0.0,
    "F": 0.0,
    "G": 0.008403361344537815,
    "H": 0.0,
    "I": 0.025210084033613446,
    "K": 0.025210084033613446,
    "L": 0.008403361344537815,
    "M": 0.0,
    "N": 0.008403361344537815,
    "P": 0.6890756302521008,
    "Q": 0.0,
    "R": 0.0,