{
  "-10": {
    "A": 0.08196721311475409,
    "C": 0.0,
    "D": 0.03278688524590164,
    "E": 0.04918032786885246,
    "F": 0.00819672131147541,
    "G": 0.06557377049180328,
    "H": 0.01639344262295082,
    "I": 0.04918032786885246,
    "K": 0.07377049180327869,
    "L": 0.05737704918032787,
    "M": 0.040983606557377046,
    "N": 0.01639344262295082,
    "P": 0.07377049180327869,
    "Q": 0.01639344262295082,
    "R": 0.05737704918032787,
    "S": 0.06557377049180328,
    "T": 0.04918032786885246,
    "V": 0.01639344262295082,
    "W": 0.0,
    "Y": 0.0
  },
  "-9": {
    "A": 0.05737704918032787,
    "C": 0.01639344262295082,
    "D": 0.04918032786885246,
    "E": 0.02459016393442623,
    "F": 0.00819672131147541,
    "G": 0.03278688524590164,
    "H": 0.01639344262295082,
    "I": 0.03278688524590164,
    "K": 0.040983606557377046,
    "L": 0.05737704918032787,
    "M": 0.01639344262295082,
    "N": 0.03278688524590164,
    "P": 0.03278688524590164,
    "Q": 0.03278688524590164,
    "R": 0.12295081967213115,
    "S": 0.08196721311475409,
    "T": 0.06557377049180328,
    "V": 0.04918032786885246,
    "W": 0.0,
    "Y": 0.0
  },
  "-8": {
    "A": 0.040983606557377046,
    "C": 0.0,
    "D": 0.00819672131147541,
    "E": 0.040983606557377046,
    "F": 0.040983606557377046,
    "G": 0.06557377049180328,
    "H": 0.03278688524590164,
    "I": 0.01639344262295082,
    "K": 0.22950819672131148,
    "L": 0.04918032786885246,
    "M": 0.05737704918032787,
    "N": 0.01639344262295082,
    "P": 0.040983606557377046,
    "Q": 0.00819672131147541,
    "R": 0.04918032786885246,
    "S": 0.06557377049180328,
    "T": 0.040983606557377046,
    "V": 0.02459016393442623,
    "W": 0.0,
    "Y": 0.0
  },
  "-7": {
    "A": 0.13934426229508196,
    "C": 0.00819672131147541,
    "D": 0.00819672131147541,
    "E": 0.040983606557377046,
    "F": 0.01639344262295082,
    "G": 0.04918032786885246,
    "H": 0.00819672131147541,
    "I": 0.00819672131147541,
    "K": 0.08196721311475409,
    "L": 0.02459016393442623,
    "M": 0.0,
    "N": 0.00819672131147541,
    "P": 0.06557377049180328,
    "Q": 0.06557377049180328,
    "R": 0.09016393442622951,
    "S": 0.11475409836065574,
    "T": 0.03278688524590164,
    "V": 0.05737704918032787,
    "W": 0.0,
    "Y": 0.00819672131147541
  },
  "-6": {
    "A": 0.01639344262295082,
    "C": 0.00819672131147541,
    "D": 0.02459016393442623,
    "E": 0.02459016393442623,
    "F": 0.01639344262295082,
    "G": 0.09016393442622951,
    "H": 0.01639344262295082,
    "I": 0.03278688524590164,
    "K": 0.09836065573770492,
    "L": 0.10655737704918032,
    "M": 0.02459016393442623,
    "N": 0.01639344262295082,
    "P": 0.01639344262295082,
    "Q": 0.00819672131147541,
    "R": 0.10655737704918032,
    "S": 0.09016393442622951,
    "T": 0.05737704918032787,
    "V": 0.06557377049180328,
    "W": 0.01639344262295082,
    "Y": 0.00819672131147541
  },
  "-5": {
    "A": 0.10655737704918032,
    "C": 0.0,
    "D": 0.01639344262295082,
    "E": 0.040983606557377046,
    "F": 0.07377049180327869,
    "G": 0.16393442622950818,
    "H": 0.00819672131147541,
    "I": 0.00819672131147541,
    "K": 0.04918032786885246,
    "L": 0.04918032786885246,
    "M": 0.0,
    "N": 0.01639344262295082,
    "P": 0.02459016393442623,
    "Q": 0.01639344262295082,
    "R": 0.02459016393442623,
    "S": 0.09016393442622951,
    "T": 0.09836065573770492,
    "V": 0.03278688524590164,
    "W": 0.0,
    "Y": 0.02459016393442623
  },
  "-4": {
    "A": 0.13114754098360656,
    "C": 0.0,
    "D": 0.05737704918032787,
    "E": 0.01639344262295082,
    "F": 0.040983606557377046,
    "G": 0.11475409836065574,
    "H": 0.01639344262295082,
    "I": 0.01639344262295082,
    "K": 0.08196721311475409,
    "L": 0.05737704918032787,
    "M": 0.04918032786885246,
    "N": 0.00819672131147541,
    "P": 0.04918032786885246,
    "Q": 0.03278688524590164,
    "R": 0.00819672131147541,
    "S": 0.07377049180327869,
    "T": 0.06557377049180328,
    "V": 0.03278688524590164,
    "W": 0.0,
    "Y": 0.0
  },
  "-3": {
    "A": 0.04918032786885246,
    "C": 0.0,
    "D": 0.05737704918032787,
    "E": 0.03278688524590164,
    "F": 0.01639344262295082,
    "G": 0.09016393442622951,
    "H": 0.040983606557377046,
    "I": 0.01639344262295082,
    "K": 0.14754098360655737,
    "L": 0.02459016393442623,
    "M": 0.13934426229508196,
    "N": 0.00819672131147541,
    "P": 0.08196721311475409,
    "Q": 0.06557377049180328,
    "R": 0.01639344262295082,
    "S": 0.08196721311475409,
    "T": 0.00819672131147541,
    "V": 0.04918032786885246,
    "W": 0.0,
    "Y": 0.03278688524590164
  },
  "-2": {
    "A": 0.14754098360655737,
    "C": 0.0,
    "D": 0.02459016393442623,
    "E": 0.040983606557377046,
    "F": 0.02459016393442623,
    "G": 0.08196721311475409,
    "H": 0.03278688524590164,
    "I": 0.02459016393442623,
    "K": 0.10655737704918032,
    "L": 0.10655737704918032,
    "M": 0.08196721311475409,
    "N": 0.00819672131147541,
    "P": 0.00819672131147541,
    "Q": 0.01639344262295082,
    "R": 0.040983606557377046,
    "S": 0.11475409836065574,
    "T": 0.08196721311475409,
    "V": 0.04918032786885246,
    "W": 0.0,
    "Y": 0.00819672131147541
  },
  "-1": {
    "A": 0.2459016393442623,
    "C": 0.0,
    "D": 0.040983606557377046,
    "E": 0.05737704918032787,
    "F": 0.01639344262295082,
    "G": 0.1721311475409836,
    "H": 0.01639344262295082,
    "I": 0.02459016393442623,
    "K": 0.05737704918032787,
    "L": 0.04918032786885246,
    "M": 0.01639344262295082,
    "N": 0.01639344262295082,
    "P": 0.09016393442622951,
    "Q": 0.02459016393442623,
    "R": 0.03278688524590164,
    "S": 0.08196721311475409,
    "T": 0.03278688524590164,
    "V": 0.02459016393442623,
    "W": 0.0,
    "Y": 0.0
  },
  "0": {
    "A": 0.0,
    "C": 0.0,
    "D": 0.0,
    "E": 0.0,
    "F": 0.0,
    "G": 0.0,
    "H": 0.0,
    "I": 0.0,
    "K": 0.0,
    "L": 0.0,
    "M": 0.0,
    "N": 0.0,
    "P": 0.0,
    "Q": 0.0,
    "R": 1.0,
    "S": 0.0,
    "T": 0.0,
    "V": 0.0,
    "W": 0.0,
    "Y": 0.0
  },
  "+1": {
    "A": 0.040983606557377046,
    "C": 0.00819672131147541,
    "D": 0.06557377049180328,
    "E": 0.040983606557377046,
    "F": 0.02459016393442623,
    "G": 0.21311475409836064,
    "H": 0.03278688524590164,
    "I": 0.00819672131147541,
    "K": 0.14754098360655737,
    "L": 0.03278688524590164,
    "M": 0.0,
    "N": 0.03278688524590164,
    "P": 0.00819672131147541,
    "Q": 0.01639344262295082,
    "R": 0.02459016393442623,
    "S": 0.12295081967213115,
    "T": 0.11475409836065574,
    "V": 0.04918032786885246,
    "W": 0.0,
    "Y": 0.0
  },
  "+2": {
    "A": 0.06557377049180328,
    "C": 0.00819672131147541,
    "D": 0.01639344262295082,
    "E": 0.03278688524590164,
    "F": 0.03278688524590164,
    "G": 0.1721311475409836,
    "H": 0.0,
    "I": 0.01639344262295082,
    "K": 0.1557377049180328,
    "L": 0.040983606557377046,
    "M": 0.01639344262295082,
    "N": 0.0,
    "P": 0.03278688524590164,
    "Q": 0.09836065573770492,
    "R": 0.05737704918032787,
    "S": 0.1721311475409836,
    "T": 0.03278688524590164,
    "V": 0.00819672131147541,
    "W": 0.0,
    "Y": 0.00819672131147541
  },
  "+3": {
    "A": 0.05737704918032787,
    "C": 0.00819672131147541,
    "D": 0.04918032786885246,
    "E": 0.04918032786885246,
    "F": 0.040983606557377046,
    "G": 0.05737704918032787,
    "H": 0.03278688524590164,
    "I": 0.00819672131147541,
    "K": 0.06557377049180328,
    "L": 0.12295081967213115,
    "M": 0.01639344262295082,
    "N": 0.00819672131147541,
    "P": 0.05737704918032787,
    "Q": 0.13934426229508196,
    "R": 0.04918032786885246,
    "S": 0.06557377049180328,
    "T": 0.05737704918032787,
    "V": 0.06557377049180328,
    "W": 0.00819672131147541,
    "Y": 0.00819672131147541
  },
  "+4": {
    "A": 0.09016393442622951,
    "C": 0.00819672131147541,
    "D": 0.00819672131147541,
    "E": 0.07377049180327869,
    "F": 0.00819672131147541,