{
  "-10": {
    "A": -2.576529704003516,
    "C": -4.16104420798516,
    "D": -3.047164447186262,
    "E": -2.737009518882422,
    "F": -3.2665272756605654,
    "G": -2.733312657001096,
    "H": -3.700702489651161,
    "I": -3.0075553090912157,
    "K": -2.5956385657015626,
    "L": -2.441028643615946,
    "M": -3.7203109610395373,
    "N": -3.254027112896334,
    "P": -3.1424746269905866,
    "Q": -3.1592817453069677,
    "R": -2.8801103625230953,
    "S": -2.7980972108622604,
    "T": -2.7980972108622604,
    "V": -2.6118463759284163,
    "W": -4.3464474313165224,
    "Y": -3.422776592144745
  },
  "-9": {
    "A": -2.6020902009830515,
    "C": -4.004698137594466,
    "D": -2.919331075676377,
    "E": -2.6759492621211756,
    "F": -3.148045672040042,
    "G": -2.697076808547051,
    "H": -3.740311627746207,
    "I": -2.8843930243150964,
    "K": -2.5516062955510592,
    "L": -2.4111756804662647,
    "M": -3.991626056027113,
    "N": -3.2416812770740346,
    "P": -2.9835733444047303,
    "Q": -3.2234436895242538,
    "R": -2.7632774457030322,
    "S": -2.8843930243150964,
    "T": -2.9788452032087847,
    "V": -2.7114139716934584,
    "W": -4.86969557508107,
    "Y": -3.6719923837687296
  },
  "-8": {
    "A": -2.560879932336389,
    "C": -4.11592377270469,
    "D": -2.906085848926356,
    "E": -2.830099941948434,
    "F": -3.3656181783047963,
    "G": -2.539373727115425,
    "H": -3.792136695610793,
    "I": -2.9418039315284354,
    "K": -2.6250044605059273,
    "L": -2.5242904849040966,
    "M": -3.8927802213904803,
    "N": -3.1096848041675957,
    "P": -2.914896478608511,
    "Q": -3.298478875467168,
    "R": -2.786355392985577,
    "S": -2.6621082107093046,
    "T": -2.923785426025757,
    "V": -2.740720098278958,
    "W": -4.423408472452651,
    "Y": -3.700702489651161
  },
  "-7": {
    "A": -2.474645254414931,
    "C": -4.101324973283537,
    "D": -2.993097225915986,
    "E": -2.7709110705581037,
    "F": -3.5396409322840556,
    "G": -2.4918870608494372,
    "H": -3.8927802213904803,
    "I": -3.03711411133276,
    "K": -2.5454713069835435,
    "L": -2.4005372822612094,
    "M": -3.8580946634025906,
    "N": -3.298478875467168,
    "P": -3.0936844628211544,
    "Q": -3.2114674984775378,
    "R": -2.598859180401605,
    "S": -2.906085848926356,
    "T": -2.923785426025757,
    "V": -2.6759492621211756,
    "W": -4.901444273395651,
    "Y": -3.5818412867744325
  },
  "-6": {
    "A": -2.5796892642938847,
    "C": -4.3651395643286754,
    "D": -3.027163780479592,
    "E": -2.582858839055164,
    "F": -3.35182485617246,
    "G": -2.618403776474575,
    "H": -3.4834012139611796,
    "I": -3.03711411133276,
    "K": -2.5892282873406436,
    "L": -2.50648586027059,
    "M": -3.8136429008317565,
    "N": -3.29200636096155,
    "P": -2.901709474326557,
    "Q": -3.170645503957283,
    "R": -2.7594823747344805,
    "S": -2.672470997744851,
    "T": -2.946359748064296,
    "V": -2.786355392985577,
    "W": -5.003226967705593,
    "Y": -3.5232471225083795
  },
  "-5": {
    "A": -2.533313102503734,
    "C": -4.192296751489264,
    "D": -2.809978538749013,
    "E": -2.641699339078097,
    "F": -3.3725868476208896,
    "G": -2.457695696101158,
    "H": -3.8245719713639468,
    "I": -2.914896478608511,
    "K": -2.5577791546581405,
    "L": -2.4138530582369815,
    "M": -3.846795108148657,
    "N": -3.2055327629577235,
    "P": -3.2355650500565982,
    "Q": -3.247835142648413,
    "R": -2.8139705600185505,
    "S": -2.7632774457030322,
    "T": -3.083158049834167,
    "V": -2.7186603802142257,
    "W": -4.780083416391383,
    "Y": -3.6719923837687296
  },
  "-4": {
    "A": -2.563990354750781,
    "C": -4.274988467334378,
    "D": -2.8843930243150964,
    "E": -2.7481828194805473,
    "F": -3.10432286102621,
    "G": -2.641699339078097,
    "H": -3.710458664596526,
    "I": -2.914896478608511,
    "K": -2.733312657001096,
    "L": -2.3095655040554823,
    "M": -3.9534048432069153,
    "N": -3.199633040830535,
    "P": -3.2294860039802162,
    "Q": -3.2055327629577235,
    "R": -3.047164447186262,
    "S": -2.7481828194805473,
    "T": -2.8631608042093224,
    "V": -2.50354900059728,
    "W": -4.697845318154411,
    "Y": -3.5232471225083795
  },
  "-3": {
    "A": -2.4058423344909023,
    "C": -4.11592377270469,
    "D": -2.9835733444047303,
    "E": -2.6383379913753924,
    "F": -3.4912443914222058,
    "G": -2.563990354750781,
    "H": -3.8580946634025906,
    "I": -2.974139312171372,
    "K": -2.7747498468652694,
    "L": -2.359080568582863,
    "M": -3.6080436591684566,
    "N": -3.26025766264697,
    "P": -3.2055327629577235,
    "Q": -3.3314851719353378,
    "R": -2.919331075676377,
    "S": -2.6899845802375593,
    "T": -2.7824718929591796,
    "V": -2.536338823420271,
    "W": -5.2909090401573735,
    "Y": -3.6910405787394245
  },
  "-2": {
    "A": -2.446553519547916,
    "C": -5.339699204326806,
    "D": -3.0779361058530155,
    "E": -2.7941679327223707,
    "F": -3.3115509570345205,
    "G": -2.693524406942683,
    "H": -3.653300250756577,
    "I": -2.867371336745666,
    "K": -2.5956385657015626,
    "L": -2.336494915934114,
    "M": -4.257894033975077,
    "N": -3.182139883383018,
    "P": -2.8843930243150964,
    "Q": -3.2416812770740346,
    "R": -2.8930137673590033,
    "S": -2.679439667060944,
    "T": -2.9418039315284354,
    "V": -2.4918870608494372,
    "W": -5.077334939859315,
    "Y": -3.6169326065857024
  },
  "-1": {
    "A": -2.4918870608494372,
    "C": -4.257894033975077,
    "D": -2.888694106214487,
    "E": -2.8464937517241107,
    "F": -3.27283644485383,
    "G": -2.533313102503734,
    "H": -3.6080436591684566,
    "I": -2.8060023903693736,
    "K": -2.867371336745666,
    "L": -2.4138530582369815,
    "M": -4.2410869156586966,
    "N": -3.0075553090912157,
    "P": -3.0727412889759114,
    "Q": -3.176376178666268,
    "R": -3.148045672040042,
    "S": -2.536338823420271,
    "T": -2.8139705600185505,
    "V": -2.740720098278958,
    "W": -4.671869831751151,
    "Y": -3.4912443914222058
  },
  "0": {
    "A": "-inf",
    "C": 0.0,
    "D": "-inf",
    "E": "-inf",
    "F": "-inf",
    "G": "-inf",
    "H": "-inf",
    "I": "-inf",
    "K": "-inf",
    "L": "-inf",
    "M": "-inf",
    "N": "-inf",
    "P": "-inf",
    "Q": "-inf",
    "R": "-inf",
    "S": "-inf",
    "T": "-inf",
    "V": "-inf",
    "W": "-inf",
    "Y": "-inf"
  },
  "+1": {
    "A": -2.7223033714927265,
    "C": -4.3651395643286754,
    "D": -2.7594823747344805,
    "E": -2.751935169099098,
    "F": -3.2294860039802162,
    "G": -2.576529704003516,
    "H": -3.710458664596526,
    "I": -2.875845963736638,
    "K": -2.8547925545388058,
    "L": -2.331544410774258,
    "M": -4.16104420798516,
    "N": -3.2055327629577235,
    "P": -2.697076808547051,
    "Q": -3.10432286102621,
    "R": -3.217437665464042,
    "S": -2.641699339078097,
    "T": -2.7114139716934584,
    "V": -2.7186603802142257,
    "W": -5.077334939859315,
    "Y": -3.7710832864129604
  },
  "+2": {
    "A": -2.598859180401605,
    "C": -5.199937261951647,
    "D": -2.946359748064296,
    "E": -2.704219696059431,
    "F": -3.3656181783047963,
    "G": -2.5956385657015626,
    "H": -3.5732575430830407,
    "I": -2.8260431412528195,
    "K": -2.8506345443901417,
    "L": -2.2418617078356613,
    "M": -4.058765358864742,
    "N": -3.3314851719353378,
    "P": -2.9418039315284354,
    "Q": -3.164947482842645,
    "R": -2.997893398179479,
    "S": -2.7670869741197,
    "T": -2.888694106214487,
    "V": -2.4005372822612094,
    "W": -4.86969557508107,
    "Y": -3.7710832864129604
  },
  "+3": {
    "A": -2.4327981444794307,
    "C": -4.257894033975077,
    "D": -2.923785426025757,
    "E": -2.7747498468652694,
    "F": -3.5232471225083795,
    "G": -2.6450720235567364,
    "H": -3.8245719713639468,
    "I": -2.9327540960085177,
    "K": -2.70781036419016,
    "L": -2.3900108692742217,
    "M": -3.881084181627289,
    "N": -3.115075652802472,
    "P": -2.906085848926356,