{
  "-10": {
    "A": -3.8744691179161412,
    "C": "-inf",
    "D": -4.459431618637297,
    "E": -1.7589919004962051,
    "F": "-inf",
    "G": -3.4594316186372973,
    "H": -4.459431618637297,
    "I": "-inf",
    "K": -3.4594316186372973,
    "L": -3.8744691179161412,
    "M": "-inf",
    "N": "-inf",
    "P": "-inf",
    "Q": -4.459431618637297,
    "R": -5.459431618637297,
    "S": -3.137503523749935,
    "T": "-inf",
    "V": -3.137503523749935,
    "W": "-inf",
    "Y": "-inf"
  },
  "-9": {
    "A": -3.8744691179161412,
    "C": -2.8744691179161412,
    "D": -3.4594316186372973,
    "E": -4.459431618637297,
    "F": -5.459431618637297,
    "G": -3.4594316186372973,
    "H": -4.459431618637297,
    "I": -4.459431618637297,
    "K": -3.8744691179161412,
    "L": -3.4594316186372973,
    "M": -5.459431618637297,
    "N": "-inf",
    "P": -5.459431618637297,
    "Q": -3.137503523749935,
    "R": -4.459431618637297,
    "S": "-inf",
    "T": -4.459431618637297,
    "V": -5.459431618637297,
    "W": "-inf",
    "Y": -5.459431618637297
  },
  "-8": {
    "A": -3.8744691179161412,
    "C": -5.459431618637297,
    "D": -3.8744691179161412,
    "E": -4.459431618637297,
    "F": -5.459431618637297,
    "G": "-inf",
    "H": -5.459431618637297,
    "I": -3.137503523749935,
    "K": -5.459431618637297,
    "L": -2.137503523749935,
    "M": -5.459431618637297,
    "N": -3.8744691179161412,
    "P": -4.459431618637297,
    "Q": -5.459431618637297,
    "R": -3.8744691179161412,
    "S": -5.459431618637297,
    "T": -3.4594316186372973,
    "V": -4.459431618637297,
    "W": "-inf",
    "Y": "-inf"
  },
  "-7": {
    "A": -4.459431618637297,
    "C": "-inf",
    "D": -2.8744691179161412,
    "E": -3.137503523749935,
    "F": -5.459431618637297,
    "G": -3.4594316186372973,
    "H": "-inf",
    "I": -4.459431618637297,
    "K": -3.8744691179161412,
    "L": -3.8744691179161412,
    "M": -4.459431618637297,
    "N": "-inf",
    "P": -5.459431618637297,
    "Q": "-inf",
    "R": -2.4594316186372973,
    "S": -4.459431618637297,
    "T": -5.459431618637297,
    "V": "-inf",
    "W": -5.459431618637297,
    "Y": -3.8744691179161412
  },
  "-6": {
    "A": -2.2895066171949847,
    "C": "-inf",
    "D": -4.459431618637297,
    "E": -3.4594316186372973,
    "F": "-inf",
    "G": -2.0,
    "H": "-inf",
    "I": -4.459431618637297,
    "K": -5.459431618637297,
    "L": -3.8744691179161412,
    "M": "-inf",
    "N": -4.459431618637297,
    "P": -3.4594316186372973,
    "Q": "-inf",
    "R": -5.459431618637297,
    "S": -4.459431618637297,
    "T": -4.459431618637297,
    "V": "-inf",
    "W": "-inf",
    "Y": -5.459431618637297
  },
  "-5": {
    "A": -5.459431618637297,
    "C": "-inf",
    "D": -5.459431618637297,
    "E": "-inf",
    "F": -5.459431618637297,
    "G": -1.0671141958585368,
    "H": -3.8744691179161412,
    "I": -5.459431618637297,
    "K": -4.459431618637297,
    "L": -3.8744691179161412,
    "M": "-inf",
    "N": "-inf",
    "P": -3.4594316186372973,
    "Q": "-inf",
    "R": -3.8744691179161412,
    "S": -4.459431618637297,
    "T": "-inf",
    "V": -4.459431618637297,
    "W": "-inf",
    "Y": "-inf"
  },
  "-4": {
    "A": -1.7589919004962051,
    "C": "-inf",
    "D": -5.459431618637297,
    "E": "-inf",
    "F": -5.459431618637297,
    "G": -5.459431618637297,
    "H": -5.459431618637297,
    "I": -2.8744691179161412,
    "K": "-inf",
    "L": -2.652076696579693,
    "M": "-inf",
    "N": -4.459431618637297,
    "P": "-inf",
    "Q": "-inf",
    "R": -5.459431618637297,
    "S": -5.459431618637297,
    "T": -4.459431618637297,
    "V": -2.652076696579693,
    "W": "-inf",
    "Y": -5.459431618637297
  },
  "-3": {
    "A": -3.4594316186372973,
    "C": "-inf",
    "D": -2.137503523749935,
    "E": -5.459431618637297,
    "F": -5.459431618637297,
    "G": -3.137503523749935,
    "H": "-inf",
    "I": -3.4594316186372973,
    "K": "-inf",
    "L": -5.459431618637297,
    "M": -5.459431618637297,
    "N": -4.459431618637297,
    "P": "-inf",
    "Q": "-inf",
    "R": -5.459431618637297,
    "S": -3.137503523749935,
    "T": -3.8744691179161412,
    "V": -2.8744691179161412,
    "W": "-inf",
    "Y": "-inf"
  },
  "-2": {
    "A": -3.8744691179161412,
    "C": -5.459431618637297,
    "D": "-inf",
    "E": "-inf",
    "F": -2.2895066171949847,
    "G": -2.137503523749935,
    "H": -4.459431618637297,
    "I": -3.8744691179161412,
    "K": -5.459431618637297,
    "L": -5.459431618637297,
    "M": "-inf",
    "N": -5.459431618637297,
    "P": "-inf",
    "Q": "-inf",
    "R": -5.459431618637297,
    "S": -3.137503523749935,
    "T": -3.4594316186372973,
    "V": "-inf",
    "W": -4.459431618637297,
    "Y": -5.459431618637297
  },
  "-1": {
    "A": -4.459431618637297,
    "C": "-inf",
    "D": "-inf",
    "E": -5.459431618637297,
    "F": -2.2895066171949847,
    "G": "-inf",
    "H": -5.459431618637297,
    "I": -2.8744691179161412,
    "K": "-inf",
    "L": -2.137503523749935,
    "M": -3.8744691179161412,
    "N": "-inf",
    "P": "-inf",
    "Q": "-inf",
    "R": "-inf",
    "S": "-inf",
    "T": -2.8744691179161412,
    "V": -3.137503523749935,
    "W": "-inf",
    "Y": -5.459431618637297
  },
  "0": {
    "A": "-inf",
    "C": "-inf",
    "D": "-inf",
    "E": "-inf",
    "F": "-inf",
    "G": "-inf",
    "H": "-inf",
    "I": "-inf",
    "K": 0.0,
    "L": "-inf",
    "M": "-inf",
    "N": "-inf",
    "P": "-inf",
    "Q": "-inf",
    "R": "-inf",
    "S": "-inf",
    "T": "-inf",
    "V": "-inf",
    "W": "-inf",
    "Y": "-inf"
  },
  "+1": {
    "A": -3.137503523749935,
    "C": -4.459431618637297,
    "D": -2.0,
    "E": "-inf",
    "F": "-inf",
    "G": "-inf",
    "H": "-inf",
    "I": -2.137503523749935,
    "K": "-inf",
    "L": -3.4594316186372973,
    "M": -3.4594316186372973,
    "N": -5.459431618637297,
    "P": "-inf",
    "Q": "-inf",
    "R": "-inf",
    "S": -5.459431618637297,
    "T": "-inf",
    "V": -3.137503523749935,
    "W": -5.459431618637297,
    "Y": "-inf"
  },
  "+2": {
    "A": -3.137503523749935,
    "C": "-inf",
    "D": -1.6520766965796931,
    "E": "-inf",
    "F": -3.137503523749935,
    "G": -3.8744691179161412,
    "H": -3.137503523749935,
    "I": "-inf",
    "K": "-inf",
    "L": -5.459431618637297,
    "M": -3.8744691179161412,
    "N": "-inf",
    "P": -4.459431618637297,
    "Q": "-inf",
    "R": -4.459431618637297,
    "S": "-inf",
    "T": -5.459431618637297,
    "V": "-inf",
    "W": "-inf",
    "Y": -3.8744691179161412
  },
  "+3": {
    "A": -3.4594316186372973,
    "C": "-inf",
    "D": -5.459431618637297,
    "E": -1.5525410230287788,
    "F": "-inf",
    "G": "-inf",
    "H": -5.459431618637297,
    "I": -3.8744691179161412,
    "K": "-inf",
    "L": -3.4594316186372973,
    "M": -2.652076696579693,
    "N": -5.459431618637297,
    "P": -5.459431618637297,
    "Q": "-inf",
    "R": "-inf",
    "S": -4.459431618637297,
    "T": -3.137503523749935,
    "V": "-inf",
    "W": "-inf",
    "Y": "-inf"
  },
  "+4": {
    "A": -2.137503523749935,
    "C": "-inf",
    "D": -2.8744691179161412,
    "E": "-inf",
    "F": -5.459431618637297,
    "G": -2.8744691179161412,
    "H": "-inf",
    "I": -4.459431618637297,
    "K": "-inf",
    "L": "-inf",
    "M": "-inf",
    "N": -2.2895066171949847,
    "P": -5.459431618637297,
    "Q": "-inf",
    "R": "-inf",
    "S": -3.4594316186372973,
    "T": -3.4594316186372973,
    "V": "-inf",
    "W": "-inf",
    "Y": -5.459431618637297
  },
  "+5": {
    "A": -5.459431618637297,
    "C": "-inf",
    "D": -5.459431618637297,
    "E": -4.459431618637297,
    "F": "-inf",
    "G": -4.459431618637297,
    "H": -5.459431618637297,
    "I": -3.8744691179161412,
    "K": -5.459431618637297,
    "L": -2.8744691179161412,
    "M": -3.137503523749935,
    "N": -5.459431618637297,
    "P": "-inf",
    "Q": -5.459431618637297,
    "R": -4.459431618637297,
    "S": -5.459431618637297,
    "T": "-inf",
    "V": -2.8744691179161412,
    "W": -3.137503523749935,