{
  "-10": {
    "A": -3.7925579201295236,
    "C": -6.599912842187128,
    "D": -4.277984747299765,
    "E": -3.7925579201295236,
    "F": -4.599912842187128,
    "G": -3.429987840744815,
    "H": -5.014950341465972,
    "I": -5.599912842187128,
    "K": -3.1404812235498305,
    "L": -3.7925579201295236,
    "M": -4.599912842187128,
    "N": -4.599912842187128,
    "P": -3.429987840744815,
    "Q": -5.014950341465972,
    "R": -4.599912842187128,
    "S": "-inf",
    "T": -4.277984747299765,
    "V": -4.277984747299765,
    "W": "-inf",
    "Y": -5.599912842187128
  },
  "-9": {
    "A": -4.599912842187128,
    "C": -5.599912842187128,
    "D": -3.7925579201295236,
    "E": -4.599912842187128,
    "F": -5.014950341465972,
    "G": -4.277984747299765,
    "H": -4.277984747299765,
    "I": -6.599912842187128,
    "K": -3.599912842187128,
    "L": -3.1404812235498305,
    "M": -5.599912842187128,
    "N": -5.599912842187128,
    "P": -3.7925579201295236,
    "Q": -4.277984747299765,
    "R": -5.599912842187128,
    "S": -3.429987840744815,
    "T": -5.014950341465972,
    "V": -3.7925579201295236,
    "W": -5.599912842187128,
    "Y": -5.014950341465972
  },
  "-8": {
    "A": -3.7925579201295236,
    "C": -6.599912842187128,
    "D": -5.599912842187128,
    "E": -4.599912842187128,
    "F": -5.014950341465972,
    "G": -4.277984747299765,
    "H": "-inf",
    "I": -5.014950341465972,
    "K": -3.599912842187128,
    "L": -3.0149503414659713,
    "M": -4.599912842187128,
    "N": -5.014950341465972,
    "P": -4.277984747299765,
    "Q": -4.599912842187128,
    "R": -4.599912842187128,
    "S": -3.277984747299765,
    "T": -4.277984747299765,
    "V": -3.277984747299765,
    "W": "-inf",
    "Y": -5.014950341465972
  },
  "-7": {
    "A": -3.0149503414659713,
    "C": -5.599912842187128,
    "D": -4.277984747299765,
    "E": -5.014950341465972,
    "F": -5.014950341465972,
    "G": -4.014950341465972,
    "H": -3.7925579201295236,
    "I": "-inf",
    "K": -3.1404812235498305,
    "L": -3.599912842187128,
    "M": -4.599912842187128,
    "N": -3.599912842187128,
    "P": -5.599912842187128,
    "Q": -4.599912842187128,
    "R": -4.599912842187128,
    "S": -4.599912842187128,
    "T": -4.599912842187128,
    "V": -3.7925579201295236,
    "W": "-inf",
    "Y": "-inf"
  },
  "-6": {
    "A": -3.7925579201295236,
    "C": -5.599912842187128,
    "D": -6.599912842187128,
    "E": -3.277984747299765,
    "F": -5.014950341465972,
    "G": -5.599912842187128,
    "H": -5.014950341465972,
    "I": -4.599912842187128,
    "K": -3.429987840744815,
    "L": -2.7925579201295236,
    "M": "-inf",
    "N": -4.599912842187128,
    "P": -4.599912842187128,
    "Q": "-inf",
    "R": -5.014950341465972,
    "S": -3.429987840744815,
    "T": -5.599912842187128,
    "V": -2.693022246578609,
    "W": "-inf",
    "Y": -5.599912842187128
  },
  "-5": {
    "A": -4.277984747299765,
    "C": "-inf",
    "D": -4.014950341465972,
    "E": -2.599912842187128,
    "F": -4.014950341465972,
    "G": -5.014950341465972,
    "H": -5.599912842187128,
    "I": -5.599912842187128,
    "K": -3.7925579201295236,
    "L": -3.7925579201295236,
    "M": -6.599912842187128,
    "N": -4.599912842187128,
    "P": -4.599912842187128,
    "Q": -3.7925579201295236,
    "R": -5.599912842187128,
    "S": -3.599912842187128,
    "T": -4.014950341465972,
    "V": -4.277984747299765,
    "W": -6.599912842187128,
    "Y": -5.599912842187128
  },
  "-4": {
    "A": -3.277984747299765,
    "C": -6.599912842187128,
    "D": -5.599912842187128,
    "E": -3.7925579201295236,
    "F": -3.7925579201295236,
    "G": -4.277984747299765,
    "H": -4.277984747299765,
    "I": -6.599912842187128,
    "K": -4.014950341465972,
    "L": -3.599912842187128,
    "M": -5.599912842187128,
    "N": -5.014950341465972,
    "P": -4.599912842187128,
    "Q": -5.014950341465972,
    "R": -3.599912842187128,
    "S": -3.429987840744815,
    "T": -3.7925579201295236,
    "V": -4.277984747299765,
    "W": "-inf",
    "Y": -5.599912842187128
  },
  "-3": {
    "A": -3.7925579201295236,
    "C": -6.599912842187128,
    "D": -4.277984747299765,
    "E": -3.1404812235498305,
    "F": -5.599912842187128,
    "G": -3.599912842187128,
    "H": -4.599912842187128,
    "I": -5.014950341465972,
    "K": -4.277984747299765,
    "L": -3.429987840744815,
    "M": -6.599912842187128,
    "N": -5.014950341465972,
    "P": -3.599912842187128,
    "Q": -4.599912842187128,
    "R": -4.277984747299765,
    "S": -3.599912842187128,
    "T": -5.014950341465972,
    "V": -4.277984747299765,
    "W": -6.599912842187128,
    "Y": -5.599912842187128
  },
  "-2": {
    "A": -3.7925579201295236,
    "C": -4.599912842187128,
    "D": -4.599912842187128,
    "E": -3.1404812235498305,
    "F": -4.014950341465972,
    "G": -4.277984747299765,
    "H": -6.599912842187128,
    "I": -4.599912842187128,
    "K": -3.7925579201295236,
    "L": -3.599912842187128,
    "M": -5.014950341465972,
    "N": -4.599912842187128,
    "P": -4.277984747299765,
    "Q": -4.599912842187128,
    "R": -3.7925579201295236,
    "S": -6.599912842187128,
    "T": -4.599912842187128,
    "V": -4.014950341465972,
    "W": -4.599912842187128,
    "Y": -5.599912842187128
  },
  "-1": {
    "A": -3.599912842187128,
    "C": -4.599912842187128,
    "D": -6.599912842187128,
    "E": -3.429987840744815,
    "F": -4.277984747299765,
    "G": -2.7925579201295236,
    "H": -5.014950341465972,
    "I": -6.599912842187128,
    "K": -3.277984747299765,
    "L": -3.7925579201295236,
    "M": "-inf",
    "N": -4.599912842187128,
    "P": -5.014950341465972,
    "Q": -6.599912842187128,
    "R": -6.599912842187128,
    "S": -3.429987840744815,
    "T": -4.277984747299765,
    "V": -4.277984747299765,
    "W": -5.599912842187128,
    "Y": -4.277984747299765
  },
  "0": {
    "A": "-inf",
    "C": "-inf",
    "D": "-inf",
    "E": "-inf",
    "F": "-inf",
    "G": "-inf",
    "H": "-inf",
    "I": "-inf",
    "K": 0.0,
    "L": "-inf",
    "M": "-inf",
    "N": "-inf",
    "P": "-inf",
    "Q": "-inf",
    "R": "-inf",
    "S": "-inf",
    "T": "-inf",
    "V": "-inf",
    "W": "-inf",
    "Y": "-inf"
  },
  "+1": {
    "A": -3.7925579201295236,
    "C": -5.014950341465972,
    "D": -3.277984747299765,
    "E": -4.014950341465972,
    "F": -5.599912842187128,
    "G": -3.7925579201295236,
    "H": -4.277984747299765,
    "I": -3.7925579201295236,
    "K": -4.014950341465972,
    "L": -4.277984747299765,
    "M": -6.599912842187128,
    "N": -5.599912842187128,
    "P": -4.014950341465972,
    "Q": -5.014950341465972,
    "R": -5.014950341465972,
    "S": -4.277984747299765,
    "T": -4.277984747299765,
    "V": -3.277984747299765,
    "W": -6.599912842187128,
    "Y": -5.014950341465972
  },
  "+2": {
    "A": -3.7925579201295236,
    "C": -5.599912842187128,
    "D": -4.277984747299765,
    "E": -3.277984747299765,
    "F": -4.599912842187128,
    "G": -4.014950341465972,
    "H": -5.599912842187128,
    "I": -5.014950341465972,
    "K": -4.599912842187128,
    "L": -2.7925579201295236,
    "M": -5.599912842187128,
    "N": -4.277984747299765,
    "P": -5.014950341465972,
    "Q": -5.014950341465972,
    "R": -4.599912842187128,
    "S": -5.599912842187128,
    "T": -3.7925579201295236,
    "V": -3.429987840744815,
    "W": -6.599912842187128,
    "Y": -4.599912842187128
  },
  "+3": {
    "A": -3.7925579201295236,
    "C": -5.014950341465972,
    "D": -5.014950341465972,
    "E": -3.7925579201295236,
    "F": -3.7925579201295236,
    "G": -4.599912842187128,
    "H": -5.014950341465972,
    "I": -6.599912842187128,
    "K": -5.599912842187128,
    "L": -3.7925579201295236,
    "M": -5.014950341465972,
    "N": -5.014950341465972,
    "P": -3.599912842187128,
    "Q": -6.599912842187128,
    "R": -4.277984747299765,
    "S": -3.277984747299765,
    "T": -4.277984747299765,
    "V": -2.8994731240460356,
    "W": -6.599912842187128,
    "Y": -5.014950341465972
  },
  "+4": {
    "A": -3.277984747299765,