{
  "-10": {
    "A": -3.1780538303479458,
    "C": -3.1780538303479458,
    "D": -3.871201010907891,
    "E": -2.4849066497880004,
    "F": -2.772588722239781,
    "G": -2.0794415416798357,
    "H": -3.1780538303479458,
    "I": "-inf",
    "K": -2.772588722239781,
    "L": -2.2617630984737906,
    "M": "-inf",
    "N": -3.871201010907891,
    "P": -1.9252908618525775,
    "Q": -2.772588722239781,
    "R": -2.772588722239781,
    "S": -2.4849066497880004,
    "T": -3.871201010907891,
    "V": -3.871201010907891,
    "W": "-inf",
    "Y": "-inf"
  },
  "-9": {
    "A": -2.0794415416798357,
    "C": "-inf",
    "D": -3.1780538303479458,
    "E": -1.9252908618525775,
    "F": -3.871201010907891,
    "G": -2.2617630984737906,
    "H": -3.871201010907891,
    "I": -3.871201010907891,
    "K": -3.1780538303479458,
    "L": -3.1780538303479458,
    "M": -3.1780538303479458,
    "N": "-inf",
    "P": -1.791759469228055,
    "Q": -3.1780538303479458,
    "R": -3.871201010907891,
    "S": -2.772588722239781,
    "T": -2.772588722239781,
    "V": -3.871201010907891,
    "W": "-inf",
    "Y": -3.871201010907891
  },
  "-8": {
    "A": -3.871201010907891,
    "C": -3.871201010907891,
    "D": -2.772588722239781,
    "E": -3.871201010907891,
    "F": -3.1780538303479458,
    "G": -2.2617630984737906,
    "H": -3.1780538303479458,
    "I": -3.1780538303479458,
    "K": -3.1780538303479458,
    "L": -2.4849066497880004,
    "M": -3.871201010907891,
    "N": -2.4849066497880004,
    "P": -2.4849066497880004,
    "Q": -3.1780538303479458,
    "R": -2.4849066497880004,
    "S": -2.0794415416798357,
    "T": -3.871201010907891,
    "V": -3.1780538303479458,
    "W": "-inf",
    "Y": -3.871201010907891
  },
  "-7": {
    "A": -2.4849066497880004,
    "C": "-inf",
    "D": -2.4849066497880004,
    "E": -2.772588722239781,
    "F": "-inf",
    "G": -3.1780538303479458,
    "H": "-inf",
    "I": "-inf",
    "K": -3.871201010907891,
    "L": -3.1780538303479458,
    "M": -3.871201010907891,
    "N": -2.772588722239781,
    "P": -1.791759469228055,
    "Q": -3.1780538303479458,
    "R": -2.2617630984737906,
    "S": -2.0794415416798357,
    "T": -2.2617630984737906,
    "V": -3.1780538303479458,
    "W": "-inf",
    "Y": "-inf"
  },
  "-6": {
    "A": -2.2617630984737906,
    "C": "-inf",
    "D": -3.1780538303479458,
    "E": -2.2617630984737906,
    "F": -3.1780538303479458,
    "G": -3.1780538303479458,
    "H": -3.871201010907891,
    "I": -3.871201010907891,
    "K": -3.1780538303479458,
    "L": -3.1780538303479458,
    "M": -3.871201010907891,
    "N": -2.4849066497880004,
    "P": -2.2617630984737906,
    "Q": -2.4849066497880004,
    "R": -3.1780538303479458,
    "S": -1.9252908618525775,
    "T": "-inf",
    "V": -3.871201010907891,
    "W": "-inf",
    "Y": -3.1780538303479458
  },
  "-5": {
    "A": -2.772588722239781,
    "C": -3.871201010907891,
    "D": -3.1780538303479458,
    "E": -3.1780538303479458,
    "F": "-inf",
    "G": -2.0794415416798357,
    "H": -3.1780538303479458,
    "I": -3.871201010907891,
    "K": -2.2617630984737906,
    "L": -2.772588722239781,
    "M": "-inf",
    "N": "-inf",
    "P": -2.772588722239781,
    "Q": "-inf",
    "R": -1.6739764335716716,
    "S": -2.2617630984737906,
    "T": -3.1780538303479458,
    "V": -3.871201010907891,
    "W": "-inf",
    "Y": -2.772588722239781
  },
  "-4": {
    "A": -3.871201010907891,
    "C": "-inf",
    "D": -3.1780538303479458,
    "E": -2.4849066497880004,
    "F": -3.1780538303479458,
    "G": -2.2617630984737906,
    "H": "-inf",
    "I": -2.772588722239781,
    "K": -2.4849066497880004,
    "L": -2.4849066497880004,
    "M": -3.871201010907891,
    "N": -3.871201010907891,
    "P": -2.772588722239781,
    "Q": -2.4849066497880004,
    "R": -2.772588722239781,
    "S": -1.791759469228055,
    "T": -3.1780538303479458,
    "V": "-inf",
    "W": "-inf",
    "Y": -3.871201010907891
  },
  "-3": {
    "A": -2.0794415416798357,
    "C": "-inf",
    "D": -2.4849066497880004,
    "E": -3.871201010907891,
    "F": -3.871201010907891,
    "G": -3.871201010907891,
    "H": -3.1780538303479458,
    "I": -3.871201010907891,
    "K": -2.772588722239781,
    "L": -3.871201010907891,
    "M": -3.1780538303479458,
    "N": -3.871201010907891,
    "P": -1.9252908618525775,
    "Q": -3.871201010907891,
    "R": -1.3862943611198906,
    "S": "-inf",
    "T": -3.1780538303479458,
    "V": -3.871201010907891,
    "W": -3.1780538303479458,
    "Y": "-inf"
  },
  "-2": {
    "A": -2.772588722239781,
    "C": -3.871201010907891,
    "D": "-inf",
    "E": -2.772588722239781,
    "F": -3.871201010907891,
    "G": -1.9252908618525775,
    "H": -3.1780538303479458,
    "I": -3.871201010907891,
    "K": -3.871201010907891,
    "L": -3.871201010907891,
    "M": "-inf",
    "N": -3.871201010907891,
    "P": -3.871201010907891,
    "Q": -2.2617630984737906,
    "R": -1.4733057381095205,
    "S": -2.4849066497880004,
    "T": -2.4849066497880004,
    "V": -3.1780538303479458,
    "W": "-inf",
    "Y": "-inf"
  },
  "-1": {
    "A": -2.4849066497880004,
    "C": -3.871201010907891,
    "D": -2.772588722239781,
    "E": -3.871201010907891,
    "F": -2.772588722239781,
    "G": -3.1780538303479458,
    "H": -3.1780538303479458,
    "I": -3.871201010907891,
    "K": -2.772588722239781,
    "L": -2.4849066497880004,
    "M": -3.871201010907891,
    "N": -3.1780538303479458,
    "P": -3.1780538303479458,
    "Q": -3.871201010907891,
    "R": -3.1780538303479458,
    "S": -2.772588722239781,
    "T": -2.0794415416798357,
    "V": -2.772588722239781,
    "W": "-inf",
    "Y": -2.4849066497880004
  },
  "0": {
    "A": "-inf",
    "C": "-inf",
    "D": "-inf",
    "E": "-inf",
    "F": "-inf",
    "G": "-inf",
    "H": "-inf",
    "I": "-inf",
    "K": "-inf",
    "L": "-inf",
    "M": "-inf",
    "N": "-inf",
    "P": "-inf",
    "Q": "-inf",
    "R": "-inf",
    "S": 0.0,
    "T": "-inf",
    "V": "-inf",
    "W": "-inf",
    "Y": "-inf"
  },
  "+1": {
    "A": -2.4849066497880004,
    "C": "-inf",
    "D": -2.772588722239781,
    "E": -3.871201010907891,
    "F": -2.2617630984737906,
    "G": "-inf",
    "H": "-inf",
    "I": -3.871201010907891,
    "K": -2.772588722239781,
    "L": -2.772588722239781,
    "M": -3.871201010907891,
    "N": "-inf",
    "P": -1.3862943611198906,
    "Q": -2.772588722239781,
    "R": -3.871201010907891,
    "S": -2.4849066497880004,
    "T": "-inf",
    "V": -2.772588722239781,
    "W": "-inf",
    "Y": -2.4849066497880004
  },
  "+2": {
    "A": -2.772588722239781,
    "C": -3.871201010907891,
    "D": -3.1780538303479458,
    "E": -2.0794415416798357,
    "F": -3.871201010907891,
    "G": -3.1780538303479458,
    "H": -3.871201010907891,
    "I": -3.871201010907891,
    "K": "-inf",
    "L": -3.1780538303479458,
    "M": "-inf",
    "N": -3.871201010907891,
    "P": -2.2617630984737906,
    "Q": -2.772588722239781,
    "R": -2.772588722239781,
    "S": -1.9252908618525775,
    "T": -3.1780538303479458,
    "V": -1.791759469228055,
    "W": "-inf",
    "Y": "-inf"
  },
  "+3": {
    "A": -2.2617630984737906,
    "C": "-inf",
    "D": -2.2617630984737906,
    "E": -2.4849066497880004,
    "F": "-inf",
    "G": -2.4849066497880004,
    "H": -3.871201010907891,
    "I": "-inf",
    "K": -2.772588722239781,
    "L": -3.871201010907891,
    "M": -2.772588722239781,
    "N": -3.871201010907891,
    "P": -2.0794415416798357,
    "Q": "-inf",
    "R": -3.1780538303479458,
    "S": -3.1780538303479458,
    "T": -2.2617630984737906,
    "V": -2.4849066497880004,
    "W": "-inf",
    "Y": -3.1780538303479458
  },
  "+4": {
    "A": -2.772588722239781,
    "C": "-inf",
    "D": -3.871201010907891,
    "E": -3.871201010907891,
    "F": "-inf",
    "G": -3.1780538303479458,
    "H": "-inf",
    "I": "-inf",
    "K": -3.871201010907891,
    "L": -2.4849066497880004,
    "M": "-inf",
    "N": -3.1780538303479458,
    "P": -1.9252908618525775,
    "Q": -3.1780538303479458,
    "R": -2.772588722239781,