{
  "-10": {
    "A": -2.847812143477369,
    "C": "-inf",
    "D": -2.2881963555419462,
    "E": -2.847812143477369,
    "F": -4.23410650459726,
    "G": -2.03688192726104,
    "H": -4.23410650459726,
    "I": -2.847812143477369,
    "K": -4.23410650459726,
    "L": -2.4423470353692043,
    "M": -3.1354942159291497,
    "N": -3.5409593240373143,
    "P": -2.847812143477369,
    "Q": -3.1354942159291497,
    "R": -3.5409593240373143,
    "S": -2.1546649629174235,
    "T": -2.847812143477369,
    "V": -2.624668592163159,
    "W": "-inf",
    "Y": -4.23410650459726
  },
  "-9": {
    "A": -2.624668592163159,
    "C": -4.23410650459726,
    "D": -2.4423470353692043,
    "E": -2.624668592163159,
    "F": "-inf",
    "G": -3.1354942159291497,
    "H": -3.5409593240373143,
    "I": -3.5409593240373143,
    "K": -1.749199854809259,
    "L": -2.1546649629174235,
    "M": -3.1354942159291497,
    "N": -4.23410650459726,
    "P": -2.847812143477369,
    "Q": -4.23410650459726,
    "R": -4.23410650459726,
    "S": -2.1546649629174235,
    "T": -2.847812143477369,
    "V": -4.23410650459726,
    "W": "-inf",
    "Y": -3.5409593240373143
  },
  "-8": {
    "A": -2.847812143477369,
    "C": "-inf",
    "D": -2.624668592163159,
    "E": -2.624668592163159,
    "F": -2.847812143477369,
    "G": -2.624668592163159,
    "H": -4.23410650459726,
    "I": -3.5409593240373143,
    "K": -3.1354942159291497,
    "L": -2.847812143477369,
    "M": -3.5409593240373143,
    "N": -4.23410650459726,
    "P": -2.2881963555419462,
    "Q": -3.1354942159291497,
    "R": -2.847812143477369,
    "S": -2.1546649629174235,
    "T": -3.1354942159291497,
    "V": -2.624668592163159,
    "W": "-inf",
    "Y": -3.1354942159291497
  },
  "-7": {
    "A": -3.1354942159291497,
    "C": -3.1354942159291497,
    "D": -2.624668592163159,
    "E": -2.847812143477369,
    "F": -3.1354942159291497,
    "G": -3.5409593240373143,
    "H": -3.5409593240373143,
    "I": -3.5409593240373143,
    "K": -2.847812143477369,
    "L": -2.847812143477369,
    "M": -4.23410650459726,
    "N": -3.1354942159291497,
    "P": -2.4423470353692043,
    "Q": "-inf",
    "R": -2.03688192726104,
    "S": -2.2881963555419462,
    "T": -3.5409593240373143,
    "V": -3.1354942159291497,
    "W": "-inf",
    "Y": -2.4423470353692043
  },
  "-6": {
    "A": -3.5409593240373143,
    "C": "-inf",
    "D": -2.847812143477369,
    "E": -2.4423470353692043,
    "F": "-inf",
    "G": -2.847812143477369,
    "H": -3.5409593240373143,
    "I": -2.624668592163159,
    "K": -2.2881963555419462,
    "L": -2.2881963555419462,
    "M": -3.1354942159291497,
    "N": -3.1354942159291497,
    "P": -3.5409593240373143,
    "Q": -3.5409593240373143,
    "R": -3.5409593240373143,
    "S": -2.624668592163159,
    "T": -2.1546649629174235,
    "V": -2.847812143477369,
    "W": -3.5409593240373143,
    "Y": -4.23410650459726
  },
  "-5": {
    "A": -2.4423470353692043,
    "C": "-inf",
    "D": -2.03688192726104,
    "E": -2.03688192726104,
    "F": -3.5409593240373143,
    "G": -3.1354942159291497,
    "H": -3.5409593240373143,
    "I": -2.03688192726104,
    "K": -4.23410650459726,
    "L": -3.5409593240373143,
    "M": -2.847812143477369,
    "N": -3.1354942159291497,
    "P": -3.5409593240373143,
    "Q": -2.624668592163159,
    "R": -4.23410650459726,
    "S": -2.624668592163159,
    "T": -3.5409593240373143,
    "V": -3.5409593240373143,
    "W": "-inf",
    "Y": -3.5409593240373143
  },
  "-4": {
    "A": -3.5409593240373143,
    "C": "-inf",
    "D": -2.4423470353692043,
    "E": -1.3437347467010947,
    "F": -3.5409593240373143,
    "G": -2.624668592163159,
    "H": -4.23410650459726,
    "I": -3.5409593240373143,
    "K": -2.847812143477369,
    "L": -4.23410650459726,
    "M": "-inf",
    "N": -3.1354942159291497,
    "P": -4.23410650459726,
    "Q": -3.1354942159291497,
    "R": -3.1354942159291497,
    "S": -2.1546649629174235,
    "T": -2.2881963555419462,
    "V": -3.5409593240373143,
    "W": "-inf",
    "Y": -4.23410650459726
  },
  "-3": {
    "A": -4.23410650459726,
    "C": "-inf",
    "D": -1.5950491749820006,
    "E": -1.749199854809259,
    "F": -3.5409593240373143,
    "G": -2.2881963555419462,
    "H": "-inf",
    "I": "-inf",
    "K": -2.2881963555419462,
    "L": -4.23410650459726,
    "M": -4.23410650459726,
    "N": -2.4423470353692043,
    "P": -3.5409593240373143,
    "Q": -3.5409593240373143,
    "R": -3.1354942159291497,
    "S": -2.4423470353692043,
    "T": -2.847812143477369,
    "V": -4.23410650459726,
    "W": "-inf",
    "Y": "-inf"
  },
  "-2": {
    "A": -3.5409593240373143,
    "C": -4.23410650459726,
    "D": -2.2881963555419462,
    "E": -2.1546649629174235,
    "F": "-inf",
    "G": -2.2881963555419462,
    "H": -4.23410650459726,
    "I": -3.5409593240373143,
    "K": -3.5409593240373143,
    "L": -2.847812143477369,
    "M": "-inf",
    "N": -2.2881963555419462,
    "P": -2.4423470353692043,
    "Q": "-inf",
    "R": -4.23410650459726,
    "S": -2.4423470353692043,
    "T": -2.624668592163159,
    "V": -2.03688192726104,
    "W": "-inf",
    "Y": -4.23410650459726
  },
  "-1": {
    "A": "-inf",
    "C": "-inf",
    "D": -1.9315214116032136,
    "E": -1.5260563034950494,
    "F": -4.23410650459726,
    "G": -3.1354942159291497,
    "H": -2.624668592163159,
    "I": -2.624668592163159,
    "K": "-inf",
    "L": -3.5409593240373143,
    "M": -4.23410650459726,
    "N": -2.624668592163159,
    "P": -4.23410650459726,
    "Q": -2.624668592163159,
    "R": -4.23410650459726,
    "S": -3.1354942159291497,
    "T": -2.847812143477369,
    "V": -2.847812143477369,
    "W": "-inf",
    "Y": -2.847812143477369
  },
  "0": {
    "A": "-inf",
    "C": "-inf",
    "D": "-inf",
    "E": "-inf",
    "F": "-inf",
    "G": "-inf",
    "H": "-inf",
    "I": "-inf",
    "K": "-inf",
    "L": "-inf",
    "M": "-inf",
    "N": "-inf",
    "P": "-inf",
    "Q": "-inf",
    "R": "-inf",
    "S": "-inf",
    "T": "-inf",
    "V": "-inf",
    "W": "-inf",
    "Y": 0.0
  },
  "+1": {
    "A": -2.4423470353692043,
    "C": "-inf",
    "D": -4.23410650459726,
    "E": -3.1354942159291497,
    "F": "-inf",
    "G": -3.1354942159291497,
    "H": "-inf",
    "I": -2.4423470353692043,
    "K": -3.5409593240373143,
    "L": -2.03688192726104,
    "M": -3.1354942159291497,
    "N": "-inf",
    "P": "-inf",
    "Q": -2.847812143477369,
    "R": -4.23410650459726,
    "S": -2.624668592163159,
    "T": -1.836211231798889,
    "V": -1.9315214116032136,
    "W": "-inf",
    "Y": -2.624668592163159
  },
  "+2": {
    "A": -1.9315214116032136,
    "C": -4.23410650459726,
    "D": -2.624668592163159,
    "E": -2.4423470353692043,
    "F": "-inf",
    "G": -3.5409593240373143,
    "H": -3.5409593240373143,
    "I": -3.1354942159291497,
    "K": -2.624668592163159,
    "L": -4.23410650459726,
    "M": "-inf",
    "N": -3.1354942159291497,
    "P": -2.847812143477369,
    "Q": -2.4423470353692043,
    "R": -3.5409593240373143,
    "S": -2.847812143477369,
    "T": -2.624668592163159,
    "V": -2.1546649629174235,
    "W": -4.23410650459726,
    "Y": -4.23410650459726
  },
  "+3": {
    "A": -3.5409593240373143,
    "C": -4.23410650459726,
    "D": -4.23410650459726,
    "E": -4.23410650459726,
    "F": -4.23410650459726,
    "G": -3.5409593240373143,
    "H": -3.5409593240373143,
    "I": -2.847812143477369,
    "K": -2.847812143477369,
    "L": -2.03688192726104,
    "M": -2.847812143477369,
    "N": -4.23410650459726,
    "P": -2.2881963555419462,
    "Q": -3.1354942159291497,
    "R": -2.624668592163159,
    "S": -3.1354942159291497,
    "T": -3.5409593240373143,
    "V": -1.4008931605410433,
    "W": "-inf",
    "Y": "-inf"
  },
  "+4": {
    "A": -3.1354942159291497,
    "C": -4.23410650459726,
    "D": -1.9315214116032136,
    "E": -2.1546649629174235,
    "F": "-inf",
    "G": -3.1354942159291497,
    "H": -4.23410650459726,
    "I": -3.1354942159291497,
    "K": -2.847812143477369,
    "L": -3.1354942159291497,
    "M": "-inf",