{
  "-10": {
    "A": -2.910732661902913,
    "C": "-inf",
    "D": -3.969626350956481,
    "E": -3.7472339296200334,
    "F": -5.554588851677638,
    "G": -3.306661338234052,
    "H": -4.9696263509564815,
    "I": -3.969626350956481,
    "K": -3.7472339296200334,
    "L": -3.969626350956481,
    "M": -6.554588851677638,
    "N": -4.09515723304034,
    "P": -4.747233929620033,
    "Q": -5.554588851677638,
    "R": -5.232660756790275,
    "S": -4.554588851677638,
    "T": -4.09515723304034,
    "V": -4.232660756790275,
    "W": "-inf",
    "Y": -5.232660756790275
  },
  "-9": {
    "A": -3.7472339296200334,
    "C": -7.554588851677638,
    "D": -3.969626350956481,
    "E": -4.232660756790275,
    "F": -4.9696263509564815,
    "G": -3.647698256069119,
    "H": -6.554588851677638,
    "I": -4.3846638502353255,
    "K": -3.854149133536545,
    "L": -3.854149133536545,
    "M": -5.9696263509564815,
    "N": -4.747233929620033,
    "P": -5.554588851677638,
    "Q": -5.554588851677638,
    "R": -3.969626350956481,
    "S": -3.854149133536545,
    "T": -3.7472339296200334,
    "V": -2.969626350956481,
    "W": "-inf",
    "Y": -4.747233929620033
  },
  "-8": {
    "A": -3.1622714288988774,
    "C": "-inf",
    "D": -3.854149133536545,
    "E": -3.969626350956481,
    "F": -7.554588851677638,
    "G": -3.0310268956206246,
    "H": "-inf",
    "I": -3.647698256069119,
    "K": -3.7472339296200334,
    "L": -3.854149133536545,
    "M": -5.554588851677638,
    "N": -4.747233929620033,
    "P": -4.747233929620033,
    "Q": -4.9696263509564815,
    "R": -4.9696263509564815,
    "S": -3.5545888516776376,
    "T": -4.232660756790275,
    "V": -4.3846638502353255,
    "W": -5.9696263509564815,
    "Y": -5.232660756790275
  },
  "-7": {
    "A": -3.854149133536545,
    "C": -7.554588851677638,
    "D": -3.384663850235325,
    "E": -4.09515723304034,
    "F": -5.9696263509564815,
    "G": -3.7472339296200334,
    "H": -5.232660756790275,
    "I": -4.09515723304034,
    "K": -3.647698256069119,
    "L": -3.647698256069119,
    "M": -6.554588851677638,
    "N": -4.554588851677638,
    "P": -3.969626350956481,
    "Q": -4.9696263509564815,
    "R": -4.554588851677638,
    "S": -3.647698256069119,
    "T": -3.969626350956481,
    "V": -3.7472339296200334,
    "W": -7.554588851677638,
    "Y": -6.554588851677638
  },
  "-6": {
    "A": -3.232660756790275,
    "C": "-inf",
    "D": -4.09515723304034,
    "E": -4.232660756790275,
    "F": -4.232660756790275,
    "G": -3.232660756790275,
    "H": "-inf",
    "I": -4.3846638502353255,
    "K": -3.5545888516776376,
    "L": -4.3846638502353255,
    "M": -5.554588851677638,
    "N": -5.232660756790275,
    "P": -5.554588851677638,
    "Q": -4.3846638502353255,
    "R": -4.232660756790275,
    "S": -3.854149133536545,
    "T": -3.7472339296200334,
    "V": -3.467126010427298,
    "W": "-inf",
    "Y": -5.232660756790275
  },
  "-5": {
    "A": -3.0951572330403403,
    "C": -7.554588851677638,
    "D": -4.09515723304034,
    "E": -5.232660756790275,
    "F": -6.554588851677638,
    "G": -4.09515723304034,
    "H": -7.554588851677638,
    "I": -3.854149133536545,
    "K": -4.232660756790275,
    "L": -3.1622714288988774,
    "M": -7.554588851677638,
    "N": -4.3846638502353255,
    "P": -4.9696263509564815,
    "Q": -4.9696263509564815,
    "R": -4.09515723304034,
    "S": -3.1622714288988774,
    "T": -3.5545888516776376,
    "V": -3.7472339296200334,
    "W": -5.554588851677638,
    "Y": -6.554588851677638
  },
  "-4": {
    "A": -3.232660756790275,
    "C": -7.554588851677638,
    "D": -4.232660756790275,
    "E": -3.7472339296200334,
    "F": -4.9696263509564815,
    "G": -4.3846638502353255,
    "H": -7.554588851677638,
    "I": -3.647698256069119,
    "K": -3.854149133536545,
    "L": -3.7472339296200334,
    "M": -7.554588851677638,
    "N": -4.747233929620033,
    "P": -5.232660756790275,
    "Q": -4.747233929620033,
    "R": -4.09515723304034,
    "S": -3.467126010427298,
    "T": -3.647698256069119,
    "V": -3.5545888516776376,
    "W": "-inf",
    "Y": -4.9696263509564815
  },
  "-3": {
    "A": -2.969626350956481,
    "C": "-inf",
    "D": -3.7472339296200334,
    "E": -4.232660756790275,
    "F": -4.554588851677638,
    "G": -3.1622714288988774,
    "H": -7.554588851677638,
    "I": -3.5545888516776376,
    "K": -4.232660756790275,
    "L": -4.09515723304034,
    "M": -6.554588851677638,
    "N": -4.554588851677638,
    "P": -4.9696263509564815,
    "Q": -4.9696263509564815,
    "R": -4.232660756790275,
    "S": -3.969626350956481,
    "T": -4.09515723304034,
    "V": -3.854149133536545,
    "W": "-inf",
    "Y": -5.232660756790275
  },
  "-2": {
    "A": -2.969626350956481,
    "C": -7.554588851677638,
    "D": -4.09515723304034,
    "E": -3.5545888516776376,
    "F": -5.554588851677638,
    "G": -3.306661338234052,
    "H": -5.9696263509564815,
    "I": -3.969626350956481,
    "K": -4.232660756790275,
    "L": -4.09515723304034,
    "M": -6.554588851677638,
    "N": -4.747233929620033,
    "P": -4.554588851677638,
    "Q": -5.232660756790275,
    "R": -4.3846638502353255,
    "S": -3.647698256069119,
    "T": -3.969626350956481,
    "V": -3.5545888516776376,
    "W": "-inf",
    "Y": -5.9696263509564815
  },
  "-1": {
    "A": -2.6003925412907622,
    "C": "-inf",
    "D": -4.09515723304034,
    "E": -4.232660756790275,
    "F": -5.9696263509564815,
    "G": -3.306661338234052,
    "H": "-inf",
    "I": -3.647698256069119,
    "K": -4.09515723304034,
    "L": -3.647698256069119,
    "M": -7.554588851677638,
    "N": -4.9696263509564815,
    "P": -6.554588851677638,
    "Q": -4.9696263509564815,
    "R": -4.3846638502353255,
    "S": -3.969626350956481,
    "T": -4.9696263509564815,
    "V": -2.7997013495141685,
    "W": -7.554588851677638,
    "Y": -5.9696263509564815
  },
  "0": {
    "A": "-inf",
    "C": "-inf",
    "D": "-inf",
    "E": "-inf",
    "F": "-inf",
    "G": "-inf",
    "H": "-inf",
    "I": "-inf",
    "K": 0.0,
    "L": "-inf",
    "M": "-inf",
    "N": "-inf",
    "P": "-inf",
    "Q": "-inf",
    "R": "-inf",
    "S": "-inf",
    "T": "-inf",
    "V": "-inf",
    "W": "-inf",
    "Y": "-inf"
  },
  "+1": {
    "A": -2.197036847059554,
    "C": "-inf",
    "D": -4.09515723304034,
    "E": -3.854149133536545,
    "F": -7.554588851677638,
    "G": -3.647698256069119,
    "H": "-inf",
    "I": -4.232660756790275,
    "K": -4.9696263509564815,
    "L": -4.3846638502353255,
    "M": -6.554588851677638,
    "N": -3.969626350956481,
    "P": -4.747233929620033,
    "Q": -4.747233929620033,
    "R": -4.9696263509564815,
    "S": -3.5545888516776376,
    "T": -4.232660756790275,
    "V": -3.7472339296200334,
    "W": -7.554588851677638,
    "Y": -4.747233929620033
  },
  "+2": {
    "A": -2.6003925412907622,
    "C": -7.554588851677638,
    "D": -4.9696263509564815,
    "E": -4.9696263509564815,
    "F": -5.232660756790275,
    "G": -3.7472339296200334,
    "H": -5.554588851677638,
    "I": -4.3846638502353255,
    "K": -4.747233929620033,
    "L": -3.7472339296200334,
    "M": "-inf",
    "N": -5.554588851677638,
    "P": -4.3846638502353255,
    "Q": -3.969626350956481,
    "R": -4.747233929620033,
    "S": -3.647698256069119,
    "T": -3.647698256069119,
    "V": -3.1622714288988774,
    "W": -6.554588851677638,
    "Y": -5.554588851677638
  },
  "+3": {
    "A": -2.910732661902913,
    "C": "-inf",
    "D": -4.09515723304034,
    "E": -3.467126010427298,
    "F": -5.232660756790275,
    "G": -3.0951572330403403,
    "H": "-inf",
    "I": -4.3846638502353255,
    "K": -4.232660756790275,
    "L": -3.467126010427298,
    "M": -6.554588851677638,
    "N": -4.3846638502353255,
    "P": -4.3846638502353255,
    "Q": -4.9696263509564815,
    "R": -5.554588851677638,
    "S": -5.232660756790275,
    "T": -3.969626350956481,
    "V": -3.384663850235325,
    "W": -7.554588851677638,
    "Y": -5.554588851677638
  },
  "+4": {
    "A": -3.0951572330403403,
    "C": "-inf",
    "D": -4.554588851677638,