{
  "-10": {
    "A": 0.13297872340425532,
    "C": 0.0,
    "D": 0.06382978723404255,
    "E": 0.07446808510638298,
    "F": 0.02127659574468085,
    "G": 0.10106382978723404,
    "H": 0.031914893617021274,
    "I": 0.06382978723404255,
    "K": 0.07446808510638298,
    "L": 0.06382978723404255,
    "M": 0.010638297872340425,
    "N": 0.05851063829787234,
    "P": 0.03723404255319149,
    "Q": 0.02127659574468085,
    "R": 0.026595744680851064,
    "S": 0.0425531914893617,
    "T": 0.05851063829787234,
    "V": 0.05319148936170213,
    "W": 0.0,
    "Y": 0.026595744680851064
  },
  "-9": {
    "A": 0.07446808510638298,
    "C": 0.005319148936170213,
    "D": 0.06382978723404255,
    "E": 0.05319148936170213,
    "F": 0.031914893617021274,
    "G": 0.0797872340425532,
    "H": 0.010638297872340425,
    "I": 0.047872340425531915,
    "K": 0.06914893617021277,
    "L": 0.06914893617021277,
    "M": 0.015957446808510637,
    "N": 0.03723404255319149,
    "P": 0.02127659574468085,
    "Q": 0.02127659574468085,
    "R": 0.06382978723404255,
    "S": 0.06914893617021277,
    "T": 0.07446808510638298,
    "V": 0.1276595744680851,
    "W": 0.0,
    "Y": 0.03723404255319149
  },
  "-8": {
    "A": 0.11170212765957446,
    "C": 0.0,
    "D": 0.06914893617021277,
    "E": 0.06382978723404255,
    "F": 0.005319148936170213,
    "G": 0.12234042553191489,
    "H": 0.0,
    "I": 0.0797872340425532,
    "K": 0.07446808510638298,
    "L": 0.06914893617021277,
    "M": 0.02127659574468085,
    "N": 0.03723404255319149,
    "P": 0.03723404255319149,
    "Q": 0.031914893617021274,
    "R": 0.031914893617021274,
    "S": 0.0851063829787234,
    "T": 0.05319148936170213,
    "V": 0.047872340425531915,
    "W": 0.015957446808510637,
    "Y": 0.026595744680851064
  },
  "-7": {
    "A": 0.06914893617021277,
    "C": 0.005319148936170213,
    "D": 0.09574468085106383,
    "E": 0.05851063829787234,
    "F": 0.015957446808510637,
    "G": 0.07446808510638298,
    "H": 0.026595744680851064,
    "I": 0.05851063829787234,
    "K": 0.0797872340425532,
    "L": 0.0797872340425532,
    "M": 0.010638297872340425,
    "N": 0.0425531914893617,
    "P": 0.06382978723404255,
    "Q": 0.031914893617021274,
    "R": 0.0425531914893617,
    "S": 0.0797872340425532,
    "T": 0.06382978723404255,
    "V": 0.07446808510638298,
    "W": 0.005319148936170213,
    "Y": 0.010638297872340425
  },
  "-6": {
    "A": 0.10638297872340426,
    "C": 0.0,
    "D": 0.05851063829787234,
    "E": 0.05319148936170213,
    "F": 0.05319148936170213,
    "G": 0.10638297872340426,
    "H": 0.0,
    "I": 0.047872340425531915,
    "K": 0.0851063829787234,
    "L": 0.047872340425531915,
    "M": 0.02127659574468085,
    "N": 0.026595744680851064,
    "P": 0.02127659574468085,
    "Q": 0.047872340425531915,
    "R": 0.05319148936170213,
    "S": 0.06914893617021277,
    "T": 0.07446808510638298,
    "V": 0.09042553191489362,
    "W": 0.0,
    "Y": 0.026595744680851064
  },
  "-5": {
    "A": 0.11702127659574468,
    "C": 0.005319148936170213,
    "D": 0.05851063829787234,
    "E": 0.026595744680851064,
    "F": 0.010638297872340425,
    "G": 0.05851063829787234,
    "H": 0.005319148936170213,
    "I": 0.06914893617021277,
    "K": 0.05319148936170213,
    "L": 0.11170212765957446,
    "M": 0.005319148936170213,
    "N": 0.047872340425531915,
    "P": 0.031914893617021274,
    "Q": 0.031914893617021274,
    "R": 0.05851063829787234,
    "S": 0.11170212765957446,
    "T": 0.0851063829787234,
    "V": 0.07446808510638298,
    "W": 0.02127659574468085,
    "Y": 0.010638297872340425
  },
  "-4": {
    "A": 0.10638297872340426,
    "C": 0.005319148936170213,
    "D": 0.05319148936170213,
    "E": 0.07446808510638298,
    "F": 0.031914893617021274,
    "G": 0.047872340425531915,
    "H": 0.005319148936170213,
    "I": 0.0797872340425532,
    "K": 0.06914893617021277,
    "L": 0.07446808510638298,
    "M": 0.005319148936170213,
    "N": 0.03723404255319149,
    "P": 0.026595744680851064,
    "Q": 0.03723404255319149,
    "R": 0.05851063829787234,
    "S": 0.09042553191489362,
    "T": 0.0797872340425532,
    "V": 0.0851063829787234,
    "W": 0.0,
    "Y": 0.031914893617021274
  },
  "-3": {
    "A": 0.1276595744680851,
    "C": 0.0,
    "D": 0.07446808510638298,
    "E": 0.05319148936170213,
    "F": 0.0425531914893617,
    "G": 0.11170212765957446,
    "H": 0.005319148936170213,
    "I": 0.0851063829787234,
    "K": 0.05319148936170213,
    "L": 0.05851063829787234,
    "M": 0.010638297872340425,
    "N": 0.0425531914893617,
    "P": 0.031914893617021274,
    "Q": 0.031914893617021274,
    "R": 0.05319148936170213,
    "S": 0.06382978723404255,
    "T": 0.05851063829787234,
    "V": 0.06914893617021277,
    "W": 0.0,
    "Y": 0.026595744680851064
  },
  "-2": {
    "A": 0.1276595744680851,
    "C": 0.005319148936170213,
    "D": 0.05851063829787234,
    "E": 0.0851063829787234,
    "F": 0.02127659574468085,
    "G": 0.10106382978723404,
    "H": 0.015957446808510637,
    "I": 0.06382978723404255,
    "K": 0.05319148936170213,
    "L": 0.05851063829787234,
    "M": 0.010638297872340425,
    "N": 0.03723404255319149,
    "P": 0.0425531914893617,
    "Q": 0.026595744680851064,
    "R": 0.047872340425531915,
    "S": 0.0797872340425532,
    "T": 0.06382978723404255,
    "V": 0.0851063829787234,
    "W": 0.0,
    "Y": 0.015957446808510637
  },
  "-1": {
    "A": 0.16489361702127658,
    "C": 0.0,
    "D": 0.05851063829787234,
    "E": 0.05319148936170213,
    "F": 0.015957446808510637,
    "G": 0.10106382978723404,
    "H": 0.0,
    "I": 0.0797872340425532,
    "K": 0.05851063829787234,
    "L": 0.0797872340425532,
    "M": 0.005319148936170213,
    "N": 0.031914893617021274,
    "P": 0.010638297872340425,
    "Q": 0.031914893617021274,
    "R": 0.047872340425531915,
    "S": 0.06382978723404255,
    "T": 0.031914893617021274,
    "V": 0.14361702127659576,
    "W": 0.005319148936170213,
    "Y": 0.015957446808510637
  },
  "0": {
    "A": 0.0,
    "C": 0.0,
    "D": 0.0,
    "E": 0.0,
    "F": 0.0,
    "G": 0.0,
    "H": 0.0,
    "I": 0.0,
    "K": 1.0,
    "L": 0.0,
    "M": 0.0,
    "N": 0.0,
    "P": 0.0,
    "Q": 0.0,
    "R": 0.0,
    "S": 0.0,
    "T": 0.0,
    "V": 0.0,
    "W": 0.0,
    "Y": 0.0
  },
  "+1": {
    "A": 0.21808510638297873,
    "C": 0.0,
    "D": 0.05851063829787234,
    "E": 0.06914893617021277,
    "F": 0.005319148936170213,
    "G": 0.0797872340425532,
    "H": 0.0,
    "I": 0.05319148936170213,
    "K": 0.031914893617021274,
    "L": 0.047872340425531915,
    "M": 0.010638297872340425,
    "N": 0.06382978723404255,
    "P": 0.03723404255319149,
    "Q": 0.03723404255319149,
    "R": 0.031914893617021274,
    "S": 0.0851063829787234,
    "T": 0.05319148936170213,
    "V": 0.07446808510638298,
    "W": 0.005319148936170213,
    "Y": 0.03723404255319149
  },
  "+2": {
    "A": 0.16489361702127658,
    "C": 0.005319148936170213,
    "D": 0.031914893617021274,
    "E": 0.031914893617021274,
    "F": 0.026595744680851064,
    "G": 0.07446808510638298,
    "H": 0.02127659574468085,
    "I": 0.047872340425531915,
    "K": 0.03723404255319149,
    "L": 0.07446808510638298,
    "M": 0.0,
    "N": 0.02127659574468085,
    "P": 0.047872340425531915,
    "Q": 0.06382978723404255,
    "R": 0.03723404255319149,
    "S": 0.0797872340425532,
    "T": 0.0797872340425532,
    "V": 0.11170212765957446,
    "W": 0.010638297872340425,
    "Y": 0.02127659574468085
  },
  "+3": {
    "A": 0.13297872340425532,
    "C": 0.0,
    "D": 0.05851063829787234,
    "E": 0.09042553191489362,
    "F": 0.026595744680851064,
    "G": 0.11702127659574468,
    "H": 0.0,
    "I": 0.047872340425531915,
    "K": 0.05319148936170213,
    "L": 0.09042553191489362,
    "M": 0.010638297872340425,
    "N": 0.047872340425531915,
    "P": 0.047872340425531915,
    "Q": 0.031914893617021274,
    "R": 0.02127659574468085,
    "S": 0.026595744680851064,
    "T": 0.06382978723404255,
    "V": 0.09574468085106383,
    "W": 0.005319148936170213,