{
  "-10": {
    "A": 0.0847457627118644,
    "C": 0.01694915254237288,
    "D": 0.11864406779661017,
    "E": 0.0,
    "F": 0.0,
    "G": 0.05084745762711865,
    "H": 0.15254237288135594,
    "I": 0.05084745762711865,
    "K": 0.13559322033898305,
    "L": 0.0847457627118644,
    "M": 0.0,
    "N": 0.01694915254237288,
    "P": 0.0847457627118644,
    "Q": 0.1016949152542373,
    "R": 0.03389830508474576,
    "S": 0.0,
    "T": 0.0,
    "V": 0.01694915254237288,
    "W": 0.0,
    "Y": 0.0
  },
  "-9": {
    "A": 0.03389830508474576,
    "C": 0.0,
    "D": 0.03389830508474576,
    "E": 0.11864406779661017,
    "F": 0.0847457627118644,
    "G": 0.0847457627118644,
    "H": 0.06779661016949153,
    "I": 0.03389830508474576,
    "K": 0.01694915254237288,
    "L": 0.11864406779661017,
    "M": 0.0,
    "N": 0.0,
    "P": 0.0,
    "Q": 0.0,
    "R": 0.22033898305084745,
    "S": 0.11864406779661017,
    "T": 0.0,
    "V": 0.03389830508474576,
    "W": 0.0,
    "Y": 0.0
  },
  "-8": {
    "A": 0.05084745762711865,
    "C": 0.0,
    "D": 0.1016949152542373,
    "E": 0.05084745762711865,
    "F": 0.05084745762711865,
    "G": 0.11864406779661017,
    "H": 0.0,
    "I": 0.01694915254237288,
    "K": 0.06779661016949153,
    "L": 0.11864406779661017,
    "M": 0.05084745762711865,
    "N": 0.0,
    "P": 0.01694915254237288,
    "Q": 0.05084745762711865,
    "R": 0.05084745762711865,
    "S": 0.15254237288135594,
    "T": 0.01694915254237288,
    "V": 0.01694915254237288,
    "W": 0.0,
    "Y": 0.03389830508474576
  },
  "-7": {
    "A": 0.03389830508474576,
    "C": 0.1016949152542373,
    "D": 0.0,
    "E": 0.01694915254237288,
    "F": 0.0847457627118644,
    "G": 0.0847457627118644,
    "H": 0.03389830508474576,
    "I": 0.05084745762711865,
    "K": 0.01694915254237288,
    "L": 0.2033898305084746,
    "M": 0.03389830508474576,
    "N": 0.05084745762711865,
    "P": 0.01694915254237288,
    "Q": 0.06779661016949153,
    "R": 0.0847457627118644,
    "S": 0.0,
    "T": 0.0,
    "V": 0.01694915254237288,
    "W": 0.0,
    "Y": 0.06779661016949153
  },
  "-6": {
    "A": 0.03389830508474576,
    "C": 0.05084745762711865,
    "D": 0.0,
    "E": 0.03389830508474576,
    "F": 0.0,
    "G": 0.0847457627118644,
    "H": 0.03389830508474576,
    "I": 0.05084745762711865,
    "K": 0.2711864406779661,
    "L": 0.0,
    "M": 0.0,
    "N": 0.0847457627118644,
    "P": 0.1694915254237288,
    "Q": 0.03389830508474576,
    "R": 0.03389830508474576,
    "S": 0.03389830508474576,
    "T": 0.0,
    "V": 0.0,
    "W": 0.05084745762711865,
    "Y": 0.01694915254237288
  },
  "-5": {
    "A": 0.1694915254237288,
    "C": 0.0,
    "D": 0.1016949152542373,
    "E": 0.05084745762711865,
    "F": 0.0,
    "G": 0.0847457627118644,
    "H": 0.0,
    "I": 0.05084745762711865,
    "K": 0.15254237288135594,
    "L": 0.05084745762711865,
    "M": 0.0,
    "N": 0.03389830508474576,
    "P": 0.0847457627118644,
    "Q": 0.0,
    "R": 0.03389830508474576,
    "S": 0.01694915254237288,
    "T": 0.0,
    "V": 0.1016949152542373,
    "W": 0.0,
    "Y": 0.05084745762711865
  },
  "-4": {
    "A": 0.03389830508474576,
    "C": 0.01694915254237288,
    "D": 0.0,
    "E": 0.01694915254237288,
    "F": 0.0,
    "G": 0.11864406779661017,
    "H": 0.0,
    "I": 0.05084745762711865,
    "K": 0.1864406779661017,
    "L": 0.15254237288135594,
    "M": 0.01694915254237288,
    "N": 0.06779661016949153,
    "P": 0.01694915254237288,
    "Q": 0.03389830508474576,
    "R": 0.0,
    "S": 0.0847457627118644,
    "T": 0.01694915254237288,
    "V": 0.1016949152542373,
    "W": 0.0,
    "Y": 0.06779661016949153
  },
  "-3": {
    "A": 0.01694915254237288,
    "C": 0.0,
    "D": 0.0,
    "E": 0.01694915254237288,
    "F": 0.03389830508474576,
    "G": 0.0847457627118644,
    "H": 0.11864406779661017,
    "I": 0.06779661016949153,
    "K": 0.2033898305084746,
    "L": 0.13559322033898305,
    "M": 0.1694915254237288,
    "N": 0.0,
    "P": 0.0,
    "Q": 0.0,
    "R": 0.05084745762711865,
    "S": 0.03389830508474576,
    "T": 0.0,
    "V": 0.05084745762711865,
    "W": 0.0,
    "Y": 0.01694915254237288
  },
  "-2": {
    "A": 0.01694915254237288,
    "C": 0.1016949152542373,
    "D": 0.01694915254237288,
    "E": 0.01694915254237288,
    "F": 0.05084745762711865,
    "G": 0.13559322033898305,
    "H": 0.01694915254237288,
    "I": 0.01694915254237288,
    "K": 0.03389830508474576,
    "L": 0.11864406779661017,
    "M": 0.0,
    "N": 0.1694915254237288,
    "P": 0.06779661016949153,
    "Q": 0.06779661016949153,
    "R": 0.0,
    "S": 0.06779661016949153,
    "T": 0.03389830508474576,
    "V": 0.06779661016949153,
    "W": 0.0,
    "Y": 0.0
  },
  "-1": {
    "A": 0.11864406779661017,
    "C": 0.11864406779661017,
    "D": 0.05084745762711865,
    "E": 0.03389830508474576,
    "F": 0.0,
    "G": 0.0,
    "H": 0.0,
    "I": 0.05084745762711865,
    "K": 0.0847457627118644,
    "L": 0.2033898305084746,
    "M": 0.0,
    "N": 0.06779661016949153,
    "P": 0.06779661016949153,
    "Q": 0.0847457627118644,
    "R": 0.06779661016949153,
    "S": 0.0,
    "T": 0.0,
    "V": 0.05084745762711865,
    "W": 0.0,
    "Y": 0.0
  },
  "0": {
    "A": 1.0,
    "C": 0.0,
    "D": 0.0,
    "E": 0.0,
    "F": 0.0,
    "G": 0.0,
    "H": 0.0,
    "I": 0.0,
    "K": 0.0,
    "L": 0.0,
    "M": 0.0,
    "N": 0.0,
    "P": 0.0,
    "Q": 0.0,
    "R": 0.0,
    "S": 0.0,
    "T": 0.0,
    "V": 0.0,
    "W": 0.0,
    "Y": 0.0
  },
  "+1": {
    "A": 0.0,
    "C": 0.0,
    "D": 0.0,
    "E": 0.0,
    "F": 0.0,
    "G": 0.4406779661016949,
    "H": 0.0,
    "I": 0.0,
    "K": 0.0,
    "L": 0.0,
    "M": 0.0,
    "N": 0.0,
    "P": 0.0,
    "Q": 0.0,
    "R": 0.0,
    "S": 0.0,
    "T": 0.0,
    "V": 0.0,
    "W": 0.0,
    "Y": 0.0
  },
  "+2": {
    "A": 0.0,
    "C": 0.0,
    "D": 0.0,
    "E": 0.01694915254237288,
    "F": 0.0,
    "G": 0.0,
    "H": 0.0,
    "I": 0.01694915254237288,
    "K": 0.13559322033898305,
    "L": 0.0,
    "M": 0.0,
    "N": 0.0,
    "P": 0.0,
    "Q": 0.0,
    "R": 0.22033898305084745,
    "S": 0.0,
    "T": 0.0,
    "V": 0.0,
    "W": 0.0,
    "Y": 0.0
  },
  "+3": {
    "A": 0.0,
    "C": 0.0,
    "D": 0.0,
    "E": 0.0,
    "F": 0.0,
    "G": 0.01694915254237288,
    "H": 0.0,
    "I": 0.0,
    "K": 0.01694915254237288,
    "L": 0.01694915254237288,
    "M": 0.0,
    "N": 0.0,
    "P": 0.0,
    "Q": 0.03389830508474576,
    "R": 0.1016949152542373,
    "S": 0.06779661016949153,
    "T": 0.0,
    "V": 0.0,
    "W": 0.0,
    "Y": 0.0
  },
  "+4": {
    "A": 0.0,
    "C": 0.0,
    "D": 0.06779661016949153,
    "E": 0.05084745762711865,
    "F": 0.01694915254237288,
    "G": 0.0,
    "H": 0.0,
    "I": 0.0,
    "K": 0.03389830508474576,
    "L": 0.0,
    "M": 0.0,
    "N": 0.0,
    "P": 0.0,
    "Q": 0.0,
    "R": 0.0,
    "S": 0.01694915254237288,
    "T": 0.0,
    "V": 0.0,
    "W": 0.0,
    "Y": 0.0
  },
  "+5": {
    "A": 0.0,
    "C": 0.0,
    "D": 0.0,
    "E": 0.05084745762711865,
    "F": 0.0,
    "G": 0.0,
    "H": 0.0,
    "I": 0.01694915254237288,
    "K": 0.0,
    "L": 0.05084745762711865,
    "M": 0.0,
    "N": 0.0,
    "P": 0.01694915254237288,
    "Q": 0.0,
    "R": 0.0,
    "S": 0.0,
    "T": 0.0,
    "V": 0.03389830508474576,
    "W": 0.0,
    "Y": 0.0
  },
  "+6": {
    "A": 0.01694915254237288,
    "C": 0.0,
    "D": 0.01694915254237288,
    "E": 0.0847457627118644,
    "F": 0.0,
    "G": 0.0,
    "H": 0.0,
    "I": 0.0,
    "K": 0.0,
    "L": 0.01694915254237288,
    "M": 0.0,
    "N": 0.0,
    "P": 0.0,
    "Q": 0.0,
    "R": 0.0,
    "S": 0.0,
    "T": 0.0,
    "V": 0.0,
    "W": 0.0,
    "Y": 0.0
  },
  "+7": {
    "A": 0.0,
    "C": 0.0,
    "D": 0.0,
    "E": 0.0,
    "F": 0.0,
    "G": 0.01694915254237288,
    "H": 0.0,
    "I": 0.0,
    "K": 0.01694915254237288,
    "L": 0.0,
    "M": 0.0,
    "N": 0.0,
    "P": 0.03389830508474576,
    "Q": 0.0,
    "R": 0.05084745762711865,
    "S": 0.0,
    "T": 0.01694915254237288,
    "V": 0.0,
    "W": 0.0,
    "Y": 0.0
  },