{
  "-10": {
    "A": 0.0449438202247191,
    "C": 0.29213483146067415,
    "D": 0.0056179775280898875,
    "E": 0.0,
    "F": 0.0,
    "G": 0.033707865168539325,
    "H": 0.033707865168539325,
    "I": 0.011235955056179775,
    "K": 0.011235955056179775,
    "L": 0.02247191011235955,
    "M": 0.0056179775280898875,
    "N": 0.011235955056179775,
    "P": 0.17415730337078653,
    "Q": 0.0056179775280898875,
    "R": 0.07303370786516854,
    "S": 0.056179775280898875,
    "T": 0.033707865168539325,
    "V": 0.03932584269662921,
    "W": 0.0056179775280898875,
    "Y": 0.011235955056179775
  },
  "-9": {
    "A": 0.08426966292134831,
    "C": 0.17415730337078653,
    "D": 0.0,
    "E": 0.02247191011235955,
    "F": 0.0,
    "G": 0.028089887640449437,
    "H": 0.07303370786516854,
    "I": 0.0056179775280898875,
    "K": 0.08426966292134831,
    "L": 0.0,
    "M": 0.016853932584269662,
    "N": 0.028089887640449437,
    "P": 0.10674157303370786,
    "Q": 0.011235955056179775,
    "R": 0.12359550561797752,
    "S": 0.05056179775280899,
    "T": 0.016853932584269662,
    "V": 0.03932584269662921,
    "W": 0.033707865168539325,
    "Y": 0.0056179775280898875
  },
  "-8": {
    "A": 0.02247191011235955,
    "C": 0.2247191011235955,
    "D": 0.016853932584269662,
    "E": 0.0056179775280898875,
    "F": 0.011235955056179775,
    "G": 0.02247191011235955,
    "H": 0.016853932584269662,
    "I": 0.0056179775280898875,
    "K": 0.016853932584269662,
    "L": 0.0056179775280898875,
    "M": 0.0,
    "N": 0.056179775280898875,
    "P": 0.12921348314606743,
    "Q": 0.0,
    "R": 0.0449438202247191,
    "S": 0.12359550561797752,
    "T": 0.08426966292134831,
    "V": 0.0898876404494382,
    "W": 0.056179775280898875,
    "Y": 0.0
  },
  "-7": {
    "A": 0.10674157303370786,
    "C": 0.14606741573033707,
    "D": 0.0449438202247191,
    "E": 0.0449438202247191,
    "F": 0.05056179775280899,
    "G": 0.20786516853932585,
    "H": 0.011235955056179775,
    "I": 0.016853932584269662,
    "K": 0.0449438202247191,
    "L": 0.0056179775280898875,
    "M": 0.0056179775280898875,
    "N": 0.03932584269662921,
    "P": 0.056179775280898875,
    "Q": 0.011235955056179775,
    "R": 0.06179775280898876,
    "S": 0.0449438202247191,
    "T": 0.011235955056179775,
    "V": 0.011235955056179775,
    "W": 0.05056179775280899,
    "Y": 0.011235955056179775
  },
  "-6": {
    "A": 0.0898876404494382,
    "C": 0.30337078651685395,
    "D": 0.05056179775280899,
    "E": 0.02247191011235955,
    "F": 0.016853932584269662,
    "G": 0.02247191011235955,
    "H": 0.011235955056179775,
    "I": 0.0056179775280898875,
    "K": 0.028089887640449437,
    "L": 0.033707865168539325,
    "M": 0.016853932584269662,
    "N": 0.011235955056179775,
    "P": 0.07865168539325842,
    "Q": 0.016853932584269662,
    "R": 0.08426966292134831,
    "S": 0.12359550561797752,
    "T": 0.0056179775280898875,
    "V": 0.03932584269662921,
    "W": 0.0,
    "Y": 0.033707865168539325
  },
  "-5": {
    "A": 0.028089887640449437,
    "C": 0.15730337078651685,
    "D": 0.06741573033707865,
    "E": 0.028089887640449437,
    "F": 0.016853932584269662,
    "G": 0.16292134831460675,
    "H": 0.016853932584269662,
    "I": 0.0056179775280898875,
    "K": 0.02247191011235955,
    "L": 0.016853932584269662,
    "M": 0.0,
    "N": 0.10674157303370786,
    "P": 0.16292134831460675,
    "Q": 0.0,
    "R": 0.09550561797752809,
    "S": 0.0449438202247191,
    "T": 0.028089887640449437,
    "V": 0.016853932584269662,
    "W": 0.0,
    "Y": 0.016853932584269662
  },
  "-4": {
    "A": 0.07303370786516854,
    "C": 0.12921348314606743,
    "D": 0.0,
    "E": 0.0,
    "F": 0.0056179775280898875,
    "G": 0.0449438202247191,
    "H": 0.10674157303370786,
    "I": 0.011235955056179775,
    "K": 0.07865168539325842,
    "L": 0.011235955056179775,
    "M": 0.016853932584269662,
    "N": 0.14606741573033707,
    "P": 0.05056179775280899,
    "Q": 0.0,
    "R": 0.0898876404494382,
    "S": 0.016853932584269662,
    "T": 0.02247191011235955,
    "V": 0.028089887640449437,
    "W": 0.15168539325842698,
    "Y": 0.011235955056179775
  },
  "-3": {
    "A": 0.033707865168539325,
    "C": 0.056179775280898875,
    "D": 0.0449438202247191,
    "E": 0.028089887640449437,
    "F": 0.03932584269662921,
    "G": 0.028089887640449437,
    "H": 0.056179775280898875,
    "I": 0.011235955056179775,
    "K": 0.12921348314606743,
    "L": 0.011235955056179775,
    "M": 0.0056179775280898875,
    "N": 0.056179775280898875,
    "P": 0.12921348314606743,
    "Q": 0.056179775280898875,
    "R": 0.06179775280898876,
    "S": 0.11235955056179775,
    "T": 0.07865168539325842,
    "V": 0.02247191011235955,
    "W": 0.0,
    "Y": 0.03932584269662921
  },
  "-2": {
    "A": 0.011235955056179775,
    "C": 0.028089887640449437,
    "D": 0.06741573033707865,
    "E": 0.028089887640449437,
    "F": 0.056179775280898875,
    "G": 0.11797752808988764,
    "H": 0.033707865168539325,
    "I": 0.0,
    "K": 0.028089887640449437,
    "L": 0.02247191011235955,
    "M": 0.0,
    "N": 0.11797752808988764,
    "P": 0.23595505617977527,
    "Q": 0.028089887640449437,
    "R": 0.06179775280898876,
    "S": 0.016853932584269662,
    "T": 0.033707865168539325,
    "V": 0.011235955056179775,
    "W": 0.016853932584269662,
    "Y": 0.08426966292134831
  },
  "-1": {
    "A": 0.0,
    "C": 0.1797752808988764,
    "D": 0.011235955056179775,
    "E": 0.0056179775280898875,
    "F": 0.016853932584269662,
    "G": 0.033707865168539325,
    "H": 0.0056179775280898875,
    "I": 0.07865168539325842,
    "K": 0.12921348314606743,
    "L": 0.028089887640449437,
    "M": 0.0056179775280898875,
    "N": 0.02247191011235955,
    "P": 0.016853932584269662,
    "Q": 0.011235955056179775,
    "R": 0.11797752808988764,
    "S": 0.0898876404494382,
    "T": 0.0056179775280898875,
    "V": 0.011235955056179775,
    "W": 0.16292134831460675,
    "Y": 0.06741573033707865
  },
  "0": {
    "A": 0.0,
    "C": 1.0,
    "D": 0.0,
    "E": 0.0,
    "F": 0.0,
    "G": 0.0,
    "H": 0.0,
    "I": 0.0,
    "K": 0.0,
    "L": 0.0,
    "M": 0.0,
    "N": 0.0,
    "P": 0.0,
    "Q": 0.0,
    "R": 0.0,
    "S": 0.0,
    "T": 0.0,
    "V": 0.0,
    "W": 0.0,
    "Y": 0.0
  },
  "+1": {
    "A": 0.0,
    "C": 0.0,
    "D": 0.0,
    "E": 0.0,
    "F": 0.0,
    "G": 0.5617977528089888,
    "H": 0.0,
    "I": 0.0,
    "K": 0.0,
    "L": 0.0056179775280898875,
    "M": 0.0,
    "N": 0.0,
    "P": 0.0,
    "Q": 0.0,
    "R": 0.0,
    "S": 0.0,
    "T": 0.0,
    "V": 0.0,
    "W": 0.0,
    "Y": 0.0
  },
  "+2": {
    "A": 0.0,
    "C": 0.0,
    "D": 0.0,
    "E": 0.0,
    "F": 0.0,
    "G": 0.02247191011235955,
    "H": 0.0,
    "I": 0.0,
    "K": 0.07303370786516854,
    "L": 0.0,
    "M": 0.0,
    "N": 0.0,
    "P": 0.0,
    "Q": 0.0,
    "R": 0.1404494382022472,
    "S": 0.0,
    "T": 0.0,
    "V": 0.0,
    "W": 0.0,
    "Y": 0.0
  },
  "+3": {
    "A": 0.0,
    "C": 0.0,
    "D": 0.0,
    "E": 0.0,
    "F": 0.0,
    "G": 0.0,
    "H": 0.0,
    "I": 0.0,
    "K": 0.06741573033707865,
    "L": 0.0,
    "M": 0.0,
    "N": 0.0,
    "P": 0.0,
    "Q": 0.0,
    "R": 0.07865168539325842,
    "S": 0.0,
    "T": 0.0,
    "V": 0.0,
    "W": 0.0,
    "Y": 0.0
  },
  "+4": {
    "A": 0.0,
    "C": 0.0,
    "D": 0.0,
    "E": 0.0,
    "F": 0.0,
    "G": 0.0,
    "H": 0.0,
    "I": 0.0,
    "K": 0.0,
    "L": 0.0,
    "M": 0.0,
    "N": 0.0,
    "P": 0.0,
    "Q": 0.0,
    "R": 0.056179775280898875,
    "S": 0.0,
    "T": 0.0,
    "V": 0.0,
    "W": 0.0,
    "Y": 0.0
  },
  "+5": {
    "A": 0.0,
    "C": 0.0,
    "D": 0.0,
    "E": 0.0056179775280898875,
    "F": 0.0,
    "G": 0.0,
    "H": 0.0,
    "I": 0.0,
    "K": 0.0,
    "L": 0.0,
    "M": 0.0,
    "N": 0.0,
    "P": 0.0,
    "Q": 0.0,
    "R": 0.0,
    "S": 0.0056179775280898875,
    "T": 0.0,
    "V": 0.0,
    "W": 0.0,
    "Y": 0.0
  },
  "+6": {
    "A": 0.0,
    "C": 0.0,
    "D": 0.0056179775280898875,
    "E": 0.0,
    "F": 0.0,
    "G": 0.0,
    "H": 0.0,