{
  "-10": {
    "A": 0.0625,
    "C": 0.0625,
    "D": 0.03125,
    "E": 0.0,
    "F": 0.0,
    "G": 0.28125,
    "H": 0.0,
    "I": 0.03125,
    "K": 0.0,
    "L": 0.21875,
    "M": 0.0,
    "N": 0.0,
    "P": 0.0,
    "Q": 0.0,
    "R": 0.0625,
    "S": 0.03125,
    "T": 0.0,
    "V": 0.125,
    "W": 0.0,
    "Y": 0.0
  },
  "-9": {
    "A": 0.375,
    "C": 0.0,
    "D": 0.0,
    "E": 0.0,
    "F": 0.0,
    "G": 0.125,
    "H": 0.0,
    "I": 0.03125,
    "K": 0.0,
    "L": 0.0625,
    "M": 0.0,
    "N": 0.03125,
    "P": 0.03125,
    "Q": 0.0,
    "R": 0.0,
    "S": 0.09375,
    "T": 0.0,
    "V": 0.15625,
    "W": 0.0,
    "Y": 0.0
  },
  "-8": {
    "A": 0.03125,
    "C": 0.03125,
    "D": 0.0625,
    "E": 0.0,
    "F": 0.03125,
    "G": 0.09375,
    "H": 0.0,
    "I": 0.0,
    "K": 0.34375,
    "L": 0.0,
    "M": 0.0,
    "N": 0.0,
    "P": 0.03125,
    "Q": 0.0,
    "R": 0.0,
    "S": 0.25,
    "T": 0.03125,
    "V": 0.0,
    "W": 0.0,
    "Y": 0.0
  },
  "-7": {
    "A": 0.03125,
    "C": 0.0,
    "D": 0.0,
    "E": 0.03125,
    "F": 0.0,
    "G": 0.0625,
    "H": 0.1875,
    "I": 0.0,
    "K": 0.03125,
    "L": 0.0,
    "M": 0.0,
    "N": 0.0625,
    "P": 0.0,
    "Q": 0.125,
    "R": 0.0,
    "S": 0.0,
    "T": 0.03125,
    "V": 0.03125,
    "W": 0.03125,
    "Y": 0.28125
  },
  "-6": {
    "A": 0.21875,
    "C": 0.03125,
    "D": 0.0,
    "E": 0.03125,
    "F": 0.0,
    "G": 0.0,
    "H": 0.0,
    "I": 0.125,
    "K": 0.0,
    "L": 0.09375,
    "M": 0.03125,
    "N": 0.0,
    "P": 0.03125,
    "Q": 0.0,
    "R": 0.0,
    "S": 0.0,
    "T": 0.0,
    "V": 0.34375,
    "W": 0.0,
    "Y": 0.0
  },
  "-5": {
    "A": 0.5,
    "C": 0.0,
    "D": 0.0,
    "E": 0.0,
    "F": 0.0,
    "G": 0.0625,
    "H": 0.0,
    "I": 0.03125,
    "K": 0.125,
    "L": 0.0625,
    "M": 0.0,
    "N": 0.0,
    "P": 0.0,
    "Q": 0.0,
    "R": 0.03125,
    "S": 0.0625,
    "T": 0.03125,
    "V": 0.0625,
    "W": 0.0,
    "Y": 0.0
  },
  "-4": {
    "A": 0.03125,
    "C": 0.03125,
    "D": 0.03125,
    "E": 0.0,
    "F": 0.09375,
    "G": 0.03125,
    "H": 0.03125,
    "I": 0.0,
    "K": 0.21875,
    "L": 0.0,
    "M": 0.0,
    "N": 0.21875,
    "P": 0.125,
    "Q": 0.125,
    "R": 0.0625,
    "S": 0.0,
    "T": 0.0,
    "V": 0.0,
    "W": 0.0,
    "Y": 0.0
  },
  "-3": {
    "A": 0.0,
    "C": 0.03125,
    "D": 0.0625,
    "E": 0.03125,
    "F": 0.0,
    "G": 0.0625,
    "H": 0.0,
    "I": 0.03125,
    "K": 0.5625,
    "L": 0.03125,
    "M": 0.0,
    "N": 0.0,
    "P": 0.03125,
    "Q": 0.0625,
    "R": 0.0,
    "S": 0.0,
    "T": 0.03125,
    "V": 0.0,
    "W": 0.03125,
    "Y": 0.03125
  },
  "-2": {
    "A": 0.0,
    "C": 0.09375,
    "D": 0.0,
    "E": 0.03125,
    "F": 0.0625,
    "G": 0.0,
    "H": 0.0625,
    "I": 0.0625,
    "K": 0.03125,
    "L": 0.03125,
    "M": 0.0,
    "N": 0.03125,
    "P": 0.09375,
    "Q": 0.4375,
    "R": 0.03125,
    "S": 0.0,
    "T": 0.0,
    "V": 0.0,
    "W": 0.0,
    "Y": 0.03125
  },
  "-1": {
    "A": 0.0,
    "C": 0.03125,
    "D": 0.03125,
    "E": 0.0625,
    "F": 0.0,
    "G": 0.03125,
    "H": 0.0,
    "I": 0.03125,
    "K": 0.03125,
    "L": 0.15625,
    "M": 0.3125,
    "N": 0.03125,
    "P": 0.03125,
    "Q": 0.03125,
    "R": 0.09375,
    "S": 0.03125,
    "T": 0.0625,
    "V": 0.0,
    "W": 0.03125,
    "Y": 0.0
  },
  "0": {
    "A": 0.0,
    "C": 0.0,
    "D": 0.0,
    "E": 1.0,
    "F": 0.0,
    "G": 0.0,
    "H": 0.0,
    "I": 0.0,
    "K": 0.0,
    "L": 0.0,
    "M": 0.0,
    "N": 0.0,
    "P": 0.0,
    "Q": 0.0,
    "R": 0.0,
    "S": 0.0,
    "T": 0.0,
    "V": 0.0,
    "W": 0.0,
    "Y": 0.0
  },
  "+1": {
    "A": 0.0,
    "C": 0.0,
    "D": 0.0,
    "E": 0.0,
    "F": 0.0,
    "G": 0.25,
    "H": 0.0,
    "I": 0.0,
    "K": 0.0,
    "L": 0.0,
    "M": 0.0,
    "N": 0.0,
    "P": 0.0,
    "Q": 0.0,
    "R": 0.0,
    "S": 0.0,
    "T": 0.03125,
    "V": 0.0,
    "W": 0.0,
    "Y": 0.0
  },
  "+2": {
    "A": 0.0,
    "C": 0.0,
    "D": 0.0,
    "E": 0.03125,
    "F": 0.0,
    "G": 0.0,
    "H": 0.0,
    "I": 0.0,
    "K": 0.125,
    "L": 0.0,
    "M": 0.0,
    "N": 0.0,
    "P": 0.0,
    "Q": 0.0,
    "R": 0.0625,
    "S": 0.0,
    "T": 0.03125,
    "V": 0.0,
    "W": 0.0,
    "Y": 0.0
  },
  "+3": {
    "A": 0.03125,
    "C": 0.0,
    "D": 0.0,
    "E": 0.0,
    "F": 0.0,
    "G": 0.0,
    "H": 0.03125,
    "I": 0.0,
    "K": 0.0,
    "L": 0.0,
    "M": 0.0,
    "N": 0.0,
    "P": 0.0,
    "Q": 0.0,
    "R": 0.125,
    "S": 0.0,
    "T": 0.0,
    "V": 0.0,
    "W": 0.0,
    "Y": 0.0
  },
  "+4": {
    "A": 0.0,
    "C": 0.0,
    "D": 0.03125,
    "E": 0.0,
    "F": 0.0,
    "G": 0.03125,
    "H": 0.0,
    "I": 0.0,
    "K": 0.0,
    "L": 0.0,
    "M": 0.0,
    "N": 0.0,
    "P": 0.0,
    "Q": 0.0,
    "R": 0.0,
    "S": 0.09375,
    "T": 0.0,
    "V": 0.0,
    "W": 0.0,
    "Y": 0.0
  },
  "+5": {
    "A": 0.0,
    "C": 0.0,
    "D": 0.0,
    "E": 0.0,
    "F": 0.0,
    "G": 0.0,
    "H": 0.0,
    "I": 0.03125,
    "K": 0.0,
    "L": 0.03125,
    "M": 0.0,
    "N": 0.03125,
    "P": 0.0,
    "Q": 0.0,
    "R": 0.0,
    "S": 0.0,
    "T": 0.0,
    "V": 0.0,
    "W": 0.0,
    "Y": 0.0625
  },
  "+6": {
    "A": 0.03125,
    "C": 0.0,
    "D": 0.03125,
    "E": 0.0,
    "F": 0.0,
    "G": 0.0,
    "H": 0.0,
    "I": 0.0,
    "K": 0.0,
    "L": 0.0,
    "M": 0.0,
    "N": 0.0,
    "P": 0.0,
    "Q": 0.0,
    "R": 0.03125,
    "S": 0.0625,
    "T": 0.0,
    "V": 0.0,
    "W": 0.0,
    "Y": 0.0
  },
  "+7": {
    "A": 0.03125,
    "C": 0.0,
    "D": 0.0,
    "E": 0.0,
    "F": 0.0,
    "G": 0.0,
    "H": 0.0,
    "I": 0.0,
    "K": 0.03125,
    "L": 0.0,
    "M": 0.0625,
    "N": 0.0,
    "P": 0.0,
    "Q": 0.0,
    "R": 0.0,
    "S": 0.03125,
    "T": 0.0,
    "V": 0.0,
    "W": 0.0,
    "Y": 0.0
  },
  "+8": {
    "A": 0.0,
    "C": 0.0,
    "D": 0.0,
    "E": 0.0625,
    "F": 0.0,
    "G": 0.0,
    "H": 0.0,
    "I": 0.0,
    "K": 0.0,
    "L": 0.03125,
    "M": 0.0,
    "N": 0.0,
    "P": 0.0,
    "Q": 0.0,
    "R": 0.0,
    "S": 0.0,
    "T": 0.03125,
    "V": 0.0,
    "W": 0.0,
    "Y": 0.03125
  },
  "+9": {
    "A": 0.03125,
    "C": 0.0,
    "D": 0.0,
    "E": 0.0,
    "F": 0.0,
    "G": 0.0,
    "H": 0.0625,
    "I": 0.0,
    "K": 0.03125,
    "L": 0.0,
    "M": 0.0,
    "N": 0.0,
    "P": 0.0,
    "Q": 0.0,
    "R": 0.0,
    "S": 0.03125,
    "T": 0.0,
    "V": 0.0,
    "W": 0.0,
    "Y": 0.0
  },
  "+10": {
    "A": 0.0,
    "C": 0.0,
    "D": 0.0,
    "E": 0.0,
    "F": 0.09375,
    "G": 0.0,
    "H": 0.0,
    "I": 0.0,
    "K": 0.0,
    "L": 0.0,
    "M": 0.0,
    "N": 0.0,
    "P": 0.0,
    "Q": 0.0,
    "R": 0.03125,
    "S": 0.03125,
    "T": 0.0,
    "V": 0.0,
    "W": 0.0,
    "Y": 0.0
  }
}