{
  "-10": {
    "A": 0.024930747922437674,
    "C": 0.0,
    "D": 0.055401662049861494,
    "E": 0.12465373961218837,
    "F": 0.04155124653739612,
    "G": 0.10803324099722991,
    "H": 0.0013850415512465374,
    "I": 0.027700831024930747,
    "K": 0.0817174515235457,
    "L": 0.0110803324099723,
    "M": 0.02077562326869806,
    "N": 0.018005540166204988,
    "P": 0.02631578947368421,
    "Q": 0.01662049861495845,
    "R": 0.1149584487534626,
    "S": 0.05678670360110803,
    "T": 0.036011080332409975,
    "V": 0.02077562326869806,
    "W": 0.006925207756232687,
    "Y": 0.018005540166204988
  },
  "-9": {
    "A": 0.04709141274238227,
    "C": 0.0013850415512465374,
    "D": 0.0664819944598338,
    "E": 0.04293628808864266,
    "F": 0.0664819944598338,
    "G": 0.06786703601108034,
    "H": 0.013850415512465374,
    "I": 0.0110803324099723,
    "K": 0.037396121883656507,
    "L": 0.038781163434903045,
    "M": 0.02077562326869806,
    "N": 0.060941828254847646,
    "P": 0.04016620498614958,
    "Q": 0.1371191135734072,
    "R": 0.12465373961218837,
    "S": 0.036011080332409975,
    "T": 0.009695290858725761,
    "V": 0.027700831024930747,
    "W": 0.004155124653739612,
    "Y": 0.018005540166204988
  },
  "-8": {
    "A": 0.06925207756232687,
    "C": 0.002770083102493075,
    "D": 0.0997229916897507,
    "E": 0.045706371191135735,
    "F": 0.13573407202216067,
    "G": 0.09418282548476455,
    "H": 0.00554016620498615,
    "I": 0.04016620498614958,
    "K": 0.0817174515235457,
    "L": 0.0221606648199446,
    "M": 0.019390581717451522,
    "N": 0.012465373961218837,
    "P": 0.027700831024930747,
    "Q": 0.02631578947368421,
    "R": 0.07479224376731301,
    "S": 0.08587257617728532,
    "T": 0.023545706371191136,
    "V": 0.029085872576177285,
    "W": 0.002770083102493075,
    "Y": 0.029085872576177285
  },
  "-7": {
    "A": 0.10526315789473684,
    "C": 0.0,
    "D": 0.10110803324099724,
    "E": 0.07479224376731301,
    "F": 0.027700831024930747,
    "G": 0.08725761772853186,
    "H": 0.013850415512465374,
    "I": 0.013850415512465374,
    "K": 0.038781163434903045,
    "L": 0.019390581717451522,
    "M": 0.0110803324099723,
    "N": 0.015235457063711912,
    "P": 0.08033240997229917,
    "Q": 0.0221606648199446,
    "R": 0.09695290858725762,
    "S": 0.05955678670360111,
    "T": 0.0332409972299169,
    "V": 0.10249307479224377,
    "W": 0.01662049861495845,
    "Y": 0.0332409972299169
  },
  "-6": {
    "A": 0.04709141274238227,
    "C": 0.03462603878116344,
    "D": 0.21191135734072022,
    "E": 0.0443213296398892,
    "F": 0.00554016620498615,
    "G": 0.09833795013850416,
    "H": 0.012465373961218837,
    "I": 0.01662049861495845,
    "K": 0.06786703601108034,
    "L": 0.02631578947368421,
    "M": 0.009695290858725761,
    "N": 0.05124653739612189,
    "P": 0.060941828254847646,
    "Q": 0.045706371191135735,
    "R": 0.0886426592797784,
    "S": 0.08725761772853186,
    "T": 0.015235457063711912,
    "V": 0.015235457063711912,
    "W": 0.00554016620498615,
    "Y": 0.038781163434903045
  },
  "-5": {
    "A": 0.0664819944598338,
    "C": 0.004155124653739612,
    "D": 0.08725761772853186,
    "E": 0.07756232686980609,
    "F": 0.024930747922437674,
    "G": 0.05817174515235457,
    "H": 0.04709141274238227,
    "I": 0.0110803324099723,
    "K": 0.10526315789473684,
    "L": 0.01662049861495845,
    "M": 0.029085872576177285,
    "N": 0.03185595567867036,
    "P": 0.04847645429362881,
    "Q": 0.08725761772853186,
    "R": 0.030470914127423823,
    "S": 0.08310249307479224,
    "T": 0.0221606648199446,
    "V": 0.029085872576177285,
    "W": 0.018005540166204988,
    "Y": 0.10664819944598337
  },
  "-4": {
    "A": 0.05263157894736842,
    "C": 0.006925207756232687,
    "D": 0.15096952908587258,
    "E": 0.018005540166204988,
    "F": 0.024930747922437674,
    "G": 0.18698060941828254,
    "H": 0.002770083102493075,
    "I": 0.023545706371191136,
    "K": 0.02077562326869806,
    "L": 0.09279778393351801,
    "M": 0.009695290858725761,
    "N": 0.08725761772853186,
    "P": 0.055401662049861494,
    "Q": 0.0013850415512465374,
    "R": 0.1038781163434903,
    "S": 0.0443213296398892,
    "T": 0.02631578947368421,
    "V": 0.03462603878116344,
    "W": 0.04293628808864266,
    "Y": 0.002770083102493075
  },
  "-3": {
    "A": 0.04986149584487535,
    "C": 0.0013850415512465374,
    "D": 0.037396121883656507,
    "E": 0.0,
    "F": 0.3628808864265928,
    "G": 0.0221606648199446,
    "H": 0.09002770083102493,
    "I": 0.002770083102493075,
    "K": 0.03185595567867036,
    "L": 0.013850415512465374,
    "M": 0.019390581717451522,
    "N": 0.002770083102493075,
    "P": 0.04709141274238227,
    "Q": 0.07894736842105263,
    "R": 0.04986149584487535,
    "S": 0.03462603878116344,
    "T": 0.019390581717451522,
    "V": 0.024930747922437674,
    "W": 0.05955678670360111,
    "Y": 0.05124653739612189
  },
  "-2": {
    "A": 0.004155124653739612,
    "C": 0.002770083102493075,
    "D": 0.009695290858725761,
    "E": 0.013850415512465374,
    "F": 0.02077562326869806,
    "G": 0.12880886426592797,
    "H": 0.018005540166204988,
    "I": 0.05263157894736842,
    "K": 0.04016620498614958,
    "L": 0.1814404432132964,
    "M": 0.37950138504155123,
    "N": 0.004155124653739612,
    "P": 0.0221606648199446,
    "Q": 0.012465373961218837,
    "R": 0.04155124653739612,
    "S": 0.0221606648199446,
    "T": 0.004155124653739612,
    "V": 0.029085872576177285,
    "W": 0.002770083102493075,
    "Y": 0.009695290858725761
  },
  "-1": {
    "A": 0.006925207756232687,
    "C": 0.004155124653739612,
    "D": 0.06371191135734072,
    "E": 0.0,
    "F": 0.024930747922437674,
    "G": 0.023545706371191136,
    "H": 0.03462603878116344,
    "I": 0.01662049861495845,
    "K": 0.004155124653739612,
    "L": 0.027700831024930747,
    "M": 0.004155124653739612,
    "N": 0.004155124653739612,
    "P": 0.012465373961218837,
    "Q": 0.0,
    "R": 0.7146814404432132,
    "S": 0.013850415512465374,
    "T": 0.0332409972299169,
    "V": 0.009695290858725761,
    "W": 0.0013850415512465374,
    "Y": 0.0
  },
  "0": {
    "A": 0.0,
    "C": 0.0,
    "D": 0.0,
    "E": 0.0,
    "F": 1.0,
    "G": 0.0,
    "H": 0.0,
    "I": 0.0,
    "K": 0.0,
    "L": 0.0,
    "M": 0.0,
    "N": 0.0,
    "P": 0.0,
    "Q": 0.0,
    "R": 0.0,
    "S": 0.0,
    "T": 0.0,
    "V": 0.0,
    "W": 0.0,
    "Y": 0.0
  },
  "+1": {
    "A": 0.0,
    "C": 0.0,
    "D": 0.0,
    "E": 0.0,
    "F": 0.0,
    "G": 0.5997229916897507,
    "H": 0.0,
    "I": 0.0,
    "K": 0.0013850415512465374,
    "L": 0.0,
    "M": 0.0,
    "N": 0.0,
    "P": 0.0,
    "Q": 0.0,
    "R": 0.0,
    "S": 0.0,
    "T": 0.0,
    "V": 0.0,
    "W": 0.0,
    "Y": 0.0
  },
  "+2": {
    "A": 0.0,
    "C": 0.0,
    "D": 0.00554016620498615,
    "E": 0.0,
    "F": 0.0,
    "G": 0.0,
    "H": 0.0,
    "I": 0.0,
    "K": 0.26177285318559557,
    "L": 0.0,
    "M": 0.0,
    "N": 0.0013850415512465374,
    "P": 0.0,
    "Q": 0.002770083102493075,
    "R": 0.30055401662049863,
    "S": 0.0,
    "T": 0.0013850415512465374,
    "V": 0.0,
    "W": 0.0,
    "Y": 0.0013850415512465374
  },
  "+3": {
    "A": 0.023545706371191136,
    "C": 0.0,
    "D": 0.02077562326869806,
    "E": 0.08310249307479224,
    "F": 0.0,
    "G": 0.0221606648199446,
    "H": 0.0,
    "I": 0.0,
    "K": 0.029085872576177285,
    "L": 0.0,
    "M": 0.0,
    "N": 0.029085872576177285,
    "P": 0.004155124653739612,
    "Q": 0.006925207756232687,
    "R": 0.19667590027700832,
    "S": 0.1038781163434903,
    "T": 0.013850415512465374,
    "V": 0.0,
    "W": 0.0,
    "Y": 0.0013850415512465374
  },
  "+4": {
    "A": 0.036011080332409975,
    "C": 0.0,
    "D": 0.10110803324099724,
    "E": 0.037396121883656507,
    "F": 0.0221606648199446,
    "G": 0.037396121883656507,
    "H": 0.0013850415512465374,
    "I": 0.002770083102493075,
    "K": 0.00554016620498615,
    "L": 0.037396121883656507,
    "M": 0.002770083102493075,
    "N": 0.009695290858725761,