{
  "-10": {
    "A": 0.06896551724137931,
    "C": 0.20689655172413793,
    "D": 0.0,
    "E": 0.034482758620689655,
    "F": 0.0,
    "G": 0.06896551724137931,
    "H": 0.1724137931034483,
    "I": 0.0,
    "K": 0.10344827586206896,
    "L": 0.13793103448275862,
    "M": 0.0,
    "N": 0.034482758620689655,
    "P": 0.034482758620689655,
    "Q": 0.034482758620689655,
    "R": 0.0,
    "S": 0.034482758620689655,
    "T": 0.034482758620689655,
    "V": 0.034482758620689655,
    "W": 0.0,
    "Y": 0.0
  },
  "-9": {
    "A": 0.13793103448275862,
    "C": 0.06896551724137931,
    "D": 0.27586206896551724,
    "E": 0.06896551724137931,
    "F": 0.0,
    "G": 0.0,
    "H": 0.0,
    "I": 0.20689655172413793,
    "K": 0.06896551724137931,
    "L": 0.034482758620689655,
    "M": 0.034482758620689655,
    "N": 0.0,
    "P": 0.0,
    "Q": 0.0,
    "R": 0.0,
    "S": 0.0,
    "T": 0.0,
    "V": 0.06896551724137931,
    "W": 0.0,
    "Y": 0.034482758620689655
  },
  "-8": {
    "A": 0.10344827586206896,
    "C": 0.0,
    "D": 0.0,
    "E": 0.0,
    "F": 0.06896551724137931,
    "G": 0.10344827586206896,
    "H": 0.06896551724137931,
    "I": 0.034482758620689655,
    "K": 0.0,
    "L": 0.10344827586206896,
    "M": 0.034482758620689655,
    "N": 0.10344827586206896,
    "P": 0.0,
    "Q": 0.034482758620689655,
    "R": 0.06896551724137931,
    "S": 0.0,
    "T": 0.0,
    "V": 0.13793103448275862,
    "W": 0.0,
    "Y": 0.13793103448275862
  },
  "-7": {
    "A": 0.034482758620689655,
    "C": 0.06896551724137931,
    "D": 0.10344827586206896,
    "E": 0.034482758620689655,
    "F": 0.0,
    "G": 0.20689655172413793,
    "H": 0.034482758620689655,
    "I": 0.0,
    "K": 0.06896551724137931,
    "L": 0.0,
    "M": 0.034482758620689655,
    "N": 0.034482758620689655,
    "P": 0.034482758620689655,
    "Q": 0.034482758620689655,
    "R": 0.034482758620689655,
    "S": 0.034482758620689655,
    "T": 0.20689655172413793,
    "V": 0.034482758620689655,
    "W": 0.0,
    "Y": 0.0
  },
  "-6": {
    "A": 0.10344827586206896,
    "C": 0.034482758620689655,
    "D": 0.034482758620689655,
    "E": 0.034482758620689655,
    "F": 0.0,
    "G": 0.0,
    "H": 0.13793103448275862,
    "I": 0.06896551724137931,
    "K": 0.13793103448275862,
    "L": 0.3103448275862069,
    "M": 0.0,
    "N": 0.0,
    "P": 0.034482758620689655,
    "Q": 0.06896551724137931,
    "R": 0.0,
    "S": 0.0,
    "T": 0.0,
    "V": 0.034482758620689655,
    "W": 0.0,
    "Y": 0.0
  },
  "-5": {
    "A": 0.0,
    "C": 0.1724137931034483,
    "D": 0.0,
    "E": 0.0,
    "F": 0.034482758620689655,
    "G": 0.034482758620689655,
    "H": 0.20689655172413793,
    "I": 0.10344827586206896,
    "K": 0.0,
    "L": 0.06896551724137931,
    "M": 0.034482758620689655,
    "N": 0.034482758620689655,
    "P": 0.034482758620689655,
    "Q": 0.0,
    "R": 0.06896551724137931,
    "S": 0.10344827586206896,
    "T": 0.0,
    "V": 0.06896551724137931,
    "W": 0.0,
    "Y": 0.034482758620689655
  },
  "-4": {
    "A": 0.1724137931034483,
    "C": 0.1724137931034483,
    "D": 0.0,
    "E": 0.13793103448275862,
    "F": 0.034482758620689655,
    "G": 0.0,
    "H": 0.06896551724137931,
    "I": 0.034482758620689655,
    "K": 0.10344827586206896,
    "L": 0.10344827586206896,
    "M": 0.0,
    "N": 0.0,
    "P": 0.034482758620689655,
    "Q": 0.0,
    "R": 0.06896551724137931,
    "S": 0.034482758620689655,
    "T": 0.0,
    "V": 0.034482758620689655,
    "W": 0.0,
    "Y": 0.0
  },
  "-3": {
    "A": 0.034482758620689655,
    "C": 0.13793103448275862,
    "D": 0.2413793103448276,
    "E": 0.034482758620689655,
    "F": 0.034482758620689655,
    "G": 0.06896551724137931,
    "H": 0.034482758620689655,
    "I": 0.034482758620689655,
    "K": 0.06896551724137931,
    "L": 0.0,
    "M": 0.034482758620689655,
    "N": 0.0,
    "P": 0.034482758620689655,
    "Q": 0.034482758620689655,
    "R": 0.10344827586206896,
    "S": 0.0,
    "T": 0.0,
    "V": 0.0,
    "W": 0.06896551724137931,
    "Y": 0.034482758620689655
  },
  "-2": {
    "A": 0.1724137931034483,
    "C": 0.034482758620689655,
    "D": 0.0,
    "E": 0.034482758620689655,
    "F": 0.0,
    "G": 0.13793103448275862,
    "H": 0.06896551724137931,
    "I": 0.034482758620689655,
    "K": 0.034482758620689655,
    "L": 0.034482758620689655,
    "M": 0.0,
    "N": 0.034482758620689655,
    "P": 0.06896551724137931,
    "Q": 0.06896551724137931,
    "R": 0.13793103448275862,
    "S": 0.034482758620689655,
    "T": 0.0,
    "V": 0.10344827586206896,
    "W": 0.0,
    "Y": 0.0
  },
  "-1": {
    "A": 0.10344827586206896,
    "C": 0.10344827586206896,
    "D": 0.0,
    "E": 0.0,
    "F": 0.0,
    "G": 0.13793103448275862,
    "H": 0.0,
    "I": 0.20689655172413793,
    "K": 0.06896551724137931,
    "L": 0.034482758620689655,
    "M": 0.0,
    "N": 0.034482758620689655,
    "P": 0.034482758620689655,
    "Q": 0.034482758620689655,
    "R": 0.1724137931034483,
    "S": 0.0,
    "T": 0.034482758620689655,
    "V": 0.034482758620689655,
    "W": 0.0,
    "Y": 0.0
  },
  "0": {
    "A": 0.0,
    "C": 0.0,
    "D": 0.0,
    "E": 0.0,
    "F": 0.0,
    "G": 0.0,
    "H": 1.0,
    "I": 0.0,
    "K": 0.0,
    "L": 0.0,
    "M": 0.0,
    "N": 0.0,
    "P": 0.0,
    "Q": 0.0,
    "R": 0.0,
    "S": 0.0,
    "T": 0.0,
    "V": 0.0,
    "W": 0.0,
    "Y": 0.0
  },
  "+1": {
    "A": 0.0,
    "C": 0.0,
    "D": 0.0,
    "E": 0.0,
    "F": 0.0,
    "G": 0.4482758620689655,
    "H": 0.0,
    "I": 0.0,
    "K": 0.0,
    "L": 0.034482758620689655,
    "M": 0.0,
    "N": 0.0,
    "P": 0.0,
    "Q": 0.0,
    "R": 0.20689655172413793,
    "S": 0.0,
    "T": 0.0,
    "V": 0.0,
    "W": 0.0,
    "Y": 0.0
  },
  "+2": {
    "A": 0.0,
    "C": 0.0,
    "D": 0.0,
    "E": 0.0,
    "F": 0.0,
    "G": 0.20689655172413793,
    "H": 0.0,
    "I": 0.0,
    "K": 0.20689655172413793,
    "L": 0.0,
    "M": 0.0,
    "N": 0.0,
    "P": 0.0,
    "Q": 0.0,
    "R": 0.13793103448275862,
    "S": 0.0,
    "T": 0.0,
    "V": 0.0,
    "W": 0.0,
    "Y": 0.0
  },
  "+3": {
    "A": 0.0,
    "C": 0.0,
    "D": 0.0,
    "E": 0.034482758620689655,
    "F": 0.0,
    "G": 0.13793103448275862,
    "H": 0.0,
    "I": 0.0,
    "K": 0.0,
    "L": 0.0,
    "M": 0.0,
    "N": 0.0,
    "P": 0.06896551724137931,
    "Q": 0.0,
    "R": 0.13793103448275862,
    "S": 0.0,
    "T": 0.0,
    "V": 0.0,
    "W": 0.0,
    "Y": 0.0
  },
  "+4": {
    "A": 0.06896551724137931,
    "C": 0.0,
    "D": 0.0,
    "E": 0.0,
    "F": 0.0,
    "G": 0.13793103448275862,
    "H": 0.0,
    "I": 0.0,
    "K": 0.0,
    "L": 0.0,
    "M": 0.0,
    "N": 0.034482758620689655,
    "P": 0.0,
    "Q": 0.0,
    "R": 0.0,
    "S": 0.10344827586206896,
    "T": 0.034482758620689655,
    "V": 0.0,
    "W": 0.0,
    "Y": 0.0
  },
  "+5": {
    "A": 0.0,
    "C": 0.0,
    "D": 0.034482758620689655,
    "E": 0.0,
    "F": 0.0,
    "G": 0.06896551724137931,
    "H": 0.0,
    "I": 0.0,
    "K": 0.0,
    "L": 0.034482758620689655,
    "M": 0.0,
    "N": 0.0,
    "P": 0.0,
    "Q": 0.20689655172413793,
    "R": 0.0,
    "S": 0.034482758620689655,
    "T": 0.0,
    "V": 0.0,
    "W": 0.0,
    "Y": 0.0
  },
  "+6": {
    "A": 0.034482758620689655,
    "C": 0.0,
    "D": 0.06896551724137931,
    "E": 0.0,
    "F": 0.0,
    "G": 0.034482758620689655,
    "H": 0.0,
    "I": 0.20689655172413793,
    "K": 0.0,
    "L": 0.0,
    "M": 0.0,
    "N": 0.0,
    "P": 0.0,
    "Q": 0.0,
    "R": 0.0,
    "S": 0.034482758620689655,
    "T": 0.0,
    "V": 0.0,
    "W": 0.0,
    "Y": 0.0
  },
  "+7": {
    "A": 0.0,
    "C": 0.0,
    "D": 0.0,
    "E": 0.0,
    "F": 0.0,
    "G": 0.034482758620689655,
    "H": 0.0,
    "I": 0.13793103448275862,
    "K": 0.034482758620689655,
    "L": 0.0,
    "M": 0.0,
    "N": 0.0,
    "P": 0.034482758620689655,
    "Q": 0.034482758620689655,
    "R": 0.0,
    "S": 0.0,
    "T": 0.034482758620689655,
    "V": 0.0,
    "W": 0.0,
    "Y": 0.06896551724137931
  },
  "+8": {
    "A": 0.034482758620689655,
    "C": 0.0,
    "D": 0.0,
    "E": 0.0,