{
  "-10": {
    "A": 0.03529411764705882,
    "C": 0.058823529411764705,
    "D": 0.047058823529411764,
    "E": 0.023529411764705882,
    "F": 0.1411764705882353,
    "G": 0.12941176470588237,
    "H": 0.03529411764705882,
    "I": 0.023529411764705882,
    "K": 0.08235294117647059,
    "L": 0.11764705882352941,
    "M": 0.011764705882352941,
    "N": 0.03529411764705882,
    "P": 0.03529411764705882,
    "Q": 0.023529411764705882,
    "R": 0.03529411764705882,
    "S": 0.058823529411764705,
    "T": 0.03529411764705882,
    "V": 0.011764705882352941,
    "W": 0.03529411764705882,
    "Y": 0.023529411764705882
  },
  "-9": {
    "A": 0.16470588235294117,
    "C": 0.023529411764705882,
    "D": 0.011764705882352941,
    "E": 0.0,
    "F": 0.011764705882352941,
    "G": 0.047058823529411764,
    "H": 0.047058823529411764,
    "I": 0.08235294117647059,
    "K": 0.07058823529411765,
    "L": 0.16470588235294117,
    "M": 0.10588235294117647,
    "N": 0.011764705882352941,
    "P": 0.03529411764705882,
    "Q": 0.0,
    "R": 0.047058823529411764,
    "S": 0.0,
    "T": 0.058823529411764705,
    "V": 0.08235294117647059,
    "W": 0.023529411764705882,
    "Y": 0.011764705882352941
  },
  "-8": {
    "A": 0.07058823529411765,
    "C": 0.058823529411764705,
    "D": 0.07058823529411765,
    "E": 0.0,
    "F": 0.011764705882352941,
    "G": 0.058823529411764705,
    "H": 0.0,
    "I": 0.15294117647058825,
    "K": 0.047058823529411764,
    "L": 0.07058823529411765,
    "M": 0.011764705882352941,
    "N": 0.058823529411764705,
    "P": 0.07058823529411765,
    "Q": 0.0,
    "R": 0.058823529411764705,
    "S": 0.023529411764705882,
    "T": 0.011764705882352941,
    "V": 0.16470588235294117,
    "W": 0.023529411764705882,
    "Y": 0.03529411764705882
  },
  "-7": {
    "A": 0.08235294117647059,
    "C": 0.011764705882352941,
    "D": 0.09411764705882353,
    "E": 0.0,
    "F": 0.0,
    "G": 0.25882352941176473,
    "H": 0.0,
    "I": 0.0,
    "K": 0.023529411764705882,
    "L": 0.07058823529411765,
    "M": 0.0,
    "N": 0.023529411764705882,
    "P": 0.08235294117647059,
    "Q": 0.0,
    "R": 0.011764705882352941,
    "S": 0.18823529411764706,
    "T": 0.07058823529411765,
    "V": 0.023529411764705882,
    "W": 0.0,
    "Y": 0.058823529411764705
  },
  "-6": {
    "A": 0.08235294117647059,
    "C": 0.023529411764705882,
    "D": 0.011764705882352941,
    "E": 0.0,
    "F": 0.011764705882352941,
    "G": 0.15294117647058825,
    "H": 0.0,
    "I": 0.047058823529411764,
    "K": 0.16470588235294117,
    "L": 0.10588235294117647,
    "M": 0.09411764705882353,
    "N": 0.011764705882352941,
    "P": 0.011764705882352941,
    "Q": 0.047058823529411764,
    "R": 0.09411764705882353,
    "S": 0.08235294117647059,
    "T": 0.0,
    "V": 0.011764705882352941,
    "W": 0.0,
    "Y": 0.047058823529411764
  },
  "-5": {
    "A": 0.07058823529411765,
    "C": 0.12941176470588237,
    "D": 0.0,
    "E": 0.0,
    "F": 0.058823529411764705,
    "G": 0.03529411764705882,
    "H": 0.011764705882352941,
    "I": 0.27058823529411763,
    "K": 0.03529411764705882,
    "L": 0.1411764705882353,
    "M": 0.011764705882352941,
    "N": 0.011764705882352941,
    "P": 0.058823529411764705,
    "Q": 0.07058823529411765,
    "R": 0.011764705882352941,
    "S": 0.011764705882352941,
    "T": 0.0,
    "V": 0.058823529411764705,
    "W": 0.0,
    "Y": 0.011764705882352941
  },
  "-4": {
    "A": 0.023529411764705882,
    "C": 0.058823529411764705,
    "D": 0.03529411764705882,
    "E": 0.0,
    "F": 0.011764705882352941,
    "G": 0.03529411764705882,
    "H": 0.03529411764705882,
    "I": 0.12941176470588237,
    "K": 0.08235294117647059,
    "L": 0.047058823529411764,
    "M": 0.023529411764705882,
    "N": 0.08235294117647059,
    "P": 0.047058823529411764,
    "Q": 0.08235294117647059,
    "R": 0.12941176470588237,
    "S": 0.03529411764705882,
    "T": 0.047058823529411764,
    "V": 0.08235294117647059,
    "W": 0.0,
    "Y": 0.011764705882352941
  },
  "-3": {
    "A": 0.12941176470588237,
    "C": 0.058823529411764705,
    "D": 0.0,
    "E": 0.07058823529411765,
    "F": 0.023529411764705882,
    "G": 0.03529411764705882,
    "H": 0.023529411764705882,
    "I": 0.011764705882352941,
    "K": 0.15294117647058825,
    "L": 0.08235294117647059,
    "M": 0.0,
    "N": 0.058823529411764705,
    "P": 0.03529411764705882,
    "Q": 0.011764705882352941,
    "R": 0.023529411764705882,
    "S": 0.1411764705882353,
    "T": 0.03529411764705882,
    "V": 0.10588235294117647,
    "W": 0.0,
    "Y": 0.0
  },
  "-2": {
    "A": 0.16470588235294117,
    "C": 0.09411764705882353,
    "D": 0.0,
    "E": 0.0,
    "F": 0.011764705882352941,
    "G": 0.047058823529411764,
    "H": 0.011764705882352941,
    "I": 0.058823529411764705,
    "K": 0.1411764705882353,
    "L": 0.25882352941176473,
    "M": 0.0,
    "N": 0.023529411764705882,
    "P": 0.03529411764705882,
    "Q": 0.0,
    "R": 0.023529411764705882,
    "S": 0.023529411764705882,
    "T": 0.058823529411764705,
    "V": 0.03529411764705882,
    "W": 0.0,
    "Y": 0.011764705882352941
  },
  "-1": {
    "A": 0.07058823529411765,
    "C": 0.07058823529411765,
    "D": 0.0,
    "E": 0.03529411764705882,
    "F": 0.09411764705882353,
    "G": 0.16470588235294117,
    "H": 0.011764705882352941,
    "I": 0.10588235294117647,
    "K": 0.07058823529411765,
    "L": 0.023529411764705882,
    "M": 0.023529411764705882,
    "N": 0.047058823529411764,
    "P": 0.047058823529411764,
    "Q": 0.03529411764705882,
    "R": 0.011764705882352941,
    "S": 0.08235294117647059,
    "T": 0.023529411764705882,
    "V": 0.058823529411764705,
    "W": 0.0,
    "Y": 0.023529411764705882
  },
  "0": {
    "A": 0.0,
    "C": 0.0,
    "D": 0.0,
    "E": 0.0,
    "F": 0.0,
    "G": 0.0,
    "H": 0.0,
    "I": 0.0,
    "K": 1.0,
    "L": 0.0,
    "M": 0.0,
    "N": 0.0,
    "P": 0.0,
    "Q": 0.0,
    "R": 0.0,
    "S": 0.0,
    "T": 0.0,
    "V": 0.0,
    "W": 0.0,
    "Y": 0.0
  },
  "+1": {
    "A": 0.0,
    "C": 0.0,
    "D": 0.0,
    "E": 0.0,
    "F": 0.0,
    "G": 0.5176470588235295,
    "H": 0.0,
    "I": 0.0,
    "K": 0.0,
    "L": 0.0,
    "M": 0.0,
    "N": 0.0,
    "P": 0.0,
    "Q": 0.0,
    "R": 0.011764705882352941,
    "S": 0.0,
    "T": 0.0,
    "V": 0.0,
    "W": 0.0,
    "Y": 0.0
  },
  "+2": {
    "A": 0.0,
    "C": 0.0,
    "D": 0.0,
    "E": 0.0,
    "F": 0.0,
    "G": 0.0,
    "H": 0.0,
    "I": 0.0,
    "K": 0.18823529411764706,
    "L": 0.0,
    "M": 0.0,
    "N": 0.0,
    "P": 0.0,
    "Q": 0.0,
    "R": 0.1411764705882353,
    "S": 0.0,
    "T": 0.011764705882352941,
    "V": 0.0,
    "W": 0.0,
    "Y": 0.0
  },
  "+3": {
    "A": 0.0,
    "C": 0.0,
    "D": 0.0,
    "E": 0.0,
    "F": 0.0,
    "G": 0.011764705882352941,
    "H": 0.0,
    "I": 0.0,
    "K": 0.011764705882352941,
    "L": 0.0,
    "M": 0.0,
    "N": 0.0,
    "P": 0.0,
    "Q": 0.0,
    "R": 0.23529411764705882,
    "S": 0.011764705882352941,
    "T": 0.0,
    "V": 0.0,
    "W": 0.0,
    "Y": 0.0
  },
  "+4": {
    "A": 0.0,
    "C": 0.0,
    "D": 0.0,
    "E": 0.0,
    "F": 0.0,
    "G": 0.011764705882352941,
    "H": 0.0,
    "I": 0.03529411764705882,
    "K": 0.09411764705882353,
    "L": 0.0,
    "M": 0.0,
    "N": 0.0,
    "P": 0.0,
    "Q": 0.0,
    "R": 0.011764705882352941,
    "S": 0.11764705882352941,
    "T": 0.0,
    "V": 0.0,
    "W": 0.0,
    "Y": 0.0
  },
  "+5": {
    "A": 0.10588235294117647,
    "C": 0.0,
    "D": 0.0,
    "E": 0.0,
    "F": 0.0,
    "G": 0.0,
    "H": 0.0,
    "I": 0.0,
    "K": 0.0,
    "L": 0.011764705882352941,
    "M": 0.0,
    "N": 0.0,
    "P": 0.023529411764705882,
    "Q": 0.0,
    "R": 0.09411764705882353,
    "S": 0.023529411764705882,
    "T": 0.0,
    "V": 0.0,
    "W": 0.0,
    "Y": 0.0
  },
  "+6": {
    "A": 0.0,
    "C": 0.0,
    "D": 0.047058823529411764,
    "E": 0.11764705882352941,
    "F": 0.0,
    "G": 0.011764705882352941,
    "H": 0.0,
    "I": 0.0,
    "K": 0.0,
    "L": 0.0,
    "M": 0.0,
    "N": 0.011764705882352941,