{
  "-10": {
    "A": 0.0659025787965616,
    "C": 0.0028653295128939827,
    "D": 0.0329512893982808,
    "E": 0.14326647564469913,
    "F": 0.0028653295128939827,
    "G": 0.12750716332378223,
    "H": 0.02148997134670487,
    "I": 0.024355300859598854,
    "K": 0.06446991404011461,
    "L": 0.0830945558739255,
    "M": 0.008595988538681949,
    "N": 0.01002865329512894,
    "P": 0.05873925501432665,
    "Q": 0.008595988538681949,
    "R": 0.03151862464183381,
    "S": 0.03581661891117478,
    "T": 0.004297994269340974,
    "V": 0.03724928366762178,
    "W": 0.0014326647564469914,
    "Y": 0.01002865329512894
  },
  "-9": {
    "A": 0.08452722063037249,
    "C": 0.0014326647564469914,
    "D": 0.012893982808022923,
    "E": 0.012893982808022923,
    "F": 0.02005730659025788,
    "G": 0.11604584527220631,
    "H": 0.034383954154727794,
    "I": 0.04011461318051576,
    "K": 0.11174785100286533,
    "L": 0.06160458452722063,
    "M": 0.03151862464183381,
    "N": 0.027220630372492838,
    "P": 0.008595988538681949,
    "Q": 0.004297994269340974,
    "R": 0.04871060171919771,
    "S": 0.0673352435530086,
    "T": 0.06303724928366762,
    "V": 0.03581661891117478,
    "W": 0.0028653295128939827,
    "Y": 0.0028653295128939827
  },
  "-8": {
    "A": 0.1017191977077364,
    "C": 0.0014326647564469914,
    "D": 0.055873925501432664,
    "E": 0.014326647564469915,
    "F": 0.0057306590257879654,
    "G": 0.08452722063037249,
    "H": 0.014326647564469915,
    "I": 0.050143266475644696,
    "K": 0.12607449856733524,
    "L": 0.0673352435530086,
    "M": 0.0028653295128939827,
    "N": 0.024355300859598854,
    "P": 0.050143266475644696,
    "Q": 0.02005730659025788,
    "R": 0.0659025787965616,
    "S": 0.09455587392550144,
    "T": 0.015759312320916905,
    "V": 0.07163323782234957,
    "W": 0.0,
    "Y": 0.0014326647564469914
  },
  "-7": {
    "A": 0.10601719197707736,
    "C": 0.0014326647564469914,
    "D": 0.027220630372492838,
    "E": 0.011461318051575931,
    "F": 0.004297994269340974,
    "G": 0.24212034383954154,
    "H": 0.05157593123209169,
    "I": 0.0329512893982808,
    "K": 0.024355300859598854,
    "L": 0.09455587392550144,
    "M": 0.0057306590257879654,
    "N": 0.012893982808022923,
    "P": 0.03868194842406877,
    "Q": 0.0071633237822349575,
    "R": 0.09312320916905444,
    "S": 0.0673352435530086,
    "T": 0.04154727793696275,
    "V": 0.0830945558739255,
    "W": 0.0014326647564469914,
    "Y": 0.004297994269340974
  },
  "-6": {
    "A": 0.07163323782234957,
    "C": 0.0014326647564469914,
    "D": 0.10315186246418338,
    "E": 0.02148997134670487,
    "F": 0.025787965616045846,
    "G": 0.05300859598853868,
    "H": 0.0057306590257879654,
    "I": 0.025787965616045846,
    "K": 0.09742120343839542,
    "L": 0.07020057306590258,
    "M": 0.13753581661891118,
    "N": 0.03151862464183381,
    "P": 0.10888252148997135,
    "Q": 0.024355300859598854,
    "R": 0.06446991404011461,
    "S": 0.06876790830945559,
    "T": 0.025787965616045846,
    "V": 0.04871060171919771,
    "W": 0.0028653295128939827,
    "Y": 0.0057306590257879654
  },
  "-5": {
    "A": 0.07736389684813753,
    "C": 0.0,
    "D": 0.04871060171919771,
    "E": 0.01002865329512894,
    "F": 0.0057306590257879654,
    "G": 0.10458452722063037,
    "H": 0.004297994269340974,
    "I": 0.04297994269340974,
    "K": 0.03724928366762178,
    "L": 0.07736389684813753,
    "M": 0.05157593123209169,
    "N": 0.02005730659025788,
    "P": 0.07020057306590258,
    "Q": 0.03868194842406877,
    "R": 0.03151862464183381,
    "S": 0.09312320916905444,
    "T": 0.015759312320916905,
    "V": 0.07449856733524356,
    "W": 0.17765042979942694,
    "Y": 0.015759312320916905
  },
  "-4": {
    "A": 0.11174785100286533,
    "C": 0.02865329512893983,
    "D": 0.0028653295128939827,
    "E": 0.0028653295128939827,
    "F": 0.2679083094555874,
    "G": 0.027220630372492838,
    "H": 0.008595988538681949,
    "I": 0.06876790830945559,
    "K": 0.0028653295128939827,
    "L": 0.11031518624641834,
    "M": 0.0028653295128939827,
    "N": 0.0830945558739255,
    "P": 0.015759312320916905,
    "Q": 0.0071633237822349575,
    "R": 0.008595988538681949,
    "S": 0.07879656160458452,
    "T": 0.0057306590257879654,
    "V": 0.03581661891117478,
    "W": 0.0,
    "Y": 0.1303724928366762
  },
  "-3": {
    "A": 0.12034383954154727,
    "C": 0.0057306590257879654,
    "D": 0.01002865329512894,
    "E": 0.0,
    "F": 0.14469914040114612,
    "G": 0.17048710601719197,
    "H": 0.0071633237822349575,
    "I": 0.025787965616045846,
    "K": 0.07306590257879657,
    "L": 0.08166189111747851,
    "M": 0.06160458452722063,
    "N": 0.0329512893982808,
    "P": 0.0071633237822349575,
    "Q": 0.004297994269340974,
    "R": 0.008595988538681949,
    "S": 0.14613180515759314,
    "T": 0.05157593123209169,
    "V": 0.027220630372492838,
    "W": 0.0014326647564469914,
    "Y": 0.02005730659025788
  },
  "-2": {
    "A": 0.01862464183381089,
    "C": 0.004297994269340974,
    "D": 0.01002865329512894,
    "E": 0.03724928366762178,
    "F": 0.1017191977077364,
    "G": 0.10458452722063037,
    "H": 0.0071633237822349575,
    "I": 0.0071633237822349575,
    "K": 0.08595988538681948,
    "L": 0.13896848137535817,
    "M": 0.0028653295128939827,
    "N": 0.015759312320916905,
    "P": 0.29512893982808025,
    "Q": 0.0071633237822349575,
    "R": 0.0071633237822349575,
    "S": 0.055873925501432664,
    "T": 0.0071633237822349575,
    "V": 0.08452722063037249,
    "W": 0.0014326647564469914,
    "Y": 0.0071633237822349575
  },
  "-1": {
    "A": 0.05730659025787966,
    "C": 0.0028653295128939827,
    "D": 0.011461318051575931,
    "E": 0.0014326647564469914,
    "F": 0.0071633237822349575,
    "G": 0.16332378223495703,
    "H": 0.025787965616045846,
    "I": 0.02005730659025788,
    "K": 0.06876790830945559,
    "L": 0.0673352435530086,
    "M": 0.0014326647564469914,
    "N": 0.027220630372492838,
    "P": 0.0014326647564469914,
    "Q": 0.0,
    "R": 0.4799426934097421,
    "S": 0.022922636103151862,
    "T": 0.0071633237822349575,
    "V": 0.014326647564469915,
    "W": 0.0014326647564469914,
    "Y": 0.01862464183381089
  },
  "0": {
    "A": 0.0,
    "C": 0.0,
    "D": 0.0,
    "E": 0.0,
    "F": 0.0,
    "G": 0.0,
    "H": 0.0,
    "I": 0.0,
    "K": 0.0,
    "L": 1.0,
    "M": 0.0,
    "N": 0.0,
    "P": 0.0,
    "Q": 0.0,
    "R": 0.0,
    "S": 0.0,
    "T": 0.0,
    "V": 0.0,
    "W": 0.0,
    "Y": 0.0
  },
  "+1": {
    "A": 0.0,
    "C": 0.0,
    "D": 0.0028653295128939827,
    "E": 0.0,
    "F": 0.0,
    "G": 0.33954154727793695,
    "H": 0.0,
    "I": 0.0,
    "K": 0.0,
    "L": 0.0,
    "M": 0.0,
    "N": 0.0,
    "P": 0.0,
    "Q": 0.0,
    "R": 0.0,
    "S": 0.0,
    "T": 0.0,
    "V": 0.0,
    "W": 0.0,
    "Y": 0.0
  },
  "+2": {
    "A": 0.0,
    "C": 0.0,
    "D": 0.0014326647564469914,
    "E": 0.0057306590257879654,
    "F": 0.0,
    "G": 0.0,
    "H": 0.0,
    "I": 0.0,
    "K": 0.2177650429799427,
    "L": 0.0,
    "M": 0.0,
    "N": 0.0,
    "P": 0.0,
    "Q": 0.0,
    "R": 0.05300859598853868,
    "S": 0.0028653295128939827,
    "T": 0.0,
    "V": 0.0,
    "W": 0.0,
    "Y": 0.0
  },
  "+3": {
    "A": 0.0014326647564469914,
    "C": 0.0,
    "D": 0.0057306590257879654,
    "E": 0.0071633237822349575,
    "F": 0.0028653295128939827,
    "G": 0.004297994269340974,
    "H": 0.0,
    "I": 0.0,
    "K": 0.0071633237822349575,
    "L": 0.0,
    "M": 0.0014326647564469914,
    "N": 0.0,
    "P": 0.0,
    "Q": 0.011461318051575931,
    "R": 0.18051575931232092,
    "S": 0.0071633237822349575,
    "T": 0.0057306590257879654,
    "V": 0.0,
    "W": 0.0,
    "Y": 0.0
  },
  "+4": {
    "A": 0.014326647564469915,
    "C": 0.0,
    "D": 0.012893982808022923,
    "E": 0.01002865329512894,
    "F": 0.004297994269340974,
    "G": 0.03151862464183381,
    "H": 0.0014326647564469914,
    "I": 0.0028653295128939827,
    "K": 0.0028653295128939827,
    "L": 0.027220630372492838,