{
  "-10": {
    "A": 0.020618556701030927,
    "C": 0.010309278350515464,
    "D": 0.030927835051546393,
    "E": 0.010309278350515464,
    "F": 0.0,
    "G": 0.041237113402061855,
    "H": 0.0,
    "I": 0.0,
    "K": 0.1134020618556701,
    "L": 0.061855670103092786,
    "M": 0.010309278350515464,
    "N": 0.020618556701030927,
    "P": 0.041237113402061855,
    "Q": 0.14432989690721648,
    "R": 0.26804123711340205,
    "S": 0.020618556701030927,
    "T": 0.020618556701030927,
    "V": 0.010309278350515464,
    "W": 0.0,
    "Y": 0.0
  },
  "-9": {
    "A": 0.07216494845360824,
    "C": 0.0,
    "D": 0.08247422680412371,
    "E": 0.020618556701030927,
    "F": 0.0,
    "G": 0.1958762886597938,
    "H": 0.061855670103092786,
    "I": 0.010309278350515464,
    "K": 0.030927835051546393,
    "L": 0.0,
    "M": 0.010309278350515464,
    "N": 0.010309278350515464,
    "P": 0.21649484536082475,
    "Q": 0.030927835051546393,
    "R": 0.05154639175257732,
    "S": 0.07216494845360824,
    "T": 0.030927835051546393,
    "V": 0.0,
    "W": 0.0,
    "Y": 0.020618556701030927
  },
  "-8": {
    "A": 0.020618556701030927,
    "C": 0.0,
    "D": 0.041237113402061855,
    "E": 0.05154639175257732,
    "F": 0.010309278350515464,
    "G": 0.020618556701030927,
    "H": 0.020618556701030927,
    "I": 0.0,
    "K": 0.17525773195876287,
    "L": 0.05154639175257732,
    "M": 0.030927835051546393,
    "N": 0.17525773195876287,
    "P": 0.07216494845360824,
    "Q": 0.05154639175257732,
    "R": 0.05154639175257732,
    "S": 0.12371134020618557,
    "T": 0.020618556701030927,
    "V": 0.020618556701030927,
    "W": 0.0,
    "Y": 0.0
  },
  "-7": {
    "A": 0.020618556701030927,
    "C": 0.0,
    "D": 0.041237113402061855,
    "E": 0.05154639175257732,
    "F": 0.010309278350515464,
    "G": 0.05154639175257732,
    "H": 0.14432989690721648,
    "I": 0.020618556701030927,
    "K": 0.08247422680412371,
    "L": 0.061855670103092786,
    "M": 0.030927835051546393,
    "N": 0.020618556701030927,
    "P": 0.2268041237113402,
    "Q": 0.09278350515463918,
    "R": 0.010309278350515464,
    "S": 0.05154639175257732,
    "T": 0.061855670103092786,
    "V": 0.0,
    "W": 0.010309278350515464,
    "Y": 0.0
  },
  "-6": {
    "A": 0.020618556701030927,
    "C": 0.010309278350515464,
    "D": 0.25773195876288657,
    "E": 0.041237113402061855,
    "F": 0.010309278350515464,
    "G": 0.020618556701030927,
    "H": 0.020618556701030927,
    "I": 0.0,
    "K": 0.08247422680412371,
    "L": 0.0,
    "M": 0.0,
    "N": 0.07216494845360824,
    "P": 0.05154639175257732,
    "Q": 0.041237113402061855,
    "R": 0.041237113402061855,
    "S": 0.030927835051546393,
    "T": 0.0,
    "V": 0.0,
    "W": 0.24742268041237114,
    "Y": 0.041237113402061855
  },
  "-5": {
    "A": 0.28865979381443296,
    "C": 0.020618556701030927,
    "D": 0.0,
    "E": 0.07216494845360824,
    "F": 0.030927835051546393,
    "G": 0.0,
    "H": 0.0,
    "I": 0.010309278350515464,
    "K": 0.08247422680412371,
    "L": 0.061855670103092786,
    "M": 0.0,
    "N": 0.0,
    "P": 0.05154639175257732,
    "Q": 0.09278350515463918,
    "R": 0.16494845360824742,
    "S": 0.08247422680412371,
    "T": 0.010309278350515464,
    "V": 0.0,
    "W": 0.010309278350515464,
    "Y": 0.010309278350515464
  },
  "-4": {
    "A": 0.061855670103092786,
    "C": 0.0,
    "D": 0.010309278350515464,
    "E": 0.0,
    "F": 0.5773195876288659,
    "G": 0.010309278350515464,
    "H": 0.0,
    "I": 0.020618556701030927,
    "K": 0.0,
    "L": 0.030927835051546393,
    "M": 0.020618556701030927,
    "N": 0.0,
    "P": 0.0,
    "Q": 0.0,
    "R": 0.020618556701030927,
    "S": 0.0,
    "T": 0.05154639175257732,
    "V": 0.17525773195876287,
    "W": 0.010309278350515464,
    "Y": 0.010309278350515464
  },
  "-3": {
    "A": 0.041237113402061855,
    "C": 0.0,
    "D": 0.010309278350515464,
    "E": 0.010309278350515464,
    "F": 0.12371134020618557,
    "G": 0.25773195876288657,
    "H": 0.0,
    "I": 0.08247422680412371,
    "K": 0.041237113402061855,
    "L": 0.010309278350515464,
    "M": 0.0,
    "N": 0.0,
    "P": 0.05154639175257732,
    "Q": 0.010309278350515464,
    "R": 0.0,
    "S": 0.010309278350515464,
    "T": 0.0,
    "V": 0.13402061855670103,
    "W": 0.041237113402061855,
    "Y": 0.17525773195876287
  },
  "-2": {
    "A": 0.010309278350515464,
    "C": 0.0,
    "D": 0.010309278350515464,
    "E": 0.0,
    "F": 0.020618556701030927,
    "G": 0.4742268041237113,
    "H": 0.2268041237113402,
    "I": 0.010309278350515464,
    "K": 0.030927835051546393,
    "L": 0.010309278350515464,
    "M": 0.0,
    "N": 0.030927835051546393,
    "P": 0.14432989690721648,
    "Q": 0.0,
    "R": 0.0,
    "S": 0.030927835051546393,
    "T": 0.0,
    "V": 0.0,
    "W": 0.0,
    "Y": 0.0
  },
  "-1": {
    "A": 0.0,
    "C": 0.0,
    "D": 0.0,
    "E": 0.0,
    "F": 0.14432989690721648,
    "G": 0.010309278350515464,
    "H": 0.0,
    "I": 0.010309278350515464,
    "K": 0.030927835051546393,
    "L": 0.6494845360824743,
    "M": 0.0,
    "N": 0.010309278350515464,
    "P": 0.020618556701030927,
    "Q": 0.0,
    "R": 0.09278350515463918,
    "S": 0.0,
    "T": 0.010309278350515464,
    "V": 0.010309278350515464,
    "W": 0.010309278350515464,
    "Y": 0.0
  },
  "0": {
    "A": 0.0,
    "C": 0.0,
    "D": 0.0,
    "E": 0.0,
    "F": 0.0,
    "G": 0.0,
    "H": 0.0,
    "I": 0.0,
    "K": 0.0,
    "L": 0.0,
    "M": 1.0,
    "N": 0.0,
    "P": 0.0,
    "Q": 0.0,
    "R": 0.0,
    "S": 0.0,
    "T": 0.0,
    "V": 0.0,
    "W": 0.0,
    "Y": 0.0
  },
  "+1": {
    "A": 0.0,
    "C": 0.0,
    "D": 0.0,
    "E": 0.0,
    "F": 0.0,
    "G": 0.3917525773195876,
    "H": 0.0,
    "I": 0.0,
    "K": 0.0,
    "L": 0.0,
    "M": 0.0,
    "N": 0.0,
    "P": 0.0,
    "Q": 0.0,
    "R": 0.0,
    "S": 0.0,
    "T": 0.0,
    "V": 0.0,
    "W": 0.0,
    "Y": 0.0
  },
  "+2": {
    "A": 0.0,
    "C": 0.0,
    "D": 0.0,
    "E": 0.0,
    "F": 0.0,
    "G": 0.0,
    "H": 0.0,
    "I": 0.0,
    "K": 0.24742268041237114,
    "L": 0.0,
    "M": 0.0,
    "N": 0.0,
    "P": 0.0,
    "Q": 0.0,
    "R": 0.1134020618556701,
    "S": 0.0,
    "T": 0.0,
    "V": 0.0,
    "W": 0.0,
    "Y": 0.0
  },
  "+3": {
    "A": 0.010309278350515464,
    "C": 0.0,
    "D": 0.0,
    "E": 0.0,
    "F": 0.0,
    "G": 0.0,
    "H": 0.0,
    "I": 0.0,
    "K": 0.10309278350515463,
    "L": 0.0,
    "M": 0.0,
    "N": 0.0,
    "P": 0.0,
    "Q": 0.0,
    "R": 0.18556701030927836,
    "S": 0.05154639175257732,
    "T": 0.0,
    "V": 0.0,
    "W": 0.0,
    "Y": 0.0
  },
  "+4": {
    "A": 0.030927835051546393,
    "C": 0.0,
    "D": 0.030927835051546393,
    "E": 0.020618556701030927,
    "F": 0.0,
    "G": 0.010309278350515464,
    "H": 0.010309278350515464,
    "I": 0.0,
    "K": 0.0,
    "L": 0.0,
    "M": 0.0,
    "N": 0.020618556701030927,
    "P": 0.0,
    "Q": 0.010309278350515464,
    "R": 0.020618556701030927,
    "S": 0.12371134020618557,
    "T": 0.010309278350515464,
    "V": 0.041237113402061855,
    "W": 0.0,
    "Y": 0.0
  },
  "+5": {
    "A": 0.030927835051546393,
    "C": 0.0,
    "D": 0.0,
    "E": 0.07216494845360824,
    "F": 0.010309278350515464,
    "G": 0.030927835051546393,
    "H": 0.0,
    "I": 0.020618556701030927,
    "K": 0.0,
    "L": 0.061855670103092786,
    "M": 0.010309278350515464,
    "N": 0.010309278350515464,
    "P": 0.010309278350515464,
    "Q": 0.010309278350515464,
    "R": 0.010309278350515464,
    "S": 0.010309278350515464,
    "T": 0.010309278350515464,
    "V": 0.020618556701030927,
    "W": 0.0,
    "Y": 0.010309278350515464
  },
  "+6": {
    "A": 0.030927835051546393,
    "C": 0.0,
    "D": 0.020618556701030927,
    "E": 0.10309278350515463,
    "F": 0.0,
    "G": 0.061855670103092786,
    "H": 0.0,
    "I": 0.0,
    "K": 0.020618556701030927,
    "L": 0.030927835051546393,
    "M": 0.0,
    "N": 0.020618556701030927,
    "P": 0.010309278350515464,
    "Q": 0.020618556701030927,
    "R": 0.0,
    "S": 0.010309278350515464,
    "T": 0.0,