{
  "-10": {
    "A": 0.16901408450704225,
    "C": 0.014084507042253521,
    "D": 0.014084507042253521,
    "E": 0.007042253521126761,
    "F": 0.09154929577464789,
    "G": 0.1619718309859155,
    "H": 0.007042253521126761,
    "I": 0.035211267605633804,
    "K": 0.035211267605633804,
    "L": 0.1056338028169014,
    "M": 0.0,
    "N": 0.02112676056338028,
    "P": 0.014084507042253521,
    "Q": 0.16901408450704225,
    "R": 0.02112676056338028,
    "S": 0.035211267605633804,
    "T": 0.007042253521126761,
    "V": 0.028169014084507043,
    "W": 0.0,
    "Y": 0.035211267605633804
  },
  "-9": {
    "A": 0.24647887323943662,
    "C": 0.02112676056338028,
    "D": 0.0,
    "E": 0.014084507042253521,
    "F": 0.035211267605633804,
    "G": 0.007042253521126761,
    "H": 0.014084507042253521,
    "I": 0.0,
    "K": 0.014084507042253521,
    "L": 0.08450704225352113,
    "M": 0.09859154929577464,
    "N": 0.02112676056338028,
    "P": 0.035211267605633804,
    "Q": 0.035211267605633804,
    "R": 0.06338028169014084,
    "S": 0.007042253521126761,
    "T": 0.14084507042253522,
    "V": 0.14084507042253522,
    "W": 0.0,
    "Y": 0.0
  },
  "-8": {
    "A": 0.007042253521126761,
    "C": 0.007042253521126761,
    "D": 0.0,
    "E": 0.02112676056338028,
    "F": 0.14788732394366197,
    "G": 0.056338028169014086,
    "H": 0.0,
    "I": 0.014084507042253521,
    "K": 0.2605633802816901,
    "L": 0.035211267605633804,
    "M": 0.0,
    "N": 0.014084507042253521,
    "P": 0.11971830985915492,
    "Q": 0.007042253521126761,
    "R": 0.035211267605633804,
    "S": 0.1267605633802817,
    "T": 0.014084507042253521,
    "V": 0.09154929577464789,
    "W": 0.02112676056338028,
    "Y": 0.007042253521126761
  },
  "-7": {
    "A": 0.014084507042253521,
    "C": 0.035211267605633804,
    "D": 0.08450704225352113,
    "E": 0.09859154929577464,
    "F": 0.04225352112676056,
    "G": 0.176056338028169,
    "H": 0.056338028169014086,
    "I": 0.04225352112676056,
    "K": 0.11267605633802817,
    "L": 0.014084507042253521,
    "M": 0.0,
    "N": 0.02112676056338028,
    "P": 0.02112676056338028,
    "Q": 0.09154929577464789,
    "R": 0.007042253521126761,
    "S": 0.0,
    "T": 0.04225352112676056,
    "V": 0.07042253521126761,
    "W": 0.0,
    "Y": 0.056338028169014086
  },
  "-6": {
    "A": 0.02112676056338028,
    "C": 0.07746478873239436,
    "D": 0.007042253521126761,
    "E": 0.0,
    "F": 0.11267605633802817,
    "G": 0.007042253521126761,
    "H": 0.0,
    "I": 0.007042253521126761,
    "K": 0.06338028169014084,
    "L": 0.323943661971831,
    "M": 0.08450704225352113,
    "N": 0.014084507042253521,
    "P": 0.007042253521126761,
    "Q": 0.0,
    "R": 0.035211267605633804,
    "S": 0.007042253521126761,
    "T": 0.007042253521126761,
    "V": 0.007042253521126761,
    "W": 0.0,
    "Y": 0.2112676056338028
  },
  "-5": {
    "A": 0.21830985915492956,
    "C": 0.035211267605633804,
    "D": 0.0,
    "E": 0.02112676056338028,
    "F": 0.007042253521126761,
    "G": 0.02112676056338028,
    "H": 0.0,
    "I": 0.2535211267605634,
    "K": 0.014084507042253521,
    "L": 0.14788732394366197,
    "M": 0.0,
    "N": 0.0,
    "P": 0.014084507042253521,
    "Q": 0.007042253521126761,
    "R": 0.014084507042253521,
    "S": 0.176056338028169,
    "T": 0.014084507042253521,
    "V": 0.04225352112676056,
    "W": 0.0,
    "Y": 0.007042253521126761
  },
  "-4": {
    "A": 0.014084507042253521,
    "C": 0.07746478873239436,
    "D": 0.007042253521126761,
    "E": 0.1267605633802817,
    "F": 0.08450704225352113,
    "G": 0.007042253521126761,
    "H": 0.007042253521126761,
    "I": 0.02112676056338028,
    "K": 0.04225352112676056,
    "L": 0.007042253521126761,
    "M": 0.0,
    "N": 0.14788732394366197,
    "P": 0.13380281690140844,
    "Q": 0.07042253521126761,
    "R": 0.1056338028169014,
    "S": 0.1267605633802817,
    "T": 0.007042253521126761,
    "V": 0.0,
    "W": 0.007042253521126761,
    "Y": 0.0
  },
  "-3": {
    "A": 0.09859154929577464,
    "C": 0.04225352112676056,
    "D": 0.014084507042253521,
    "E": 0.02112676056338028,
    "F": 0.02112676056338028,
    "G": 0.2323943661971831,
    "H": 0.07042253521126761,
    "I": 0.0,
    "K": 0.08450704225352113,
    "L": 0.007042253521126761,
    "M": 0.0,
    "N": 0.0,
    "P": 0.007042253521126761,
    "Q": 0.007042253521126761,
    "R": 0.11971830985915492,
    "S": 0.07042253521126761,
    "T": 0.07746478873239436,
    "V": 0.11971830985915492,
    "W": 0.0,
    "Y": 0.007042253521126761
  },
  "-2": {
    "A": 0.04225352112676056,
    "C": 0.02112676056338028,
    "D": 0.0,
    "E": 0.007042253521126761,
    "F": 0.056338028169014086,
    "G": 0.007042253521126761,
    "H": 0.0,
    "I": 0.08450704225352113,
    "K": 0.056338028169014086,
    "L": 0.1056338028169014,
    "M": 0.09859154929577464,
    "N": 0.07042253521126761,
    "P": 0.08450704225352113,
    "Q": 0.0,
    "R": 0.02112676056338028,
    "S": 0.0,
    "T": 0.02112676056338028,
    "V": 0.014084507042253521,
    "W": 0.15492957746478872,
    "Y": 0.15492957746478872
  },
  "-1": {
    "A": 0.14788732394366197,
    "C": 0.07042253521126761,
    "D": 0.014084507042253521,
    "E": 0.007042253521126761,
    "F": 0.0,
    "G": 0.02112676056338028,
    "H": 0.007042253521126761,
    "I": 0.007042253521126761,
    "K": 0.02112676056338028,
    "L": 0.07746478873239436,
    "M": 0.007042253521126761,
    "N": 0.06338028169014084,
    "P": 0.028169014084507043,
    "Q": 0.0,
    "R": 0.19718309859154928,
    "S": 0.09154929577464789,
    "T": 0.14084507042253522,
    "V": 0.09154929577464789,
    "W": 0.0,
    "Y": 0.007042253521126761
  },
  "0": {
    "A": 0.0,
    "C": 0.0,
    "D": 0.0,
    "E": 0.0,
    "F": 0.0,
    "G": 0.0,
    "H": 0.0,
    "I": 0.0,
    "K": 0.0,
    "L": 0.0,
    "M": 0.0,
    "N": 1.0,
    "P": 0.0,
    "Q": 0.0,
    "R": 0.0,
    "S": 0.0,
    "T": 0.0,
    "V": 0.0,
    "W": 0.0,
    "Y": 0.0
  },
  "+1": {
    "A": 0.0,
    "C": 0.0,
    "D": 0.0,
    "E": 0.0,
    "F": 0.0,
    "G": 0.5352112676056338,
    "H": 0.0,
    "I": 0.0,
    "K": 0.0,
    "L": 0.0,
    "M": 0.0,
    "N": 0.0,
    "P": 0.0,
    "Q": 0.0,
    "R": 0.0,
    "S": 0.0,
    "T": 0.0,
    "V": 0.0,
    "W": 0.0,
    "Y": 0.0
  },
  "+2": {
    "A": 0.0,
    "C": 0.0,
    "D": 0.0,
    "E": 0.0,
    "F": 0.0,
    "G": 0.0,
    "H": 0.0,
    "I": 0.0,
    "K": 0.4084507042253521,
    "L": 0.0,
    "M": 0.0,
    "N": 0.0,
    "P": 0.0,
    "Q": 0.0,
    "R": 0.07746478873239436,
    "S": 0.0,
    "T": 0.0,
    "V": 0.0,
    "W": 0.0,
    "Y": 0.0
  },
  "+3": {
    "A": 0.0,
    "C": 0.0,
    "D": 0.0,
    "E": 0.0,
    "F": 0.0,
    "G": 0.0,
    "H": 0.0,
    "I": 0.0,
    "K": 0.02112676056338028,
    "L": 0.0,
    "M": 0.007042253521126761,
    "N": 0.0,
    "P": 0.0,
    "Q": 0.0,
    "R": 0.38028169014084506,
    "S": 0.0,
    "T": 0.0,
    "V": 0.0,
    "W": 0.0,
    "Y": 0.0
  },
  "+4": {
    "A": 0.0,
    "C": 0.0,
    "D": 0.02112676056338028,
    "E": 0.0,
    "F": 0.0,
    "G": 0.0,
    "H": 0.0,
    "I": 0.0,
    "K": 0.0,
    "L": 0.007042253521126761,
    "M": 0.0,
    "N": 0.007042253521126761,
    "P": 0.0,
    "Q": 0.0,
    "R": 0.007042253521126761,
    "S": 0.15492957746478872,
    "T": 0.176056338028169,
    "V": 0.02112676056338028,
    "W": 0.0,
    "Y": 0.0
  },
  "+5": {
    "A": 0.2605633802816901,
    "C": 0.0,
    "D": 0.0,
    "E": 0.0,
    "F": 0.007042253521126761,
    "G": 0.007042253521126761,
    "H": 0.0,
    "I": 0.014084507042253521,
    "K": 0.007042253521126761,
    "L": 0.014084507042253521,
    "M": 0.0,
    "N": 0.007042253521126761,
    "P": 0.0,
    "Q": 0.007042253521126761,
    "R": 0.0,
    "S": 0.056338028169014086,
    "T": 0.014084507042253521,
    "V": 0.0,
    "W": 0.0,
    "Y": 0.0
  },
  "+6": {
    "A": 0.007042253521126761,
    "C": 0.0,
    "D": 0.0,
    "E": 0.28169014084507044,
    "F": 0.007042253521126761,
    "G": 0.014084507042253521,
    "H": 0.007042253521126761,