{
  "-10": {
    "A": 0.26666666666666666,
    "C": 0.03333333333333333,
    "D": 0.06666666666666667,
    "E": 0.016666666666666666,
    "F": 0.0,
    "G": 0.08333333333333333,
    "H": 0.0,
    "I": 0.05,
    "K": 0.03333333333333333,
    "L": 0.03333333333333333,
    "M": 0.15,
    "N": 0.016666666666666666,
    "P": 0.03333333333333333,
    "Q": 0.0,
    "R": 0.03333333333333333,
    "S": 0.06666666666666667,
    "T": 0.03333333333333333,
    "V": 0.08333333333333333,
    "W": 0.0,
    "Y": 0.0
  },
  "-9": {
    "A": 0.08333333333333333,
    "C": 0.08333333333333333,
    "D": 0.016666666666666666,
    "E": 0.18333333333333332,
    "F": 0.0,
    "G": 0.03333333333333333,
    "H": 0.0,
    "I": 0.06666666666666667,
    "K": 0.016666666666666666,
    "L": 0.3333333333333333,
    "M": 0.0,
    "N": 0.016666666666666666,
    "P": 0.016666666666666666,
    "Q": 0.1,
    "R": 0.016666666666666666,
    "S": 0.03333333333333333,
    "T": 0.0,
    "V": 0.0,
    "W": 0.0,
    "Y": 0.0
  },
  "-8": {
    "A": 0.03333333333333333,
    "C": 0.016666666666666666,
    "D": 0.016666666666666666,
    "E": 0.0,
    "F": 0.08333333333333333,
    "G": 0.13333333333333333,
    "H": 0.0,
    "I": 0.016666666666666666,
    "K": 0.05,
    "L": 0.06666666666666667,
    "M": 0.13333333333333333,
    "N": 0.21666666666666667,
    "P": 0.03333333333333333,
    "Q": 0.03333333333333333,
    "R": 0.016666666666666666,
    "S": 0.03333333333333333,
    "T": 0.1,
    "V": 0.016666666666666666,
    "W": 0.0,
    "Y": 0.0
  },
  "-7": {
    "A": 0.21666666666666667,
    "C": 0.03333333333333333,
    "D": 0.03333333333333333,
    "E": 0.03333333333333333,
    "F": 0.016666666666666666,
    "G": 0.1,
    "H": 0.016666666666666666,
    "I": 0.0,
    "K": 0.016666666666666666,
    "L": 0.05,
    "M": 0.016666666666666666,
    "N": 0.016666666666666666,
    "P": 0.05,
    "Q": 0.016666666666666666,
    "R": 0.016666666666666666,
    "S": 0.03333333333333333,
    "T": 0.08333333333333333,
    "V": 0.18333333333333332,
    "W": 0.016666666666666666,
    "Y": 0.05
  },
  "-6": {
    "A": 0.08333333333333333,
    "C": 0.03333333333333333,
    "D": 0.016666666666666666,
    "E": 0.03333333333333333,
    "F": 0.06666666666666667,
    "G": 0.0,
    "H": 0.0,
    "I": 0.1,
    "K": 0.016666666666666666,
    "L": 0.03333333333333333,
    "M": 0.05,
    "N": 0.2,
    "P": 0.0,
    "Q": 0.0,
    "R": 0.03333333333333333,
    "S": 0.016666666666666666,
    "T": 0.03333333333333333,
    "V": 0.26666666666666666,
    "W": 0.0,
    "Y": 0.016666666666666666
  },
  "-5": {
    "A": 0.06666666666666667,
    "C": 0.0,
    "D": 0.0,
    "E": 0.0,
    "F": 0.016666666666666666,
    "G": 0.016666666666666666,
    "H": 0.0,
    "I": 0.05,
    "K": 0.11666666666666667,
    "L": 0.18333333333333332,
    "M": 0.0,
    "N": 0.15,
    "P": 0.06666666666666667,
    "Q": 0.0,
    "R": 0.016666666666666666,
    "S": 0.05,
    "T": 0.18333333333333332,
    "V": 0.016666666666666666,
    "W": 0.016666666666666666,
    "Y": 0.05
  },
  "-4": {
    "A": 0.03333333333333333,
    "C": 0.03333333333333333,
    "D": 0.13333333333333333,
    "E": 0.06666666666666667,
    "F": 0.016666666666666666,
    "G": 0.03333333333333333,
    "H": 0.05,
    "I": 0.016666666666666666,
    "K": 0.15,
    "L": 0.23333333333333334,
    "M": 0.0,
    "N": 0.016666666666666666,
    "P": 0.016666666666666666,
    "Q": 0.016666666666666666,
    "R": 0.016666666666666666,
    "S": 0.1,
    "T": 0.016666666666666666,
    "V": 0.016666666666666666,
    "W": 0.03333333333333333,
    "Y": 0.0
  },
  "-3": {
    "A": 0.016666666666666666,
    "C": 0.05,
    "D": 0.0,
    "E": 0.03333333333333333,
    "F": 0.016666666666666666,
    "G": 0.03333333333333333,
    "H": 0.0,
    "I": 0.0,
    "K": 0.08333333333333333,
    "L": 0.1,
    "M": 0.13333333333333333,
    "N": 0.016666666666666666,
    "P": 0.0,
    "Q": 0.11666666666666667,
    "R": 0.18333333333333332,
    "S": 0.03333333333333333,
    "T": 0.06666666666666667,
    "V": 0.016666666666666666,
    "W": 0.03333333333333333,
    "Y": 0.06666666666666667
  },
  "-2": {
    "A": 0.08333333333333333,
    "C": 0.08333333333333333,
    "D": 0.0,
    "E": 0.016666666666666666,
    "F": 0.016666666666666666,
    "G": 0.016666666666666666,
    "H": 0.016666666666666666,
    "I": 0.11666666666666667,
    "K": 0.18333333333333332,
    "L": 0.06666666666666667,
    "M": 0.016666666666666666,
    "N": 0.05,
    "P": 0.03333333333333333,
    "Q": 0.03333333333333333,
    "R": 0.016666666666666666,
    "S": 0.0,
    "T": 0.016666666666666666,
    "V": 0.21666666666666667,
    "W": 0.0,
    "Y": 0.016666666666666666
  },
  "-1": {
    "A": 0.016666666666666666,
    "C": 0.0,
    "D": 0.0,
    "E": 0.0,
    "F": 0.016666666666666666,
    "G": 0.13333333333333333,
    "H": 0.0,
    "I": 0.016666666666666666,
    "K": 0.1,
    "L": 0.08333333333333333,
    "M": 0.016666666666666666,
    "N": 0.21666666666666667,
    "P": 0.06666666666666667,
    "Q": 0.05,
    "R": 0.016666666666666666,
    "S": 0.06666666666666667,
    "T": 0.0,
    "V": 0.18333333333333332,
    "W": 0.0,
    "Y": 0.016666666666666666
  },
  "0": {
    "A": 0.0,
    "C": 0.0,
    "D": 0.0,
    "E": 0.0,
    "F": 0.0,
    "G": 0.0,
    "H": 0.0,
    "I": 0.0,
    "K": 0.0,
    "L": 0.0,
    "M": 0.0,
    "N": 0.0,
    "P": 0.0,
    "Q": 1.0,
    "R": 0.0,
    "S": 0.0,
    "T": 0.0,
    "V": 0.0,
    "W": 0.0,
    "Y": 0.0
  },
  "+1": {
    "A": 0.0,
    "C": 0.0,
    "D": 0.0,
    "E": 0.016666666666666666,
    "F": 0.0,
    "G": 0.7,
    "H": 0.0,
    "I": 0.0,
    "K": 0.016666666666666666,
    "L": 0.0,
    "M": 0.0,
    "N": 0.0,
    "P": 0.0,
    "Q": 0.0,
    "R": 0.0,
    "S": 0.0,
    "T": 0.0,
    "V": 0.0,
    "W": 0.0,
    "Y": 0.0
  },
  "+2": {
    "A": 0.016666666666666666,
    "C": 0.0,
    "D": 0.0,
    "E": 0.23333333333333334,
    "F": 0.03333333333333333,
    "G": 0.016666666666666666,
    "H": 0.0,
    "I": 0.0,
    "K": 0.1,
    "L": 0.0,
    "M": 0.0,
    "N": 0.0,
    "P": 0.0,
    "Q": 0.0,
    "R": 0.21666666666666667,
    "S": 0.0,
    "T": 0.0,
    "V": 0.0,
    "W": 0.0,
    "Y": 0.0
  },
  "+3": {
    "A": 0.0,
    "C": 0.0,
    "D": 0.0,
    "E": 0.16666666666666666,
    "F": 0.0,
    "G": 0.0,
    "H": 0.0,
    "I": 0.0,
    "K": 0.0,
    "L": 0.016666666666666666,
    "M": 0.0,
    "N": 0.0,
    "P": 0.0,
    "Q": 0.26666666666666666,
    "R": 0.06666666666666667,
    "S": 0.016666666666666666,
    "T": 0.0,
    "V": 0.0,
    "W": 0.0,
    "Y": 0.0
  },
  "+4": {
    "A": 0.0,
    "C": 0.0,
    "D": 0.16666666666666666,
    "E": 0.016666666666666666,
    "F": 0.016666666666666666,
    "G": 0.0,
    "H": 0.0,
    "I": 0.016666666666666666,
    "K": 0.0,
    "L": 0.0,
    "M": 0.0,
    "N": 0.03333333333333333,
    "P": 0.016666666666666666,
    "Q": 0.0,
    "R": 0.0,
    "S": 0.0,
    "T": 0.0,
    "V": 0.0,
    "W": 0.0,
    "Y": 0.0
  },
  "+5": {
    "A": 0.0,
    "C": 0.0,
    "D": 0.0,
    "E": 0.0,
    "F": 0.0,
    "G": 0.016666666666666666,
    "H": 0.0,
    "I": 0.016666666666666666,
    "K": 0.0,
    "L": 0.0,
    "M": 0.0,
    "N": 0.016666666666666666,
    "P": 0.03333333333333333,
    "Q": 0.0,
    "R": 0.0,
    "S": 0.11666666666666667,
    "T": 0.06666666666666667,
    "V": 0.0,
    "W": 0.0,
    "Y": 0.0
  },
  "+6": {
    "A": 0.03333333333333333,
    "C": 0.0,
    "D": 0.0,
    "E": 0.15,
    "F": 0.0,
    "G": 0.0,
    "H": 0.0,
    "I": 0.0,
    "K": 0.0,
    "L": 0.0,
    "M": 0.016666666666666666,
    "N": 0.0,
    "P": 0.0,
    "Q": 0.016666666666666666,
    "R": 0.016666666666666666,
    "S": 0.016666666666666666,
    "T": 0.016666666666666666,
    "V": 0.0,
    "W": 0.0,
    "Y": 0.0
  },
  "+7": {
    "A": 0.016666666666666666,
    "C": 0.0,
    "D": 0.03333333333333333,
    "E": 0.13333333333333333,
    "F": 0.0,
    "G": 0.0,
    "H": 0.0,
    "I": 0.0,
    "K": 0.0,
    "L": 0.0,
    "M": 0.016666666666666666,
    "N": 0.0,
    "P": 0.05,
    "Q": 0.0,
    "R": 0.0,