{
  "-10": {
    "A": 0.02531645569620253,
    "C": 0.06329113924050633,
    "D": 0.012658227848101266,
    "E": 0.11392405063291139,
    "F": 0.02531645569620253,
    "G": 0.10126582278481013,
    "H": 0.012658227848101266,
    "I": 0.02531645569620253,
    "K": 0.0759493670886076,
    "L": 0.08860759493670886,
    "M": 0.0,
    "N": 0.012658227848101266,
    "P": 0.02531645569620253,
    "Q": 0.0,
    "R": 0.02531645569620253,
    "S": 0.12658227848101267,
    "T": 0.08860759493670886,
    "V": 0.02531645569620253,
    "W": 0.0379746835443038,
    "Y": 0.06329113924050633
  },
  "-9": {
    "A": 0.06329113924050633,
    "C": 0.0379746835443038,
    "D": 0.0,
    "E": 0.08860759493670886,
    "F": 0.0759493670886076,
    "G": 0.02531645569620253,
    "H": 0.012658227848101266,
    "I": 0.0379746835443038,
    "K": 0.05063291139240506,
    "L": 0.0379746835443038,
    "M": 0.17721518987341772,
    "N": 0.02531645569620253,
    "P": 0.012658227848101266,
    "Q": 0.0,
    "R": 0.02531645569620253,
    "S": 0.05063291139240506,
    "T": 0.05063291139240506,
    "V": 0.0379746835443038,
    "W": 0.012658227848101266,
    "Y": 0.12658227848101267
  },
  "-8": {
    "A": 0.0379746835443038,
    "C": 0.0759493670886076,
    "D": 0.0,
    "E": 0.012658227848101266,
    "F": 0.012658227848101266,
    "G": 0.11392405063291139,
    "H": 0.0,
    "I": 0.012658227848101266,
    "K": 0.1518987341772152,
    "L": 0.0379746835443038,
    "M": 0.0,
    "N": 0.02531645569620253,
    "P": 0.17721518987341772,
    "Q": 0.012658227848101266,
    "R": 0.0759493670886076,
    "S": 0.0759493670886076,
    "T": 0.012658227848101266,
    "V": 0.012658227848101266,
    "W": 0.02531645569620253,
    "Y": 0.10126582278481013
  },
  "-7": {
    "A": 0.0379746835443038,
    "C": 0.11392405063291139,
    "D": 0.012658227848101266,
    "E": 0.0759493670886076,
    "F": 0.0379746835443038,
    "G": 0.08860759493670886,
    "H": 0.012658227848101266,
    "I": 0.012658227848101266,
    "K": 0.08860759493670886,
    "L": 0.0379746835443038,
    "M": 0.0,
    "N": 0.012658227848101266,
    "P": 0.06329113924050633,
    "Q": 0.0,
    "R": 0.1518987341772152,
    "S": 0.02531645569620253,
    "T": 0.012658227848101266,
    "V": 0.0379746835443038,
    "W": 0.0379746835443038,
    "Y": 0.11392405063291139
  },
  "-6": {
    "A": 0.02531645569620253,
    "C": 0.17721518987341772,
    "D": 0.0379746835443038,
    "E": 0.0379746835443038,
    "F": 0.0,
    "G": 0.02531645569620253,
    "H": 0.0379746835443038,
    "I": 0.06329113924050633,
    "K": 0.012658227848101266,
    "L": 0.0759493670886076,
    "M": 0.012658227848101266,
    "N": 0.0,
    "P": 0.11392405063291139,
    "Q": 0.012658227848101266,
    "R": 0.012658227848101266,
    "S": 0.05063291139240506,
    "T": 0.012658227848101266,
    "V": 0.02531645569620253,
    "W": 0.0759493670886076,
    "Y": 0.189873417721519
  },
  "-5": {
    "A": 0.189873417721519,
    "C": 0.08860759493670886,
    "D": 0.012658227848101266,
    "E": 0.0,
    "F": 0.0,
    "G": 0.11392405063291139,
    "H": 0.0,
    "I": 0.0379746835443038,
    "K": 0.06329113924050633,
    "L": 0.0379746835443038,
    "M": 0.06329113924050633,
    "N": 0.012658227848101266,
    "P": 0.12658227848101267,
    "Q": 0.012658227848101266,
    "R": 0.0759493670886076,
    "S": 0.012658227848101266,
    "T": 0.0379746835443038,
    "V": 0.05063291139240506,
    "W": 0.012658227848101266,
    "Y": 0.05063291139240506
  },
  "-4": {
    "A": 0.06329113924050633,
    "C": 0.16455696202531644,
    "D": 0.0759493670886076,
    "E": 0.06329113924050633,
    "F": 0.1518987341772152,
    "G": 0.0379746835443038,
    "H": 0.02531645569620253,
    "I": 0.0379746835443038,
    "K": 0.0379746835443038,
    "L": 0.012658227848101266,
    "M": 0.02531645569620253,
    "N": 0.1518987341772152,
    "P": 0.02531645569620253,
    "Q": 0.012658227848101266,
    "R": 0.012658227848101266,
    "S": 0.0,
    "T": 0.0,
    "V": 0.0759493670886076,
    "W": 0.0,
    "Y": 0.02531645569620253
  },
  "-3": {
    "A": 0.02531645569620253,
    "C": 0.06329113924050633,
    "D": 0.012658227848101266,
    "E": 0.0,
    "F": 0.06329113924050633,
    "G": 0.17721518987341772,
    "H": 0.02531645569620253,
    "I": 0.012658227848101266,
    "K": 0.17721518987341772,
    "L": 0.05063291139240506,
    "M": 0.012658227848101266,
    "N": 0.0,
    "P": 0.02531645569620253,
    "Q": 0.012658227848101266,
    "R": 0.16455696202531644,
    "S": 0.02531645569620253,
    "T": 0.0759493670886076,
    "V": 0.0379746835443038,
    "W": 0.012658227848101266,
    "Y": 0.02531645569620253
  },
  "-2": {
    "A": 0.02531645569620253,
    "C": 0.06329113924050633,
    "D": 0.012658227848101266,
    "E": 0.0759493670886076,
    "F": 0.02531645569620253,
    "G": 0.0379746835443038,
    "H": 0.0,
    "I": 0.05063291139240506,
    "K": 0.11392405063291139,
    "L": 0.0379746835443038,
    "M": 0.012658227848101266,
    "N": 0.02531645569620253,
    "P": 0.13924050632911392,
    "Q": 0.0379746835443038,
    "R": 0.0379746835443038,
    "S": 0.05063291139240506,
    "T": 0.0379746835443038,
    "V": 0.05063291139240506,
    "W": 0.012658227848101266,
    "Y": 0.1518987341772152
  },
  "-1": {
    "A": 0.05063291139240506,
    "C": 0.11392405063291139,
    "D": 0.12658227848101267,
    "E": 0.012658227848101266,
    "F": 0.012658227848101266,
    "G": 0.08860759493670886,
    "H": 0.02531645569620253,
    "I": 0.0,
    "K": 0.11392405063291139,
    "L": 0.06329113924050633,
    "M": 0.0,
    "N": 0.05063291139240506,
    "P": 0.17721518987341772,
    "Q": 0.012658227848101266,
    "R": 0.0379746835443038,
    "S": 0.0759493670886076,
    "T": 0.0,
    "V": 0.02531645569620253,
    "W": 0.0,
    "Y": 0.012658227848101266
  },
  "0": {
    "A": 0.0,
    "C": 0.0,
    "D": 0.0,
    "E": 0.0,
    "F": 0.0,
    "G": 0.0,
    "H": 0.0,
    "I": 0.0,
    "K": 0.0,
    "L": 0.0,
    "M": 0.0,
    "N": 0.0,
    "P": 0.0,
    "Q": 0.0,
    "R": 0.0,
    "S": 1.0,
    "T": 0.0,
    "V": 0.0,
    "W": 0.0,
    "Y": 0.0
  },
  "+1": {
    "A": 0.0,
    "C": 0.0,
    "D": 0.0,
    "E": 0.0,
    "F": 0.0,
    "G": 0.5189873417721519,
    "H": 0.0,
    "I": 0.0,
    "K": 0.0,
    "L": 0.0,
    "M": 0.0,
    "N": 0.0,
    "P": 0.0,
    "Q": 0.0,
    "R": 0.0,
    "S": 0.012658227848101266,
    "T": 0.0,
    "V": 0.0,
    "W": 0.0,
    "Y": 0.0
  },
  "+2": {
    "A": 0.0,
    "C": 0.0,
    "D": 0.0,
    "E": 0.11392405063291139,
    "F": 0.0,
    "G": 0.0,
    "H": 0.0,
    "I": 0.0,
    "K": 0.1518987341772152,
    "L": 0.0,
    "M": 0.0,
    "N": 0.0,
    "P": 0.0,
    "Q": 0.0,
    "R": 0.012658227848101266,
    "S": 0.0,
    "T": 0.0,
    "V": 0.0,
    "W": 0.0,
    "Y": 0.0
  },
  "+3": {
    "A": 0.11392405063291139,
    "C": 0.0,
    "D": 0.0,
    "E": 0.0,
    "F": 0.0,
    "G": 0.0,
    "H": 0.0,
    "I": 0.0,
    "K": 0.0,
    "L": 0.0,
    "M": 0.012658227848101266,
    "N": 0.0,
    "P": 0.0,
    "Q": 0.0,
    "R": 0.0759493670886076,
    "S": 0.0,
    "T": 0.0,
    "V": 0.0,
    "W": 0.0,
    "Y": 0.0
  },
  "+4": {
    "A": 0.0,
    "C": 0.0,
    "D": 0.012658227848101266,
    "E": 0.0,
    "F": 0.0,
    "G": 0.0,
    "H": 0.0,
    "I": 0.0,
    "K": 0.11392405063291139,
    "L": 0.012658227848101266,
    "M": 0.0,
    "N": 0.0379746835443038,
    "P": 0.0,
    "Q": 0.0,
    "R": 0.0,
    "S": 0.0,
    "T": 0.02531645569620253,
    "V": 0.0,
    "W": 0.0,
    "Y": 0.0
  },
  "+5": {
    "A": 0.02531645569620253,
    "C": 0.0,
    "D": 0.0,
    "E": 0.0,
    "F": 0.0,
    "G": 0.0,
    "H": 0.0,
    "I": 0.0,
    "K": 0.10126582278481013,
    "L": 0.0,
    "M": 0.0,
    "N": 0.012658227848101266,
    "P": 0.0,
    "Q": 0.0,
    "R": 0.0,
    "S": 0.012658227848101266,
    "T": 0.0,
    "V": 0.0379746835443038,
    "W": 0.0,
    "Y": 0.0
  },
  "+6": {
    "A": 0.02531645569620253,
    "C": 0.0,
    "D": 0.012658227848101266,
    "E": 0.02531645569620253,
    "F": 0.0,
    "G": 0.012658227848101266,
    "H": 0.0,