{
  "-10": {
    "A": 0.0707070707070707,
    "C": 0.020202020202020204,
    "D": 0.0,
    "E": 0.010101010101010102,
    "F": 0.0,
    "G": 0.3838383838383838,
    "H": 0.020202020202020204,
    "I": 0.030303030303030304,
    "K": 0.06060606060606061,
    "L": 0.0,
    "M": 0.0,
    "N": 0.0,
    "P": 0.010101010101010102,
    "Q": 0.030303030303030304,
    "R": 0.020202020202020204,
    "S": 0.04040404040404041,
    "T": 0.010101010101010102,
    "V": 0.0,
    "W": 0.0,
    "Y": 0.0
  },
  "-9": {
    "A": 0.030303030303030304,
    "C": 0.04040404040404041,
    "D": 0.0,
    "E": 0.0,
    "F": 0.010101010101010102,
    "G": 0.04040404040404041,
    "H": 0.0,
    "I": 0.0,
    "K": 0.010101010101010102,
    "L": 0.020202020202020204,
    "M": 0.0,
    "N": 0.0,
    "P": 0.010101010101010102,
    "Q": 0.3333333333333333,
    "R": 0.04040404040404041,
    "S": 0.40404040404040403,
    "T": 0.020202020202020204,
    "V": 0.030303030303030304,
    "W": 0.0,
    "Y": 0.010101010101010102
  },
  "-8": {
    "A": 0.020202020202020204,
    "C": 0.020202020202020204,
    "D": 0.020202020202020204,
    "E": 0.0,
    "F": 0.0,
    "G": 0.050505050505050504,
    "H": 0.0,
    "I": 0.010101010101010102,
    "K": 0.030303030303030304,
    "L": 0.09090909090909091,
    "M": 0.0,
    "N": 0.0,
    "P": 0.0,
    "Q": 0.010101010101010102,
    "R": 0.0,
    "S": 0.26262626262626265,
    "T": 0.1717171717171717,
    "V": 0.30303030303030304,
    "W": 0.0,
    "Y": 0.010101010101010102
  },
  "-7": {
    "A": 0.010101010101010102,
    "C": 0.030303030303030304,
    "D": 0.010101010101010102,
    "E": 0.0,
    "F": 0.020202020202020204,
    "G": 0.45454545454545453,
    "H": 0.0,
    "I": 0.0,
    "K": 0.06060606060606061,
    "L": 0.010101010101010102,
    "M": 0.0,
    "N": 0.30303030303030304,
    "P": 0.0,
    "Q": 0.04040404040404041,
    "R": 0.010101010101010102,
    "S": 0.0,
    "T": 0.04040404040404041,
    "V": 0.0,
    "W": 0.0,
    "Y": 0.010101010101010102
  },
  "-6": {
    "A": 0.020202020202020204,
    "C": 0.010101010101010102,
    "D": 0.0,
    "E": 0.020202020202020204,
    "F": 0.32323232323232326,
    "G": 0.010101010101010102,
    "H": 0.020202020202020204,
    "I": 0.0,
    "K": 0.04040404040404041,
    "L": 0.40404040404040403,
    "M": 0.020202020202020204,
    "N": 0.020202020202020204,
    "P": 0.0,
    "Q": 0.010101010101010102,
    "R": 0.010101010101010102,
    "S": 0.030303030303030304,
    "T": 0.020202020202020204,
    "V": 0.0,
    "W": 0.0,
    "Y": 0.04040404040404041
  },
  "-5": {
    "A": 0.04040404040404041,
    "C": 0.030303030303030304,
    "D": 0.04040404040404041,
    "E": 0.0,
    "F": 0.0,
    "G": 0.0,
    "H": 0.0,
    "I": 0.43434343434343436,
    "K": 0.020202020202020204,
    "L": 0.030303030303030304,
    "M": 0.0,
    "N": 0.0,
    "P": 0.0,
    "Q": 0.0,
    "R": 0.010101010101010102,
    "S": 0.30303030303030304,
    "T": 0.08080808080808081,
    "V": 0.0,
    "W": 0.0,
    "Y": 0.010101010101010102
  },
  "-4": {
    "A": 0.04040404040404041,
    "C": 0.0,
    "D": 0.0,
    "E": 0.0,
    "F": 0.010101010101010102,
    "G": 0.0,
    "H": 0.0,
    "I": 0.0,
    "K": 0.06060606060606061,
    "L": 0.010101010101010102,
    "M": 0.020202020202020204,
    "N": 0.020202020202020204,
    "P": 0.6666666666666666,
    "Q": 0.010101010101010102,
    "R": 0.020202020202020204,
    "S": 0.0707070707070707,
    "T": 0.04040404040404041,
    "V": 0.010101010101010102,
    "W": 0.0,
    "Y": 0.020202020202020204
  },
  "-3": {
    "A": 0.030303030303030304,
    "C": 0.04040404040404041,
    "D": 0.030303030303030304,
    "E": 0.0,
    "F": 0.3838383838383838,
    "G": 0.2828282828282828,
    "H": 0.020202020202020204,
    "I": 0.0,
    "K": 0.030303030303030304,
    "L": 0.010101010101010102,
    "M": 0.04040404040404041,
    "N": 0.0707070707070707,
    "P": 0.0,
    "Q": 0.0,
    "R": 0.010101010101010102,
    "S": 0.020202020202020204,
    "T": 0.0,
    "V": 0.010101010101010102,
    "W": 0.010101010101010102,
    "Y": 0.010101010101010102
  },
  "-2": {
    "A": 0.020202020202020204,
    "C": 0.030303030303030304,
    "D": 0.010101010101010102,
    "E": 0.0,
    "F": 0.0,
    "G": 0.37373737373737376,
    "H": 0.0,
    "I": 0.010101010101010102,
    "K": 0.030303030303030304,
    "L": 0.020202020202020204,
    "M": 0.0,
    "N": 0.0,
    "P": 0.09090909090909091,
    "Q": 0.0,
    "R": 0.020202020202020204,
    "S": 0.0,
    "T": 0.0,
    "V": 0.030303030303030304,
    "W": 0.32323232323232326,
    "Y": 0.04040404040404041
  },
  "-1": {
    "A": 0.050505050505050504,
    "C": 0.030303030303030304,
    "D": 0.010101010101010102,
    "E": 0.0,
    "F": 0.020202020202020204,
    "G": 0.35353535353535354,
    "H": 0.0,
    "I": 0.010101010101010102,
    "K": 0.0,
    "L": 0.030303030303030304,
    "M": 0.0,
    "N": 0.0,
    "P": 0.010101010101010102,
    "Q": 0.0,
    "R": 0.45454545454545453,
    "S": 0.0,
    "T": 0.010101010101010102,
    "V": 0.010101010101010102,
    "W": 0.0,
    "Y": 0.010101010101010102
  },
  "0": {
    "A": 0.0,
    "C": 0.0,
    "D": 0.0,
    "E": 0.0,
    "F": 0.0,
    "G": 0.0,
    "H": 0.0,
    "I": 0.0,
    "K": 0.0,
    "L": 0.0,
    "M": 0.0,
    "N": 0.0,
    "P": 0.0,
    "Q": 0.0,
    "R": 0.0,
    "S": 0.0,
    "T": 1.0,
    "V": 0.0,
    "W": 0.0,
    "Y": 0.0
  },
  "+1": {
    "A": 0.0,
    "C": 0.0,
    "D": 0.0,
    "E": 0.0,
    "F": 0.0,
    "G": 0.1414141414141414,
    "H": 0.0,
    "I": 0.0,
    "K": 0.0,
    "L": 0.0,
    "M": 0.0,
    "N": 0.0,
    "P": 0.0,
    "Q": 0.0,
    "R": 0.0,
    "S": 0.0,
    "T": 0.0,
    "V": 0.0,
    "W": 0.0,
    "Y": 0.0
  },
  "+2": {
    "A": 0.0,
    "C": 0.0,
    "D": 0.0,
    "E": 0.0,
    "F": 0.0,
    "G": 0.0,
    "H": 0.0,
    "I": 0.0,
    "K": 0.0707070707070707,
    "L": 0.0,
    "M": 0.0,
    "N": 0.0,
    "P": 0.0,
    "Q": 0.0,
    "R": 0.020202020202020204,
    "S": 0.0,
    "T": 0.0,
    "V": 0.0,
    "W": 0.0,
    "Y": 0.0
  },
  "+3": {
    "A": 0.0,
    "C": 0.0,
    "D": 0.0,
    "E": 0.0,
    "F": 0.0,
    "G": 0.0,
    "H": 0.0,
    "I": 0.0,
    "K": 0.0,
    "L": 0.0,
    "M": 0.0,
    "N": 0.0,
    "P": 0.0,
    "Q": 0.010101010101010102,
    "R": 0.06060606060606061,
    "S": 0.0,
    "T": 0.0,
    "V": 0.0,
    "W": 0.0,
    "Y": 0.0
  },
  "+4": {
    "A": 0.0,
    "C": 0.0,
    "D": 0.020202020202020204,
    "E": 0.020202020202020204,
    "F": 0.0,
    "G": 0.0,
    "H": 0.010101010101010102,
    "I": 0.0,
    "K": 0.0,
    "L": 0.0,
    "M": 0.0,
    "N": 0.0,
    "P": 0.0,
    "Q": 0.0,
    "R": 0.0,
    "S": 0.020202020202020204,
    "T": 0.0,
    "V": 0.0,
    "W": 0.0,
    "Y": 0.0
  },
  "+5": {
    "A": 0.030303030303030304,
    "C": 0.0,
    "D": 0.0,
    "E": 0.0,
    "F": 0.0,
    "G": 0.0,
    "H": 0.0,
    "I": 0.010101010101010102,
    "K": 0.0,
    "L": 0.020202020202020204,
    "M": 0.0,
    "N": 0.0,
    "P": 0.0,
    "Q": 0.010101010101010102,
    "R": 0.0,
    "S": 0.0,
    "T": 0.0,
    "V": 0.0,
    "W": 0.0,
    "Y": 0.0
  },
  "+6": {
    "A": 0.04040404040404041,
    "C": 0.0,
    "D": 0.0,
    "E": 0.010101010101010102,
    "F": 0.0,
    "G": 0.0,
    "H": 0.0,
    "I": 0.0,
    "K": 0.0,
    "L": 0.0,
    "M": 0.0,
    "N": 0.0,
    "P": 0.010101010101010102,
    "Q": 0.0,
    "R": 0.0,
    "S": 0.0,
    "T": 0.0,
    "V": 0.010101010101010102,
    "W": 0.0,
    "Y": 0.0
  },
  "+7": {
    "A": 0.0,
    "C": 0.0,
    "D": 0.020202020202020204,
    "E": 0.010101010101010102,
    "F": 0.0,
    "G": 0.0,
    "H": 0.0,
    "I": 0.0,
    "K": 0.010101010101010102,
    "L": 0.010101010101010102,
    "M": 0.0,
    "N": 0.0,
    "P": 0.0,
    "Q": 0.010101010101010102,
    "R": 0.0,
    "S": 0.010101010101010102,
    "T": 0.0,
    "V": 0.0,
    "W": 0.0,
    "Y": 0.0
  },
  "+8": {
    "A": 0.0,
    "C": 0.0,
    "D": 0.010101010101010102,
    "E": 0.010101010101010102,
    "F": 0.020202020202020204,
    "G": 0.0,
    "H": 0.0,
    "I": 0.0,
    "K": 0.0,
    "L": 0.010101010101010102,
    "M": 0.0,