{
  "-10": {
    "A": 0.06970509383378017,
    "C": 0.013404825737265416,
    "D": 0.04289544235924933,
    "E": 0.029490616621983913,
    "F": 0.029490616621983913,
    "G": 0.3378016085790885,
    "H": 0.01876675603217158,
    "I": 0.03485254691689008,
    "K": 0.1260053619302949,
    "L": 0.04289544235924933,
    "M": 0.002680965147453083,
    "N": 0.005361930294906166,
    "P": 0.0160857908847185,
    "Q": 0.040214477211796246,
    "R": 0.0160857908847185,
    "S": 0.04289544235924933,
    "T": 0.005361930294906166,
    "V": 0.02680965147453083,
    "W": 0.0,
    "Y": 0.0
  },
  "-9": {
    "A": 0.13404825737265416,
    "C": 0.00804289544235925,
    "D": 0.0777479892761394,
    "E": 0.040214477211796246,
    "F": 0.02680965147453083,
    "G": 0.045576407506702415,
    "H": 0.0160857908847185,
    "I": 0.005361930294906166,
    "K": 0.02680965147453083,
    "L": 0.013404825737265416,
    "M": 0.0160857908847185,
    "N": 0.013404825737265416,
    "P": 0.0160857908847185,
    "Q": 0.021447721179624665,
    "R": 0.10187667560321716,
    "S": 0.3351206434316354,
    "T": 0.010723860589812333,
    "V": 0.00804289544235925,
    "W": 0.0,
    "Y": 0.005361930294906166
  },
  "-8": {
    "A": 0.13404825737265416,
    "C": 0.005361930294906166,
    "D": 0.010723860589812333,
    "E": 0.06166219839142091,
    "F": 0.05630026809651475,
    "G": 0.024128686327077747,
    "H": 0.0,
    "I": 0.013404825737265416,
    "K": 0.02680965147453083,
    "L": 0.04825737265415549,
    "M": 0.013404825737265416,
    "N": 0.00804289544235925,
    "P": 0.013404825737265416,
    "Q": 0.10723860589812333,
    "R": 0.005361930294906166,
    "S": 0.3780160857908847,
    "T": 0.010723860589812333,
    "V": 0.05630026809651475,
    "W": 0.0,
    "Y": 0.005361930294906166
  },
  "-7": {
    "A": 0.02680965147453083,
    "C": 0.002680965147453083,
    "D": 0.00804289544235925,
    "E": 0.010723860589812333,
    "F": 0.0,
    "G": 0.514745308310992,
    "H": 0.01876675603217158,
    "I": 0.005361930294906166,
    "K": 0.00804289544235925,
    "L": 0.06970509383378017,
    "M": 0.013404825737265416,
    "N": 0.021447721179624665,
    "P": 0.09115281501340483,
    "Q": 0.024128686327077747,
    "R": 0.013404825737265416,
    "S": 0.06970509383378017,
    "T": 0.005361930294906166,
    "V": 0.010723860589812333,
    "W": 0.013404825737265416,
    "Y": 0.05630026809651475
  },
  "-6": {
    "A": 0.010723860589812333,
    "C": 0.01876675603217158,
    "D": 0.00804289544235925,
    "E": 0.013404825737265416,
    "F": 0.05093833780160858,
    "G": 0.1260053619302949,
    "H": 0.002680965147453083,
    "I": 0.024128686327077747,
    "K": 0.12064343163538874,
    "L": 0.3699731903485255,
    "M": 0.10187667560321716,
    "N": 0.013404825737265416,
    "P": 0.013404825737265416,
    "Q": 0.021447721179624665,
    "R": 0.05361930294906166,
    "S": 0.01876675603217158,
    "T": 0.0,
    "V": 0.0160857908847185,
    "W": 0.0,
    "Y": 0.00804289544235925
  },
  "-5": {
    "A": 0.04289544235924933,
    "C": 0.002680965147453083,
    "D": 0.0,
    "E": 0.002680965147453083,
    "F": 0.06166219839142091,
    "G": 0.032171581769437,
    "H": 0.0,
    "I": 0.42091152815013405,
    "K": 0.05630026809651475,
    "L": 0.08310991957104558,
    "M": 0.0,
    "N": 0.00804289544235925,
    "P": 0.0160857908847185,
    "Q": 0.010723860589812333,
    "R": 0.13136729222520108,
    "S": 0.029490616621983913,
    "T": 0.010723860589812333,
    "V": 0.00804289544235925,
    "W": 0.00804289544235925,
    "Y": 0.07506702412868632
  },
  "-4": {
    "A": 0.07506702412868632,
    "C": 0.0160857908847185,
    "D": 0.005361930294906166,
    "E": 0.002680965147453083,
    "F": 0.0160857908847185,
    "G": 0.04289544235924933,
    "H": 0.002680965147453083,
    "I": 0.040214477211796246,
    "K": 0.00804289544235925,
    "L": 0.03753351206434316,
    "M": 0.0,
    "N": 0.01876675603217158,
    "P": 0.30294906166219837,
    "Q": 0.010723860589812333,
    "R": 0.0,
    "S": 0.28418230563002683,
    "T": 0.00804289544235925,
    "V": 0.0777479892761394,
    "W": 0.04289544235924933,
    "Y": 0.00804289544235925
  },
  "-3": {
    "A": 0.03485254691689008,
    "C": 0.010723860589812333,
    "D": 0.024128686327077747,
    "E": 0.002680965147453083,
    "F": 0.27882037533512066,
    "G": 0.02680965147453083,
    "H": 0.08847184986595175,
    "I": 0.00804289544235925,
    "K": 0.01876675603217158,
    "L": 0.05093833780160858,
    "M": 0.21983914209115282,
    "N": 0.0160857908847185,
    "P": 0.029490616621983913,
    "Q": 0.0160857908847185,
    "R": 0.09919571045576407,
    "S": 0.013404825737265416,
    "T": 0.0,
    "V": 0.05361930294906166,
    "W": 0.0,
    "Y": 0.00804289544235925
  },
  "-2": {
    "A": 0.02680965147453083,
    "C": 0.005361930294906166,
    "D": 0.0160857908847185,
    "E": 0.058981233243967826,
    "F": 0.010723860589812333,
    "G": 0.04825737265415549,
    "H": 0.0,
    "I": 0.00804289544235925,
    "K": 0.029490616621983913,
    "L": 0.002680965147453083,
    "M": 0.005361930294906166,
    "N": 0.0160857908847185,
    "P": 0.517426273458445,
    "Q": 0.13404825737265416,
    "R": 0.013404825737265416,
    "S": 0.08579088471849866,
    "T": 0.013404825737265416,
    "V": 0.002680965147453083,
    "W": 0.002680965147453083,
    "Y": 0.002680965147453083
  },
  "-1": {
    "A": 0.024128686327077747,
    "C": 0.005361930294906166,
    "D": 0.0,
    "E": 0.013404825737265416,
    "F": 0.21715817694369974,
    "G": 0.00804289544235925,
    "H": 0.0160857908847185,
    "I": 0.0160857908847185,
    "K": 0.021447721179624665,
    "L": 0.029490616621983913,
    "M": 0.040214477211796246,
    "N": 0.00804289544235925,
    "P": 0.021447721179624665,
    "Q": 0.002680965147453083,
    "R": 0.5308310991957105,
    "S": 0.010723860589812333,
    "T": 0.02680965147453083,
    "V": 0.002680965147453083,
    "W": 0.005361930294906166,
    "Y": 0.0
  },
  "0": {
    "A": 0.0,
    "C": 0.0,
    "D": 0.0,
    "E": 0.0,
    "F": 0.0,
    "G": 0.0,
    "H": 0.0,
    "I": 0.0,
    "K": 0.0,
    "L": 0.0,
    "M": 0.0,
    "N": 0.0,
    "P": 0.0,
    "Q": 0.0,
    "R": 0.0,
    "S": 0.0,
    "T": 0.0,
    "V": 1.0,
    "W": 0.0,
    "Y": 0.0
  },
  "+1": {
    "A": 0.0,
    "C": 0.0,
    "D": 0.0,
    "E": 0.0,
    "F": 0.0,
    "G": 0.32707774798927614,
    "H": 0.0,
    "I": 0.0,
    "K": 0.0,
    "L": 0.0,
    "M": 0.0,
    "N": 0.0,
    "P": 0.0,
    "Q": 0.0,
    "R": 0.0,
    "S": 0.0,
    "T": 0.0,
    "V": 0.0,
    "W": 0.0,
    "Y": 0.0
  },
  "+2": {
    "A": 0.0,
    "C": 0.0,
    "D": 0.0,
    "E": 0.00804289544235925,
    "F": 0.0,
    "G": 0.0,
    "H": 0.0,
    "I": 0.0,
    "K": 0.2680965147453083,
    "L": 0.0,
    "M": 0.0,
    "N": 0.0,
    "P": 0.0,
    "Q": 0.0,
    "R": 0.032171581769437,
    "S": 0.0,
    "T": 0.0,
    "V": 0.0,
    "W": 0.0,
    "Y": 0.0
  },
  "+3": {
    "A": 0.002680965147453083,
    "C": 0.0,
    "D": 0.002680965147453083,
    "E": 0.0,
    "F": 0.0,
    "G": 0.00804289544235925,
    "H": 0.0,
    "I": 0.0,
    "K": 0.01876675603217158,
    "L": 0.0,
    "M": 0.0,
    "N": 0.0,
    "P": 0.0,
    "Q": 0.00804289544235925,
    "R": 0.21983914209115282,
    "S": 0.002680965147453083,
    "T": 0.0,
    "V": 0.0,
    "W": 0.002680965147453083,
    "Y": 0.0
  },
  "+4": {
    "A": 0.024128686327077747,
    "C": 0.0,
    "D": 0.029490616621983913,
    "E": 0.05361930294906166,
    "F": 0.0,
    "G": 0.021447721179624665,
    "H": 0.0,
    "I": 0.002680965147453083,
    "K": 0.002680965147453083,
    "L": 0.0,
    "M": 0.002680965147453083,
    "N": 0.005361930294906166,
    "P": 0.024128686327077747,
    "Q": 0.0160857908847185,
    "R": 0.010723860589812333,
    "S": 0.029490616621983913,
    "T": 0.00804289544235925,
    "V": 0.021447721179624665,
    "W": 0.0,
    "Y": 0.0
  },
  "+5": {
    "A": 0.0160857908847185,
    "C": 0.0,
    "D": 0.013404825737265416,
    "E": 0.00804289544235925,
    "F": 0.010723860589812333,
    "G": 0.013404825737265416,
    "H": 0.0,