{
  "-10": {
    "A": 0.07766990291262135,
    "C": 0.009708737864077669,
    "D": 0.0,
    "E": 0.038834951456310676,
    "F": 0.009708737864077669,
    "G": 0.009708737864077669,
    "H": 0.0,
    "I": 0.0,
    "K": 0.06796116504854369,
    "L": 0.02912621359223301,
    "M": 0.0,
    "N": 0.0,
    "P": 0.038834951456310676,
    "Q": 0.0,
    "R": 0.08737864077669903,
    "S": 0.05825242718446602,
    "T": 0.009708737864077669,
    "V": 0.019417475728155338,
    "W": 0.0,
    "Y": 0.019417475728155338
  },
  "-9": {
    "A": 0.02912621359223301,
    "C": 0.009708737864077669,
    "D": 0.009708737864077669,
    "E": 0.02912621359223301,
    "F": 0.009708737864077669,
    "G": 0.0,
    "H": 0.0,
    "I": 0.02912621359223301,
    "K": 0.038834951456310676,
    "L": 0.019417475728155338,
    "M": 0.0,
    "N": 0.019417475728155338,
    "P": 0.07766990291262135,
    "Q": 0.02912621359223301,
    "R": 0.07766990291262135,
    "S": 0.02912621359223301,
    "T": 0.019417475728155338,
    "V": 0.02912621359223301,
    "W": 0.009708737864077669,
    "Y": 0.009708737864077669
  },
  "-8": {
    "A": 0.1553398058252427,
    "C": 0.019417475728155338,
    "D": 0.009708737864077669,
    "E": 0.019417475728155338,
    "F": 0.0,
    "G": 0.08737864077669903,
    "H": 0.0,
    "I": 0.0,
    "K": 0.02912621359223301,
    "L": 0.019417475728155338,
    "M": 0.0,
    "N": 0.019417475728155338,
    "P": 0.0,
    "Q": 0.02912621359223301,
    "R": 0.019417475728155338,
    "S": 0.02912621359223301,
    "T": 0.019417475728155338,
    "V": 0.019417475728155338,
    "W": 0.009708737864077669,
    "Y": 0.0
  },
  "-7": {
    "A": 0.038834951456310676,
    "C": 0.009708737864077669,
    "D": 0.019417475728155338,
    "E": 0.009708737864077669,
    "F": 0.0,
    "G": 0.0,
    "H": 0.0,
    "I": 0.019417475728155338,
    "K": 0.02912621359223301,
    "L": 0.019417475728155338,
    "M": 0.0,
    "N": 0.0,
    "P": 0.009708737864077669,
    "Q": 0.5242718446601942,
    "R": 0.04854368932038835,
    "S": 0.0,
    "T": 0.0,
    "V": 0.009708737864077669,
    "W": 0.22330097087378642,
    "Y": 0.0
  },
  "-6": {
    "A": 0.019417475728155338,
    "C": 0.019417475728155338,
    "D": 0.038834951456310676,
    "E": 0.02912621359223301,
    "F": 0.0,
    "G": 0.05825242718446602,
    "H": 0.009708737864077669,
    "I": 0.0,
    "K": 0.05825242718446602,
    "L": 0.23300970873786409,
    "M": 0.0,
    "N": 0.04854368932038835,
    "P": 0.019417475728155338,
    "Q": 0.07766990291262135,
    "R": 0.009708737864077669,
    "S": 0.009708737864077669,
    "T": 0.009708737864077669,
    "V": 0.3106796116504854,
    "W": 0.038834951456310676,
    "Y": 0.0
  },
  "-5": {
    "A": 0.009708737864077669,
    "C": 0.019417475728155338,
    "D": 0.05825242718446602,
    "E": 0.0,
    "F": 0.0,
    "G": 0.0,
    "H": 0.0,
    "I": 0.009708737864077669,
    "K": 0.21359223300970873,
    "L": 0.02912621359223301,
    "M": 0.009708737864077669,
    "N": 0.47572815533980584,
    "P": 0.02912621359223301,
    "Q": 0.0,
    "R": 0.02912621359223301,
    "S": 0.019417475728155338,
    "T": 0.07766990291262135,
    "V": 0.0,
    "W": 0.009708737864077669,
    "Y": 0.0
  },
  "-4": {
    "A": 0.019417475728155338,
    "C": 0.009708737864077669,
    "D": 0.0,
    "E": 0.019417475728155338,
    "F": 0.5048543689320388,
    "G": 0.009708737864077669,
    "H": 0.0,
    "I": 0.02912621359223301,
    "K": 0.009708737864077669,
    "L": 0.10679611650485436,
    "M": 0.019417475728155338,
    "N": 0.0,
    "P": 0.0,
    "Q": 0.038834951456310676,
    "R": 0.1553398058252427,
    "S": 0.019417475728155338,
    "T": 0.0,
    "V": 0.0,
    "W": 0.0,
    "Y": 0.04854368932038835
  },
  "-3": {
    "A": 0.08737864077669903,
    "C": 0.009708737864077669,
    "D": 0.0,
    "E": 0.009708737864077669,
    "F": 0.0,
    "G": 0.02912621359223301,
    "H": 0.038834951456310676,
    "I": 0.009708737864077669,
    "K": 0.02912621359223301,
    "L": 0.009708737864077669,
    "M": 0.02912621359223301,
    "N": 0.08737864077669903,
    "P": 0.0,
    "Q": 0.009708737864077669,
    "R": 0.10679611650485436,
    "S": 0.3786407766990291,
    "T": 0.14563106796116504,
    "V": 0.009708737864077669,
    "W": 0.0,
    "Y": 0.0
  },
  "-2": {
    "A": 0.019417475728155338,
    "C": 0.0,
    "D": 0.038834951456310676,
    "E": 0.0,
    "F": 0.009708737864077669,
    "G": 0.07766990291262135,
    "H": 0.0,
    "I": 0.019417475728155338,
    "K": 0.0,
    "L": 0.04854368932038835,
    "M": 0.0,
    "N": 0.0,
    "P": 0.6213592233009708,
    "Q": 0.0,
    "R": 0.009708737864077669,
    "S": 0.0970873786407767,
    "T": 0.038834951456310676,
    "V": 0.009708737864077669,
    "W": 0.0,
    "Y": 0.0
  },
  "-1": {
    "A": 0.07766990291262135,
    "C": 0.0,
    "D": 0.07766990291262135,
    "E": 0.009708737864077669,
    "F": 0.0,
    "G": 0.36893203883495146,
    "H": 0.0,
    "I": 0.009708737864077669,
    "K": 0.0,
    "L": 0.02912621359223301,
    "M": 0.019417475728155338,
    "N": 0.2524271844660194,
    "P": 0.009708737864077669,
    "Q": 0.0,
    "R": 0.06796116504854369,
    "S": 0.02912621359223301,
    "T": 0.009708737864077669,
    "V": 0.02912621359223301,
    "W": 0.009708737864077669,
    "Y": 0.0
  },
  "0": {
    "A": 0.0,
    "C": 0.0,
    "D": 0.0,
    "E": 0.0,
    "F": 0.0,
    "G": 0.0,
    "H": 0.0,
    "I": 0.0,
    "K": 0.0,
    "L": 0.0,
    "M": 0.0,
    "N": 0.0,
    "P": 0.0,
    "Q": 0.0,
    "R": 0.0,
    "S": 0.0,
    "T": 0.0,
    "V": 0.0,
    "W": 1.0,
    "Y": 0.0
  },
  "+1": {
    "A": 0.0,
    "C": 0.0,
    "D": 0.0,
    "E": 0.0,
    "F": 0.0,
    "G": 0.44660194174757284,
    "H": 0.0,
    "I": 0.0,
    "K": 0.0,
    "L": 0.0,
    "M": 0.0,
    "N": 0.0,
    "P": 0.0,
    "Q": 0.0,
    "R": 0.0,
    "S": 0.0,
    "T": 0.0,
    "V": 0.0,
    "W": 0.0,
    "Y": 0.0
  },
  "+2": {
    "A": 0.0,
    "C": 0.0,
    "D": 0.0,
    "E": 0.0,
    "F": 0.0,
    "G": 0.0,
    "H": 0.0,
    "I": 0.0,
    "K": 0.3300970873786408,
    "L": 0.0,
    "M": 0.0,
    "N": 0.0,
    "P": 0.0,
    "Q": 0.0,
    "R": 0.10679611650485436,
    "S": 0.0,
    "T": 0.0,
    "V": 0.0,
    "W": 0.0,
    "Y": 0.0
  },
  "+3": {
    "A": 0.0,
    "C": 0.0,
    "D": 0.0,
    "E": 0.0,
    "F": 0.0,
    "G": 0.0,
    "H": 0.0,
    "I": 0.0,
    "K": 0.0,
    "L": 0.0,
    "M": 0.0,
    "N": 0.0,
    "P": 0.0,
    "Q": 0.0,
    "R": 0.34951456310679613,
    "S": 0.038834951456310676,
    "T": 0.0,
    "V": 0.0,
    "W": 0.0,
    "Y": 0.0
  },
  "+4": {
    "A": 0.08737864077669903,
    "C": 0.0,
    "D": 0.019417475728155338,
    "E": 0.009708737864077669,
    "F": 0.009708737864077669,
    "G": 0.04854368932038835,
    "H": 0.0,
    "I": 0.0,
    "K": 0.0,
    "L": 0.0,
    "M": 0.0,
    "N": 0.009708737864077669,
    "P": 0.009708737864077669,
    "Q": 0.0,
    "R": 0.009708737864077669,
    "S": 0.1262135922330097,
    "T": 0.019417475728155338,
    "V": 0.009708737864077669,
    "W": 0.0,
    "Y": 0.02912621359223301
  },
  "+5": {
    "A": 0.05825242718446602,
    "C": 0.0,
    "D": 0.019417475728155338,
    "E": 0.0,
    "F": 0.009708737864077669,
    "G": 0.02912621359223301,
    "H": 0.0,
    "I": 0.0,
    "K": 0.0,
    "L": 0.019417475728155338,
    "M": 0.0,
    "N": 0.0,
    "P": 0.08737864077669903,
    "Q": 0.038834951456310676,
    "R": 0.0,
    "S": 0.038834951456310676,
    "T": 0.0,
    "V": 0.02912621359223301,
    "W": 0.05825242718446602,
    "Y": 0.0
  },
  "+6": {
    "A": 0.02912621359223301,
    "C": 0.0,
    "D": 0.038834951456310676,
    "E": 0.019417475728155338,
    "F": 0.009708737864077669,
    "G": 0.0970873786407767,
    "H": 0.0,
    "I": 0.0,
    "K": 0.019417475728155338,
    "L": 0.019417475728155338,
    "M": 0.009708737864077669,
    "N": 0.019417475728155338,
    "P": 0.019417475728155338,
    "Q": 0.05825242718446602,
    "R": 0.0,
    "S": 0.019417475728155338,
    "T": 0.019417475728155338,
    "V": 0.0,
    "W": 0.009708737864077669,
    "Y": 0.0
  },
  "+7": {
    "A": 0.019417475728155338,