{
  "-10": {
    "A": 0.05333333333333334,
    "C": 0.05333333333333334,
    "D": 0.02666666666666667,
    "E": 0.0,
    "F": 0.013333333333333334,
    "G": 0.06666666666666667,
    "H": 0.3333333333333333,
    "I": 0.0,
    "K": 0.02666666666666667,
    "L": 0.04,
    "M": 0.013333333333333334,
    "N": 0.04,
    "P": 0.04,
    "Q": 0.02666666666666667,
    "R": 0.17333333333333334,
    "S": 0.02666666666666667,
    "T": 0.0,
    "V": 0.013333333333333334,
    "W": 0.013333333333333334,
    "Y": 0.013333333333333334
  },
  "-9": {
    "A": 0.02666666666666667,
    "C": 0.06666666666666667,
    "D": 0.0,
    "E": 0.02666666666666667,
    "F": 0.013333333333333334,
    "G": 0.08,
    "H": 0.0,
    "I": 0.04,
    "K": 0.02666666666666667,
    "L": 0.04,
    "M": 0.013333333333333334,
    "N": 0.013333333333333334,
    "P": 0.04,
    "Q": 0.02666666666666667,
    "R": 0.02666666666666667,
    "S": 0.05333333333333334,
    "T": 0.0,
    "V": 0.02666666666666667,
    "W": 0.0,
    "Y": 0.4666666666666667
  },
  "-8": {
    "A": 0.05333333333333334,
    "C": 0.05333333333333334,
    "D": 0.013333333333333334,
    "E": 0.013333333333333334,
    "F": 0.013333333333333334,
    "G": 0.05333333333333334,
    "H": 0.013333333333333334,
    "I": 0.38666666666666666,
    "K": 0.04,
    "L": 0.09333333333333334,
    "M": 0.02666666666666667,
    "N": 0.013333333333333334,
    "P": 0.04,
    "Q": 0.0,
    "R": 0.05333333333333334,
    "S": 0.05333333333333334,
    "T": 0.013333333333333334,
    "V": 0.013333333333333334,
    "W": 0.0,
    "Y": 0.04
  },
  "-7": {
    "A": 0.08,
    "C": 0.0,
    "D": 0.013333333333333334,
    "E": 0.013333333333333334,
    "F": 0.0,
    "G": 0.02666666666666667,
    "H": 0.02666666666666667,
    "I": 0.04,
    "K": 0.04,
    "L": 0.04,
    "M": 0.013333333333333334,
    "N": 0.52,
    "P": 0.0,
    "Q": 0.0,
    "R": 0.06666666666666667,
    "S": 0.04,
    "T": 0.05333333333333334,
    "V": 0.013333333333333334,
    "W": 0.013333333333333334,
    "Y": 0.0
  },
  "-6": {
    "A": 0.02666666666666667,
    "C": 0.013333333333333334,
    "D": 0.0,
    "E": 0.013333333333333334,
    "F": 0.08,
    "G": 0.013333333333333334,
    "H": 0.0,
    "I": 0.05333333333333334,
    "K": 0.05333333333333334,
    "L": 0.36,
    "M": 0.10666666666666667,
    "N": 0.05333333333333334,
    "P": 0.05333333333333334,
    "Q": 0.02666666666666667,
    "R": 0.06666666666666667,
    "S": 0.04,
    "T": 0.013333333333333334,
    "V": 0.013333333333333334,
    "W": 0.0,
    "Y": 0.013333333333333334
  },
  "-5": {
    "A": 0.06666666666666667,
    "C": 0.06666666666666667,
    "D": 0.04,
    "E": 0.0,
    "F": 0.04,
    "G": 0.04,
    "H": 0.0,
    "I": 0.29333333333333333,
    "K": 0.013333333333333334,
    "L": 0.12,
    "M": 0.0,
    "N": 0.0,
    "P": 0.06666666666666667,
    "Q": 0.013333333333333334,
    "R": 0.04,
    "S": 0.02666666666666667,
    "T": 0.013333333333333334,
    "V": 0.13333333333333333,
    "W": 0.0,
    "Y": 0.02666666666666667
  },
  "-4": {
    "A": 0.013333333333333334,
    "C": 0.02666666666666667,
    "D": 0.013333333333333334,
    "E": 0.0,
    "F": 0.013333333333333334,
    "G": 0.06666666666666667,
    "H": 0.0,
    "I": 0.04,
    "K": 0.04,
    "L": 0.06666666666666667,
    "M": 0.0,
    "N": 0.013333333333333334,
    "P": 0.04,
    "Q": 0.02666666666666667,
    "R": 0.04,
    "S": 0.06666666666666667,
    "T": 0.48,
    "V": 0.04,
    "W": 0.0,
    "Y": 0.013333333333333334
  },
  "-3": {
    "A": 0.02666666666666667,
    "C": 0.05333333333333334,
    "D": 0.0,
    "E": 0.013333333333333334,
    "F": 0.02666666666666667,
    "G": 0.08,
    "H": 0.0,
    "I": 0.0,
    "K": 0.02666666666666667,
    "L": 0.05333333333333334,
    "M": 0.02666666666666667,
    "N": 0.02666666666666667,
    "P": 0.10666666666666667,
    "Q": 0.013333333333333334,
    "R": 0.48,
    "S": 0.04,
    "T": 0.0,
    "V": 0.013333333333333334,
    "W": 0.0,
    "Y": 0.013333333333333334
  },
  "-2": {
    "A": 0.0,
    "C": 0.02666666666666667,
    "D": 0.013333333333333334,
    "E": 0.013333333333333334,
    "F": 0.0,
    "G": 0.02666666666666667,
    "H": 0.04,
    "I": 0.013333333333333334,
    "K": 0.013333333333333334,
    "L": 0.013333333333333334,
    "M": 0.04,
    "N": 0.02666666666666667,
    "P": 0.2,
    "Q": 0.4,
    "R": 0.06666666666666667,
    "S": 0.04,
    "T": 0.0,
    "V": 0.013333333333333334,
    "W": 0.02666666666666667,
    "Y": 0.02666666666666667
  },
  "-1": {
    "A": 0.0,
    "C": 0.10666666666666667,
    "D": 0.013333333333333334,
    "E": 0.0,
    "F": 0.0,
    "G": 0.08,
    "H": 0.0,
    "I": 0.013333333333333334,
    "K": 0.013333333333333334,
    "L": 0.013333333333333334,
    "M": 0.0,
    "N": 0.0,
    "P": 0.04,
    "Q": 0.0,
    "R": 0.6266666666666667,
    "S": 0.02666666666666667,
    "T": 0.04,
    "V": 0.013333333333333334,
    "W": 0.0,
    "Y": 0.013333333333333334
  },
  "0": {
    "A": 0.0,
    "C": 0.0,
    "D": 0.0,
    "E": 0.0,
    "F": 0.0,
    "G": 0.0,
    "H": 0.0,
    "I": 0.0,
    "K": 0.0,
    "L": 0.0,
    "M": 0.0,
    "N": 0.0,
    "P": 0.0,
    "Q": 0.0,
    "R": 0.0,
    "S": 0.0,
    "T": 0.0,
    "V": 0.0,
    "W": 0.0,
    "Y": 1.0
  },
  "+1": {
    "A": 0.0,
    "C": 0.0,
    "D": 0.0,
    "E": 0.0,
    "F": 0.0,
    "G": 0.48,
    "H": 0.0,
    "I": 0.0,
    "K": 0.0,
    "L": 0.0,
    "M": 0.0,
    "N": 0.0,
    "P": 0.0,
    "Q": 0.0,
    "R": 0.0,
    "S": 0.0,
    "T": 0.0,
    "V": 0.0,
    "W": 0.0,
    "Y": 0.0
  },
  "+2": {
    "A": 0.0,
    "C": 0.0,
    "D": 0.0,
    "E": 0.0,
    "F": 0.0,
    "G": 0.0,
    "H": 0.0,
    "I": 0.0,
    "K": 0.25333333333333335,
    "L": 0.0,
    "M": 0.0,
    "N": 0.0,
    "P": 0.0,
    "Q": 0.0,
    "R": 0.17333333333333334,
    "S": 0.0,
    "T": 0.0,
    "V": 0.0,
    "W": 0.0,
    "Y": 0.0
  },
  "+3": {
    "A": 0.013333333333333334,
    "C": 0.0,
    "D": 0.02666666666666667,
    "E": 0.0,
    "F": 0.0,
    "G": 0.013333333333333334,
    "H": 0.0,
    "I": 0.0,
    "K": 0.013333333333333334,
    "L": 0.0,
    "M": 0.0,
    "N": 0.0,
    "P": 0.0,
    "Q": 0.0,
    "R": 0.28,
    "S": 0.05333333333333334,
    "T": 0.013333333333333334,
    "V": 0.0,
    "W": 0.0,
    "Y": 0.0
  },
  "+4": {
    "A": 0.013333333333333334,
    "C": 0.0,
    "D": 0.05333333333333334,
    "E": 0.0,
    "F": 0.0,
    "G": 0.013333333333333334,
    "H": 0.0,
    "I": 0.013333333333333334,
    "K": 0.0,
    "L": 0.013333333333333334,
    "M": 0.0,
    "N": 0.05333333333333334,
    "P": 0.013333333333333334,
    "Q": 0.013333333333333334,
    "R": 0.04,
    "S": 0.10666666666666667,
    "T": 0.02666666666666667,
    "V": 0.02666666666666667,
    "W": 0.0,
    "Y": 0.013333333333333334
  },
  "+5": {
    "A": 0.04,
    "C": 0.0,
    "D": 0.013333333333333334,
    "E": 0.0,
    "F": 0.0,
    "G": 0.05333333333333334,
    "H": 0.0,
    "I": 0.0,
    "K": 0.013333333333333334,
    "L": 0.05333333333333334,
    "M": 0.0,
    "N": 0.02666666666666667,
    "P": 0.013333333333333334,
    "Q": 0.0,
    "R": 0.08,
    "S": 0.06666666666666667,
    "T": 0.013333333333333334,
    "V": 0.02666666666666667,
    "W": 0.0,
    "Y": 0.0
  },
  "+6": {
    "A": 0.013333333333333334,
    "C": 0.013333333333333334,
    "D": 0.013333333333333334,
    "E": 0.013333333333333334,
    "F": 0.0,
    "G": 0.06666666666666667,
    "H": 0.0,
    "I": 0.0,
    "K": 0.02666666666666667,
    "L": 0.0,
    "M": 0.0,
    "N": 0.02666666666666667,
    "P": 0.09333333333333334,
    "Q": 0.013333333333333334,
    "R": 0.04,
    "S": 0.02666666666666667,
    "T": 0.0,
    "V": 0.02666666666666667,
    "W": 0.013333333333333334,
    "Y": 0.013333333333333334
  },
  "+7": {
    "A": 0.0,
    "C": 0.0,
    "D": 0.05333333333333334,
    "E": 0.14666666666666667,
    "F": 0.0,
    "G": 0.0,
    "H": 0.0,
    "I": 0.0,
    "K": 0.013333333333333334,
    "L": 0.013333333333333334,
    "M": 0.013333333333333334,
    "N": 0.0,
    "P": 0.013333333333333334,
    "Q": 0.0,
    "R": 0.04,