{
  "-10": {
    "A": -3.89616418901546,
    "C": -6.066089190457772,
    "D": "-inf",
    "E": -7.066089190457772,
    "F": "-inf",
    "G": -6.066089190457772,
    "H": -4.481126689736616,
    "I": -5.481126689736616,
    "K": -2.111892880070897,
    "L": -4.74416109557041,
    "M": -6.066089190457772,
    "N": -6.066089190457772,
    "P": -2.2081081953302,
    "Q": -4.481126689736616,
    "R": "-inf",
    "S": -2.7441610955704103,
    "T": -5.066089190457772,
    "V": -4.258734268400168,
    "W": "-inf",
    "Y": -4.74416109557041
  },
  "-9": {
    "A": -2.606657571820475,
    "C": -6.066089190457772,
    "D": "-inf",
    "E": -5.066089190457772,
    "F": -7.066089190457772,
    "G": -6.066089190457772,
    "H": -5.481126689736616,
    "I": -5.481126689736616,
    "K": -4.481126689736616,
    "L": -7.066089190457772,
    "M": "-inf",
    "N": -7.066089190457772,
    "P": -1.0660891904577725,
    "Q": -5.481126689736616,
    "R": "-inf",
    "S": -3.159198594849254,
    "T": -6.066089190457772,
    "V": -4.74416109557041,
    "W": "-inf",
    "Y": "-inf"
  },
  "-8": {
    "A": -3.89616418901546,
    "C": -6.066089190457772,
    "D": "-inf",
    "E": -6.066089190457772,
    "F": -5.481126689736616,
    "G": -6.066089190457772,
    "H": -4.481126689736616,
    "I": -5.481126689736616,
    "K": -7.066089190457772,
    "L": -6.066089190457772,
    "M": -6.066089190457772,
    "N": -5.066089190457772,
    "P": -0.818161677014187,
    "Q": -3.7441610955704103,
    "R": "-inf",
    "S": -4.258734268400168,
    "T": -6.066089190457772,
    "V": -5.481126689736616,
    "W": "-inf",
    "Y": "-inf"
  },
  "-7": {
    "A": -2.7441610955704103,
    "C": -6.066089190457772,
    "D": "-inf",
    "E": -5.481126689736616,
    "F": "-inf",
    "G": -7.066089190457772,
    "H": -6.066089190457772,
    "I": -7.066089190457772,
    "K": -7.066089190457772,
    "L": -6.066089190457772,
    "M": -7.066089190457772,
    "N": -5.481126689736616,
    "P": -1.7441610955704103,
    "Q": -5.481126689736616,
    "R": "-inf",
    "S": -3.2587342684001683,
    "T": -3.3656494723166803,
    "V": -2.2587342684001683,
    "W": "-inf",
    "Y": "-inf"
  },
  "-6": {
    "A": -3.89616418901546,
    "C": -7.066089190457772,
    "D": -7.066089190457772,
    "E": -4.481126689736616,
    "F": "-inf",
    "G": -5.066089190457772,
    "H": -4.74416109557041,
    "I": -5.066089190457772,
    "K": -2.111892880070897,
    "L": -6.066089190457772,
    "M": "-inf",
    "N": -7.066089190457772,
    "P": -2.021695071099319,
    "Q": -4.258734268400168,
    "R": -6.066089190457772,
    "S": -3.0660891904577725,
    "T": -6.066089190457772,
    "V": -4.74416109557041,
    "W": "-inf",
    "Y": -4.74416109557041
  },
  "-5": {
    "A": -2.3656494723166803,
    "C": -7.066089190457772,
    "D": "-inf",
    "E": -7.066089190457772,
    "F": "-inf",
    "G": -7.066089190457772,
    "H": -5.481126689736616,
    "I": -7.066089190457772,
    "K": -4.258734268400168,
    "L": -6.066089190457772,
    "M": -7.066089190457772,
    "N": -7.066089190457772,
    "P": -0.978626349207433,
    "Q": "-inf",
    "R": -7.066089190457772,
    "S": -3.159198594849254,
    "T": -6.066089190457772,
    "V": -5.066089190457772,
    "W": "-inf",
    "Y": "-inf"
  },
  "-4": {
    "A": -4.74416109557041,
    "C": "-inf",
    "D": -6.066089190457772,
    "E": -4.481126689736616,
    "F": "-inf",
    "G": -7.066089190457772,
    "H": -5.481126689736616,
    "I": "-inf",
    "K": -7.066089190457772,
    "L": -6.066089190457772,
    "M": "-inf",
    "N": -5.066089190457772,
    "P": -0.6231456946090441,
    "Q": -4.74416109557041,
    "R": -7.066089190457772,
    "S": -3.3656494723166803,
    "T": -6.066089190457772,
    "V": -6.066089190457772,
    "W": "-inf",
    "Y": "-inf"
  },
  "-3": {
    "A": -2.311201688294304,
    "C": -7.066089190457772,
    "D": -5.481126689736616,
    "E": "-inf",
    "F": "-inf",
    "G": "-inf",
    "H": -7.066089190457772,
    "I": "-inf",
    "K": "-inf",
    "L": -7.066089190457772,
    "M": -7.066089190457772,
    "N": -7.066089190457772,
    "P": -1.6066575718204752,
    "Q": "-inf",
    "R": "-inf",
    "S": -3.0660891904577725,
    "T": -3.606657571820475,
    "V": -2.2587342684001683,
    "W": "-inf",
    "Y": "-inf"
  },
  "-2": {
    "A": -5.066089190457772,
    "C": "-inf",
    "D": -7.066089190457772,
    "E": -4.481126689736616,
    "F": -6.066089190457772,
    "G": -5.481126689736616,
    "H": -7.066089190457772,
    "I": "-inf",
    "K": -2.2081081953302,
    "L": -7.066089190457772,
    "M": "-inf",
    "N": "-inf",
    "P": -1.1591985948492538,
    "Q": "-inf",
    "R": "-inf",
    "S": -3.0660891904577725,
    "T": -7.066089190457772,
    "V": -4.74416109557041,
    "W": "-inf",
    "Y": -4.74416109557041
  },
  "-1": {
    "A": -2.159198594849254,
    "C": "-inf",
    "D": "-inf",
    "E": "-inf",
    "F": "-inf",
    "G": -4.74416109557041,
    "H": "-inf",
    "I": "-inf",
    "K": "-inf",
    "L": -6.066089190457772,
    "M": "-inf",
    "N": "-inf",
    "P": -1.0,
    "Q": "-inf",
    "R": "-inf",
    "S": -2.3656494723166803,
    "T": -5.481126689736616,
    "V": -7.066089190457772,
    "W": "-inf",
    "Y": "-inf"
  },
  "0": {
    "A": "-inf",
    "C": "-inf",
    "D": "-inf",
    "E": "-inf",
    "F": "-inf",
    "G": "-inf",
    "H": "-inf",
    "I": "-inf",
    "K": "-inf",
    "L": "-inf",
    "M": "-inf",
    "N": "-inf",
    "P": 0.0,
    "Q": "-inf",
    "R": "-inf",
    "S": "-inf",
    "T": "-inf",
    "V": "-inf",
    "W": "-inf",
    "Y": "-inf"
  },
  "+1": {
    "A": -2.606657571820475,
    "C": "-inf",
    "D": -6.066089190457772,
    "E": -6.066089190457772,
    "F": "-inf",
    "G": -5.481126689736616,
    "H": "-inf",
    "I": "-inf",
    "K": -7.066089190457772,
    "L": -7.066089190457772,
    "M": "-inf",
    "N": "-inf",
    "P": -1.7085371858396887,
    "Q": "-inf",
    "R": "-inf",
    "S": -2.978626349207433,
    "T": -2.89616418901546,
    "V": -2.4222330006830477,
    "W": "-inf",
    "Y": -6.066089190457772
  },
  "+2": {
    "A": -4.481126689736616,
    "C": "-inf",
    "D": "-inf",
    "E": -5.481126689736616,
    "F": "-inf",
    "G": -7.066089190457772,
    "H": "-inf",
    "I": "-inf",
    "K": -2.311201688294304,
    "L": -7.066089190457772,
    "M": "-inf",
    "N": "-inf",
    "P": -1.0660891904577725,
    "Q": "-inf",
    "R": "-inf",
    "S": -2.4811266897366164,
    "T": -6.066089190457772,
    "V": "-inf",
    "W": "-inf",
    "Y": -4.481126689736616
  },
  "+3": {
    "A": -3.0660891904577725,
    "C": "-inf",
    "D": -4.258734268400168,
    "E": -6.066089190457772,
    "F": "-inf",
    "G": -5.066089190457772,
    "H": "-inf",
    "I": -7.066089190457772,
    "K": -5.066089190457772,
    "L": -5.481126689736616,
    "M": "-inf",
    "N": "-inf",
    "P": -0.978626349207433,
    "Q": -6.066089190457772,
    "R": "-inf",
    "S": -2.978626349207433,
    "T": -3.89616418901546,
    "V": "-inf",
    "W": "-inf",
    "Y": -7.066089190457772
  },
  "+4": {
    "A": -4.066089190457772,
    "C": -7.066089190457772,
    "D": "-inf",
    "E": -6.066089190457772,
    "F": "-inf",
    "G": -5.481126689736616,
    "H": -6.066089190457772,
    "I": "-inf",
    "K": "-inf",
    "L": -7.066089190457772,
    "M": "-inf",
    "N": "-inf",
    "P": -0.5582945502590763,
    "Q": "-inf",
    "R": -7.066089190457772,
    "S": -2.5425272344007595,
    "T": -7.066089190457772,
    "V": "-inf",
    "W": "-inf",
    "Y": -7.066089190457772
  },
  "+5": {
    "A": -3.606657571820475,
    "C": "-inf",
    "D": -4.258734268400168,
    "E": "-inf",
    "F": "-inf",
    "G": -4.74416109557041,
    "H": -6.066089190457772,
    "I": "-inf",
    "K": -7.066089190457772,
    "L": -6.066089190457772,
    "M": "-inf",
    "N": "-inf",
    "P": -1.673771767679012,
    "Q": -5.481126689736616,
    "R": "-inf",
    "S": -3.4811266897366164,
    "T": -2.5425272344007595,
    "V": -2.4811266897366164,
    "W": "-inf",
    "Y": -6.066089190457772
  },