{
  "-10": {
    "A": -3.6469815382994315,
    "C": -6.646981538299431,
    "D": -4.682170966761731,
    "E": -4.25383664486943,
    "F": -5.039027394952046,
    "G": -3.8571140429706685,
    "H": -5.682170966761731,
    "I": -5.0107937142231025,
    "K": -4.1091316334163945,
    "L": -3.7980192954482512,
    "M": -5.9559317791885835,
    "N": -4.939871928292485,
    "P": -3.457871479660625,
    "Q": -4.550345755254312,
    "R": -4.273828120056896,
    "S": -3.0024302412884754,
    "T": -3.5832291170680954,
    "V": -4.189130955481614,
    "W": -7.267133467482887,
    "Y": -5.783616230321277
  },
  "-9": {
    "A": -3.608393040622184,
    "C": -6.04474104614644,
    "D": -4.80770184884559,
    "E": -4.1954724823554415,
    "F": -5.335520442463138,
    "G": -3.824804276536304,
    "H": -5.7552344289514545,
    "I": -5.0220209696463565,
    "K": -4.130237266428046,
    "L": -3.793202279150475,
    "M": -5.913496512868187,
    "N": -4.913496512868187,
    "P": -3.490639509130044,
    "Q": -4.321581251505264,
    "R": -4.164039974518784,
    "S": -3.063468254215345,
    "T": -3.6622714093240267,
    "V": -4.22760510329625,
    "W": -7.115130374037838,
    "Y": -5.709138014362001
  },
  "-8": {
    "A": -3.6866306149524313,
    "C": -6.452165361315409,
    "D": -4.923988886685829,
    "E": -4.201842007231169,
    "F": -5.307775451980234,
    "G": -3.720524774663807,
    "H": -5.832196410766339,
    "I": -4.9345581283960165,
    "K": -4.073653738061679,
    "L": -3.8297281551755895,
    "M": -5.69110409153174,
    "N": -5.127203206338413,
    "P": -3.425831213501946,
    "Q": -4.237386124088836,
    "R": -4.142437720033573,
    "S": -3.0447410461464397,
    "T": -3.6513335628391386,
    "V": -4.243943840110998,
    "W": -7.77409345620277,
    "Y": -5.709138014362001
  },
  "-7": {
    "A": -3.554415419563359,
    "C": -6.736618750784108,
    "D": -4.877362726814474,
    "E": -4.224359443792596,
    "F": -5.267133467482887,
    "G": -3.781229637484399,
    "H": -5.522175082563151,
    "I": -4.793202279150475,
    "K": -4.139377920284515,
    "L": -3.8396266162418273,
    "M": -6.127203206338413,
    "N": -4.9345581283960165,
    "P": -3.4751265097587196,
    "Q": -4.34254087014091,
    "R": -4.1922982345602975,
    "S": -3.0024302412884754,
    "T": -3.5853094275091424,
    "V": -4.328534012147031,
    "W": -8.022020969646356,
    "Y": -5.700092874758994
  },
  "-6": {
    "A": -3.6147532054016245,
    "C": -6.89273795270139,
    "D": -4.80770184884559,
    "E": -4.280553983245209,
    "F": -5.35668505246118,
    "G": -3.8371456267380726,
    "H": -5.629703546867596,
    "I": -4.695591482524053,
    "K": -4.16715258638612,
    "L": -3.8646740342835133,
    "M": -5.913496512868187,
    "N": -4.9831019803540535,
    "P": -3.39996915018998,
    "Q": -4.482862158538325,
    "R": -4.160934063650963,
    "S": -2.991353833399415,
    "T": -3.6126300335086543,
    "V": -4.151656250062952,
    "W": -6.999653156617902,
    "Y": -5.709138014362001
  },
  "-5": {
    "A": -3.5422407056172567,
    "C": -6.51422632944766,
    "D": -4.999653156617902,
    "E": -4.4370584689252,
    "F": -5.294100515083157,
    "G": -3.7907997889351708,
    "H": -5.783616230321277,
    "I": -4.847095287145677,
    "K": -4.121154161665608,
    "L": -3.7956087768575704,
    "M": -5.945205372595526,
    "N": -5.0163964204524785,
    "P": -3.405472125867367,
    "Q": -4.381776033424011,
    "R": -4.1954724823554415,
    "S": -3.0066059172596686,
    "T": -3.638316677172304,
    "V": -3.996881407367848,
    "W": -7.378164779871631,
    "Y": -5.718240221469253
  },
  "-4": {
    "A": -3.5625893510090587,
    "C": -7.294100515083157,
    "D": -4.686630614952431,
    "E": -4.370969278467427,
    "F": -5.300921780939171,
    "G": -3.991353833399415,
    "H": -5.25383664486943,
    "I": -4.802852449184194,
    "K": -4.059124964309095,
    "L": -3.793202279150475,
    "M": -5.745896564372119,
    "N": -4.903079896922849,
    "P": -3.4886912373405226,
    "Q": -4.4370584689252,
    "R": -4.201842007231169,
    "S": -3.0093964307812966,
    "T": -3.558496596375176,
    "V": -4.136324596306961,
    "W": -7.294100515083157,
    "Y": -5.812567604017406
  },
  "-3": {
    "A": -3.554415419563359,
    "C": -6.832196410766339,
    "D": -4.882469617247563,
    "E": -4.467432117968719,
    "F": -5.294100515083157,
    "G": -4.088330314694122,
    "H": -5.842111879631422,
    "I": -4.534180935823305,
    "K": -4.440820387721399,
    "L": -3.867202860594252,
    "M": -6.294100515083157,
    "N": -5.182817181549412,
    "P": -2.903079896922849,
    "Q": -4.664468965028273,
    "R": -4.429563932378276,
    "S": -3.1828171815494124,
    "T": -3.4597785454252836,
    "V": -3.6062792013562657,
    "W": -7.4370584689252,
    "Y": -6.22760510329625
  },
  "-2": {
    "A": -3.3215812515052643,
    "C": -6.139377920284515,
    "D": -4.945205372595526,
    "E": -4.634003684301222,
    "F": -5.673292815415278,
    "G": -3.945205372595525,
    "H": -5.842111879631422,
    "I": -5.04474104614644,
    "K": -4.260469737201877,
    "L": -3.9004874523063244,
    "M": -6.0562366849842695,
    "N": -5.0220209696463565,
    "P": -2.8875946494254303,
    "Q": -4.414690655896746,
    "R": -4.353135985380109,
    "S": -3.079506464307116,
    "T": -3.771722551740024,
    "V": -3.8546028238146186,
    "W": -7.77409345620277,
    "Y": -5.923988886685829
  },
  "-1": {
    "A": -3.3853963491027073,
    "C": -6.832196410766339,
    "D": -5.407311125531148,
    "E": -5.067824659259481,
    "F": -4.877362726814474,
    "G": -4.047606379840829,
    "H": -5.506321131362314,
    "I": -4.542240705617257,
    "K": -4.452165361315409,
    "L": -4.076577133268445,
    "M": -6.03333628287419,
    "N": -5.562589351009059,
    "P": -3.5301678733166817,
    "Q": -5.0163964204524785,
    "R": -4.448373782153034,
    "S": -2.9872220070690885,
    "T": -3.110628981802897,
    "V": -3.209843664131909,
    "W": -8.115130374037838,
    "Y": -5.34959562767486
  },
  "0": {
    "A": "-inf",
    "C": "-inf",
    "D": "-inf",
    "E": "-inf",
    "F": "-inf",
    "G": "-inf",
    "H": "-inf",
    "I": "-inf",
    "K": "-inf",
    "L": "-inf",
    "M": "-inf",
    "N": "-inf",
    "P": "-inf",
    "Q": "-inf",
    "R": "-inf",
    "S": 0.0,
    "T": "-inf",
    "V": "-inf",
    "W": "-inf",
    "Y": "-inf"
  },
  "+1": {
    "A": -3.5503457552543116,
    "C": -6.736618750784108,
    "D": -5.201842007231169,
    "E": -4.154742229936694,
    "F": -5.612630033508655,
    "G": -3.7091380143620007,
    "H": -5.579077473797628,
    "I": -5.0220209696463565,
    "K": -4.290701938621292,
    "L": -3.711408187986828,
    "M": -6.127203206338413,
    "N": -5.097208466040575,
    "P": -3.8927379527013897,
    "Q": -4.059124964309095,
    "R": -4.335520442463138,
    "S": -2.793202279150475,
    "T": -3.448373782153034,
    "V": -4.019205954039302,
    "W": -7.267133467482887,
    "Y": -5.6556987554005405
  },
  "+2": {
    "A": -2.9640292468871805,
    "C": -7.09128363208347,
    "D": -5.0107937142231025,
    "E": -4.346063936704607,
    "F": -5.39996915018998,
    "G": -3.5402215379806043,
    "H": -5.872273850141674,
    "I": -5.133277720748097,
    "K": -4.769355537196108,
    "L": -4.082441755331663,
    "M": -6.22760510329625,
    "N": -5.273828120056896,
    "P": -3.1091316334163945,
    "Q": -4.745896564372119,
    "R": -4.783616230321277,
    "S": -2.7182402214692534,
    "T": -3.815006649468824,
    "V": -4.214666047588752,
    "W": -7.736618750784108,
    "Y": -5.682170966761731
  },
  "+3": {
    "A": -3.522175082563151,
    "C": -5.977626850287903,
    "D": -4.736618750784108,
    "E": -4.287311349420518,
    "F": -5.267133467482887,
    "G": -3.6755072364807204,
    "H": -5.718240221469253,
    "I": -5.121154161665608,
    "K": -4.651333562839138,
    "L": -3.9667385341451666,
    "M": -6.51422632944766,
    "N": -4.700092874758994,
    "P": -3.429563932378276,
    "Q": -4.273828120056896,
    "R": -4.5382051923821,
    "S": -2.7493911846699866,