{
  "-10": {
    "A": -3.611041392821217,
    "C": -6.422728735674855,
    "D": -5.2244000192288755,
    "E": -4.595979562823944,
    "F": -5.524978793922805,
    "G": -3.7565701521057173,
    "H": -5.937301908504613,
    "I": -5.097766580697859,
    "K": -4.316627311064053,
    "L": -4.150234000591994,
    "M": -6.4534255328977705,
    "N": -5.2112246304811425,
    "P": -3.0856937483972837,
    "Q": -4.204681784614371,
    "R": -4.57895641498163,
    "S": -3.3505326510778253,
    "T": -2.6078005939124496,
    "V": -4.3308062462338155,
    "W": -8.348728154231077,
    "Y": -6.27833882633968
  },
  "-9": {
    "A": -3.675171730240933,
    "C": -7.061847006442916,
    "D": -4.8377662349536985,
    "E": -4.600266921227042,
    "F": -5.516850913039405,
    "G": -4.050069838666563,
    "H": -5.77341582354364,
    "I": -4.524978793922805,
    "K": -4.411383762080845,
    "L": -4.137715960745566,
    "M": -6.484789703807106,
    "N": -5.264663889442603,
    "P": -3.0515367376652214,
    "Q": -4.214507214470444,
    "R": -4.67065624911844,
    "S": -3.368702853992344,
    "T": -2.5715714882265766,
    "V": -4.445689884118165,
    "W": -7.744656830562217,
    "Y": -6.185229421948198
  },
  "-8": {
    "A": -3.7806960494597983,
    "C": -6.82265934256349,
    "D": -4.697963595114175,
    "E": -4.562131792340271,
    "F": -5.6088800515317505,
    "G": -4.088702498269622,
    "H": -5.754179604680723,
    "I": -5.2112246304811425,
    "K": -4.3523394077834565,
    "L": -4.06480638192346,
    "M": -6.264663889442603,
    "N": -5.348728154231077,
    "P": -3.1596943298410607,
    "Q": -4.306083816822584,
    "R": -4.57895641498163,
    "S": -3.3945318438442023,
    "T": -2.372364518498316,
    "V": -4.341532652826873,
    "W": -7.992584344005802,
    "Y": -6.422728735674855
  },
  "-7": {
    "A": -3.67065624911844,
    "C": -6.407621843284646,
    "D": -4.937301908504613,
    "E": -4.434163630737138,
    "F": -5.574731829119904,
    "G": -3.82265934256349,
    "H": -5.873643271282295,
    "I": -4.679701388721447,
    "K": -4.327248426820626,
    "L": -4.244391494416342,
    "M": -6.377874499890594,
    "N": -5.264663889442603,
    "P": -3.244391494416342,
    "Q": -4.524978793922805,
    "R": -4.621896937198585,
    "S": -3.424628268590336,
    "T": -2.539313709995179,
    "V": -3.959161342468352,
    "W": -7.783130978376852,
    "Y": -6.549640848157074
  },
  "-6": {
    "A": -3.7094959909818006,
    "C": -7.061847006442916,
    "D": -5.0796950077758405,
    "E": -4.38155954669845,
    "F": -5.688803595828699,
    "G": -3.8402995016992203,
    "H": -5.992584344005802,
    "I": -5.185229421948198,
    "K": -4.363227723926193,
    "L": -4.175600720750421,
    "M": -6.320159002034306,
    "N": -5.370532524549426,
    "P": -3.1038410951075432,
    "Q": -4.67065624911844,
    "R": -4.488758606010052,
    "S": -3.3559597234621537,
    "T": -2.4085614037482603,
    "V": -4.234361129279077,
    "W": -7.407621843284646,
    "Y": -6.198168477655696
  },
  "-5": {
    "A": -3.79536765089575,
    "C": -5.792911999169438,
    "D": -5.185229421948198,
    "E": -4.557956116369078,
    "F": -5.82265934256349,
    "G": -3.8101899906012737,
    "H": -5.82265934256349,
    "I": -4.595979562823944,
    "K": -4.327248426820626,
    "L": -4.194922818152042,
    "M": -6.533152725368505,
    "N": -5.320159002034306,
    "P": -3.1191402314904257,
    "Q": -4.363227723926193,
    "R": -4.595979562823944,
    "S": -3.3487281542310776,
    "T": -2.649398628557921,
    "V": -3.989769328398748,
    "W": -7.533152725368505,
    "Y": -6.0383880336189275
  },
  "-4": {
    "A": -3.675171730240933,
    "C": -7.109941294643961,
    "D": -5.116067397440802,
    "E": -4.457308967384999,
    "F": -5.484789703807106,
    "G": -4.0796950077758405,
    "H": -5.744656830562217,
    "I": -4.652734341121177,
    "K": -4.302586372586357,
    "L": -4.323699359739555,
    "M": -6.5663195893037045,
    "N": -5.437995492328165,
    "P": -3.3632277239261925,
    "Q": -4.0559464050032314,
    "R": -4.688803595828699,
    "S": -3.366875500941337,
    "T": -2.3442267619961368,
    "V": -4.214507214470444,
    "W": -7.905121502755462,
    "Y": -6.15969432984106
  },
  "-3": {
    "A": -3.6284496889977507,
    "C": -6.970216530977347,
    "D": -5.29214462586471,
    "E": -4.500731247676128,
    "F": -5.959161342468352,
    "G": -4.57895641498163,
    "H": -5.4534255328977705,
    "I": -4.281777910306451,
    "K": -4.5874428808694585,
    "L": -4.150234000591994,
    "M": -6.27833882633968,
    "N": -5.251117357604655,
    "P": -2.6695295836641555,
    "Q": -4.327248426820626,
    "R": -4.788013199756599,
    "S": -3.6527343411211777,
    "T": -2.8251661981740646,
    "V": -3.5249787939228048,
    "W": -7.783130978376852,
    "Y": -6.097766580697859
  },
  "-2": {
    "A": -3.465107337945406,
    "C": -7.469022387948789,
    "D": -5.348728154231077,
    "E": -4.802759785125785,
    "F": -5.802759785125785,
    "G": -3.8607273833970095,
    "H": -5.970216530977347,
    "I": -4.422728735674855,
    "K": -4.47688450572176,
    "L": -4.198168477655696,
    "M": -6.377874499890594,
    "N": -5.257874723779964,
    "P": -2.8214075463540302,
    "Q": -4.721121316101428,
    "R": -4.89982720308595,
    "S": -3.6328347836834727,
    "T": -2.382482281006138,
    "V": -4.128398199351522,
    "W": -8.533152725368504,
    "Y": -6.635032339387719
  },
  "-1": {
    "A": -3.6067219433643416,
    "C": -7.500731247676128,
    "D": -6.13460334887823,
    "E": -5.2244000192288755,
    "F": -5.697963595114175,
    "G": -4.316627311064053,
    "H": -6.050069838666563,
    "I": -4.5663195893037045,
    "K": -4.422728735674855,
    "L": -4.480831690238423,
    "M": -6.763765653509921,
    "N": -5.549640848157074,
    "P": -2.865879871162612,
    "Q": -4.82265934256349,
    "R": -4.600266921227042,
    "S": -3.4967293171186316,
    "T": -2.406682894315031,
    "V": -3.1114703833307056,
    "W": -8.46902238794879,
    "Y": -6.264663889442603
  },
  "0": {
    "A": "-inf",
    "C": "-inf",
    "D": "-inf",
    "E": "-inf",
    "F": "-inf",
    "G": "-inf",
    "H": "-inf",
    "I": "-inf",
    "K": "-inf",
    "L": "-inf",
    "M": "-inf",
    "N": "-inf",
    "P": "-inf",
    "Q": "-inf",
    "R": "-inf",
    "S": "-inf",
    "T": 0.0,
    "V": "-inf",
    "W": "-inf",
    "Y": "-inf"
  },
  "+1": {
    "A": -3.5747318291199046,
    "C": -6.097766580697859,
    "D": -5.422728735674855,
    "E": -4.403869708423539,
    "F": -5.725797803310901,
    "G": -3.878842177956614,
    "H": -6.334372861254008,
    "I": -5.0796950077758405,
    "K": -4.721121316101428,
    "L": -4.217797284404629,
    "M": -6.29214462586471,
    "N": -5.626262129759986,
    "P": -3.009590769311492,
    "Q": -4.47688450572176,
    "R": -4.84283722450112,
    "S": -3.1772010481922637,
    "T": -2.503739997548466,
    "V": -3.8402995016992203,
    "W": -7.783130978376852,
    "Y": -6.4534255328977705
  },
  "+2": {
    "A": -3.15811329402158,
    "C": -7.600266921227042,
    "D": -5.370532524549426,
    "E": -4.377874499890594,
    "F": -6.109941294643961,
    "G": -4.137715960745566,
    "H": -5.716459938731565,
    "I": -4.73519650131315,
    "K": -4.617544912658878,
    "L": -4.370532524549426,
    "M": -6.9264951535480295,
    "N": -5.363227723926193,
    "P": -3.2343611292790775,
    "Q": -4.739918911555554,
    "R": -4.992584344005802,
    "S": -3.2376968418423338,
    "T": -2.368702853992344,
    "V": -3.9024719243415134,
    "W": -7.82265934256349,
    "Y": -6.348728154231077
  },
  "+3": {
    "A": -3.6416451624593713,
    "C": -8.185229421948199,
    "D": -5.015304420505886,
    "E": -4.583193407868101,
    "F": -5.783130978376852,
    "G": -3.9211219814491782,
    "H": -6.172405381590615,
    "I": -4.8377662349536985,
    "K": -4.8077090010975185,
    "L": -4.400127306737722,
    "M": -6.549640848157074,
    "N": -5.097766580697859,
    "P": -2.5874428808694585,
    "Q": -4.306083816822584,
    "R": -5.0210407900550305,
    "S": -3.1084138248973674,