{
  "-10": {
    "A": -5.087462841250339,
    "C": -5.087462841250339,
    "D": -5.087462841250339,
    "E": -5.087462841250339,
    "F": -3.0874628412503395,
    "G": "-inf",
    "H": -4.087462841250339,
    "I": -5.087462841250339,
    "K": -5.087462841250339,
    "L": -3.502500340529183,
    "M": -5.087462841250339,
    "N": "-inf",
    "P": -4.087462841250339,
    "Q": -5.087462841250339,
    "R": "-inf",
    "S": -2.502500340529183,
    "T": -5.087462841250339,
    "V": -2.0874628412503395,
    "W": "-inf",
    "Y": "-inf"
  },
  "-9": {
    "A": -4.087462841250339,
    "C": "-inf",
    "D": -4.087462841250339,
    "E": -5.087462841250339,
    "F": -1.917537839808027,
    "G": -5.087462841250339,
    "H": "-inf",
    "I": -2.765534746362977,
    "K": "-inf",
    "L": -5.087462841250339,
    "M": "-inf",
    "N": "-inf",
    "P": "-inf",
    "Q": -4.087462841250339,
    "R": -5.087462841250339,
    "S": -5.087462841250339,
    "T": -4.087462841250339,
    "V": -5.087462841250339,
    "W": -5.087462841250339,
    "Y": -2.765534746362977
  },
  "-8": {
    "A": -4.087462841250339,
    "C": "-inf",
    "D": "-inf",
    "E": "-inf",
    "F": -4.087462841250339,
    "G": -4.087462841250339,
    "H": "-inf",
    "I": "-inf",
    "K": -5.087462841250339,
    "L": "-inf",
    "M": "-inf",
    "N": -5.087462841250339,
    "P": -4.087462841250339,
    "Q": -4.087462841250339,
    "R": "-inf",
    "S": -1.917537839808027,
    "T": -2.2801079191927354,
    "V": -4.087462841250339,
    "W": "-inf",
    "Y": -3.0874628412503395
  },
  "-7": {
    "A": -4.087462841250339,
    "C": "-inf",
    "D": -4.087462841250339,
    "E": -2.502500340529183,
    "F": "-inf",
    "G": -5.087462841250339,
    "H": "-inf",
    "I": "-inf",
    "K": -2.2801079191927354,
    "L": -5.087462841250339,
    "M": "-inf",
    "N": -3.0874628412503395,
    "P": -5.087462841250339,
    "Q": -5.087462841250339,
    "R": "-inf",
    "S": -3.502500340529183,
    "T": -3.0874628412503395,
    "V": -5.087462841250339,
    "W": "-inf",
    "Y": -5.087462841250339
  },
  "-6": {
    "A": -5.087462841250339,
    "C": "-inf",
    "D": -2.2801079191927354,
    "E": -5.087462841250339,
    "F": -5.087462841250339,
    "G": "-inf",
    "H": -5.087462841250339,
    "I": "-inf",
    "K": -4.087462841250339,
    "L": -3.0874628412503395,
    "M": -5.087462841250339,
    "N": -2.502500340529183,
    "P": -5.087462841250339,
    "Q": -5.087462841250339,
    "R": -5.087462841250339,
    "S": -3.502500340529183,
    "T": -3.0874628412503395,
    "V": "-inf",
    "W": "-inf",
    "Y": "-inf"
  },
  "-5": {
    "A": -3.0874628412503395,
    "C": "-inf",
    "D": -4.087462841250339,
    "E": -5.087462841250339,
    "F": -5.087462841250339,
    "G": "-inf",
    "H": "-inf",
    "I": "-inf",
    "K": -5.087462841250339,
    "L": -4.087462841250339,
    "M": -5.087462841250339,
    "N": "-inf",
    "P": -5.087462841250339,
    "Q": -2.2801079191927354,
    "R": -3.502500340529183,
    "S": -3.502500340529183,
    "T": -3.0874628412503395,
    "V": -3.0874628412503395,
    "W": "-inf",
    "Y": "-inf"
  },
  "-4": {
    "A": -3.502500340529183,
    "C": "-inf",
    "D": -3.502500340529183,
    "E": "-inf",
    "F": -1.5025003405291832,
    "G": -4.087462841250339,
    "H": -4.087462841250339,
    "I": "-inf",
    "K": "-inf",
    "L": -5.087462841250339,
    "M": "-inf",
    "N": "-inf",
    "P": -5.087462841250339,
    "Q": -4.087462841250339,
    "R": "-inf",
    "S": -3.502500340529183,
    "T": -3.502500340529183,
    "V": "-inf",
    "W": -5.087462841250339,
    "Y": -5.087462841250339
  },
  "-3": {
    "A": "-inf",
    "C": "-inf",
    "D": -3.502500340529183,
    "E": -3.502500340529183,
    "F": "-inf",
    "G": -5.087462841250339,
    "H": -4.087462841250339,
    "I": -4.087462841250339,
    "K": -5.087462841250339,
    "L": -4.087462841250339,
    "M": -5.087462841250339,
    "N": -4.087462841250339,
    "P": -1.3870231231092474,
    "Q": "-inf",
    "R": "-inf",
    "S": -4.087462841250339,
    "T": -4.087462841250339,
    "V": "-inf",
    "W": "-inf",
    "Y": "-inf"
  },
  "-2": {
    "A": -3.502500340529183,
    "C": "-inf",
    "D": -5.087462841250339,
    "E": -1.917537839808027,
    "F": "-inf",
    "G": -2.765534746362977,
    "H": "-inf",
    "I": "-inf",
    "K": "-inf",
    "L": -5.087462841250339,
    "M": "-inf",
    "N": "-inf",
    "P": -4.087462841250339,
    "Q": -5.087462841250339,
    "R": -5.087462841250339,
    "S": -2.765534746362977,
    "T": -3.0874628412503395,
    "V": -5.087462841250339,
    "W": "-inf",
    "Y": -5.087462841250339
  },
  "-1": {
    "A": "-inf",
    "C": "-inf",
    "D": "-inf",
    "E": -2.765534746362977,
    "F": -5.087462841250339,
    "G": -2.765534746362977,
    "H": -5.087462841250339,
    "I": -3.502500340529183,
    "K": "-inf",
    "L": -3.502500340529183,
    "M": -5.087462841250339,
    "N": -3.502500340529183,
    "P": "-inf",
    "Q": -5.087462841250339,
    "R": "-inf",
    "S": "-inf",
    "T": "-inf",
    "V": -1.628031222613042,
    "W": "-inf",
    "Y": "-inf"
  },
  "0": {
    "A": "-inf",
    "C": "-inf",
    "D": "-inf",
    "E": "-inf",
    "F": "-inf",
    "G": "-inf",
    "H": "-inf",
    "I": "-inf",
    "K": "-inf",
    "L": "-inf",
    "M": "-inf",
    "N": "-inf",
    "P": "-inf",
    "Q": "-inf",
    "R": "-inf",
    "S": "-inf",
    "T": "-inf",
    "V": "-inf",
    "W": "-inf",
    "Y": 0.0
  },
  "+1": {
    "A": -4.087462841250339,
    "C": "-inf",
    "D": -4.087462841250339,
    "E": -5.087462841250339,
    "F": "-inf",
    "G": -4.087462841250339,
    "H": -4.087462841250339,
    "I": -3.502500340529183,
    "K": -4.087462841250339,
    "L": "-inf",
    "M": "-inf",
    "N": "-inf",
    "P": "-inf",
    "Q": -4.087462841250339,
    "R": -4.087462841250339,
    "S": -3.502500340529183,
    "T": -3.502500340529183,
    "V": -2.0874628412503395,
    "W": -5.087462841250339,
    "Y": -5.087462841250339
  },
  "+2": {
    "A": -3.502500340529183,
    "C": "-inf",
    "D": -4.087462841250339,
    "E": "-inf",
    "F": -5.087462841250339,
    "G": "-inf",
    "H": -5.087462841250339,
    "I": "-inf",
    "K": -5.087462841250339,
    "L": -5.087462841250339,
    "M": "-inf",
    "N": -5.087462841250339,
    "P": -1.5025003405291832,
    "Q": -3.502500340529183,
    "R": "-inf",
    "S": -4.087462841250339,
    "T": "-inf",
    "V": -5.087462841250339,
    "W": "-inf",
    "Y": -2.502500340529183
  },
  "+3": {
    "A": -4.087462841250339,
    "C": "-inf",
    "D": -5.087462841250339,
    "E": -5.087462841250339,
    "F": "-inf",
    "G": -5.087462841250339,
    "H": -4.087462841250339,
    "I": "-inf",
    "K": "-inf",
    "L": -4.087462841250339,
    "M": "-inf",
    "N": "-inf",
    "P": -4.087462841250339,
    "Q": -5.087462841250339,
    "R": -5.087462841250339,
    "S": -3.502500340529183,
    "T": -1.2801079191927354,
    "V": -3.0874628412503395,
    "W": "-inf",
    "Y": "-inf"
  },
  "+4": {
    "A": -5.087462841250339,
    "C": "-inf",
    "D": -4.087462841250339,
    "E": "-inf",
    "F": "-inf",
    "G": -5.087462841250339,
    "H": -4.087462841250339,
    "I": -4.087462841250339,
    "K": "-inf",
    "L": -5.087462841250339,
    "M": "-inf",
    "N": -5.087462841250339,
    "P": -2.0874628412503395,
    "Q": "-inf",
    "R": "-inf",
    "S": -5.087462841250339,
    "T": -5.087462841250339,
    "V": -1.628031222613042,
    "W": "-inf",
    "Y": -3.502500340529183
  },
  "+5": {
    "A": -2.765534746362977,
    "C": "-inf",
    "D": -5.087462841250339,
    "E": -4.087462841250339,
    "F": -1.628031222613042,
    "G": -5.087462841250339,
    "H": -5.087462841250339,
    "I": "-inf",
    "K": -4.087462841250339,
    "L": -4.087462841250339,
    "M": "-inf",
    "N": -5.087462841250339,
    "P": -4.087462841250339,
    "Q": -4.087462841250339,
    "R": -4.087462841250339,
    "S": -4.087462841250339,
    "T": "-inf",
    "V": "-inf",
    "W": "-inf",
    "Y": "-inf"
  },
  "+6": {
    "A": -4.087462841250339,