{
  "-10": {
    "A": -3.868755466721747,
    "C": "-inf",
    "D": -5.222392421336448,
    "E": -4.392317422778761,
    "F": -5.392317422778761,
    "G": -3.807354922057604,
    "H": -6.807354922057605,
    "I": -4.144389909335175,
    "K": -3.3048545815284207,
    "L": -4.392317422778761,
    "M": -6.070389327891398,
    "N": -5.070389327891398,
    "P": -3.5343364276511884,
    "Q": -4.932885804141463,
    "R": -3.691877704637668,
    "S": -3.4854268271702415,
    "T": -4.485426827170242,
    "V": -4.0,
    "W": -6.807354922057605,
    "Y": -7.392317422778761
  },
  "-9": {
    "A": -3.1828640571498106,
    "C": "-inf",
    "D": -5.392317422778761,
    "E": -3.932885804141463,
    "F": -5.584962500721156,
    "G": -4.222392421336448,
    "H": -5.392317422778761,
    "I": -4.691877704637668,
    "K": -3.0,
    "L": -3.584962500721156,
    "M": -4.932885804141463,
    "N": -4.807354922057605,
    "P": -5.070389327891398,
    "Q": -5.070389327891398,
    "R": -4.0,
    "S": -3.5343364276511884,
    "T": -5.392317422778761,
    "V": -3.932885804141463,
    "W": -8.39231742277876,
    "Y": -7.392317422778761
  },
  "-8": {
    "A": -3.222392421336448,
    "C": -7.392317422778761,
    "D": -5.584962500721156,
    "E": -4.485426827170242,
    "F": -5.222392421336448,
    "G": -4.070389327891398,
    "H": -6.392317422778761,
    "I": -4.932885804141463,
    "K": -2.932885804141463,
    "L": -4.304854581528421,
    "M": -4.584962500721156,
    "N": -4.584962500721156,
    "P": -3.932885804141463,
    "Q": -4.807354922057605,
    "R": -4.144389909335175,
    "S": -3.7484612330040354,
    "T": -4.392317422778761,
    "V": -4.222392421336448,
    "W": -6.807354922057605,
    "Y": -6.070389327891398
  },
  "-7": {
    "A": -3.106915203916512,
    "C": "-inf",
    "D": -4.485426827170242,
    "E": -3.932885804141463,
    "F": -5.584962500721156,
    "G": -3.4854268271702415,
    "H": -6.807354922057605,
    "I": -5.392317422778761,
    "K": -3.070389327891398,
    "L": -3.584962500721156,
    "M": -5.807354922057605,
    "N": -4.807354922057605,
    "P": -4.304854581528421,
    "Q": -5.222392421336448,
    "R": -4.070389327891398,
    "S": -3.807354922057604,
    "T": -4.392317422778761,
    "V": -4.392317422778761,
    "W": -8.39231742277876,
    "Y": -6.070389327891398
  },
  "-6": {
    "A": -3.3048545815284207,
    "C": -6.807354922057605,
    "D": -4.304854581528421,
    "E": -4.485426827170242,
    "F": -6.070389327891398,
    "G": -4.0,
    "H": -4.932885804141463,
    "I": -4.932885804141463,
    "K": -3.0347654181606765,
    "L": -3.868755466721747,
    "M": -6.392317422778761,
    "N": -4.691877704637668,
    "P": -4.304854581528421,
    "Q": -4.807354922057605,
    "R": -3.438121112391885,
    "S": -4.0,
    "T": -4.485426827170242,
    "V": -4.144389909335175,
    "W": -8.39231742277876,
    "Y": -6.070389327891398
  },
  "-5": {
    "A": -3.5343364276511884,
    "C": "-inf",
    "D": -4.584962500721156,
    "E": -4.584962500721156,
    "F": -4.932885804141463,
    "G": -3.807354922057604,
    "H": -6.392317422778761,
    "I": -4.691877704637668,
    "K": -3.1828640571498106,
    "L": -3.584962500721156,
    "M": -4.070389327891398,
    "N": -4.304854581528421,
    "P": -4.392317422778761,
    "Q": -4.932885804141463,
    "R": -4.222392421336448,
    "S": -4.0,
    "T": -3.932885804141463,
    "V": -3.691877704637668,
    "W": -8.39231742277876,
    "Y": -5.807354922057605
  },
  "-4": {
    "A": -3.1828640571498106,
    "C": -8.39231742277876,
    "D": -5.392317422778761,
    "E": -4.304854581528421,
    "F": -5.584962500721156,
    "G": -4.807354922057605,
    "H": -5.070389327891398,
    "I": -4.304854581528421,
    "K": -2.6109577092541008,
    "L": -3.584962500721156,
    "M": -5.392317422778761,
    "N": -4.932885804141463,
    "P": -4.222392421336448,
    "Q": -4.0,
    "R": -4.932885804141463,
    "S": -3.4854268271702415,
    "T": -4.392317422778761,
    "V": -4.0,
    "W": -8.39231742277876,
    "Y": -5.807354922057605
  },
  "-3": {
    "A": -3.0,
    "C": -6.807354922057605,
    "D": -4.485426827170242,
    "E": -3.868755466721747,
    "F": -5.070389327891398,
    "G": -3.4854268271702415,
    "H": -4.807354922057605,
    "I": -5.392317422778761,
    "K": -3.3048545815284207,
    "L": -3.868755466721747,
    "M": -8.39231742277876,
    "N": -5.584962500721156,
    "P": -4.070389327891398,
    "Q": -4.691877704637668,
    "R": -3.868755466721747,
    "S": -4.392317422778761,
    "T": -3.7484612330040354,
    "V": -3.7484612330040354,
    "W": -8.39231742277876,
    "Y": -6.070389327891398
  },
  "-2": {
    "A": -2.7198920808072646,
    "C": -6.392317422778761,
    "D": -5.392317422778761,
    "E": -4.392317422778761,
    "F": -4.932885804141463,
    "G": -3.584962500721156,
    "H": -5.392317422778761,
    "I": -3.932885804141463,
    "K": -3.584962500721156,
    "L": -3.1443899093351746,
    "M": -6.070389327891398,
    "N": -4.691877704637668,
    "P": -4.485426827170242,
    "Q": -4.222392421336448,
    "R": -4.932885804141463,
    "S": -4.222392421336448,
    "T": -4.392317422778761,
    "V": -4.144389909335175,
    "W": -8.39231742277876,
    "Y": -5.807354922057605
  },
  "-1": {
    "A": -3.5343364276511884,
    "C": -7.392317422778761,
    "D": -4.304854581528421,
    "E": -4.0,
    "F": -6.392317422778761,
    "G": -2.837728571101123,
    "H": -5.584962500721156,
    "I": -5.392317422778761,
    "K": -3.7484612330040354,
    "L": -4.0,
    "M": -6.070389327891398,
    "N": -4.392317422778761,
    "P": -4.222392421336448,
    "Q": -3.868755466721747,
    "R": -4.070389327891398,
    "S": -3.1828640571498106,
    "T": -4.304854581528421,
    "V": -4.584962500721156,
    "W": -7.392317422778761,
    "Y": -6.807354922057605
  },
  "0": {
    "A": "-inf",
    "C": "-inf",
    "D": "-inf",
    "E": "-inf",
    "F": "-inf",
    "G": "-inf",
    "H": "-inf",
    "I": "-inf",
    "K": 0.0,
    "L": "-inf",
    "M": "-inf",
    "N": "-inf",
    "P": "-inf",
    "Q": "-inf",
    "R": "-inf",
    "S": "-inf",
    "T": "-inf",
    "V": "-inf",
    "W": "-inf",
    "Y": "-inf"
  },
  "+1": {
    "A": -2.664396968215561,
    "C": "-inf",
    "D": -4.807354922057605,
    "E": -3.6374299206152916,
    "F": -5.392317422778761,
    "G": -3.3923174227787602,
    "H": -5.070389327891398,
    "I": -5.584962500721156,
    "K": -3.263034405833794,
    "L": -4.807354922057605,
    "M": -6.070389327891398,
    "N": -4.807354922057605,
    "P": -6.807354922057605,
    "Q": -4.144389909335175,
    "R": -3.3923174227787602,
    "S": -3.3923174227787602,
    "T": -4.807354922057605,
    "V": -4.584962500721156,
    "W": -8.39231742277876,
    "Y": -5.070389327891398
  },
  "+2": {
    "A": -2.9660526680766623,
    "C": "-inf",
    "D": -4.691877704637668,
    "E": -4.807354922057605,
    "F": -5.584962500721156,
    "G": -3.263034405833794,
    "H": -6.070389327891398,
    "I": -4.392317422778761,
    "K": -3.438121112391885,
    "L": -3.3923174227787602,
    "M": -6.392317422778761,
    "N": -5.392317422778761,
    "P": -4.485426827170242,
    "Q": -4.485426827170242,
    "R": -3.691877704637668,
    "S": -3.691877704637668,
    "T": -3.7484612330040354,
    "V": -4.304854581528421,
    "W": -8.39231742277876,
    "Y": -6.070389327891398
  },
  "+3": {
    "A": -2.9660526680766623,
    "C": -7.392317422778761,
    "D": -4.584962500721156,
    "E": -4.584962500721156,
    "F": -5.807354922057605,
    "G": -3.4854268271702415,
    "H": -5.584962500721156,
    "I": -5.584962500721156,
    "K": -3.222392421336448,
    "L": -3.7484612330040354,
    "M": -7.392317422778761,
    "N": -4.485426827170242,
    "P": -3.932885804141463,
    "Q": -4.584962500721156,
    "R": -3.868755466721747,
    "S": -3.868755466721747,
    "T": -4.144389909335175,
    "V": -3.932885804141463,
    "W": -7.392317422778761,
    "Y": -5.222392421336448
  },
  "+4": {
    "A": -2.777607578663552,
    "C": -7.392317422778761,
    "D": -4.807354922057605,
    "E": -4.392317422778761,