{
  "-10": {
    "A": -3.8784871418689764,
    "C": -6.209643920496271,
    "D": -4.185400206317584,
    "E": -3.5759029669631137,
    "F": -4.826259078450297,
    "G": -4.202991492196196,
    "H": -5.451558064770716,
    "I": -4.363913969039218,
    "K": -3.6559815840207146,
    "L": -3.4112068902440233,
    "M": -5.613281484306724,
    "N": -4.6118628053575055,
    "P": -4.347883388000078,
    "Q": -4.42106735293712,
    "R": -3.996566044509599,
    "S": -3.864180707996112,
    "T": -4.186681965303101,
    "V": -4.092658248722003,
    "W": -6.797061028429527,
    "Y": -5.244551412374461
  },
  "-9": {
    "A": -3.9090254194586804,
    "C": -5.867864983437126,
    "D": -4.100168980990946,
    "E": -3.6601124618988856,
    "F": -4.889433612048666,
    "G": -4.122866505056229,
    "H": -5.552920500609474,
    "I": -4.3716106413355265,
    "K": -3.7081357491007023,
    "L": -3.3859586458270865,
    "M": -5.589351643064794,
    "N": -4.610647904198647,
    "P": -4.431934157107607,
    "Q": -4.436860022603106,
    "R": -3.9904959750151905,
    "S": -3.7709280485722445,
    "T": -4.280888051601886,
    "V": -4.102942233026347,
    "W": -6.4194709606468585,
    "Y": -5.19091230252045
  },
  "-8": {
    "A": -3.9336263224770676,
    "C": -6.262088632048231,
    "D": -4.20161894924193,
    "E": -3.642520940772464,
    "F": -4.915949021650136,
    "G": -4.174214430958673,
    "H": -5.275342772356203,
    "I": -4.334617519260125,
    "K": -3.667304297790964,
    "L": -3.332112404824665,
    "M": -5.510572602797458,
    "N": -4.604387161361845,
    "P": -4.312308853787694,
    "Q": -4.371267693680524,
    "R": -4.053546335506021,
    "S": -3.8205124499519587,
    "T": -4.270697955001215,
    "V": -4.1065055005977,
    "W": -6.753504662442788,
    "Y": -5.179458693515864
  },
  "-7": {
    "A": -3.8783043872979444,
    "C": -6.320810127805401,
    "D": -4.037064465607981,
    "E": -3.429432889537109,
    "F": -4.860265167578966,
    "G": -4.204518072986102,
    "H": -5.5513656627482,
    "I": -4.413632589033194,
    "K": -3.664990600626491,
    "L": -3.5129349662545497,
    "M": -5.70537740425829,
    "N": -4.56463550644181,
    "P": -4.457643286908524,
    "Q": -4.264474961711053,
    "R": -3.992274762194159,
    "S": -3.831556834359764,
    "T": -4.358380687280167,
    "V": -4.044700676469024,
    "W": -6.946405152449389,
    "Y": -5.141387525420446
  },
  "-6": {
    "A": -3.87337874453087,
    "C": -6.3234615322565,
    "D": -4.095346281446374,
    "E": -3.610293750656295,
    "F": -4.816188276718913,
    "G": -4.20314407760521,
    "H": -5.742152687327138,
    "I": -4.2744607088293085,
    "K": -3.676331564450743,
    "L": -3.3173375379164467,
    "M": -5.470350311405875,
    "N": -4.577533940787469,
    "P": -4.533028934680262,
    "Q": -4.302875956112349,
    "R": -4.025078336335821,
    "S": -3.8670790206924255,
    "T": -4.336875847465937,
    "V": -4.004189723580326,
    "W": -6.633907810467756,
    "Y": -5.231731541135589
  },
  "-5": {
    "A": -3.8603854874189825,
    "C": -6.293910532395476,
    "D": -4.1116521167153754,
    "E": -3.604739867738743,
    "F": -4.805839664251389,
    "G": -4.315274481593357,
    "H": -5.4936768269083585,
    "I": -4.3139556721171735,
    "K": -3.6528520924662757,
    "L": -3.3465344444320593,
    "M": -5.693967535465425,
    "N": -4.599960478544419,
    "P": -4.4065873056344556,
    "Q": -4.338383365932144,
    "R": -4.195989951642912,
    "S": -3.7420972598134106,
    "T": -4.266944989446522,
    "V": -4.041627696970019,
    "W": -6.886857698780173,
    "Y": -4.96168413741021
  },
  "-4": {
    "A": -3.8310261824802296,
    "C": -6.715571638499116,
    "D": -4.080763873866584,
    "E": -3.345439355743065,
    "F": -4.906103787724818,
    "G": -4.199334275452245,
    "H": -5.664675383763312,
    "I": -4.2675831030372375,
    "K": -3.8340357938420606,
    "L": -3.3214725222343415,
    "M": -5.663415204582105,
    "N": -4.564733532264229,
    "P": -4.253846449431887,
    "Q": -4.407993612596927,
    "R": -4.384184352489794,
    "S": -3.7814839855833875,
    "T": -4.254795070862814,
    "V": -4.073980960518272,
    "W": -6.689685267433003,
    "Y": -5.149745048394393
  },
  "-3": {
    "A": -3.811702516552338,
    "C": -6.577435041384456,
    "D": -4.127058288005746,
    "E": -3.307830791175742,
    "F": -4.824145411237124,
    "G": -4.170405579408412,
    "H": -5.769458621130482,
    "I": -4.348389567190425,
    "K": -3.9275627119605887,
    "L": -3.312267707405063,
    "M": -5.783307873362197,
    "N": -4.555450691548939,
    "P": -4.2186389308391785,
    "Q": -4.23274360364001,
    "R": -4.433544407831977,
    "S": -3.8509110023737825,
    "T": -4.240630829927723,
    "V": -4.065494903796579,
    "W": -6.747706220402728,
    "Y": -5.0839214479895745
  },
  "-2": {
    "A": -3.7699105932647834,
    "C": -6.4194709606468585,
    "D": -4.136643854320253,
    "E": -3.7725121844625815,
    "F": -4.501067842602117,
    "G": -4.142484437332443,
    "H": -5.822152009392358,
    "I": -4.112225097923678,
    "K": -4.075935642959209,
    "L": -3.062792643006311,
    "M": -5.653790227347641,
    "N": -4.399139199051037,
    "P": -4.458280539815949,
    "Q": -4.31981710605628,
    "R": -4.6240684199609685,
    "S": -3.8520470534002995,
    "T": -4.231887196855746,
    "V": -3.9970950856012952,
    "W": -6.565223761308631,
    "Y": -5.040741164573161
  },
  "-1": {
    "A": -3.8180565991697626,
    "C": -6.5762487770658264,
    "D": -4.4445059599104395,
    "E": -3.38474669708506,
    "F": -4.898794596236182,
    "G": -3.7976369316110565,
    "H": -5.936223776101153,
    "I": -4.260817535013681,
    "K": -4.271177760462394,
    "L": -3.10127053265756,
    "M": -5.512651278309306,
    "N": -4.567972126621021,
    "P": -4.572498695499247,
    "Q": -4.097117459316206,
    "R": -4.649729374708376,
    "S": -3.7225538422831015,
    "T": -4.216635187404729,
    "V": -3.9895745036315007,
    "W": -6.62121119303011,
    "Y": -5.174064874638538
  },
  "0": {
    "A": "-inf",
    "C": "-inf",
    "D": "-inf",
    "E": "-inf",
    "F": "-inf",
    "G": "-inf",
    "H": "-inf",
    "I": "-inf",
    "K": 0.0,
    "L": "-inf",
    "M": "-inf",
    "N": "-inf",
    "P": "-inf",
    "Q": "-inf",
    "R": "-inf",
    "S": "-inf",
    "T": "-inf",
    "V": "-inf",
    "W": "-inf",
    "Y": "-inf"
  },
  "+1": {
    "A": -3.721023595107855,
    "C": -6.555840345849995,
    "D": -4.0718199325349,
    "E": -3.4071145101135145,
    "F": -4.714810006045346,
    "G": -4.097401049673577,
    "H": -5.739052021323589,
    "I": -4.321306895112767,
    "K": -4.235315878484627,
    "L": -3.371996554918188,
    "M": -5.725180905298943,
    "N": -4.461836110928708,
    "P": -4.255981725474905,
    "Q": -4.209567281273916,
    "R": -4.3713534229517785,
    "S": -3.9324874525496685,
    "T": -4.153425958287528,
    "V": -4.0464107198630455,
    "W": -6.651289888695993,
    "Y": -4.919203975396619
  },
  "+2": {
    "A": -3.902630401597803,
    "C": -6.451739342026831,
    "D": -4.423998667946705,
    "E": -3.826787979467158,
    "F": -4.4521019648868245,
    "G": -4.050729040586937,
    "H": -5.79177347794211,
    "I": -4.136133926506304,
    "K": -3.962458808114821,
    "L": -2.931159906244805,
    "M": -5.61835961359369,
    "N": -4.692253102654172,
    "P": -4.363572845897382,
    "Q": -4.284435333735434,
    "R": -4.330194758635978,
    "S": -3.9664031620270435,
    "T": -4.33620634456355,
    "V": -4.00758359710218,
    "W": -6.5215667845499246,
    "Y": -5.007317122213929
  },
  "+3": {
    "A": -3.9193919854367483,
    "C": -6.520425562309093,
    "D": -4.145633548294122,
    "E": -3.459009173690472,
    "F": -4.8303778729140046,
    "G": -4.1304640339266046,
    "H": -5.7361787862825055,
    "I": -4.271417723045636,
    "K": -3.848283576904234,
    "L": -3.3650658554903092,
    "M": -5.867864983437126,
    "N": -4.5471953202416975,
    "P": -4.253688406484817,
    "Q": -4.1616313015210595,
    "R": -4.227147236353905,
    "S": -3.785705230658357,