{
  "-10": {
    "A": 0.06801909307875895,
    "C": 0.014319809069212411,
    "D": 0.05250596658711217,
    "E": 0.08174224343675418,
    "F": 0.0441527446300716,
    "G": 0.06324582338902147,
    "H": 0.011933174224343675,
    "I": 0.06742243436754176,
    "K": 0.09367541766109785,
    "L": 0.08949880668257756,
    "M": 0.03400954653937947,
    "N": 0.041766109785202864,
    "P": 0.045942720763723154,
    "Q": 0.041766109785202864,
    "R": 0.0477326968973747,
    "S": 0.03699284009546539,
    "T": 0.056682577565632455,
    "V": 0.07100238663484487,
    "W": 0.003579952267303103,
    "Y": 0.026252983293556086
  },
  "-9": {
    "A": 0.07696897374701671,
    "C": 0.021479713603818614,
    "D": 0.07279236276849642,
    "E": 0.10023866348448687,
    "F": 0.03699284009546539,
    "G": 0.046539379474940336,
    "H": 0.00954653937947494,
    "I": 0.059665871121718374,
    "K": 0.08174224343675418,
    "L": 0.10083532219570406,
    "M": 0.014319809069212411,
    "N": 0.03281622911694511,
    "P": 0.03818615751789976,
    "Q": 0.05608591885441527,
    "R": 0.049522673031026254,
    "S": 0.04832935560859188,
    "T": 0.04474940334128878,
    "V": 0.06682577565632458,
    "W": 0.007159904534606206,
    "Y": 0.027446300715990454
  },
  "-8": {
    "A": 0.054295942720763726,
    "C": 0.00954653937947494,
    "D": 0.0805489260143198,
    "E": 0.08412887828162291,
    "F": 0.03162291169451074,
    "G": 0.05369928400954654,
    "H": 0.015513126491646777,
    "I": 0.05608591885441527,
    "K": 0.07756563245823389,
    "L": 0.081145584725537,
    "M": 0.020883054892601432,
    "N": 0.05369928400954654,
    "P": 0.042362768496420046,
    "Q": 0.05369928400954654,
    "R": 0.05847255369928401,
    "S": 0.07279236276849642,
    "T": 0.05071599045346062,
    "V": 0.056682577565632455,
    "W": 0.00477326968973747,
    "Y": 0.035202863961813845
  },
  "-7": {
    "A": 0.07637231503579953,
    "C": 0.017899761336515514,
    "D": 0.06264916467780429,
    "E": 0.11933174224343675,
    "F": 0.03162291169451074,
    "G": 0.07577565632458234,
    "H": 0.02386634844868735,
    "I": 0.04713603818615752,
    "K": 0.07637231503579953,
    "L": 0.08293556085918855,
    "M": 0.023269689737470168,
    "N": 0.0441527446300716,
    "P": 0.0405727923627685,
    "Q": 0.05250596658711217,
    "R": 0.035202863961813845,
    "S": 0.05369928400954654,
    "T": 0.03937947494033413,
    "V": 0.06205250596658711,
    "W": 0.00477326968973747,
    "Y": 0.024463007159904536
  },
  "-6": {
    "A": 0.07159904534606205,
    "C": 0.010739856801909307,
    "D": 0.05190930787589499,
    "E": 0.08890214797136038,
    "F": 0.032219570405727926,
    "G": 0.05608591885441527,
    "H": 0.016706443914081145,
    "I": 0.0805489260143198,
    "K": 0.0733890214797136,
    "L": 0.07816229116945107,
    "M": 0.030429594272076373,
    "N": 0.04892601431980907,
    "P": 0.045346062052505964,
    "Q": 0.04295942720763723,
    "R": 0.04713603818615752,
    "S": 0.05489260143198091,
    "T": 0.049522673031026254,
    "V": 0.07637231503579953,
    "W": 0.011933174224343675,
    "Y": 0.028042959427207637
  },
  "-5": {
    "A": 0.09188544152744631,
    "C": 0.014319809069212411,
    "D": 0.0733890214797136,
    "E": 0.09904534606205251,
    "F": 0.03699284009546539,
    "G": 0.05906921241050119,
    "H": 0.013126491646778043,
    "I": 0.07875894988066826,
    "K": 0.07935560859188544,
    "L": 0.06921241050119331,
    "M": 0.019689737470167064,
    "N": 0.035202863961813845,
    "P": 0.046539379474940336,
    "Q": 0.017303102625298328,
    "R": 0.05190930787589499,
    "S": 0.06384248210023866,
    "T": 0.06264916467780429,
    "V": 0.06205250596658711,
    "W": 0.00477326968973747,
    "Y": 0.01909307875894988
  },
  "-4": {
    "A": 0.0733890214797136,
    "C": 0.010739856801909307,
    "D": 0.06145584725536993,
    "E": 0.07458233890214797,
    "F": 0.023269689737470168,
    "G": 0.06026252983293556,
    "H": 0.0220763723150358,
    "I": 0.07935560859188544,
    "K": 0.06145584725536993,
    "L": 0.06384248210023866,
    "M": 0.01909307875894988,
    "N": 0.03162291169451074,
    "P": 0.05906921241050119,
    "Q": 0.04355608591885442,
    "R": 0.03400954653937947,
    "S": 0.0662291169451074,
    "T": 0.07100238663484487,
    "V": 0.07935560859188544,
    "W": 0.00954653937947494,
    "Y": 0.05548926014319809
  },
  "-3": {
    "A": 0.09128878281622911,
    "C": 0.013126491646778043,
    "D": 0.07159904534606205,
    "E": 0.08532219570405727,
    "F": 0.056682577565632455,
    "G": 0.06563245823389022,
    "H": 0.011933174224343675,
    "I": 0.06801909307875895,
    "K": 0.03341288782816229,
    "L": 0.10083532219570406,
    "M": 0.015513126491646777,
    "N": 0.049522673031026254,
    "P": 0.06324582338902147,
    "Q": 0.041766109785202864,
    "R": 0.038782816229116945,
    "S": 0.04355608591885442,
    "T": 0.05369928400954654,
    "V": 0.06205250596658711,
    "W": 0.0059665871121718375,
    "Y": 0.028042959427207637
  },
  "-2": {
    "A": 0.07040572792362769,
    "C": 0.013723150357995227,
    "D": 0.049522673031026254,
    "E": 0.07279236276849642,
    "F": 0.046539379474940336,
    "G": 0.07279236276849642,
    "H": 0.0065632458233890216,
    "I": 0.060859188544152745,
    "K": 0.04474940334128878,
    "L": 0.10620525059665871,
    "M": 0.03341288782816229,
    "N": 0.07219570405727924,
    "P": 0.049522673031026254,
    "Q": 0.056682577565632455,
    "R": 0.011933174224343675,
    "S": 0.06801909307875895,
    "T": 0.07040572792362769,
    "V": 0.05250596658711217,
    "W": 0.010739856801909307,
    "Y": 0.030429594272076373
  },
  "-1": {
    "A": 0.0805489260143198,
    "C": 0.010143198090692125,
    "D": 0.035202863961813845,
    "E": 0.05608591885441527,
    "F": 0.028042959427207637,
    "G": 0.11217183770883055,
    "H": 0.012529832935560859,
    "I": 0.06264916467780429,
    "K": 0.008949880668257757,
    "L": 0.10023866348448687,
    "M": 0.03162291169451074,
    "N": 0.05787589498806683,
    "P": 0.014319809069212411,
    "Q": 0.05608591885441527,
    "R": 0.0441527446300716,
    "S": 0.0662291169451074,
    "T": 0.07577565632458234,
    "V": 0.09785202863961814,
    "W": 0.010143198090692125,
    "Y": 0.03937947494033413
  },
  "0": {
    "A": 0.0,
    "C": 0.0,
    "D": 0.0,
    "E": 0.0,
    "F": 0.0,
    "G": 0.0,
    "H": 0.0,
    "I": 0.0,
    "K": 1.0,
    "L": 0.0,
    "M": 0.0,
    "N": 0.0,
    "P": 0.0,
    "Q": 0.0,
    "R": 0.0,
    "S": 0.0,
    "T": 0.0,
    "V": 0.0,
    "W": 0.0,
    "Y": 0.0
  },
  "+1": {
    "A": 0.0883054892601432,
    "C": 0.0220763723150358,
    "D": 0.04295942720763723,
    "E": 0.08770883054892602,
    "F": 0.03818615751789976,
    "G": 0.06861575178997613,
    "H": 0.02028639618138425,
    "I": 0.0405727923627685,
    "K": 0.056682577565632455,
    "L": 0.09964200477326969,
    "M": 0.025059665871121718,
    "N": 0.05190930787589499,
    "P": 0.045942720763723154,
    "Q": 0.05906921241050119,
    "R": 0.026252983293556086,
    "S": 0.03997613365155131,
    "T": 0.05787589498806683,
    "V": 0.06384248210023866,
    "W": 0.0065632458233890216,
    "Y": 0.0477326968973747
  },
  "+2": {
    "A": 0.08353221957040573,
    "C": 0.012529832935560859,
    "D": 0.050119331742243436,
    "E": 0.0733890214797136,
    "F": 0.05489260143198091,
    "G": 0.07517899761336516,
    "H": 0.008949880668257757,
    "I": 0.06503579952267304,
    "K": 0.08174224343675418,
    "L": 0.10501193317422435,
    "M": 0.012529832935560859,
    "N": 0.019689737470167064,
    "P": 0.029236276849642005,
    "Q": 0.04295942720763723,
    "R": 0.056682577565632455,
    "S": 0.0477326968973747,
    "T": 0.0441527446300716,
    "V": 0.06980906921241051,
    "W": 0.02028639618138425,
    "Y": 0.03579952267303103
  },
  "+3": {
    "A": 0.057279236276849645,
    "C": 0.014319809069212411,
    "D": 0.03699284009546539,
    "E": 0.09725536992840096,
    "F": 0.021479713603818614,
    "G": 0.07040572792362769,
    "H": 0.007159904534606206,
    "I": 0.06742243436754176,