{
  "-10": {
    "A": -3.7171466266689817,
    "C": -6.003117843779934,
    "D": -4.396129036728779,
    "E": -3.948670059757558,
    "F": -4.712602701524034,
    "G": -3.9433366154545175,
    "H": -5.33898512962517,
    "I": -4.33898512962517,
    "K": -3.7447148866777864,
    "L": -3.521659918812638,
    "M": -5.367274174056594,
    "N": -4.694568778693772,
    "P": -4.533632560478714,
    "Q": -4.557880106725391,
    "R": -4.155120937224984,
    "S": -4.036800970036223,
    "T": -4.036800970036223,
    "V": -3.768097814115737,
    "W": -6.2705981546449205,
    "Y": -4.93802281555805
  },
  "-9": {
    "A": -3.7540226289040146,
    "C": -5.7775581433648036,
    "D": -4.211704465591352,
    "E": -3.8605787301327013,
    "F": -4.541669879544132,
    "G": -3.891059336587463,
    "H": -5.396129036728779,
    "I": -4.161299512154109,
    "K": -3.681189748892572,
    "L": -3.4785911969207524,
    "M": -5.758699116113488,
    "N": -4.676757502577312,
    "P": -4.304386468101204,
    "Q": -4.650446225461464,
    "R": -3.9865666675160867,
    "S": -4.161299512154109,
    "T": -4.29756520224519,
    "V": -3.9117434907592004,
    "W": -7.025485656808389,
    "Y": -5.29756520224519
  },
  "-8": {
    "A": -3.694568778693772,
    "C": -5.93802281555805,
    "D": -4.1925956426436475,
    "E": -4.082971151469149,
    "F": -4.855560655366077,
    "G": -3.6635418830731474,
    "H": -5.470896805130751,
    "I": -4.24412594328373,
    "K": -3.7870809174833098,
    "L": -3.641781364334337,
    "M": -5.616094720670687,
    "N": -4.486326845700358,
    "P": -4.205306694393201,
    "Q": -4.758699116113488,
    "R": -4.019861107614511,
    "S": -3.8406103139001053,
    "T": -4.218130734750785,
    "V": -3.9540232942517646,
    "W": -6.381629467033664,
    "Y": -5.33898512962517
  },
  "-7": {
    "A": -3.5701584365038284,
    "C": -5.91696120003022,
    "D": -4.318126524727506,
    "E": -3.9975796602385048,
    "F": -5.106622419533794,
    "G": -3.5950331051428575,
    "H": -5.616094720670687,
    "I": -4.381629467033664,
    "K": -3.6723388313103067,
    "L": -3.4632432325873164,
    "M": -5.5660540381710915,
    "N": -4.758699116113488,
    "P": -4.463243232587317,
    "Q": -4.633168234029629,
    "R": -3.7493612515341512,
    "S": -4.1925956426436475,
    "T": -4.218130734750785,
    "V": -3.8605787301327013,
    "W": -7.071289346421514,
    "Y": -5.167504661680817
  },
  "-6": {
    "A": -3.721704908631286,
    "C": -6.29756520224519,
    "D": -4.367274174056594,
    "E": -3.7262776384211103,
    "F": -4.835661097928372,
    "G": -3.7775581433648036,
    "H": -5.025485656808389,
    "I": -4.381629467033664,
    "K": -3.7354668098757706,
    "L": -3.616094720670687,
    "M": -5.501923700751377,
    "N": -4.749361251534151,
    "P": -4.186281868711445,
    "Q": -4.574274544976061,
    "R": -3.9810915374499354,
    "S": -3.8555606553660766,
    "T": -4.250698597207215,
    "V": -4.019861107614511,
    "W": -7.218130734750785,
    "Y": -5.082971151469149
  },
  "-5": {
    "A": -3.6547982500011713,
    "C": -6.048205733308473,
    "D": -4.053942102857617,
    "E": -3.8111665360076232,
    "F": -4.86561432003,
    "G": -3.5457053927792894,
    "H": -5.517691016609692,
    "I": -4.205306694393201,
    "K": -3.690095302114464,
    "L": -3.482453836553151,
    "M": -5.549752225841991,
    "N": -4.624606220526204,
    "P": -4.667933652190305,
    "Q": -4.6856356539237645,
    "R": -4.059701372146302,
    "S": -3.9865666675160867,
    "T": -4.44805682877264,
    "V": -3.922197848396367,
    "W": -6.896202639863422,
    "Y": -5.29756520224519
  },
  "-4": {
    "A": -3.6990561696860857,
    "C": -6.167504661680817,
    "D": -4.161299512154109,
    "E": -3.964789725120835,
    "F": -4.478591196920752,
    "G": -3.8111665360076232,
    "H": -5.353060314836894,
    "I": -4.205306694393201,
    "K": -3.9433366154545175,
    "L": -3.3319986993090636,
    "M": -5.703557561921026,
    "N": -4.616094720670687,
    "P": -4.659163442562573,
    "Q": -4.624606220526204,
    "R": -4.396129036728779,
    "S": -3.964789725120835,
    "T": -4.130667893500445,
    "V": -3.6118577277842165,
    "W": -6.7775581433648036,
    "Y": -5.082971151469149
  },
  "-3": {
    "A": -3.4708968051307516,
    "C": -5.93802281555805,
    "D": -4.304386468101204,
    "E": -3.8063171363462276,
    "F": -5.036800970036223,
    "G": -3.6990561696860857,
    "H": -5.5660540381710915,
    "I": -4.2907760365825505,
    "K": -4.003117843779934,
    "L": -3.4034338373520128,
    "M": -5.205306694393201,
    "N": -4.703557561921026,
    "P": -4.624606220526204,
    "Q": -4.806317136346228,
    "R": -4.211704465591352,
    "S": -3.880827413976507,
    "T": -4.014258401385135,
    "V": -3.659163442562573,
    "W": -7.633168234029629,
    "Y": -5.325045938667297
  },
  "-2": {
    "A": -3.529630629921218,
    "C": -7.703557561921026,
    "D": -4.440523156087233,
    "E": -4.031132219949531,
    "F": -4.7775581433648036,
    "G": -3.8859343044095955,
    "H": -5.2705981546449205,
    "I": -4.13674240791013,
    "K": -3.7447148866777864,
    "L": -3.3708496282804217,
    "M": -6.142842607446548,
    "N": -4.590857429171664,
    "P": -4.161299512154109,
    "Q": -4.676757502577312,
    "R": -4.173736615392332,
    "S": -3.8656143200299997,
    "T": -4.24412594328373,
    "V": -3.5950331051428575,
    "W": -7.325045938667297,
    "Y": -5.218130734750785
  },
  "-1": {
    "A": -3.5950331051428575,
    "C": -6.142842607446548,
    "D": -4.167504661680817,
    "E": -4.106622419533794,
    "F": -4.721704908631286,
    "G": -3.6547982500011713,
    "H": -5.205306694393201,
    "I": -4.048205733308473,
    "K": -4.13674240791013,
    "L": -3.482453836553151,
    "M": -6.11859506119987,
    "N": -4.33898512962517,
    "P": -4.433028619540308,
    "Q": -4.582542160959661,
    "R": -4.541669879544132,
    "S": -3.659163442562573,
    "T": -4.059701372146302,
    "V": -3.9540232942517646,
    "W": -6.74008343794614,
    "Y": -5.036800970036223
  },
  "0": {
    "A": "-inf",
    "C": 0.0,
    "D": "-inf",
    "E": "-inf",
    "F": "-inf",
    "G": "-inf",
    "H": "-inf",
    "I": "-inf",
    "K": "-inf",
    "L": "-inf",
    "M": "-inf",
    "N": "-inf",
    "P": "-inf",
    "Q": "-inf",
    "R": "-inf",
    "S": "-inf",
    "T": "-inf",
    "V": "-inf",
    "W": "-inf",
    "Y": "-inf"
  },
  "+1": {
    "A": -3.927453573847862,
    "C": -6.29756520224519,
    "D": -3.9810915374499354,
    "E": -3.9702032213071994,
    "F": -4.659163442562573,
    "G": -3.7171466266689817,
    "H": -5.353060314836894,
    "I": -4.148968710243389,
    "K": -4.11859506119987,
    "L": -3.363707559036402,
    "M": -6.003117843779934,
    "N": -4.624606220526204,
    "P": -3.891059336587463,
    "Q": -4.478591196920752,
    "R": -4.641781364334337,
    "S": -3.8111665360076232,
    "T": -3.9117434907592004,
    "V": -3.922197848396367,
    "W": -7.325045938667297,
    "Y": -5.440523156087233
  },
  "+2": {
    "A": -3.7493612515341512,
    "C": -7.501923700751377,
    "D": -4.250698597207215,
    "E": -3.9013643449792013,
    "F": -4.855560655366077,
    "G": -3.7447148866777864,
    "H": -5.155120937224984,
    "I": -4.077118425223711,
    "K": -4.112596320578428,
    "L": -3.234322768253371,
    "M": -5.855560655366077,
    "N": -4.806317136346228,
    "P": -4.24412594328373,
    "Q": -4.5660540381710915,
    "R": -4.325045938667297,
    "S": -3.9920626552709386,
    "T": -4.167504661680817,
    "V": -3.4632432325873164,
    "W": -7.025485656808389,
    "Y": -5.440523156087233
  },
  "+3": {
    "A": -3.5097858185243465,
    "C": -6.142842607446548,
    "D": -4.218130734750785,
    "E": -4.003117843779934,
    "F": -5.082971151469149,
    "G": -3.816032291179439,
    "H": -5.517691016609692,
    "I": -4.2310697904582835,
    "K": -3.9065445840848816,
    "L": -3.44805682877264,
    "M": -5.599220902106291,
    "N": -4.494104196292077,
    "P": -4.1925956426436475,
    "Q": -4.5660540381710915,
    "R": -4.440523156087233,
    "S": -3.927453573847862,