{
  "-10": {
    "A": 0.10204081632653061,
    "C": 0.0,
    "D": 0.0,
    "E": 0.1836734693877551,
    "F": 0.04081632653061224,
    "G": 0.02040816326530612,
    "H": 0.02040816326530612,
    "I": 0.02040816326530612,
    "K": 0.02040816326530612,
    "L": 0.10204081632653061,
    "M": 0.02040816326530612,
    "N": 0.0,
    "P": 0.1836734693877551,
    "Q": 0.04081632653061224,
    "R": 0.16326530612244897,
    "S": 0.061224489795918366,
    "T": 0.02040816326530612,
    "V": 0.0,
    "W": 0.0,
    "Y": 0.0
  },
  "-9": {
    "A": 0.02040816326530612,
    "C": 0.04081632653061224,
    "D": 0.1836734693877551,
    "E": 0.0,
    "F": 0.0,
    "G": 0.02040816326530612,
    "H": 0.0,
    "I": 0.0,
    "K": 0.12244897959183673,
    "L": 0.04081632653061224,
    "M": 0.0,
    "N": 0.02040816326530612,
    "P": 0.32653061224489793,
    "Q": 0.02040816326530612,
    "R": 0.10204081632653061,
    "S": 0.02040816326530612,
    "T": 0.061224489795918366,
    "V": 0.02040816326530612,
    "W": 0.0,
    "Y": 0.0
  },
  "-8": {
    "A": 0.02040816326530612,
    "C": 0.0,
    "D": 0.0,
    "E": 0.0,
    "F": 0.0,
    "G": 0.8775510204081632,
    "H": 0.0,
    "I": 0.02040816326530612,
    "K": 0.0,
    "L": 0.02040816326530612,
    "M": 0.0,
    "N": 0.02040816326530612,
    "P": 0.02040816326530612,
    "Q": 0.0,
    "R": 0.0,
    "S": 0.0,
    "T": 0.02040816326530612,
    "V": 0.0,
    "W": 0.0,
    "Y": 0.0
  },
  "-7": {
    "A": 0.04081632653061224,
    "C": 0.02040816326530612,
    "D": 0.061224489795918366,
    "E": 0.12244897959183673,
    "F": 0.08163265306122448,
    "G": 0.02040816326530612,
    "H": 0.0,
    "I": 0.0,
    "K": 0.02040816326530612,
    "L": 0.061224489795918366,
    "M": 0.08163265306122448,
    "N": 0.0,
    "P": 0.04081632653061224,
    "Q": 0.02040816326530612,
    "R": 0.16326530612244897,
    "S": 0.02040816326530612,
    "T": 0.20408163265306123,
    "V": 0.02040816326530612,
    "W": 0.0,
    "Y": 0.02040816326530612
  },
  "-6": {
    "A": 0.12244897959183673,
    "C": 0.0,
    "D": 0.12244897959183673,
    "E": 0.02040816326530612,
    "F": 0.0,
    "G": 0.02040816326530612,
    "H": 0.0,
    "I": 0.0,
    "K": 0.0,
    "L": 0.0,
    "M": 0.02040816326530612,
    "N": 0.02040816326530612,
    "P": 0.3877551020408163,
    "Q": 0.12244897959183673,
    "R": 0.08163265306122448,
    "S": 0.0,
    "T": 0.08163265306122448,
    "V": 0.0,
    "W": 0.0,
    "Y": 0.0
  },
  "-5": {
    "A": 0.02040816326530612,
    "C": 0.02040816326530612,
    "D": 0.02040816326530612,
    "E": 0.0,
    "F": 0.0,
    "G": 0.8979591836734694,
    "H": 0.0,
    "I": 0.02040816326530612,
    "K": 0.0,
    "L": 0.0,
    "M": 0.0,
    "N": 0.0,
    "P": 0.0,
    "Q": 0.0,
    "R": 0.0,
    "S": 0.0,
    "T": 0.02040816326530612,
    "V": 0.0,
    "W": 0.0,
    "Y": 0.0
  },
  "-4": {
    "A": 0.04081632653061224,
    "C": 0.0,
    "D": 0.04081632653061224,
    "E": 0.10204081632653061,
    "F": 0.04081632653061224,
    "G": 0.0,
    "H": 0.0,
    "I": 0.12244897959183673,
    "K": 0.02040816326530612,
    "L": 0.24489795918367346,
    "M": 0.02040816326530612,
    "N": 0.0,
    "P": 0.14285714285714285,
    "Q": 0.02040816326530612,
    "R": 0.04081632653061224,
    "S": 0.04081632653061224,
    "T": 0.10204081632653061,
    "V": 0.02040816326530612,
    "W": 0.0,
    "Y": 0.0
  },
  "-3": {
    "A": 0.04081632653061224,
    "C": 0.0,
    "D": 0.08163265306122448,
    "E": 0.0,
    "F": 0.0,
    "G": 0.0,
    "H": 0.0,
    "I": 0.02040816326530612,
    "K": 0.16326530612244897,
    "L": 0.04081632653061224,
    "M": 0.0,
    "N": 0.0,
    "P": 0.42857142857142855,
    "Q": 0.08163265306122448,
    "R": 0.08163265306122448,
    "S": 0.0,
    "T": 0.04081632653061224,
    "V": 0.02040816326530612,
    "W": 0.0,
    "Y": 0.0
  },
  "-2": {
    "A": 0.0,
    "C": 0.0,
    "D": 0.0,
    "E": 0.0,
    "F": 0.0,
    "G": 0.9387755102040817,
    "H": 0.02040816326530612,
    "I": 0.0,
    "K": 0.0,
    "L": 0.04081632653061224,
    "M": 0.0,
    "N": 0.0,
    "P": 0.0,
    "Q": 0.0,
    "R": 0.0,
    "S": 0.0,
    "T": 0.0,
    "V": 0.0,
    "W": 0.0,
    "Y": 0.0
  },
  "-1": {
    "A": 0.04081632653061224,
    "C": 0.0,
    "D": 0.02040816326530612,
    "E": 0.24489795918367346,
    "F": 0.02040816326530612,
    "G": 0.0,
    "H": 0.0,
    "I": 0.061224489795918366,
    "K": 0.02040816326530612,
    "L": 0.04081632653061224,
    "M": 0.12244897959183673,
    "N": 0.0,
    "P": 0.24489795918367346,
    "Q": 0.02040816326530612,
    "R": 0.061224489795918366,
    "S": 0.0,
    "T": 0.0,
    "V": 0.061224489795918366,
    "W": 0.02040816326530612,
    "Y": 0.02040816326530612
  },
  "0": {
    "A": 0.0,
    "C": 0.0,
    "D": 0.0,
    "E": 0.0,
    "F": 0.0,
    "G": 0.0,
    "H": 0.0,
    "I": 0.0,
    "K": 1.0,
    "L": 0.0,
    "M": 0.0,
    "N": 0.0,
    "P": 0.0,
    "Q": 0.0,
    "R": 0.0,
    "S": 0.0,
    "T": 0.0,
    "V": 0.0,
    "W": 0.0,
    "Y": 0.0
  },
  "+1": {
    "A": 0.0,
    "C": 0.0,
    "D": 0.0,
    "E": 0.0,
    "F": 0.0,
    "G": 0.9591836734693877,
    "H": 0.0,
    "I": 0.0,
    "K": 0.0,
    "L": 0.02040816326530612,
    "M": 0.0,
    "N": 0.0,
    "P": 0.0,
    "Q": 0.0,
    "R": 0.02040816326530612,
    "S": 0.0,
    "T": 0.0,
    "V": 0.0,
    "W": 0.0,
    "Y": 0.0
  },
  "+2": {
    "A": 0.04081632653061224,
    "C": 0.0,
    "D": 0.20408163265306123,
    "E": 0.3877551020408163,
    "F": 0.0,
    "G": 0.0,
    "H": 0.16326530612244897,
    "I": 0.02040816326530612,
    "K": 0.0,
    "L": 0.02040816326530612,
    "M": 0.0,
    "N": 0.04081632653061224,
    "P": 0.04081632653061224,
    "Q": 0.04081632653061224,
    "R": 0.0,
    "S": 0.0,
    "T": 0.04081632653061224,
    "V": 0.0,
    "W": 0.0,
    "Y": 0.0
  },
  "+3": {
    "A": 0.061224489795918366,
    "C": 0.02040816326530612,
    "D": 0.02040816326530612,
    "E": 0.0,
    "F": 0.0,
    "G": 0.02040816326530612,
    "H": 0.0,
    "I": 0.02040816326530612,
    "K": 0.20408163265306123,
    "L": 0.02040816326530612,
    "M": 0.0,
    "N": 0.02040816326530612,
    "P": 0.20408163265306123,
    "Q": 0.08163265306122448,
    "R": 0.22448979591836735,
    "S": 0.02040816326530612,
    "T": 0.061224489795918366,
    "V": 0.02040816326530612,
    "W": 0.0,
    "Y": 0.0
  },
  "+4": {
    "A": 0.02040816326530612,
    "C": 0.0,
    "D": 0.0,
    "E": 0.0,
    "F": 0.0,
    "G": 0.9387755102040817,
    "H": 0.0,
    "I": 0.0,
    "K": 0.0,
    "L": 0.0,
    "M": 0.0,
    "N": 0.0,
    "P": 0.02040816326530612,
    "Q": 0.0,
    "R": 0.02040816326530612,
    "S": 0.0,
    "T": 0.0,
    "V": 0.0,
    "W": 0.0,
    "Y": 0.0
  },
  "+5": {
    "A": 0.061224489795918366,
    "C": 0.0,
    "D": 0.14285714285714285,
    "E": 0.22448979591836735,
    "F": 0.14285714285714285,
    "G": 0.02040816326530612,
    "H": 0.02040816326530612,
    "I": 0.0,
    "K": 0.0,
    "L": 0.10204081632653061,
    "M": 0.0,
    "N": 0.04081632653061224,
    "P": 0.061224489795918366,
    "Q": 0.02040816326530612,
    "R": 0.02040816326530612,
    "S": 0.08163265306122448,
    "T": 0.02040816326530612,
    "V": 0.02040816326530612,
    "W": 0.0,
    "Y": 0.02040816326530612
  },
  "+6": {
    "A": 0.061224489795918366,
    "C": 0.0,
    "D": 0.04081632653061224,
    "E": 0.0,
    "F": 0.0,
    "G": 0.061224489795918366,
    "H": 0.0,
    "I": 0.04081632653061224,
    "K": 0.02040816326530612,
    "L": 0.02040816326530612,
    "M": 0.0,
    "N": 0.02040816326530612,
    "P": 0.32653061224489793,
    "Q": 0.02040816326530612,
    "R": 0.061224489795918366,
    "S": 0.1836734693877551,
    "T": 0.08163265306122448,
    "V": 0.04081632653061224,
    "W": 0.02040816326530612,
    "Y": 0.0
  },
  "+7": {
    "A": 0.061224489795918366,
    "C": 0.0,
    "D": 0.0,
    "E": 0.0,
    "F": 0.0,
    "G": 0.8163265306122449,
    "H": 0.0,
    "I": 0.0,
    "K": 0.0,
    "L": 0.02040816326530612,
    "M": 0.02040816326530612,
    "N": 0.0,
    "P": 0.0,
    "Q": 0.0,
    "R": 0.02040816326530612,