{
  "-10": {
    "A": 0.06716417910447761,
    "C": 0.014925373134328358,
    "D": 0.0,
    "E": 0.007462686567164179,
    "F": 0.0,
    "G": 0.014925373134328358,
    "H": 0.04477611940298507,
    "I": 0.022388059701492536,
    "K": 0.23134328358208955,
    "L": 0.03731343283582089,
    "M": 0.014925373134328358,
    "N": 0.014925373134328358,
    "P": 0.21641791044776118,
    "Q": 0.04477611940298507,
    "R": 0.0,
    "S": 0.14925373134328357,
    "T": 0.029850746268656716,
    "V": 0.05223880597014925,
    "W": 0.0,
    "Y": 0.03731343283582089
  },
  "-9": {
    "A": 0.16417910447761194,
    "C": 0.014925373134328358,
    "D": 0.0,
    "E": 0.029850746268656716,
    "F": 0.007462686567164179,
    "G": 0.014925373134328358,
    "H": 0.022388059701492536,
    "I": 0.022388059701492536,
    "K": 0.04477611940298507,
    "L": 0.007462686567164179,
    "M": 0.0,
    "N": 0.007462686567164179,
    "P": 0.47761194029850745,
    "Q": 0.022388059701492536,
    "R": 0.0,
    "S": 0.11194029850746269,
    "T": 0.014925373134328358,
    "V": 0.03731343283582089,
    "W": 0.0,
    "Y": 0.0
  },
  "-8": {
    "A": 0.06716417910447761,
    "C": 0.014925373134328358,
    "D": 0.0,
    "E": 0.014925373134328358,
    "F": 0.022388059701492536,
    "G": 0.014925373134328358,
    "H": 0.04477611940298507,
    "I": 0.022388059701492536,
    "K": 0.007462686567164179,
    "L": 0.014925373134328358,
    "M": 0.014925373134328358,
    "N": 0.029850746268656716,
    "P": 0.5671641791044776,
    "Q": 0.07462686567164178,
    "R": 0.0,
    "S": 0.05223880597014925,
    "T": 0.014925373134328358,
    "V": 0.022388059701492536,
    "W": 0.0,
    "Y": 0.0
  },
  "-7": {
    "A": 0.14925373134328357,
    "C": 0.014925373134328358,
    "D": 0.0,
    "E": 0.022388059701492536,
    "F": 0.0,
    "G": 0.007462686567164179,
    "H": 0.014925373134328358,
    "I": 0.007462686567164179,
    "K": 0.007462686567164179,
    "L": 0.014925373134328358,
    "M": 0.007462686567164179,
    "N": 0.022388059701492536,
    "P": 0.29850746268656714,
    "Q": 0.022388059701492536,
    "R": 0.0,
    "S": 0.1044776119402985,
    "T": 0.09701492537313433,
    "V": 0.208955223880597,
    "W": 0.0,
    "Y": 0.0
  },
  "-6": {
    "A": 0.06716417910447761,
    "C": 0.007462686567164179,
    "D": 0.007462686567164179,
    "E": 0.04477611940298507,
    "F": 0.0,
    "G": 0.029850746268656716,
    "H": 0.03731343283582089,
    "I": 0.029850746268656716,
    "K": 0.23134328358208955,
    "L": 0.014925373134328358,
    "M": 0.0,
    "N": 0.007462686567164179,
    "P": 0.2462686567164179,
    "Q": 0.05223880597014925,
    "R": 0.014925373134328358,
    "S": 0.11940298507462686,
    "T": 0.014925373134328358,
    "V": 0.03731343283582089,
    "W": 0.0,
    "Y": 0.03731343283582089
  },
  "-5": {
    "A": 0.19402985074626866,
    "C": 0.007462686567164179,
    "D": 0.0,
    "E": 0.007462686567164179,
    "F": 0.0,
    "G": 0.007462686567164179,
    "H": 0.022388059701492536,
    "I": 0.007462686567164179,
    "K": 0.05223880597014925,
    "L": 0.014925373134328358,
    "M": 0.007462686567164179,
    "N": 0.007462686567164179,
    "P": 0.5074626865671642,
    "Q": 0.0,
    "R": 0.007462686567164179,
    "S": 0.11194029850746269,
    "T": 0.014925373134328358,
    "V": 0.029850746268656716,
    "W": 0.0,
    "Y": 0.0
  },
  "-4": {
    "A": 0.03731343283582089,
    "C": 0.0,
    "D": 0.014925373134328358,
    "E": 0.04477611940298507,
    "F": 0.0,
    "G": 0.007462686567164179,
    "H": 0.022388059701492536,
    "I": 0.0,
    "K": 0.007462686567164179,
    "L": 0.014925373134328358,
    "M": 0.0,
    "N": 0.029850746268656716,
    "P": 0.6492537313432836,
    "Q": 0.03731343283582089,
    "R": 0.007462686567164179,
    "S": 0.09701492537313433,
    "T": 0.014925373134328358,
    "V": 0.014925373134328358,
    "W": 0.0,
    "Y": 0.0
  },
  "-3": {
    "A": 0.20149253731343283,
    "C": 0.007462686567164179,
    "D": 0.022388059701492536,
    "E": 0.0,
    "F": 0.0,
    "G": 0.0,
    "H": 0.007462686567164179,
    "I": 0.0,
    "K": 0.0,
    "L": 0.007462686567164179,
    "M": 0.007462686567164179,
    "N": 0.007462686567164179,
    "P": 0.3283582089552239,
    "Q": 0.0,
    "R": 0.0,
    "S": 0.11940298507462686,
    "T": 0.08208955223880597,
    "V": 0.208955223880597,
    "W": 0.0,
    "Y": 0.0
  },
  "-2": {
    "A": 0.029850746268656716,
    "C": 0.0,
    "D": 0.007462686567164179,
    "E": 0.04477611940298507,
    "F": 0.014925373134328358,
    "G": 0.022388059701492536,
    "H": 0.007462686567164179,
    "I": 0.0,
    "K": 0.21641791044776118,
    "L": 0.007462686567164179,
    "M": 0.0,
    "N": 0.0,
    "P": 0.44776119402985076,
    "Q": 0.0,
    "R": 0.0,
    "S": 0.11940298507462686,
    "T": 0.007462686567164179,
    "V": 0.03731343283582089,
    "W": 0.0,
    "Y": 0.03731343283582089
  },
  "-1": {
    "A": 0.22388059701492538,
    "C": 0.0,
    "D": 0.0,
    "E": 0.0,
    "F": 0.0,
    "G": 0.03731343283582089,
    "H": 0.0,
    "I": 0.0,
    "K": 0.0,
    "L": 0.014925373134328358,
    "M": 0.0,
    "N": 0.0,
    "P": 0.5,
    "Q": 0.0,
    "R": 0.0,
    "S": 0.19402985074626866,
    "T": 0.022388059701492536,
    "V": 0.007462686567164179,
    "W": 0.0,
    "Y": 0.0
  },
  "0": {
    "A": 0.0,
    "C": 0.0,
    "D": 0.0,
    "E": 0.0,
    "F": 0.0,
    "G": 0.0,
    "H": 0.0,
    "I": 0.0,
    "K": 0.0,
    "L": 0.0,
    "M": 0.0,
    "N": 0.0,
    "P": 1.0,
    "Q": 0.0,
    "R": 0.0,
    "S": 0.0,
    "T": 0.0,
    "V": 0.0,
    "W": 0.0,
    "Y": 0.0
  },
  "+1": {
    "A": 0.16417910447761194,
    "C": 0.0,
    "D": 0.014925373134328358,
    "E": 0.014925373134328358,
    "F": 0.0,
    "G": 0.022388059701492536,
    "H": 0.0,
    "I": 0.0,
    "K": 0.007462686567164179,
    "L": 0.007462686567164179,
    "M": 0.0,
    "N": 0.0,
    "P": 0.30597014925373134,
    "Q": 0.0,
    "R": 0.0,
    "S": 0.12686567164179105,
    "T": 0.13432835820895522,
    "V": 0.1865671641791045,
    "W": 0.0,
    "Y": 0.014925373134328358
  },
  "+2": {
    "A": 0.04477611940298507,
    "C": 0.0,
    "D": 0.0,
    "E": 0.022388059701492536,
    "F": 0.0,
    "G": 0.007462686567164179,
    "H": 0.0,
    "I": 0.0,
    "K": 0.20149253731343283,
    "L": 0.007462686567164179,
    "M": 0.0,
    "N": 0.0,
    "P": 0.47761194029850745,
    "Q": 0.0,
    "R": 0.0,
    "S": 0.1791044776119403,
    "T": 0.014925373134328358,
    "V": 0.0,
    "W": 0.0,
    "Y": 0.04477611940298507
  },
  "+3": {
    "A": 0.11940298507462686,
    "C": 0.0,
    "D": 0.05223880597014925,
    "E": 0.014925373134328358,
    "F": 0.0,
    "G": 0.029850746268656716,
    "H": 0.0,
    "I": 0.007462686567164179,
    "K": 0.029850746268656716,
    "L": 0.022388059701492536,
    "M": 0.0,
    "N": 0.0,
    "P": 0.5074626865671642,
    "Q": 0.014925373134328358,
    "R": 0.0,
    "S": 0.12686567164179105,
    "T": 0.06716417910447761,
    "V": 0.0,
    "W": 0.0,
    "Y": 0.007462686567164179
  },
  "+4": {
    "A": 0.05970149253731343,
    "C": 0.007462686567164179,
    "D": 0.0,
    "E": 0.014925373134328358,
    "F": 0.0,
    "G": 0.022388059701492536,
    "H": 0.014925373134328358,
    "I": 0.0,
    "K": 0.0,
    "L": 0.007462686567164179,
    "M": 0.0,
    "N": 0.0,
    "P": 0.6791044776119403,
    "Q": 0.0,
    "R": 0.007462686567164179,
    "S": 0.17164179104477612,
    "T": 0.007462686567164179,
    "V": 0.0,
    "W": 0.0,
    "Y": 0.007462686567164179
  },
  "+5": {
    "A": 0.08208955223880597,
    "C": 0.0,
    "D": 0.05223880597014925,
    "E": 0.0,
    "F": 0.0,
    "G": 0.03731343283582089,
    "H": 0.014925373134328358,
    "I": 0.0,
    "K": 0.007462686567164179,
    "L": 0.014925373134328358,
    "M": 0.0,
    "N": 0.0,
    "P": 0.31343283582089554,
    "Q": 0.022388059701492536,
    "R": 0.0,
    "S": 0.08955223880597014,
    "T": 0.17164179104477612,
    "V": 0.1791044776119403,
    "W": 0.0,
    "Y": 0.014925373134328358
  },
  "+6": {
    "A": 0.06716417910447761,
    "C": 0.007462686567164179,
    "D": 0.0,