{
  "-10": {
    "A": 0.07982688146188988,
    "C": 0.009978360182736234,
    "D": 0.038951671074777594,
    "E": 0.052416446261120464,
    "F": 0.03041596537629238,
    "G": 0.06900697283000722,
    "H": 0.019475835537388797,
    "I": 0.03101707141139697,
    "K": 0.05794662178408271,
    "L": 0.07189228179850926,
    "M": 0.016109641740803076,
    "N": 0.03257994710266891,
    "P": 0.09100745371483529,
    "Q": 0.042678528492426065,
    "R": 0.05169511901899495,
    "S": 0.1247896128877134,
    "T": 0.08343351767251743,
    "V": 0.05482087040153883,
    "W": 0.006491945179129598,
    "Y": 0.018153402260158692
  },
  "-9": {
    "A": 0.08199086318826641,
    "C": 0.01514787208463573,
    "D": 0.035705698485212795,
    "E": 0.054580427987496995,
    "F": 0.02476556864630921,
    "G": 0.07056984852127915,
    "H": 0.018514065881221446,
    "I": 0.030776628997355133,
    "K": 0.05710507333493628,
    "L": 0.0721327242125511,
    "M": 0.01659052656888675,
    "N": 0.0331810531377735,
    "P": 0.08896369319547968,
    "Q": 0.05001202212070209,
    "R": 0.05578264005770618,
    "S": 0.1196201009858139,
    "T": 0.07898533301274345,
    "V": 0.05337821591728781,
    "W": 0.0072132724212551095,
    "Y": 0.01911517191632604
  },
  "-8": {
    "A": 0.07766289973551334,
    "C": 0.011421014666987257,
    "D": 0.03294061072373167,
    "E": 0.05433998557345516,
    "F": 0.02524645347439288,
    "G": 0.07585958163019957,
    "H": 0.0175522962250541,
    "I": 0.03270016830968983,
    "K": 0.059389276268333735,
    "L": 0.07032940610723731,
    "M": 0.019355614330367876,
    "N": 0.028612647270978602,
    "P": 0.09305121423419091,
    "Q": 0.053017552296225054,
    "R": 0.05662418850685261,
    "S": 0.12118297667708584,
    "T": 0.07958643904784804,
    "V": 0.05277710988218322,
    "W": 0.0045684058667949026,
    "Y": 0.01911517191632604
  },
  "-7": {
    "A": 0.0851166145708103,
    "C": 0.009377254147631643,
    "D": 0.034022601586919936,
    "E": 0.053498437124308726,
    "F": 0.025967780716518393,
    "G": 0.07273383024765569,
    "H": 0.021760038470786246,
    "I": 0.03606636210627555,
    "K": 0.056744409713873525,
    "L": 0.06984852127915364,
    "M": 0.014306323635489301,
    "N": 0.03270016830968983,
    "P": 0.08992546285164703,
    "Q": 0.04929069487857658,
    "R": 0.05470064919451791,
    "S": 0.1247896128877134,
    "T": 0.08331329646549651,
    "V": 0.049771579706660254,
    "W": 0.0038470786246693916,
    "Y": 0.019235393123346958
  },
  "-6": {
    "A": 0.08163019956720366,
    "C": 0.008415484491464294,
    "D": 0.035705698485212795,
    "E": 0.05145467660495311,
    "F": 0.024404905025246452,
    "G": 0.06996874248617456,
    "H": 0.020197162779514305,
    "I": 0.03859100745371483,
    "K": 0.055662418850685264,
    "L": 0.06864630920894446,
    "M": 0.01659052656888675,
    "N": 0.03161817744650156,
    "P": 0.09473431113248378,
    "Q": 0.04472228901178168,
    "R": 0.0559028612647271,
    "S": 0.12575138254388074,
    "T": 0.08175042077422458,
    "V": 0.05626352488578985,
    "W": 0.007814378456359702,
    "Y": 0.01911517191632604
  },
  "-5": {
    "A": 0.0858379418129358,
    "C": 0.010940129838903582,
    "D": 0.03125751382543881,
    "E": 0.0461649434960327,
    "F": 0.02548689588843472,
    "G": 0.07225294541957201,
    "H": 0.018153402260158692,
    "I": 0.034743928829045444,
    "K": 0.05746573695599904,
    "L": 0.07201250300553018,
    "M": 0.016229862947823998,
    "N": 0.03089685020437605,
    "P": 0.09437364751142102,
    "Q": 0.04796826160134648,
    "R": 0.054580427987496995,
    "S": 0.12442894926665064,
    "T": 0.08030776628997355,
    "V": 0.06263524885789853,
    "W": 0.0060110603510459245,
    "Y": 0.01899495070930512
  },
  "-4": {
    "A": 0.08463572974272662,
    "C": 0.00637172397210868,
    "D": 0.03883144986775667,
    "E": 0.04832892522240923,
    "F": 0.025366674681413803,
    "G": 0.06287569127194037,
    "H": 0.026208223130560232,
    "I": 0.03582591969223371,
    "K": 0.059990382303438325,
    "L": 0.0721327242125511,
    "M": 0.018634287088242368,
    "N": 0.03342149555181534,
    "P": 0.0890839144025006,
    "Q": 0.0461649434960327,
    "R": 0.05433998557345516,
    "S": 0.12418850685260881,
    "T": 0.08487617215676846,
    "V": 0.05686463092089444,
    "W": 0.00637172397210868,
    "Y": 0.017792738639095935
  },
  "-3": {
    "A": 0.0851166145708103,
    "C": 0.00877614811252705,
    "D": 0.03390238037989901,
    "E": 0.04520317383986535,
    "F": 0.02548689588843472,
    "G": 0.058788170233229145,
    "H": 0.01743207501803318,
    "I": 0.04315941332050974,
    "K": 0.04604472228901178,
    "L": 0.06852608800192354,
    "M": 0.01274344794421736,
    "N": 0.027530656407790333,
    "P": 0.13368598220726136,
    "Q": 0.039432555902861266,
    "R": 0.04640538591007454,
    "S": 0.11012262563116133,
    "T": 0.09088723250781437,
    "V": 0.08211108439528733,
    "W": 0.005770617937004088,
    "Y": 0.013344553979321952
  },
  "-2": {
    "A": 0.10002404424140418,
    "C": 0.014186102428468381,
    "D": 0.032459725895647995,
    "E": 0.04027410435200769,
    "F": 0.019596056744409715,
    "G": 0.06491945179129599,
    "H": 0.01743207501803318,
    "I": 0.03029574416927146,
    "K": 0.05217600384707863,
    "L": 0.0669632123106516,
    "M": 0.01502765087761481,
    "N": 0.030776628997355133,
    "P": 0.13512863669151237,
    "Q": 0.04688627073815821,
    "R": 0.04893003125751383,
    "S": 0.1182976677085838,
    "T": 0.07321471507573936,
    "V": 0.06912719403702813,
    "W": 0.0045684058667949026,
    "Y": 0.016470305361865833
  },
  "-1": {
    "A": 0.09569608078865112,
    "C": 0.00877614811252705,
    "D": 0.023563356576100022,
    "E": 0.029814859341187785,
    "F": 0.034022601586919936,
    "G": 0.060471267131522004,
    "H": 0.022000480884828085,
    "I": 0.0429189709064679,
    "K": 0.04568405866794903,
    "L": 0.05926905506131282,
    "M": 0.015268093291656648,
    "N": 0.021158932435681656,
    "P": 0.08655926905506131,
    "Q": 0.03089685020437605,
    "R": 0.04580427987496995,
    "S": 0.1261120461649435,
    "T": 0.1157730223611445,
    "V": 0.10807886511180573,
    "W": 0.0036066362106275548,
    "Y": 0.024525126232267373
  },
  "0": {
    "A": 0.0,
    "C": 0.0,
    "D": 0.0,
    "E": 0.0,
    "F": 0.0,
    "G": 0.0,
    "H": 0.0,
    "I": 0.0,
    "K": 0.0,
    "L": 0.0,
    "M": 0.0,
    "N": 0.0,
    "P": 0.0,
    "Q": 0.0,
    "R": 0.0,
    "S": 1.0,
    "T": 0.0,
    "V": 0.0,
    "W": 0.0,
    "Y": 0.0
  },
  "+1": {
    "A": 0.08535705698485213,
    "C": 0.009377254147631643,
    "D": 0.02716999278672758,
    "E": 0.056143303678768935,
    "F": 0.020437605193556144,
    "G": 0.07646068766530416,
    "H": 0.020918490021639816,
    "I": 0.030776628997355133,
    "K": 0.05109401298389036,
    "L": 0.07634046645828324,
    "M": 0.014306323635489301,
    "N": 0.029213753306083192,
    "P": 0.06732387593171435,
    "Q": 0.059990382303438325,
    "R": 0.04953113729261842,
    "S": 0.1442654484251022,
    "T": 0.0916085597499399,
    "V": 0.061673479201731184,
    "W": 0.006491945179129598,
    "Y": 0.01983649915845155
  },
  "+2": {
    "A": 0.1281558066842991,
    "C": 0.0073334936282760275,
    "D": 0.03101707141139697,
    "E": 0.049170473671555665,
    "F": 0.023683577783120944,
    "G": 0.08595816301995672,
    "H": 0.017071411396970427,
    "I": 0.02849242606395768,
    "K": 0.03666746814138014,
    "L": 0.05902861264727098,
    "M": 0.013344553979321952,
    "N": 0.025847559509497475,
    "P": 0.11589324356816542,
    "Q": 0.037268574176484735,
    "R": 0.036306804520317384,
    "S": 0.15195960567444097,
    "T": 0.07105073334936282,
    "V": 0.05385910074537149,
    "W": 0.004688627073815821,
    "Y": 0.019475835537388797
  },
  "+3": {
    "A": 0.08704015388314498,
    "C": 0.01586919932676124,
    "D": 0.03750901659052657,
    "E": 0.05121423419091128,
    "F": 0.025967780716518393,
    "G": 0.07826400577061794,
    "H": 0.01899495070930512,
    "I": 0.02873286847799952,