{
  "-10": {
    "A": 0.029411764705882353,
    "C": 0.029411764705882353,
    "D": 0.029411764705882353,
    "E": 0.029411764705882353,
    "F": 0.11764705882352941,
    "G": 0.0,
    "H": 0.058823529411764705,
    "I": 0.029411764705882353,
    "K": 0.029411764705882353,
    "L": 0.08823529411764706,
    "M": 0.029411764705882353,
    "N": 0.0,
    "P": 0.058823529411764705,
    "Q": 0.029411764705882353,
    "R": 0.0,
    "S": 0.17647058823529413,
    "T": 0.029411764705882353,
    "V": 0.23529411764705882,
    "W": 0.0,
    "Y": 0.0
  },
  "-9": {
    "A": 0.058823529411764705,
    "C": 0.0,
    "D": 0.058823529411764705,
    "E": 0.029411764705882353,
    "F": 0.2647058823529412,
    "G": 0.029411764705882353,
    "H": 0.0,
    "I": 0.14705882352941177,
    "K": 0.0,
    "L": 0.029411764705882353,
    "M": 0.0,
    "N": 0.0,
    "P": 0.0,
    "Q": 0.058823529411764705,
    "R": 0.029411764705882353,
    "S": 0.029411764705882353,
    "T": 0.058823529411764705,
    "V": 0.029411764705882353,
    "W": 0.029411764705882353,
    "Y": 0.14705882352941177
  },
  "-8": {
    "A": 0.058823529411764705,
    "C": 0.0,
    "D": 0.0,
    "E": 0.0,
    "F": 0.058823529411764705,
    "G": 0.058823529411764705,
    "H": 0.0,
    "I": 0.0,
    "K": 0.029411764705882353,
    "L": 0.0,
    "M": 0.0,
    "N": 0.029411764705882353,
    "P": 0.058823529411764705,
    "Q": 0.058823529411764705,
    "R": 0.0,
    "S": 0.2647058823529412,
    "T": 0.20588235294117646,
    "V": 0.058823529411764705,
    "W": 0.0,
    "Y": 0.11764705882352941
  },
  "-7": {
    "A": 0.058823529411764705,
    "C": 0.0,
    "D": 0.058823529411764705,
    "E": 0.17647058823529413,
    "F": 0.0,
    "G": 0.029411764705882353,
    "H": 0.0,
    "I": 0.0,
    "K": 0.20588235294117646,
    "L": 0.029411764705882353,
    "M": 0.0,
    "N": 0.11764705882352941,
    "P": 0.029411764705882353,
    "Q": 0.029411764705882353,
    "R": 0.0,
    "S": 0.08823529411764706,
    "T": 0.11764705882352941,
    "V": 0.029411764705882353,
    "W": 0.0,
    "Y": 0.029411764705882353
  },
  "-6": {
    "A": 0.029411764705882353,
    "C": 0.0,
    "D": 0.20588235294117646,
    "E": 0.029411764705882353,
    "F": 0.029411764705882353,
    "G": 0.0,
    "H": 0.029411764705882353,
    "I": 0.0,
    "K": 0.058823529411764705,
    "L": 0.11764705882352941,
    "M": 0.029411764705882353,
    "N": 0.17647058823529413,
    "P": 0.029411764705882353,
    "Q": 0.029411764705882353,
    "R": 0.029411764705882353,
    "S": 0.08823529411764706,
    "T": 0.11764705882352941,
    "V": 0.0,
    "W": 0.0,
    "Y": 0.0
  },
  "-5": {
    "A": 0.11764705882352941,
    "C": 0.0,
    "D": 0.058823529411764705,
    "E": 0.029411764705882353,
    "F": 0.029411764705882353,
    "G": 0.0,
    "H": 0.0,
    "I": 0.0,
    "K": 0.029411764705882353,
    "L": 0.058823529411764705,
    "M": 0.029411764705882353,
    "N": 0.0,
    "P": 0.029411764705882353,
    "Q": 0.20588235294117646,
    "R": 0.08823529411764706,
    "S": 0.08823529411764706,
    "T": 0.11764705882352941,
    "V": 0.11764705882352941,
    "W": 0.0,
    "Y": 0.0
  },
  "-4": {
    "A": 0.08823529411764706,
    "C": 0.0,
    "D": 0.08823529411764706,
    "E": 0.0,
    "F": 0.35294117647058826,
    "G": 0.058823529411764705,
    "H": 0.058823529411764705,
    "I": 0.0,
    "K": 0.0,
    "L": 0.029411764705882353,
    "M": 0.0,
    "N": 0.0,
    "P": 0.029411764705882353,
    "Q": 0.058823529411764705,
    "R": 0.0,
    "S": 0.08823529411764706,
    "T": 0.08823529411764706,
    "V": 0.0,
    "W": 0.029411764705882353,
    "Y": 0.029411764705882353
  },
  "-3": {
    "A": 0.0,
    "C": 0.0,
    "D": 0.08823529411764706,
    "E": 0.08823529411764706,
    "F": 0.0,
    "G": 0.029411764705882353,
    "H": 0.058823529411764705,
    "I": 0.058823529411764705,
    "K": 0.029411764705882353,
    "L": 0.058823529411764705,
    "M": 0.029411764705882353,
    "N": 0.058823529411764705,
    "P": 0.38235294117647056,
    "Q": 0.0,
    "R": 0.0,
    "S": 0.058823529411764705,
    "T": 0.058823529411764705,
    "V": 0.0,
    "W": 0.0,
    "Y": 0.0
  },
  "-2": {
    "A": 0.08823529411764706,
    "C": 0.0,
    "D": 0.029411764705882353,
    "E": 0.2647058823529412,
    "F": 0.0,
    "G": 0.14705882352941177,
    "H": 0.0,
    "I": 0.0,
    "K": 0.0,
    "L": 0.029411764705882353,
    "M": 0.0,
    "N": 0.0,
    "P": 0.058823529411764705,
    "Q": 0.029411764705882353,
    "R": 0.029411764705882353,
    "S": 0.14705882352941177,
    "T": 0.11764705882352941,
    "V": 0.029411764705882353,
    "W": 0.0,
    "Y": 0.029411764705882353
  },
  "-1": {
    "A": 0.0,
    "C": 0.0,
    "D": 0.0,
    "E": 0.14705882352941177,
    "F": 0.029411764705882353,
    "G": 0.14705882352941177,
    "H": 0.029411764705882353,
    "I": 0.08823529411764706,
    "K": 0.0,
    "L": 0.08823529411764706,
    "M": 0.029411764705882353,
    "N": 0.08823529411764706,
    "P": 0.0,
    "Q": 0.029411764705882353,
    "R": 0.0,
    "S": 0.0,
    "T": 0.0,
    "V": 0.3235294117647059,
    "W": 0.0,
    "Y": 0.0
  },
  "0": {
    "A": 0.0,
    "C": 0.0,
    "D": 0.0,
    "E": 0.0,
    "F": 0.0,
    "G": 0.0,
    "H": 0.0,
    "I": 0.0,
    "K": 0.0,
    "L": 0.0,
    "M": 0.0,
    "N": 0.0,
    "P": 0.0,
    "Q": 0.0,
    "R": 0.0,
    "S": 0.0,
    "T": 0.0,
    "V": 0.0,
    "W": 0.0,
    "Y": 1.0
  },
  "+1": {
    "A": 0.058823529411764705,
    "C": 0.0,
    "D": 0.058823529411764705,
    "E": 0.029411764705882353,
    "F": 0.0,
    "G": 0.058823529411764705,
    "H": 0.058823529411764705,
    "I": 0.08823529411764706,
    "K": 0.058823529411764705,
    "L": 0.0,
    "M": 0.0,
    "N": 0.0,
    "P": 0.0,
    "Q": 0.058823529411764705,
    "R": 0.058823529411764705,
    "S": 0.08823529411764706,
    "T": 0.08823529411764706,
    "V": 0.23529411764705882,
    "W": 0.029411764705882353,
    "Y": 0.029411764705882353
  },
  "+2": {
    "A": 0.08823529411764706,
    "C": 0.0,
    "D": 0.058823529411764705,
    "E": 0.0,
    "F": 0.029411764705882353,
    "G": 0.0,
    "H": 0.029411764705882353,
    "I": 0.0,
    "K": 0.029411764705882353,
    "L": 0.029411764705882353,
    "M": 0.0,
    "N": 0.029411764705882353,
    "P": 0.35294117647058826,
    "Q": 0.08823529411764706,
    "R": 0.0,
    "S": 0.058823529411764705,
    "T": 0.0,
    "V": 0.029411764705882353,
    "W": 0.0,
    "Y": 0.17647058823529413
  },
  "+3": {
    "A": 0.058823529411764705,
    "C": 0.0,
    "D": 0.029411764705882353,
    "E": 0.029411764705882353,
    "F": 0.0,
    "G": 0.029411764705882353,
    "H": 0.058823529411764705,
    "I": 0.0,
    "K": 0.0,
    "L": 0.058823529411764705,
    "M": 0.0,
    "N": 0.0,
    "P": 0.058823529411764705,
    "Q": 0.029411764705882353,
    "R": 0.029411764705882353,
    "S": 0.08823529411764706,
    "T": 0.4117647058823529,
    "V": 0.11764705882352941,
    "W": 0.0,
    "Y": 0.0
  },
  "+4": {
    "A": 0.029411764705882353,
    "C": 0.0,
    "D": 0.058823529411764705,
    "E": 0.0,
    "F": 0.0,
    "G": 0.029411764705882353,
    "H": 0.058823529411764705,
    "I": 0.058823529411764705,
    "K": 0.0,
    "L": 0.029411764705882353,
    "M": 0.0,
    "N": 0.029411764705882353,
    "P": 0.23529411764705882,
    "Q": 0.0,
    "R": 0.0,
    "S": 0.029411764705882353,
    "T": 0.029411764705882353,
    "V": 0.3235294117647059,
    "W": 0.0,
    "Y": 0.08823529411764706
  },
  "+5": {
    "A": 0.14705882352941177,
    "C": 0.0,
    "D": 0.029411764705882353,
    "E": 0.058823529411764705,
    "F": 0.3235294117647059,
    "G": 0.029411764705882353,
    "H": 0.029411764705882353,
    "I": 0.0,
    "K": 0.058823529411764705,
    "L": 0.058823529411764705,
    "M": 0.0,
    "N": 0.029411764705882353,
    "P": 0.058823529411764705,
    "Q": 0.058823529411764705,
    "R": 0.058823529411764705,
    "S": 0.058823529411764705,
    "T": 0.0,
    "V": 0.0,
    "W": 0.0,
    "Y": 0.0
  },
  "+6": {
    "A": 0.058823529411764705,
    "C": 0.0,
    "D": 0.14705882352941177,
    "E": 0.29411764705882354,
    "F": 0.08823529411764706,