{
  "-10": {
    "A": 0.0,
    "C": 0.0,
    "D": 0.05263157894736842,
    "E": 0.0,
    "F": 0.10526315789473684,
    "G": 0.0,
    "H": 0.0,
    "I": 0.05263157894736842,
    "K": 0.0,
    "L": 0.3157894736842105,
    "M": 0.0,
    "N": 0.15789473684210525,
    "P": 0.0,
    "Q": 0.05263157894736842,
    "R": 0.05263157894736842,
    "S": 0.05263157894736842,
    "T": 0.05263157894736842,
    "V": 0.0,
    "W": 0.05263157894736842,
    "Y": 0.05263157894736842
  },
  "-9": {
    "A": 0.05263157894736842,
    "C": 0.10526315789473684,
    "D": 0.0,
    "E": 0.0,
    "F": 0.05263157894736842,
    "G": 0.2631578947368421,
    "H": 0.0,
    "I": 0.0,
    "K": 0.0,
    "L": 0.05263157894736842,
    "M": 0.0,
    "N": 0.0,
    "P": 0.15789473684210525,
    "Q": 0.10526315789473684,
    "R": 0.05263157894736842,
    "S": 0.05263157894736842,
    "T": 0.0,
    "V": 0.05263157894736842,
    "W": 0.0,
    "Y": 0.05263157894736842
  },
  "-8": {
    "A": 0.05263157894736842,
    "C": 0.05263157894736842,
    "D": 0.0,
    "E": 0.05263157894736842,
    "F": 0.05263157894736842,
    "G": 0.0,
    "H": 0.0,
    "I": 0.0,
    "K": 0.05263157894736842,
    "L": 0.15789473684210525,
    "M": 0.0,
    "N": 0.0,
    "P": 0.10526315789473684,
    "Q": 0.05263157894736842,
    "R": 0.15789473684210525,
    "S": 0.05263157894736842,
    "T": 0.0,
    "V": 0.15789473684210525,
    "W": 0.05263157894736842,
    "Y": 0.0
  },
  "-7": {
    "A": 0.0,
    "C": 0.0,
    "D": 0.05263157894736842,
    "E": 0.10526315789473684,
    "F": 0.0,
    "G": 0.05263157894736842,
    "H": 0.0,
    "I": 0.0,
    "K": 0.0,
    "L": 0.15789473684210525,
    "M": 0.05263157894736842,
    "N": 0.0,
    "P": 0.10526315789473684,
    "Q": 0.21052631578947367,
    "R": 0.10526315789473684,
    "S": 0.0,
    "T": 0.05263157894736842,
    "V": 0.10526315789473684,
    "W": 0.0,
    "Y": 0.0
  },
  "-6": {
    "A": 0.05263157894736842,
    "C": 0.05263157894736842,
    "D": 0.0,
    "E": 0.2631578947368421,
    "F": 0.10526315789473684,
    "G": 0.0,
    "H": 0.0,
    "I": 0.0,
    "K": 0.10526315789473684,
    "L": 0.05263157894736842,
    "M": 0.0,
    "N": 0.05263157894736842,
    "P": 0.0,
    "Q": 0.05263157894736842,
    "R": 0.05263157894736842,
    "S": 0.15789473684210525,
    "T": 0.0,
    "V": 0.0,
    "W": 0.0,
    "Y": 0.05263157894736842
  },
  "-5": {
    "A": 0.10526315789473684,
    "C": 0.05263157894736842,
    "D": 0.0,
    "E": 0.10526315789473684,
    "F": 0.05263157894736842,
    "G": 0.0,
    "H": 0.10526315789473684,
    "I": 0.10526315789473684,
    "K": 0.0,
    "L": 0.10526315789473684,
    "M": 0.05263157894736842,
    "N": 0.05263157894736842,
    "P": 0.10526315789473684,
    "Q": 0.10526315789473684,
    "R": 0.0,
    "S": 0.05263157894736842,
    "T": 0.0,
    "V": 0.0,
    "W": 0.0,
    "Y": 0.0
  },
  "-4": {
    "A": 0.15789473684210525,
    "C": 0.05263157894736842,
    "D": 0.0,
    "E": 0.05263157894736842,
    "F": 0.0,
    "G": 0.15789473684210525,
    "H": 0.0,
    "I": 0.0,
    "K": 0.05263157894736842,
    "L": 0.15789473684210525,
    "M": 0.0,
    "N": 0.10526315789473684,
    "P": 0.05263157894736842,
    "Q": 0.0,
    "R": 0.05263157894736842,
    "S": 0.05263157894736842,
    "T": 0.0,
    "V": 0.05263157894736842,
    "W": 0.0,
    "Y": 0.05263157894736842
  },
  "-3": {
    "A": 0.0,
    "C": 0.0,
    "D": 0.05263157894736842,
    "E": 0.05263157894736842,
    "F": 0.05263157894736842,
    "G": 0.10526315789473684,
    "H": 0.0,
    "I": 0.05263157894736842,
    "K": 0.0,
    "L": 0.10526315789473684,
    "M": 0.05263157894736842,
    "N": 0.0,
    "P": 0.10526315789473684,
    "Q": 0.0,
    "R": 0.0,
    "S": 0.15789473684210525,
    "T": 0.21052631578947367,
    "V": 0.05263157894736842,
    "W": 0.0,
    "Y": 0.0
  },
  "-2": {
    "A": 0.10526315789473684,
    "C": 0.0,
    "D": 0.05263157894736842,
    "E": 0.3684210526315789,
    "F": 0.05263157894736842,
    "G": 0.10526315789473684,
    "H": 0.05263157894736842,
    "I": 0.0,
    "K": 0.05263157894736842,
    "L": 0.0,
    "M": 0.0,
    "N": 0.0,
    "P": 0.0,
    "Q": 0.0,
    "R": 0.05263157894736842,
    "S": 0.15789473684210525,
    "T": 0.0,
    "V": 0.0,
    "W": 0.0,
    "Y": 0.0
  },
  "-1": {
    "A": 0.0,
    "C": 0.05263157894736842,
    "D": 0.21052631578947367,
    "E": 0.05263157894736842,
    "F": 0.05263157894736842,
    "G": 0.10526315789473684,
    "H": 0.0,
    "I": 0.10526315789473684,
    "K": 0.0,
    "L": 0.05263157894736842,
    "M": 0.0,
    "N": 0.10526315789473684,
    "P": 0.05263157894736842,
    "Q": 0.0,
    "R": 0.0,
    "S": 0.10526315789473684,
    "T": 0.05263157894736842,
    "V": 0.05263157894736842,
    "W": 0.0,
    "Y": 0.0
  },
  "0": {
    "A": 0.0,
    "C": 0.0,
    "D": 0.0,
    "E": 0.0,
    "F": 0.0,
    "G": 0.0,
    "H": 0.0,
    "I": 0.0,
    "K": 0.0,
    "L": 0.0,
    "M": 0.0,
    "N": 0.0,
    "P": 0.0,
    "Q": 0.0,
    "R": 0.0,
    "S": 0.0,
    "T": 0.0,
    "V": 0.0,
    "W": 0.0,
    "Y": 1.0
  },
  "+1": {
    "A": 0.15789473684210525,
    "C": 0.10526315789473684,
    "D": 0.05263157894736842,
    "E": 0.0,
    "F": 0.05263157894736842,
    "G": 0.10526315789473684,
    "H": 0.0,
    "I": 0.05263157894736842,
    "K": 0.05263157894736842,
    "L": 0.05263157894736842,
    "M": 0.0,
    "N": 0.0,
    "P": 0.0,
    "Q": 0.15789473684210525,
    "R": 0.05263157894736842,
    "S": 0.15789473684210525,
    "T": 0.0,
    "V": 0.0,
    "W": 0.0,
    "Y": 0.0
  },
  "+2": {
    "A": 0.05263157894736842,
    "C": 0.0,
    "D": 0.10526315789473684,
    "E": 0.05263157894736842,
    "F": 0.05263157894736842,
    "G": 0.0,
    "H": 0.10526315789473684,
    "I": 0.10526315789473684,
    "K": 0.10526315789473684,
    "L": 0.0,
    "M": 0.0,
    "N": 0.05263157894736842,
    "P": 0.0,
    "Q": 0.05263157894736842,
    "R": 0.05263157894736842,
    "S": 0.05263157894736842,
    "T": 0.10526315789473684,
    "V": 0.10526315789473684,
    "W": 0.0,
    "Y": 0.0
  },
  "+3": {
    "A": 0.0,
    "C": 0.05263157894736842,
    "D": 0.15789473684210525,
    "E": 0.0,
    "F": 0.15789473684210525,
    "G": 0.05263157894736842,
    "H": 0.0,
    "I": 0.10526315789473684,
    "K": 0.0,
    "L": 0.10526315789473684,
    "M": 0.0,
    "N": 0.0,
    "P": 0.05263157894736842,
    "Q": 0.0,
    "R": 0.10526315789473684,
    "S": 0.05263157894736842,
    "T": 0.0,
    "V": 0.0,
    "W": 0.10526315789473684,
    "Y": 0.0
  },
  "+4": {
    "A": 0.15789473684210525,
    "C": 0.05263157894736842,
    "D": 0.0,
    "E": 0.10526315789473684,
    "F": 0.05263157894736842,
    "G": 0.05263157894736842,
    "H": 0.0,
    "I": 0.0,
    "K": 0.0,
    "L": 0.10526315789473684,
    "M": 0.0,
    "N": 0.0,
    "P": 0.0,
    "Q": 0.15789473684210525,
    "R": 0.0,
    "S": 0.21052631578947367,
    "T": 0.05263157894736842,
    "V": 0.0,
    "W": 0.0,
    "Y": 0.0
  },
  "+5": {
    "A": 0.15789473684210525,
    "C": 0.0,
    "D": 0.10526315789473684,
    "E": 0.15789473684210525,
    "F": 0.0,
    "G": 0.0,
    "H": 0.0,
    "I": 0.10526315789473684,
    "K": 0.0,
    "L": 0.10526315789473684,
    "M": 0.0,
    "N": 0.05263157894736842,
    "P": 0.05263157894736842,
    "Q": 0.10526315789473684,
    "R": 0.05263157894736842,
    "S": 0.0,
    "T": 0.05263157894736842,
    "V": 0.0,
    "W": 0.0,
    "Y": 0.0
  },
  "+6": {
    "A": 0.10526315789473684,
    "C": 0.05263157894736842,
    "D": 0.0,
    "E": 0.05263157894736842,
    "F": 0.0,
    "G": 0.15789473684210525,
    "H": 0.0,
    "I": 0.05263157894736842,
    "K": 0.0,
    "L": 0.10526315789473684,
    "M": 0.0,
    "N": 0.0,
    "P": 0.10526315789473684,
    "Q": 0.05263157894736842,
    "R": 0.0,
    "S": 0.15789473684210525,
    "T": 0.10526315789473684,
    "V": 0.0,
    "W": 0.0,
    "Y": 0.0
  },
  "+7": {
    "A": 0.0,
    "C": 0.0,
    "D": 0.0,
    "E": 0.0,
    "F": 0.05263157894736842,
    "G": 0.0,
    "H": 0.0,
    "I": 0.10526315789473684,
    "K": 0.0,
    "L": 0.42105263157894735,
    "M": 0.0,