{
  "-10": {
    "A": -3.246596149901166,
    "C": -4.554928969551344,
    "D": -4.554928969551344,
    "E": -3.6386382376771897,
    "F": -4.024300718489174,
    "G": -3.8617817889913995,
    "H": -5.4712197014254995,
    "I": -3.1439419958410824,
    "K": -3.168634608431454,
    "L": -2.005483798625773,
    "M": -4.911603913490077,
    "N": -4.911603913490077,
    "P": -3.0733244286271293,
    "Q": -4.554928969551344,
    "R": -4.45961878974702,
    "S": -3.6386382376771897,
    "T": -5.24807615011129,
    "V": -3.168634608431454,
    "W": -4.2184567329301315,
    "Y": "-inf"
  },
  "-9": {
    "A": -2.580847943529335,
    "C": -3.8129916248219673,
    "D": -3.9130750833789496,
    "E": -4.911603913490077,
    "F": -4.024300718489174,
    "G": -3.096313946851828,
    "H": -4.778072520865554,
    "I": -4.292564705083853,
    "K": -5.4712197014254995,
    "L": -2.2227850743157544,
    "M": -5.065754593317335,
    "N": -5.4712197014254995,
    "P": -3.2199279028190047,
    "Q": -4.37260741275739,
    "R": -3.967142304649226,
    "S": -3.246596149901166,
    "T": -4.911603913490077,
    "V": -3.119844444262022,
    "W": -3.8129916248219673,
    "Y": -5.75890177387728
  },
  "-8": {
    "A": -2.7303796775002986,
    "C": -4.45961878974702,
    "D": -4.554928969551344,
    "E": -4.024300718489174,
    "F": -4.554928969551344,
    "G": -3.1439419958410824,
    "H": -5.4712197014254995,
    "I": -3.967142304649226,
    "K": -5.4712197014254995,
    "L": -2.3036371709448495,
    "M": -4.660289485209171,
    "N": -4.660289485209171,
    "P": -3.246596149901166,
    "Q": -3.423526858060244,
    "R": -3.8617817889913995,
    "S": -2.965693764434764,
    "T": -3.456316680883235,
    "V": -3.423526858060244,
    "W": -5.4712197014254995,
    "Y": -5.75890177387728
  },
  "-7": {
    "A": -3.1439419958410824,
    "C": -4.45961878974702,
    "D": -3.8129916248219673,
    "E": -3.8129916248219673,
    "F": -3.2199279028190047,
    "G": -3.3917781597456638,
    "H": -3.967142304649226,
    "I": -3.5253095523701865,
    "K": -3.967142304649226,
    "L": -2.252343876557299,
    "M": -4.911603913490077,
    "N": -3.9130750833789496,
    "P": -3.561677196541061,
    "Q": -3.8129916248219673,
    "R": -5.065754593317335,
    "S": -3.561677196541061,
    "T": -3.6386382376771897,
    "V": -3.6386382376771897,
    "W": -5.065754593317335,
    "Y": -5.4712197014254995
  },
  "-6": {
    "A": -2.638006357369284,
    "C": -4.554928969551344,
    "D": -3.6794602321974446,
    "E": -5.24807615011129,
    "F": -4.084925340305609,
    "G": -3.3917781597456638,
    "H": -4.660289485209171,
    "I": -3.2739951240892804,
    "K": -5.24807615011129,
    "L": -2.6234075579481306,
    "M": -4.660289485209171,
    "N": -4.45961878974702,
    "P": -2.9454910571172443,
    "Q": -4.2184567329301315,
    "R": -3.7664716091870747,
    "S": -3.302166001055977,
    "T": -3.6386382376771897,
    "V": -2.965693764434764,
    "W": -6.164366881985445,
    "Y": -5.24807615011129
  },
  "-5": {
    "A": -2.652821443154424,
    "C": -5.75890177387728,
    "D": -3.6794602321974446,
    "E": -4.292564705083853,
    "F": -3.8129916248219673,
    "G": -2.8872221489932683,
    "H": -5.4712197014254995,
    "I": -4.45961878974702,
    "K": -4.45961878974702,
    "L": -3.3311535379292287,
    "M": -4.778072520865554,
    "N": -4.292564705083853,
    "P": -2.6678593205189647,
    "Q": -4.292564705083853,
    "R": -3.5253095523701865,
    "S": -3.1439419958410824,
    "T": -3.36100650107891,
    "V": -3.096313946851828,
    "W": -6.85751406254539,
    "Y": -4.660289485209171
  },
  "-4": {
    "A": -3.7664716091870747,
    "C": -5.24807615011129,
    "D": -4.660289485209171,
    "E": -3.967142304649226,
    "F": -4.2184567329301315,
    "G": -2.868530015981116,
    "H": -4.660289485209171,
    "I": -3.36100650107891,
    "K": -4.554928969551344,
    "L": -2.5267807222590593,
    "M": -4.778072520865554,
    "N": -4.2184567329301315,
    "P": -3.0288726660562952,
    "Q": -3.168634608431454,
    "R": -3.9130750833789496,
    "S": -3.246596149901166,
    "T": -4.2184567329301315,
    "V": -3.2199279028190047,
    "W": -3.8129916248219673,
    "Y": -4.554928969551344
  },
  "-3": {
    "A": -2.4148628060550736,
    "C": -3.6386382376771897,
    "D": -4.37260741275739,
    "E": -3.9130750833789496,
    "F": -4.660289485209171,
    "G": -3.302166001055977,
    "H": -5.065754593317335,
    "I": -5.065754593317335,
    "K": -4.2184567329301315,
    "L": -3.302166001055977,
    "M": -6.164366881985445,
    "N": -4.660289485209171,
    "P": -3.2739951240892804,
    "Q": -3.456316680883235,
    "R": -3.9130750833789496,
    "S": -2.683126792649753,
    "T": -3.423526858060244,
    "V": -2.76316950032329,
    "W": "-inf",
    "Y": -6.85751406254539
  },
  "-2": {
    "A": -3.561677196541061,
    "C": -6.164366881985445,
    "D": -4.778072520865554,
    "E": -2.76316950032329,
    "F": -4.084925340305609,
    "G": -4.45961878974702,
    "H": -5.4712197014254995,
    "I": -5.4712197014254995,
    "K": -2.76316950032329,
    "L": -3.1439419958410824,
    "M": -4.2184567329301315,
    "N": -4.37260741275739,
    "P": -3.8617817889913995,
    "Q": -3.0508515727750707,
    "R": -3.302166001055977,
    "S": -2.8501808773129196,
    "T": -4.149463861443181,
    "V": -3.9130750833789496,
    "W": -3.119844444262022,
    "Y": -4.660289485209171
  },
  "-1": {
    "A": -1.7515685886448096,
    "C": -4.149463861443181,
    "D": -3.456316680883235,
    "E": -3.8129916248219673,
    "F": -6.164366881985445,
    "G": -3.119844444262022,
    "H": "-inf",
    "I": -5.75890177387728,
    "K": -4.2184567329301315,
    "L": -4.37260741275739,
    "M": -6.85751406254539,
    "N": -4.660289485209171,
    "P": -4.2184567329301315,
    "Q": -3.7220198466162406,
    "R": -2.380177248067184,
    "S": -3.2739951240892804,
    "T": -4.292564705083853,
    "V": -4.554928969551344,
    "W": -6.85751406254539,
    "Y": "-inf"
  },
  "0": {
    "A": "-inf",
    "C": "-inf",
    "D": "-inf",
    "E": "-inf",
    "F": "-inf",
    "G": "-inf",
    "H": "-inf",
    "I": "-inf",
    "K": "-inf",
    "L": "-inf",
    "M": "-inf",
    "N": "-inf",
    "P": "-inf",
    "Q": 0.0,
    "R": "-inf",
    "S": "-inf",
    "T": "-inf",
    "V": "-inf",
    "W": "-inf",
    "Y": "-inf"
  },
  "+1": {
    "A": -2.746640198372079,
    "C": -4.292564705083853,
    "D": -2.6986309791857184,
    "E": -3.246596149901166,
    "F": -3.456316680883235,
    "G": -2.194074968433323,
    "H": -3.490218232558916,
    "I": -4.084925340305609,
    "K": -2.4754874278715087,
    "L": -2.5137086406917066,
    "M": -5.75890177387728,
    "N": -3.3311535379292287,
    "P": -3.168634608431454,
    "Q": -2.6090188204960314,
    "R": -3.302166001055977,
    "S": -2.965693764434764,
    "T": -3.0288726660562952,
    "V": -2.1479838612330564,
    "W": -3.456316680883235,
    "Y": -3.9130750833789496
  },
  "+2": {
    "A": -3.0288726660562952,
    "C": -3.0733244286271293,
    "D": -2.868530015981116,
    "E": -3.6386382376771897,
    "F": -3.1439419958410824,
    "G": -2.6678593205189647,
    "H": -4.660289485209171,
    "I": -4.084925340305609,
    "K": -3.36100650107891,
    "L": -2.5400259490090797,
    "M": -6.85751406254539,
    "N": -2.2623942124108005,
    "P": -2.4630649078729516,
    "Q": -3.8129916248219673,
    "R": -2.594834185504075,
    "S": -3.119844444262022,
    "T": -2.965693764434764,
    "V": -2.8501808773129196,
    "W": -2.232541249261119,
    "Y": -3.8129916248219673
  },
  "+3": {
    "A": -2.6678593205189647,
    "C": -3.3917781597456638,
    "D": -2.5670546213969994,
    "E": -3.6386382376771897,
    "F": -1.9596742625944787,
    "G": -2.7143793361538577,
    "H": -4.084925340305609,
    "I": -3.456316680883235,
    "K": -3.456316680883235,
    "L": -2.594834185504075,
    "M": -5.065754593317335,
    "N": -3.6386382376771897,
    "P": -2.2227850743157544,
    "Q": -2.965693764434764,
    "R": -3.193952416415744,
    "S": -2.9256884298210646,