{
  "-10": {
    "A": 0.07628965851295713,
    "C": 0.015015742310486802,
    "D": 0.0515863405182853,
    "E": 0.07701622668927101,
    "F": 0.03414870428675224,
    "G": 0.07168806006296924,
    "H": 0.02494550738677646,
    "I": 0.051344151126180675,
    "K": 0.08258658270767741,
    "L": 0.08234439331557278,
    "M": 0.024218939210462583,
    "N": 0.03826592395253088,
    "P": 0.04674255267619278,
    "Q": 0.039719060305158635,
    "R": 0.05279728747880843,
    "S": 0.05957859045773795,
    "T": 0.05788326471300557,
    "V": 0.07047711310244612,
    "W": 0.010171954468394284,
    "Y": 0.025914264955194964
  },
  "-9": {
    "A": 0.07653184790506176,
    "C": 0.014046984742068298,
    "D": 0.058609832889319445,
    "E": 0.07120368127875999,
    "F": 0.04214095422620489,
    "G": 0.06999273431823685,
    "H": 0.02542988617098571,
    "I": 0.0506175829498668,
    "K": 0.0816178251392589,
    "L": 0.08936788568660693,
    "M": 0.021797045289416325,
    "N": 0.03511746185517074,
    "P": 0.05182852991038993,
    "Q": 0.046984742068297405,
    "R": 0.05618793896827319,
    "S": 0.05836764349721482,
    "T": 0.046984742068297405,
    "V": 0.0666020828287721,
    "W": 0.007750060547348026,
    "Y": 0.022281424073625575
  },
  "-8": {
    "A": 0.0796803100024219,
    "C": 0.013078227173649794,
    "D": 0.05570356018406394,
    "E": 0.07507871155243401,
    "F": 0.030273674013078226,
    "G": 0.0685395979656091,
    "H": 0.02082828772099782,
    "I": 0.05521918139985468,
    "K": 0.07289900702349238,
    "L": 0.09009445386292081,
    "M": 0.017679825623637686,
    "N": 0.044805037539355774,
    "P": 0.048195689028820536,
    "Q": 0.037297166384112374,
    "R": 0.06539113586824898,
    "S": 0.06635989343666747,
    "T": 0.048437878420925166,
    "V": 0.06708646161298135,
    "W": 0.009445386292080407,
    "Y": 0.028820537660450472
  },
  "-7": {
    "A": 0.08137563574715427,
    "C": 0.016468878663114556,
    "D": 0.054492613223540806,
    "E": 0.06127391620247033,
    "F": 0.031000242189392103,
    "G": 0.07580527972874788,
    "H": 0.020343908936788568,
    "I": 0.04940663598934367,
    "K": 0.0741099539840155,
    "L": 0.08500847662872366,
    "M": 0.018406393799951563,
    "N": 0.04165657544199564,
    "P": 0.05279728747880843,
    "Q": 0.04238314361830952,
    "R": 0.08597723419714216,
    "S": 0.055461370791959314,
    "T": 0.04940663598934367,
    "V": 0.06975054492613224,
    "W": 0.005085977234197142,
    "Y": 0.025914264955194964
  },
  "-6": {
    "A": 0.08791474933397918,
    "C": 0.008476628723661903,
    "D": 0.053523855655122306,
    "E": 0.0675708403971906,
    "F": 0.025672075563090337,
    "G": 0.07822717364979413,
    "H": 0.025187696778881084,
    "I": 0.04746912085250666,
    "K": 0.08234439331557278,
    "L": 0.08767255994187455,
    "M": 0.023007992249939452,
    "N": 0.03923468152094938,
    "P": 0.057641075320900945,
    "Q": 0.04359409057883265,
    "R": 0.0590942116735287,
    "S": 0.06635989343666747,
    "T": 0.048437878420925166,
    "V": 0.06418018890772584,
    "W": 0.005085977234197142,
    "Y": 0.02664083313150884
  },
  "-5": {
    "A": 0.07798498425768952,
    "C": 0.013078227173649794,
    "D": 0.06200048437878421,
    "E": 0.07943812061031727,
    "F": 0.028093969484136595,
    "G": 0.07459433276822475,
    "H": 0.01961734076047469,
    "I": 0.056672317752482444,
    "K": 0.06490675708403972,
    "L": 0.08985226447081618,
    "M": 0.01913296197626544,
    "N": 0.04238314361830952,
    "P": 0.043836279970937274,
    "Q": 0.03947687091305401,
    "R": 0.06151610559457496,
    "S": 0.06321143133930734,
    "T": 0.057641075320900945,
    "V": 0.06781302978929522,
    "W": 0.005570356018406394,
    "Y": 0.03172681036570598
  },
  "-4": {
    "A": 0.08113344635504965,
    "C": 0.010898522644708163,
    "D": 0.058609832889319445,
    "E": 0.05618793896827319,
    "F": 0.044805037539355774,
    "G": 0.06732865100508598,
    "H": 0.019859530152579317,
    "I": 0.056672317752482444,
    "K": 0.05376604504722693,
    "L": 0.11334463550496489,
    "M": 0.023492371034148703,
    "N": 0.03947687091305401,
    "P": 0.04577379510777428,
    "Q": 0.04335190118672802,
    "R": 0.04892225720513441,
    "S": 0.061758294986679584,
    "T": 0.06272705255509808,
    "V": 0.07314119641559699,
    "W": 0.006539113586824897,
    "Y": 0.031000242189392103
  },
  "-3": {
    "A": 0.08525066602082829,
    "C": 0.015500121094696052,
    "D": 0.05933640106563332,
    "E": 0.08573504480503753,
    "F": 0.025914264955194964,
    "G": 0.07701622668927101,
    "H": 0.019859530152579317,
    "I": 0.05594574957616857,
    "K": 0.059820779849842576,
    "L": 0.09130540082344393,
    "M": 0.024218939210462583,
    "N": 0.039719060305158635,
    "P": 0.046984742068297405,
    "Q": 0.040687817873577135,
    "R": 0.049164446597239043,
    "S": 0.0685395979656091,
    "T": 0.05303947687091305,
    "V": 0.0666020828287721,
    "W": 0.007750060547348026,
    "Y": 0.026883022523613465
  },
  "-2": {
    "A": 0.09396948413659481,
    "C": 0.008234439331557278,
    "D": 0.06684427222087673,
    "E": 0.07846936304189876,
    "F": 0.03414870428675224,
    "G": 0.07314119641559699,
    "H": 0.019375151368370064,
    "I": 0.049164446597239043,
    "K": 0.06490675708403972,
    "L": 0.08428190845240978,
    "M": 0.018164204407846937,
    "N": 0.039719060305158635,
    "P": 0.05715669653669169,
    "Q": 0.04359409057883265,
    "R": 0.041898764834100266,
    "S": 0.06611770404456285,
    "T": 0.05425042383143618,
    "V": 0.07144587067086462,
    "W": 0.007992249939452653,
    "Y": 0.02712521191571809
  },
  "-1": {
    "A": 0.08985226447081618,
    "C": 0.01041414386049891,
    "D": 0.0685395979656091,
    "E": 0.07168806006296924,
    "F": 0.03632840881569387,
    "G": 0.07725841608137564,
    "H": 0.01792201501574231,
    "I": 0.05836764349721482,
    "K": 0.04625817389198353,
    "L": 0.09275853717607169,
    "M": 0.01913296197626544,
    "N": 0.04746912085250666,
    "P": 0.04964882538144829,
    "Q": 0.04262533301041414,
    "R": 0.033422136110438365,
    "S": 0.08016468878663115,
    "T": 0.05618793896827319,
    "V": 0.06563332526035359,
    "W": 0.008234439331557278,
    "Y": 0.028093969484136595
  },
  "0": {
    "A": 0.0,
    "C": 1.0,
    "D": 0.0,
    "E": 0.0,
    "F": 0.0,
    "G": 0.0,
    "H": 0.0,
    "I": 0.0,
    "K": 0.0,
    "L": 0.0,
    "M": 0.0,
    "N": 0.0,
    "P": 0.0,
    "Q": 0.0,
    "R": 0.0,
    "S": 0.0,
    "T": 0.0,
    "V": 0.0,
    "W": 0.0,
    "Y": 0.0
  },
  "+1": {
    "A": 0.06781302978929522,
    "C": 0.009445386292080407,
    "D": 0.06200048437878421,
    "E": 0.07168806006296924,
    "F": 0.037297166384112374,
    "G": 0.08040687817873578,
    "H": 0.01961734076047469,
    "I": 0.05182852991038993,
    "K": 0.05085977234197142,
    "L": 0.08476628723661904,
    "M": 0.018164204407846937,
    "N": 0.04044562848147251,
    "P": 0.07653184790506176,
    "Q": 0.037297166384112374,
    "R": 0.049164446597239043,
    "S": 0.0675708403971906,
    "T": 0.06200048437878421,
    "V": 0.07532090094453862,
    "W": 0.009445386292080407,
    "Y": 0.02664083313150884
  },
  "+2": {
    "A": 0.07653184790506176,
    "C": 0.00581254541051102,
    "D": 0.0581254541051102,
    "E": 0.08646161298135141,
    "F": 0.03245337854201986,
    "G": 0.06490675708403972,
    "H": 0.024461128602567207,
    "I": 0.05618793896827319,
    "K": 0.05328166626301768,
    "L": 0.09396948413659481,
    "M": 0.015500121094696052,
    "N": 0.032211189149915234,
    "P": 0.06345362073141196,
    "Q": 0.04432065875514653,
    "R": 0.05933640106563332,
    "S": 0.0666020828287721,
    "T": 0.051344151126180675,
    "V": 0.0806490675708404,
    "W": 0.006054734802615646,
    "Y": 0.024218939210462583
  },
  "+3": {
    "A": 0.08646161298135141,
    "C": 0.01332041656575442,
    "D": 0.06078953741826108,
    "E": 0.0741099539840155,
    "F": 0.030273674013078226,
    "G": 0.06127391620247033,
    "H": 0.023976749818357956,
    "I": 0.05328166626301768,