{
  "-10": {
    "A": -5.129283016944966,
    "C": -4.54432051622381,
    "D": -5.714245517666122,
    "E": -4.714245517666122,
    "F": "-inf",
    "G": -5.714245517666122,
    "H": -7.714245517666122,
    "I": -4.906890595608519,
    "K": -7.714245517666122,
    "L": -6.129283016944966,
    "M": "-inf",
    "N": -6.714245517666122,
    "P": -5.392317422778761,
    "Q": -6.714245517666122,
    "R": -5.129283016944966,
    "S": -4.254813899028825,
    "T": -6.714245517666122,
    "V": -5.129283016944966,
    "W": -0.6698513983076693,
    "Y": "-inf"
  },
  "-9": {
    "A": -5.392317422778761,
    "C": -4.54432051622381,
    "D": -4.129283016944966,
    "E": -7.714245517666122,
    "F": -6.714245517666122,
    "G": -7.714245517666122,
    "H": -6.129283016944966,
    "I": -6.714245517666122,
    "K": -1.6057210608879535,
    "L": -6.714245517666122,
    "M": -5.392317422778761,
    "N": -5.714245517666122,
    "P": -6.129283016944966,
    "Q": -6.129283016944966,
    "R": "-inf",
    "S": -4.714245517666122,
    "T": -1.4854268271702418,
    "V": -6.714245517666122,
    "W": "-inf",
    "Y": -6.129283016944966
  },
  "-8": {
    "A": -0.7030182622428685,
    "C": -4.013805799525031,
    "D": -7.714245517666122,
    "E": -7.714245517666122,
    "F": "-inf",
    "G": -4.013805799525031,
    "H": -6.714245517666122,
    "I": -6.714245517666122,
    "K": -5.392317422778761,
    "L": -7.714245517666122,
    "M": "-inf",
    "N": "-inf",
    "P": -3.6267826764157833,
    "Q": -5.392317422778761,
    "R": -7.714245517666122,
    "S": -5.714245517666122,
    "T": -6.714245517666122,
    "V": -4.54432051622381,
    "W": -7.714245517666122,
    "Y": -6.129283016944966
  },
  "-7": {
    "A": -4.714245517666122,
    "C": -6.714245517666122,
    "D": -6.714245517666122,
    "E": -5.129283016944966,
    "F": "-inf",
    "G": -5.714245517666122,
    "H": -4.906890595608519,
    "I": -4.54432051622381,
    "K": -7.714245517666122,
    "L": -4.714245517666122,
    "M": "-inf",
    "N": -6.714245517666122,
    "P": -3.321928094887362,
    "Q": -5.392317422778761,
    "R": -5.129283016944966,
    "S": -4.392317422778761,
    "T": -2.19068356160911,
    "V": -4.906890595608519,
    "W": -1.6698513983076693,
    "Y": "-inf"
  },
  "-6": {
    "A": -6.129283016944966,
    "C": -4.906890595608519,
    "D": -4.013805799525031,
    "E": "-inf",
    "F": -6.129283016944966,
    "G": -7.714245517666122,
    "H": -6.129283016944966,
    "I": "-inf",
    "K": -1.6267826764157831,
    "L": -5.129283016944966,
    "M": -5.714245517666122,
    "N": -6.714245517666122,
    "P": -1.5443205162238103,
    "Q": "-inf",
    "R": -7.714245517666122,
    "S": -5.714245517666122,
    "T": -4.906890595608519,
    "V": -6.129283016944966,
    "W": -4.254813899028825,
    "Y": -6.714245517666122
  },
  "-5": {
    "A": -1.6698513983076693,
    "C": -3.9068905956085187,
    "D": -5.714245517666122,
    "E": -7.714245517666122,
    "F": "-inf",
    "G": -3.5443205162238103,
    "H": -7.714245517666122,
    "I": -7.714245517666122,
    "K": -2.1596566659884853,
    "L": "-inf",
    "M": "-inf",
    "N": -7.714245517666122,
    "P": -2.7600492072792475,
    "Q": "-inf",
    "R": "-inf",
    "S": -3.6267826764157833,
    "T": -6.714245517666122,
    "V": -6.129283016944966,
    "W": "-inf",
    "Y": -5.714245517666122
  },
  "-4": {
    "A": -3.19068356160911,
    "C": -5.714245517666122,
    "D": -6.714245517666122,
    "E": -4.54432051622381,
    "F": -6.129283016944966,
    "G": -4.54432051622381,
    "H": -4.906890595608519,
    "I": -6.714245517666122,
    "K": -7.714245517666122,
    "L": -4.714245517666122,
    "M": "-inf",
    "N": -6.129283016944966,
    "P": -1.6267826764157831,
    "Q": -6.129283016944966,
    "R": -5.714245517666122,
    "S": -4.714245517666122,
    "T": -2.070389327891398,
    "V": -5.714245517666122,
    "W": "-inf",
    "Y": -6.714245517666122
  },
  "-3": {
    "A": -7.714245517666122,
    "C": "-inf",
    "D": -5.392317422778761,
    "E": "-inf",
    "F": -7.714245517666122,
    "G": -7.714245517666122,
    "H": -6.129283016944966,
    "I": -7.714245517666122,
    "K": -7.714245517666122,
    "L": -5.129283016944966,
    "M": -5.392317422778761,
    "N": "-inf",
    "P": -1.6267826764157831,
    "Q": -6.129283016944966,
    "R": -6.714245517666122,
    "S": -6.714245517666122,
    "T": -7.714245517666122,
    "V": -6.714245517666122,
    "W": -1.0,
    "Y": -6.129283016944966
  },
  "-2": {
    "A": -6.129283016944966,
    "C": -7.714245517666122,
    "D": -6.714245517666122,
    "E": "-inf",
    "F": -7.714245517666122,
    "G": -3.070389327891398,
    "H": "-inf",
    "I": -6.714245517666122,
    "K": -2.2879807629640245,
    "L": "-inf",
    "M": "-inf",
    "N": -7.714245517666122,
    "P": -3.0138057995250302,
    "Q": "-inf",
    "R": "-inf",
    "S": -2.6267826764157833,
    "T": -1.5644983981614404,
    "V": "-inf",
    "W": "-inf",
    "Y": -7.714245517666122
  },
  "-1": {
    "A": -1.304854581528421,
    "C": -5.714245517666122,
    "D": "-inf",
    "E": -4.254813899028825,
    "F": -7.714245517666122,
    "G": -4.906890595608519,
    "H": -6.714245517666122,
    "I": "-inf",
    "K": "-inf",
    "L": -6.129283016944966,
    "M": "-inf",
    "N": -5.129283016944966,
    "P": -1.9068905956085185,
    "Q": -6.714245517666122,
    "R": "-inf",
    "S": -4.013805799525031,
    "T": -4.013805799525031,
    "V": -5.129283016944966,
    "W": "-inf",
    "Y": -7.714245517666122
  },
  "0": {
    "A": "-inf",
    "C": "-inf",
    "D": "-inf",
    "E": "-inf",
    "F": "-inf",
    "G": "-inf",
    "H": "-inf",
    "I": "-inf",
    "K": "-inf",
    "L": "-inf",
    "M": "-inf",
    "N": "-inf",
    "P": "-inf",
    "Q": "-inf",
    "R": "-inf",
    "S": "-inf",
    "T": "-inf",
    "V": "-inf",
    "W": 0.0,
    "Y": "-inf"
  },
  "+1": {
    "A": -6.129283016944966,
    "C": "-inf",
    "D": -7.714245517666122,
    "E": -7.714245517666122,
    "F": "-inf",
    "G": -3.9068905956085187,
    "H": "-inf",
    "I": -5.714245517666122,
    "K": -1.691877704637668,
    "L": "-inf",
    "M": "-inf",
    "N": -7.714245517666122,
    "P": "-inf",
    "Q": "-inf",
    "R": -6.129283016944966,
    "S": -2.1596566659884853,
    "T": -1.5644983981614404,
    "V": "-inf",
    "W": "-inf",
    "Y": "-inf"
  },
  "+2": {
    "A": -0.6267826764157831,
    "C": -6.129283016944966,
    "D": -5.392317422778761,
    "E": -4.013805799525031,
    "F": "-inf",
    "G": -7.714245517666122,
    "H": -7.714245517666122,
    "I": "-inf",
    "K": -7.714245517666122,
    "L": -7.714245517666122,
    "M": "-inf",
    "N": -7.714245517666122,
    "P": -3.7142455176661224,
    "Q": -5.714245517666122,
    "R": "-inf",
    "S": -4.392317422778761,
    "T": -4.392317422778761,
    "V": -4.906890595608519,
    "W": "-inf",
    "Y": -7.714245517666122
  },
  "+3": {
    "A": -7.714245517666122,
    "C": -3.19068356160911,
    "D": "-inf",
    "E": "-inf",
    "F": "-inf",
    "G": "-inf",
    "H": -6.129283016944966,
    "I": "-inf",
    "K": "-inf",
    "L": "-inf",
    "M": "-inf",
    "N": "-inf",
    "P": -3.3923174227787602,
    "Q": "-inf",
    "R": "-inf",
    "S": "-inf",
    "T": -2.19068356160911,
    "V": -7.714245517666122,
    "W": -0.8687554667217473,
    "Y": "-inf"
  },
  "+4": {
    "A": -6.714245517666122,
    "C": "-inf",
    "D": -4.906890595608519,
    "E": -7.714245517666122,
    "F": -6.714245517666122,
    "G": -4.906890595608519,
    "H": "-inf",
    "I": -6.129283016944966,
    "K": -1.6698513983076693,
    "L": -6.714245517666122,
    "M": -6.714245517666122,
    "N": -7.714245517666122,
    "P": -1.6698513983076693,
    "Q": "-inf",
    "R": -5.714245517666122,
    "S": -2.3923174227787602,
    "T": -5.392317422778761,
    "V": -7.714245517666122,
    "W": "-inf",
    "Y": "-inf"
  },
  "+5": {
    "A": -1.4854268271702418,
    "C": "-inf",
    "D": -4.906890595608519,
    "E": -5.392317422778761,
    "F": "-inf",
    "G": -6.129283016944966,
    "H": "-inf",