{
  "-10": {
    "A": -2.6883624272244813,
    "C": -4.304197175773195,
    "D": -2.9010983525240466,
    "E": -2.4786270595064255,
    "F": -3.3453078728796632,
    "G": -2.9132917027332303,
    "H": -3.778732102254654,
    "I": -3.024834663845694,
    "K": -2.534133327143041,
    "L": -2.3644684382793035,
    "M": -3.8908302345365504,
    "N": -3.196699700662835,
    "P": -3.013723111795677,
    "Q": -3.0644503707539856,
    "R": -2.7702084856734417,
    "S": -2.6784459629216384,
    "T": -2.901986800151015,
    "V": -2.8368145260970596,
    "W": -4.7113636879498095,
    "Y": -3.6352460247890366
  },
  "-9": {
    "A": -2.709529948234942,
    "C": -4.067294069175874,
    "D": -2.842020568993218,
    "E": -2.536996633497533,
    "F": -3.3890971227265623,
    "G": -2.8577532938047603,
    "H": -3.8489911888709774,
    "I": -3.0301695905475747,
    "K": -2.5702838396226926,
    "L": -2.346967688847615,
    "M": -3.8742433325484598,
    "N": -3.1958575953499126,
    "P": -3.0719826654264555,
    "Q": -3.0753970152064785,
    "R": -2.7660010341175894,
    "S": -2.613808144962268,
    "T": -2.9672854832606053,
    "V": -2.843942840822539,
    "W": -4.449638197058813,
    "Y": -3.598066227025984
  },
  "-8": {
    "A": -2.7265819948013656,
    "C": -4.3405490797207165,
    "D": -2.9123403284542837,
    "E": -2.524803120226993,
    "F": -3.4074762041332134,
    "G": -2.8933449638716406,
    "H": -3.6565889691459876,
    "I": -3.0045279122809,
    "K": -2.5419816342691766,
    "L": -2.3096443187130355,
    "M": -3.819637862899937,
    "N": -3.191517979104373,
    "P": -2.9890647237066292,
    "Q": -3.0299318773474297,
    "R": -2.8097042137250963,
    "S": -2.6481774329783696,
    "T": -2.9602222465322168,
    "V": -2.8464127096932024,
    "W": -4.681172715670664,
    "Y": -3.5901271902372187
  },
  "-7": {
    "A": -2.6882357514088366,
    "C": -4.381251718943061,
    "D": -2.798279852074914,
    "E": -2.3771017383021937,
    "F": -3.36887909768107,
    "G": -2.914349847903651,
    "H": -3.847913457391207,
    "I": -3.0592969851158505,
    "K": -2.540377901602953,
    "L": -2.4349809673497878,
    "M": -3.954666261792053,
    "N": -3.163964231573959,
    "P": -3.0898028762626106,
    "Q": -2.9559087962784973,
    "R": -2.7672339954355074,
    "S": -2.65583281689166,
    "T": -3.020999285195165,
    "V": -2.8035728701034075,
    "W": -4.81488114644737,
    "Y": -3.563738267411256
  },
  "-6": {
    "A": -2.6848215560123934,
    "C": -4.383089532462865,
    "D": -2.83867772840121,
    "E": -2.5024649342606007,
    "F": -3.338327325053576,
    "G": -2.9133974668792835,
    "H": -3.9801569455655192,
    "I": -2.9628303887393006,
    "K": -2.548238858702565,
    "L": -2.2994031613724557,
    "M": -3.791757895026201,
    "N": -3.17290474497429,
    "P": -3.1420562254702764,
    "Q": -2.982526337278453,
    "R": -2.78997170036409,
    "S": -2.6804549201954693,
    "T": -3.0060932661095374,
    "V": -2.775492817326809,
    "W": -4.598274494920325,
    "Y": -3.6263599671846705
  },
  "-5": {
    "A": -2.675815316478998,
    "C": -4.362606340226468,
    "D": -2.849980072144594,
    "E": -2.4986152759751397,
    "F": -3.3311542134990044,
    "G": -2.991120340258715,
    "H": -3.8079266034790353,
    "I": -2.9902062111886027,
    "K": -2.5319641288954955,
    "L": -2.319640914804825,
    "M": -3.946757543407719,
    "N": -3.1884496363902404,
    "P": -3.0544135667917693,
    "Q": -3.007138198284031,
    "R": -2.9084386046391457,
    "S": -2.5938241650207625,
    "T": -2.957620889039242,
    "V": -2.801442843027753,
    "W": -4.773605996827031,
    "Y": -3.4391773706748916
  },
  "-4": {
    "A": -2.6554649970375017,
    "C": -4.654879547073995,
    "D": -2.828569973701503,
    "E": -2.3188818571675855,
    "F": -3.400652007995926,
    "G": -2.910756713258465,
    "H": -3.926453771042866,
    "I": -2.9580631956755234,
    "K": -2.6575511006675363,
    "L": -2.302269314094064,
    "M": -3.925580281396412,
    "N": -3.1640321778963902,
    "P": -2.948541672958646,
    "Q": -3.055388344497808,
    "R": -3.03888502298333,
    "S": -2.6211249629397098,
    "T": -2.9491992072289124,
    "V": -2.823868416438138,
    "W": -4.6369364819545895,
    "Y": -3.5695312608971124
  },
  "-3": {
    "A": -2.6420708524815013,
    "C": -4.559130554251823,
    "D": -2.8606588163377378,
    "E": -2.292813586672839,
    "F": -3.34384279041021,
    "G": -2.8907048691584056,
    "H": -3.9990839765938637,
    "I": -3.0140739684743245,
    "K": -2.7223790202678546,
    "L": -2.295889022647573,
    "M": -4.008683546731141,
    "N": -3.157597803027,
    "P": -2.9241376807115986,
    "Q": -2.9339142948962156,
    "R": -3.0730988061760467,
    "S": -2.6692481038826603,
    "T": -2.939381303559982,
    "V": -2.817986330147425,
    "W": -4.677153541918956,
    "Y": -3.5239058178622082
  },
  "-2": {
    "A": -2.6131028986845553,
    "C": -4.449638197058813,
    "D": -2.867303024602709,
    "E": -2.614906184288279,
    "F": -3.119902484608693,
    "G": -2.871351408250434,
    "H": -4.035608250101734,
    "I": -2.850377232453642,
    "K": -2.8252232990609634,
    "L": -2.1229660851395673,
    "M": -3.9189087555633892,
    "N": -3.049250932712962,
    "P": -3.090244586318696,
    "Q": -2.9942690475975327,
    "R": -3.2051599880122263,
    "S": -2.6700355544486625,
    "T": -2.933320678948291,
    "V": -2.770575189014551,
    "W": -4.550666339896237,
    "Y": -3.4939755261563414
  },
  "-1": {
    "A": -2.6464751669328144,
    "C": -4.558308298483966,
    "D": -3.080696775093794,
    "E": -2.3461276299940965,
    "F": -3.395585662523405,
    "G": -2.6323213319365255,
    "H": -4.114676773577426,
    "I": -2.953373661275109,
    "K": -2.9605548223348497,
    "L": -2.1496369258652273,
    "M": -3.821078690970274,
    "N": -3.1662770004437784,
    "P": -3.169414578899331,
    "Q": -2.839905415347955,
    "R": -3.222946806445868,
    "S": -2.580277700261123,
    "T": -2.9227487915994446,
    "V": -2.7653623188260177,
    "W": -4.589473870340773,
    "Y": -3.58638847988995
  },
  "0": {
    "A": "-inf",
    "C": "-inf",
    "D": "-inf",
    "E": "-inf",
    "F": "-inf",
    "G": "-inf",
    "H": "-inf",
    "I": "-inf",
    "K": 0.0,
    "L": "-inf",
    "M": "-inf",
    "N": "-inf",
    "P": "-inf",
    "Q": "-inf",
    "R": "-inf",
    "S": "-inf",
    "T": "-inf",
    "V": "-inf",
    "W": "-inf",
    "Y": "-inf"
  },
  "+1": {
    "A": -2.579217013746041,
    "C": -4.544162251927061,
    "D": -2.8223705059843525,
    "E": -2.361631816530062,
    "F": -3.2680572625661504,
    "G": -2.8401019852046003,
    "H": -3.978007727667301,
    "I": -2.995301690681666,
    "K": -2.9356972599523874,
    "L": -2.3372899048993907,
    "M": -3.9683930027035976,
    "N": -3.092709120410785,
    "P": -2.950021733527582,
    "Q": -2.917849692392409,
    "R": -3.029991300350092,
    "S": -2.7257925903221647,
    "T": -2.878935492651489,
    "V": -2.8047581818606084,
    "W": -4.610322833436499,
    "Y": -3.409732366145441
  },
  "+2": {
    "A": -2.705097259635044,
    "C": -4.472004934633575,
    "D": -3.0664822034882127,
    "E": -2.6525272985683506,
    "F": -3.0859619245266954,
    "G": -2.8077514136951276,
    "H": -4.0145514566774425,
    "I": -2.8669495695761804,
    "K": -2.7465671509297094,
    "L": -2.03172522478394,
    "M": -3.8943501255343302,
    "N": -3.2524220085783955,
    "P": -3.024598215301707,
    "Q": -2.9697442718701246,
    "R": -3.0014622882239808,
    "S": -2.7493011687230973,
    "T": -3.0056292020603714,
    "V": -2.7778452711896597,
    "W": -4.520405629544168,
    "Y": -3.470807745432124
  },
  "+3": {
    "A": -2.7167155042147284,
    "C": -4.519614594565544,
    "D": -2.8735342056347926,
    "E": -2.397602456274537,
    "F": -3.348162803649488,
    "G": -2.8630194995204845,
    "H": -3.9760161528994877,
    "I": -2.960721151722864,
    "K": -2.667426911326311,
    "L": -2.332485910131648,
    "M": -4.067294069175874,
    "N": -3.1518756156809102,
    "P": -2.948432125935477,