{
  "-10": {
    "A": 0.12121212121212122,
    "C": 0.0,
    "D": 0.0,
    "E": 0.06060606060606061,
    "F": 0.12121212121212122,
    "G": 0.09090909090909091,
    "H": 0.030303030303030304,
    "I": 0.09090909090909091,
    "K": 0.030303030303030304,
    "L": 0.18181818181818182,
    "M": 0.0,
    "N": 0.030303030303030304,
    "P": 0.0,
    "Q": 0.06060606060606061,
    "R": 0.06060606060606061,
    "S": 0.0,
    "T": 0.0,
    "V": 0.030303030303030304,
    "W": 0.0,
    "Y": 0.0
  },
  "-9": {
    "A": 0.06060606060606061,
    "C": 0.0,
    "D": 0.0,
    "E": 0.030303030303030304,
    "F": 0.030303030303030304,
    "G": 0.030303030303030304,
    "H": 0.09090909090909091,
    "I": 0.06060606060606061,
    "K": 0.0,
    "L": 0.06060606060606061,
    "M": 0.06060606060606061,
    "N": 0.0,
    "P": 0.0,
    "Q": 0.030303030303030304,
    "R": 0.030303030303030304,
    "S": 0.24242424242424243,
    "T": 0.0,
    "V": 0.15151515151515152,
    "W": 0.0,
    "Y": 0.030303030303030304
  },
  "-8": {
    "A": 0.09090909090909091,
    "C": 0.030303030303030304,
    "D": 0.0,
    "E": 0.06060606060606061,
    "F": 0.18181818181818182,
    "G": 0.0,
    "H": 0.030303030303030304,
    "I": 0.0,
    "K": 0.06060606060606061,
    "L": 0.09090909090909091,
    "M": 0.0,
    "N": 0.0,
    "P": 0.09090909090909091,
    "Q": 0.030303030303030304,
    "R": 0.09090909090909091,
    "S": 0.09090909090909091,
    "T": 0.030303030303030304,
    "V": 0.030303030303030304,
    "W": 0.0,
    "Y": 0.0
  },
  "-7": {
    "A": 0.06060606060606061,
    "C": 0.0,
    "D": 0.030303030303030304,
    "E": 0.06060606060606061,
    "F": 0.030303030303030304,
    "G": 0.030303030303030304,
    "H": 0.030303030303030304,
    "I": 0.0,
    "K": 0.21212121212121213,
    "L": 0.0,
    "M": 0.0,
    "N": 0.030303030303030304,
    "P": 0.06060606060606061,
    "Q": 0.030303030303030304,
    "R": 0.09090909090909091,
    "S": 0.06060606060606061,
    "T": 0.18181818181818182,
    "V": 0.0,
    "W": 0.0,
    "Y": 0.0
  },
  "-6": {
    "A": 0.0,
    "C": 0.0,
    "D": 0.06060606060606061,
    "E": 0.030303030303030304,
    "F": 0.06060606060606061,
    "G": 0.06060606060606061,
    "H": 0.030303030303030304,
    "I": 0.06060606060606061,
    "K": 0.030303030303030304,
    "L": 0.030303030303030304,
    "M": 0.18181818181818182,
    "N": 0.030303030303030304,
    "P": 0.0,
    "Q": 0.030303030303030304,
    "R": 0.06060606060606061,
    "S": 0.030303030303030304,
    "T": 0.030303030303030304,
    "V": 0.06060606060606061,
    "W": 0.0,
    "Y": 0.12121212121212122
  },
  "-5": {
    "A": 0.030303030303030304,
    "C": 0.09090909090909091,
    "D": 0.0,
    "E": 0.0,
    "F": 0.09090909090909091,
    "G": 0.0,
    "H": 0.0,
    "I": 0.0,
    "K": 0.09090909090909091,
    "L": 0.06060606060606061,
    "M": 0.09090909090909091,
    "N": 0.030303030303030304,
    "P": 0.0,
    "Q": 0.0,
    "R": 0.030303030303030304,
    "S": 0.18181818181818182,
    "T": 0.06060606060606061,
    "V": 0.18181818181818182,
    "W": 0.030303030303030304,
    "Y": 0.0
  },
  "-4": {
    "A": 0.030303030303030304,
    "C": 0.0,
    "D": 0.24242424242424243,
    "E": 0.0,
    "F": 0.0,
    "G": 0.15151515151515152,
    "H": 0.0,
    "I": 0.0,
    "K": 0.0,
    "L": 0.030303030303030304,
    "M": 0.0,
    "N": 0.030303030303030304,
    "P": 0.18181818181818182,
    "Q": 0.15151515151515152,
    "R": 0.0,
    "S": 0.030303030303030304,
    "T": 0.09090909090909091,
    "V": 0.0,
    "W": 0.0,
    "Y": 0.030303030303030304
  },
  "-3": {
    "A": 0.09090909090909091,
    "C": 0.0,
    "D": 0.0,
    "E": 0.0,
    "F": 0.0,
    "G": 0.0,
    "H": 0.09090909090909091,
    "I": 0.0,
    "K": 0.06060606060606061,
    "L": 0.0,
    "M": 0.030303030303030304,
    "N": 0.0,
    "P": 0.18181818181818182,
    "Q": 0.06060606060606061,
    "R": 0.09090909090909091,
    "S": 0.030303030303030304,
    "T": 0.030303030303030304,
    "V": 0.2727272727272727,
    "W": 0.0,
    "Y": 0.06060606060606061
  },
  "-2": {
    "A": 0.06060606060606061,
    "C": 0.0,
    "D": 0.06060606060606061,
    "E": 0.06060606060606061,
    "F": 0.0,
    "G": 0.21212121212121213,
    "H": 0.0,
    "I": 0.030303030303030304,
    "K": 0.12121212121212122,
    "L": 0.0,
    "M": 0.0,
    "N": 0.030303030303030304,
    "P": 0.06060606060606061,
    "Q": 0.0,
    "R": 0.030303030303030304,
    "S": 0.030303030303030304,
    "T": 0.21212121212121213,
    "V": 0.030303030303030304,
    "W": 0.0,
    "Y": 0.06060606060606061
  },
  "-1": {
    "A": 0.06060606060606061,
    "C": 0.0,
    "D": 0.0,
    "E": 0.0,
    "F": 0.0,
    "G": 0.36363636363636365,
    "H": 0.0,
    "I": 0.12121212121212122,
    "K": 0.030303030303030304,
    "L": 0.030303030303030304,
    "M": 0.030303030303030304,
    "N": 0.0,
    "P": 0.06060606060606061,
    "Q": 0.030303030303030304,
    "R": 0.09090909090909091,
    "S": 0.09090909090909091,
    "T": 0.0,
    "V": 0.09090909090909091,
    "W": 0.0,
    "Y": 0.0
  },
  "0": {
    "A": 0.0,
    "C": 0.0,
    "D": 0.0,
    "E": 0.0,
    "F": 0.0,
    "G": 0.0,
    "H": 0.0,
    "I": 0.0,
    "K": 0.0,
    "L": 0.0,
    "M": 0.0,
    "N": 0.0,
    "P": 0.0,
    "Q": 1.0,
    "R": 0.0,
    "S": 0.0,
    "T": 0.0,
    "V": 0.0,
    "W": 0.0,
    "Y": 0.0
  },
  "+1": {
    "A": 0.06060606060606061,
    "C": 0.0,
    "D": 0.09090909090909091,
    "E": 0.030303030303030304,
    "F": 0.0,
    "G": 0.09090909090909091,
    "H": 0.06060606060606061,
    "I": 0.030303030303030304,
    "K": 0.06060606060606061,
    "L": 0.030303030303030304,
    "M": 0.0,
    "N": 0.0,
    "P": 0.0,
    "Q": 0.030303030303030304,
    "R": 0.18181818181818182,
    "S": 0.06060606060606061,
    "T": 0.06060606060606061,
    "V": 0.030303030303030304,
    "W": 0.030303030303030304,
    "Y": 0.0
  },
  "+2": {
    "A": 0.0,
    "C": 0.0,
    "D": 0.09090909090909091,
    "E": 0.0,
    "F": 0.030303030303030304,
    "G": 0.09090909090909091,
    "H": 0.0,
    "I": 0.030303030303030304,
    "K": 0.06060606060606061,
    "L": 0.09090909090909091,
    "M": 0.0,
    "N": 0.0,
    "P": 0.12121212121212122,
    "Q": 0.0,
    "R": 0.030303030303030304,
    "S": 0.24242424242424243,
    "T": 0.06060606060606061,
    "V": 0.0,
    "W": 0.0,
    "Y": 0.0
  },
  "+3": {
    "A": 0.030303030303030304,
    "C": 0.0,
    "D": 0.0,
    "E": 0.15151515151515152,
    "F": 0.12121212121212122,
    "G": 0.12121212121212122,
    "H": 0.0,
    "I": 0.0,
    "K": 0.030303030303030304,
    "L": 0.12121212121212122,
    "M": 0.0,
    "N": 0.0,
    "P": 0.0,
    "Q": 0.06060606060606061,
    "R": 0.030303030303030304,
    "S": 0.09090909090909091,
    "T": 0.030303030303030304,
    "V": 0.0,
    "W": 0.06060606060606061,
    "Y": 0.0
  },
  "+4": {
    "A": 0.09090909090909091,
    "C": 0.0,
    "D": 0.09090909090909091,
    "E": 0.0,
    "F": 0.09090909090909091,
    "G": 0.0,
    "H": 0.030303030303030304,
    "I": 0.0,
    "K": 0.030303030303030304,
    "L": 0.0,
    "M": 0.0,
    "N": 0.0,
    "P": 0.0,
    "Q": 0.030303030303030304,
    "R": 0.2727272727272727,
    "S": 0.12121212121212122,
    "T": 0.0,
    "V": 0.06060606060606061,
    "W": 0.030303030303030304,
    "Y": 0.0
  },
  "+5": {
    "A": 0.06060606060606061,
    "C": 0.0,
    "D": 0.06060606060606061,
    "E": 0.06060606060606061,
    "F": 0.030303030303030304,
    "G": 0.12121212121212122,
    "H": 0.030303030303030304,
    "I": 0.0,
    "K": 0.21212121212121213,
    "L": 0.0,
    "M": 0.0,
    "N": 0.0,
    "P": 0.030303030303030304,
    "Q": 0.0,
    "R": 0.06060606060606061,
    "S": 0.09090909090909091,
    "T": 0.09090909090909091,
    "V": 0.0,
    "W": 0.0,
    "Y": 0.0
  },
  "+6": {
    "A": 0.0,
    "C": 0.0,
    "D": 0.0,
    "E": 0.030303030303030304,
    "F": 0.0,
    "G": 0.030303030303030304,
    "H": 0.0,
    "I": 0.12121212121212122,
    "K": 0.15151515151515152,
    "L": 0.09090909090909091,
    "M": 0.0,
    "N": 0.0,
    "P": 0.0,
    "Q": 0.0,
    "R": 0.15151515151515152,