{
  "-10": {
    "A": 0.0760374190453346,
    "C": 0.015591268889421923,
    "D": 0.047493403693931395,
    "E": 0.06476373230990645,
    "F": 0.038138642360278245,
    "G": 0.06500359798512832,
    "H": 0.024706164547853203,
    "I": 0.049412329095706406,
    "K": 0.07459822499400336,
    "L": 0.0870712401055409,
    "M": 0.024226433197409452,
    "N": 0.03861837371072199,
    "P": 0.04317582153993763,
    "Q": 0.04245622451427201,
    "R": 0.05612856800191893,
    "S": 0.06092588150635644,
    "T": 0.06092588150635644,
    "V": 0.07339889661789398,
    "W": 0.012952746461981291,
    "Y": 0.0326217318301751
  },
  "-9": {
    "A": 0.0741184936435596,
    "C": 0.018229791316862556,
    "D": 0.053969776924922046,
    "E": 0.06884144878867834,
    "F": 0.04293595586471576,
    "G": 0.06740225473734708,
    "H": 0.023746701846965697,
    "I": 0.05588870232669705,
    "K": 0.07795634444710962,
    "L": 0.08970976253298153,
    "M": 0.018469656992084433,
    "N": 0.03909810506116575,
    "P": 0.050611657471815785,
    "Q": 0.03981770208683137,
    "R": 0.06308467258335332,
    "S": 0.05588870232669705,
    "T": 0.050851523147037656,
    "V": 0.06644279203645959,
    "W": 0.007675701607100024,
    "Y": 0.025425761573518828
  },
  "-8": {
    "A": 0.07723674742144399,
    "C": 0.01631086591508755,
    "D": 0.05468937395058767,
    "E": 0.05900695610458143,
    "F": 0.03454065723195011,
    "G": 0.07891580714799712,
    "H": 0.02254737347085632,
    "I": 0.052770448548812667,
    "K": 0.07243943391700648,
    "L": 0.0801151355241065,
    "M": 0.02038858239385944,
    "N": 0.04461501559126889,
    "P": 0.054209642600143916,
    "Q": 0.036939313984168866,
    "R": 0.06164547853202207,
    "S": 0.06980091148956584,
    "T": 0.05372991124970017,
    "V": 0.06452386663468458,
    "W": 0.011993283761093787,
    "Y": 0.024706164547853203
  },
  "-7": {
    "A": 0.08419285200287839,
    "C": 0.016550731590309425,
    "D": 0.05013192612137203,
    "E": 0.06260494123290956,
    "F": 0.029023746701846966,
    "G": 0.08275365795154713,
    "H": 0.02038858239385944,
    "I": 0.04797313504437515,
    "K": 0.07843607579755336,
    "L": 0.09066922523386903,
    "M": 0.021108179419525065,
    "N": 0.036939313984168866,
    "P": 0.045334612616934514,
    "Q": 0.040297433437275126,
    "R": 0.07435835931878149,
    "S": 0.05468937395058767,
    "T": 0.05372991124970017,
    "V": 0.06884144878867834,
    "W": 0.0074358359318781484,
    "Y": 0.027824418325737586
  },
  "-6": {
    "A": 0.07579755337011274,
    "C": 0.012712880786759414,
    "D": 0.048452866394818904,
    "E": 0.07555768769489087,
    "F": 0.03502038858239386,
    "G": 0.07291916526745022,
    "H": 0.030702806428400096,
    "I": 0.04797313504437515,
    "K": 0.07507795634444711,
    "L": 0.08155432957543776,
    "M": 0.022067642120412567,
    "N": 0.03717917965939074,
    "P": 0.05492923962580955,
    "Q": 0.04197649316382825,
    "R": 0.0633245382585752,
    "S": 0.06908131446390021,
    "T": 0.05253058287359079,
    "V": 0.06164547853202207,
    "W": 0.006716238906212521,
    "Y": 0.029503478052290717
  },
  "-5": {
    "A": 0.07939553849844087,
    "C": 0.015111537538978172,
    "D": 0.06020628448069081,
    "E": 0.0712401055408971,
    "F": 0.03430079155672823,
    "G": 0.08563204605420964,
    "H": 0.021827776445190693,
    "I": 0.054209642600143916,
    "K": 0.07747661309666587,
    "L": 0.08946989685775965,
    "M": 0.021348045094746942,
    "N": 0.040537299112497004,
    "P": 0.039337970736387624,
    "Q": 0.03885823938594387,
    "R": 0.059966418805468935,
    "S": 0.06308467258335332,
    "T": 0.04581434396737827,
    "V": 0.06596306068601583,
    "W": 0.008395298632765651,
    "Y": 0.025425761573518828
  },
  "-4": {
    "A": 0.07699688174622212,
    "C": 0.013912209162868793,
    "D": 0.05588870232669705,
    "E": 0.06404413528424083,
    "F": 0.044854881266490766,
    "G": 0.0712401055408971,
    "H": 0.024466298872631326,
    "I": 0.054209642600143916,
    "K": 0.06500359798512832,
    "L": 0.09930438954185657,
    "M": 0.01918925401775006,
    "N": 0.04077716478771888,
    "P": 0.0395778364116095,
    "Q": 0.040537299112497004,
    "R": 0.047493403693931395,
    "S": 0.06404413528424083,
    "T": 0.05708803070280643,
    "V": 0.08179419525065963,
    "W": 0.009114895658431278,
    "Y": 0.029503478052290717
  },
  "-3": {
    "A": 0.09018949388342529,
    "C": 0.01631086591508755,
    "D": 0.050611657471815785,
    "E": 0.07147997121611897,
    "F": 0.03046294075317822,
    "G": 0.07699688174622212,
    "H": 0.021108179419525065,
    "I": 0.05109138882225953,
    "K": 0.062365075557687694,
    "L": 0.09450707603741905,
    "M": 0.027104821300071958,
    "N": 0.03837850803550012,
    "P": 0.040537299112497004,
    "Q": 0.03573998560805949,
    "R": 0.053969776924922046,
    "S": 0.06788198608779084,
    "T": 0.061885344207243946,
    "V": 0.079155672823219,
    "W": 0.005037179179659391,
    "Y": 0.024946030223075077
  },
  "-2": {
    "A": 0.08659150875509715,
    "C": 0.004797313504437515,
    "D": 0.046054209642600145,
    "E": 0.061165747181578314,
    "F": 0.03645958263372511,
    "G": 0.06764212041256897,
    "H": 0.025905492923962582,
    "I": 0.05684816502758455,
    "K": 0.07459822499400336,
    "L": 0.09666586711441592,
    "M": 0.014152074838090669,
    "N": 0.041496761813384506,
    "P": 0.05588870232669705,
    "Q": 0.03909810506116575,
    "R": 0.055408970976253295,
    "S": 0.06860158311345646,
    "T": 0.052770448548812667,
    "V": 0.08275365795154713,
    "W": 0.006236507555768769,
    "Y": 0.026864955624850084
  },
  "-1": {
    "A": 0.08275365795154713,
    "C": 0.014152074838090669,
    "D": 0.05564883665147517,
    "E": 0.05804749340369393,
    "F": 0.03789877668505637,
    "G": 0.07939553849844087,
    "H": 0.027104821300071958,
    "I": 0.06044615015591269,
    "K": 0.05684816502758455,
    "L": 0.08946989685775965,
    "M": 0.014391940513312544,
    "N": 0.049412329095706406,
    "P": 0.04629407531782202,
    "Q": 0.04173662748860638,
    "R": 0.04293595586471576,
    "S": 0.079155672823219,
    "T": 0.059966418805468935,
    "V": 0.06452386663468458,
    "W": 0.009354761333653155,
    "Y": 0.03046294075317822
  },
  "0": {
    "A": 0.0,
    "C": 1.0,
    "D": 0.0,
    "E": 0.0,
    "F": 0.0,
    "G": 0.0,
    "H": 0.0,
    "I": 0.0,
    "K": 0.0,
    "L": 0.0,
    "M": 0.0,
    "N": 0.0,
    "P": 0.0,
    "Q": 0.0,
    "R": 0.0,
    "S": 0.0,
    "T": 0.0,
    "V": 0.0,
    "W": 0.0,
    "Y": 0.0
  },
  "+1": {
    "A": 0.06572319501079396,
    "C": 0.012712880786759414,
    "D": 0.0633245382585752,
    "E": 0.06380426960901894,
    "F": 0.0395778364116095,
    "G": 0.0760374190453346,
    "H": 0.024466298872631326,
    "I": 0.056368433677140804,
    "K": 0.05756776205325018,
    "L": 0.09714559846485968,
    "M": 0.015591268889421923,
    "N": 0.040537299112497004,
    "P": 0.06740225473734708,
    "Q": 0.044854881266490766,
    "R": 0.04005756776205325,
    "S": 0.0712401055408971,
    "T": 0.06644279203645959,
    "V": 0.06596306068601583,
    "W": 0.006236507555768769,
    "Y": 0.023027104821300073
  },
  "+2": {
    "A": 0.07435835931878149,
    "C": 0.005516910530103142,
    "D": 0.05253058287359079,
    "E": 0.06692252338690334,
    "F": 0.03454065723195011,
    "G": 0.07459822499400336,
    "H": 0.028064284000959464,
    "I": 0.05924682177980331,
    "K": 0.057807627728472054,
    "L": 0.10626049412329096,
    "M": 0.017270328615975054,
    "N": 0.03573998560805949,
    "P": 0.052770448548812667,
    "Q": 0.04221635883905013,
    "R": 0.049892060446150154,
    "S": 0.06284480690813145,
    "T": 0.05564883665147517,
    "V": 0.09066922523386903,
    "W": 0.007675701607100024,
    "Y": 0.023027104821300073
  },
  "+3": {
    "A": 0.08779083713120653,
    "C": 0.014152074838090669,
    "D": 0.05372991124970017,
    "E": 0.062365075557687694,
    "F": 0.029503478052290717,
    "G": 0.07100023986567522,
    "H": 0.021827776445190693,
    "I": 0.053250179899256414,