{
  "-10": {
    "A": -2.3836690219653773,
    "C": -4.66472218262594,
    "D": -2.8759256785285428,
    "E": -2.594196004604057,
    "F": -3.4883456106009985,
    "G": -2.6549605615840948,
    "H": -3.8676948715786033,
    "I": -2.9691608612937075,
    "K": -2.5882436060767615,
    "L": -2.4714501796055446,
    "M": -3.828474158425322,
    "N": -3.2963387480725803,
    "P": -3.2167595398279674,
    "Q": -3.2828755679042865,
    "R": -2.8409366866784773,
    "S": -3.005649154556844,
    "T": -2.897926565926302,
    "V": -2.594196004604057,
    "W": -4.919423574347863,
    "Y": -3.723883169546524
  },
  "-9": {
    "A": -2.390341779511746,
    "C": -4.7008706967422516,
    "D": -2.8798900048304517,
    "E": -2.679851449182551,
    "F": -3.4043802304836643,
    "G": -2.6863767578174733,
    "H": -3.744887442317056,
    "I": -2.8759256785285428,
    "K": -2.5994335773703052,
    "L": -2.477408489189175,
    "M": -3.712401987172568,
    "N": -3.340995898656322,
    "P": -3.2652020592867887,
    "Q": -3.3207302011967395,
    "R": -2.8201419865239687,
    "S": -2.9091112275141966,
    "T": -2.9691608612937075,
    "V": -2.550393381945664,
    "W": -4.77734106073409,
    "Y": -3.747248718502736
  },
  "-8": {
    "A": -2.39216937673077,
    "C": -4.896781097598103,
    "D": -2.9551444593201714,
    "E": -2.6454892989916075,
    "F": -3.445481906169216,
    "G": -2.6454892989916075,
    "H": -4.067773149961817,
    "I": -2.925606446883308,
    "K": -2.4421797973054313,
    "L": -2.457033154010418,
    "M": -3.7591394650242576,
    "N": -3.407741578186369,
    "P": -3.1586743418623677,
    "Q": -3.3238213937664125,
    "R": -2.747973619700258,
    "S": -2.8798900048304517,
    "T": -2.9833765189477206,
    "V": -2.633774990884715,
    "W": -4.831776267289107,
    "Y": -3.712401987172568
  },
  "-7": {
    "A": -2.394000320177879,
    "C": -4.974339331943978,
    "D": -2.8342731684477065,
    "E": -2.489432682155977,
    "F": -3.4956716506930716,
    "G": -2.642352041516475,
    "H": -3.9745379671966523,
    "I": -2.932909557068284,
    "K": -2.4544340622288985,
    "L": -2.546828315781168,
    "M": -3.8544496448285828,
    "N": -3.340995898656322,
    "P": -3.2608320596156704,
    "Q": -3.2002074377992358,
    "R": -2.6462751536489466,
    "S": -3.011295696945054,
    "T": -3.028429182888664,
    "V": -2.7028787824538614,
    "W": -4.85297847493971,
    "Y": -3.6965466153827737
  },
  "-6": {
    "A": -2.323827123353952,
    "C": -4.919423574347863,
    "D": -2.9152650930885753,
    "E": -2.6637220672526674,
    "F": -3.3457315034021566,
    "G": -2.717967082105063,
    "H": -4.042048258723381,
    "I": -2.833324851638847,
    "K": -2.5425669456962,
    "L": -2.380048016198425,
    "M": -3.665570687488469,
    "N": -3.300867057697328,
    "P": -3.268126037978224,
    "Q": -3.3976912423328676,
    "R": -2.789738907836154,
    "S": -2.9735134252925493,
    "T": -3.002276470078205,
    "V": -2.589728387344341,
    "W": -4.81788715512844,
    "Y": -3.5780147964641493
  },
  "-5": {
    "A": -2.323827123353952,
    "C": -4.824807597973013,
    "D": -2.8898701275871757,
    "E": -2.6962452589582275,
    "F": -3.328476173311395,
    "G": -2.756714934101832,
    "H": -3.9745379671966523,
    "I": -2.7852119648403773,
    "K": -2.5912153764659194,
    "L": -2.3680718251517097,
    "M": -3.730835688861406,
    "N": -3.350489640848574,
    "P": -3.3238213937664125,
    "Q": -3.316111255340445,
    "R": -2.850533689319487,
    "S": -2.954074368260327,
    "T": -2.9245674857508885,
    "V": -2.4921244738216886,
    "W": -4.831776267289107,
    "Y": -3.667751713434829
  },
  "-4": {
    "A": -2.355649305153152,
    "C": -4.790674591603555,
    "D": -2.8438061291064303,
    "E": -2.4486106876357216,
    "F": -3.382802629839117,
    "G": -2.6863767578174733,
    "H": -4.117867095280732,
    "I": -2.9101342455062316,
    "K": -2.6137896985044584,
    "L": -2.4338809944907362,
    "M": -3.8336155579257407,
    "N": -3.3584705291795864,
    "P": -3.1482303827012847,
    "Q": -3.281390786636707,
    "R": -2.914236815363009,
    "S": -2.936055862757649,
    "T": -2.957288082863423,
    "V": -2.572785072260565,
    "W": -4.719447082315187,
    "Y": -3.5255246138427525
  },
  "-3": {
    "A": -2.2891286228115897,
    "C": -5.283761391032164,
    "D": -2.7205040813516517,
    "E": -2.354474216886326,
    "F": -3.2843625570258643,
    "G": -2.6863767578174733,
    "H": -3.8730424779051984,
    "I": -3.0215405218934785,
    "K": -2.794286437273784,
    "L": -2.5362087469537076,
    "M": -3.9804903657239477,
    "N": -3.2364230947367454,
    "P": -3.1482303827012847,
    "Q": -3.1100091698810868,
    "R": -2.9691608612937075,
    "S": -2.8999508581155324,
    "T": -3.011295696945054,
    "V": -2.6880147598217117,
    "W": -4.804188310770278,
    "Y": -3.3568692478126123
  },
  "-2": {
    "A": -2.297968459380731,
    "C": -4.896781097598103,
    "D": -2.6669271982016154,
    "E": -2.676604693083681,
    "F": -3.1758819140317947,
    "G": -2.6299005187771565,
    "H": -4.188818831253017,
    "I": -2.7771147546077577,
    "K": -3.102537155042386,
    "L": -2.277643672944693,
    "M": -3.6831535580463357,
    "N": -3.112512300099205,
    "P": -3.389392439518173,
    "Q": -3.2112116753902495,
    "R": -3.366515624864418,
    "S": -2.8418922529241457,
    "T": -2.8602236876204556,
    "V": -2.539029623295349,
    "W": -4.552873882489371,
    "Y": -3.5086228030401494
  },
  "-1": {
    "A": -2.2625327540072915,
    "C": -4.90427176932726,
    "D": -2.9844784474338772,
    "E": -2.487418582784276,
    "F": -3.169228529541058,
    "G": -2.3952228142176604,
    "H": -4.22246686537125,
    "I": -2.845723675235702,
    "K": -3.2435405625056095,
    "L": -2.1627043844777623,
    "M": -3.6440181291027347,
    "N": -3.459566646050955,
    "P": -3.2112116753902495,
    "Q": -3.1974751956623626,
    "R": -3.5049053266400167,
    "S": -3.0101638349113706,
    "T": -3.044689703760444,
    "V": -2.5159919552283316,
    "W": -4.476500903704798,
    "Y": -3.2978459073631514
  },
  "0": {
    "A": "-inf",
    "C": "-inf",
    "D": "-inf",
    "E": "-inf",
    "F": "-inf",
    "G": "-inf",
    "H": "-inf",
    "I": "-inf",
    "K": 0.0,
    "L": "-inf",
    "M": "-inf",
    "N": "-inf",
    "P": "-inf",
    "Q": "-inf",
    "R": "-inf",
    "S": "-inf",
    "T": "-inf",
    "V": "-inf",
    "W": "-inf",
    "Y": "-inf"
  },
  "+1": {
    "A": -2.3686672404714733,
    "C": -5.272832320499973,
    "D": -2.4168619893211414,
    "E": -2.3722471965621903,
    "F": -3.4901720951270327,
    "G": -2.5518229747552588,
    "H": -4.084193880174144,
    "I": -3.136609851678266,
    "K": -2.572785072260565,
    "L": -2.554688306228545,
    "M": -4.185149102364054,
    "N": -3.305415966223697,
    "P": -2.9413218043629357,
    "Q": -3.279908206676484,
    "R": -2.9691608612937075,
    "S": -3.0215405218934785,
    "T": -2.9594363114017126,
    "V": -2.7332865306385763,
    "W": -4.738375092200706,
    "Y": -3.612535990832382
  },
  "+2": {
    "A": -2.3836690219653773,
    "C": -4.85297847493971,
    "D": -2.760232967633511,
    "E": -2.748844320669502,
    "F": -3.063602797066931,
    "G": -2.5305907546494844,
    "H": -4.1110411302103325,
    "I": -2.762879638785886,
    "K": -2.9811762980381182,
    "L": -2.256658237780806,
    "M": -3.8157351326478923,
    "N": -3.412804880142916,
    "P": -3.1469325239856847,
    "Q": -3.336282614204224,
    "R": -3.179895297345253,
    "S": -3.125122807691135,
    "T": -2.9214570633364962,
    "V": -2.469471939593439,
    "W": -4.590614210472219,
    "Y": -3.2364230947367454
  },
  "+3": {
    "A": -2.3457047950048135,
    "C": -5.112489670424794,
    "D": -2.7532092337542036,
    "E": -2.4307073961431946,
    "F": -3.3681324400913235,
    "G": -2.574978857418279,
    "H": -4.159831294379765,
    "I": -2.898938199801146,
    "K": -2.6896554492791718,
    "L": -2.40815004871912,
    "M": -4.170603391361675,
    "N": -3.3331527211952965,
    "P": -3.061219005711655,