{
  "-10": {
    "A": 0.0,
    "C": 0.0,
    "D": 0.0,
    "E": 0.0,
    "F": 0.0,
    "G": 0.010101010101010102,
    "H": 0.0,
    "I": 0.0,
    "K": 0.0,
    "L": 0.0,
    "M": 0.0,
    "N": 0.0,
    "P": 0.020202020202020204,
    "Q": 0.0,
    "R": 0.0,
    "S": 0.010101010101010102,
    "T": 0.010101010101010102,
    "V": 0.010101010101010102,
    "W": 0.0,
    "Y": 0.0
  },
  "-9": {
    "A": 0.010101010101010102,
    "C": 0.0,
    "D": 0.0,
    "E": 0.0,
    "F": 0.0,
    "G": 0.0,
    "H": 0.0,
    "I": 0.0,
    "K": 0.0,
    "L": 0.010101010101010102,
    "M": 0.0,
    "N": 0.0,
    "P": 0.010101010101010102,
    "Q": 0.0,
    "R": 0.0,
    "S": 0.030303030303030304,
    "T": 0.0,
    "V": 0.0,
    "W": 0.0,
    "Y": 0.0
  },
  "-8": {
    "A": 0.010101010101010102,
    "C": 0.0,
    "D": 0.0,
    "E": 0.0,
    "F": 0.0,
    "G": 0.0,
    "H": 0.0,
    "I": 0.010101010101010102,
    "K": 0.0,
    "L": 0.010101010101010102,
    "M": 0.010101010101010102,
    "N": 0.0,
    "P": 0.020202020202020204,
    "Q": 0.0,
    "R": 0.0,
    "S": 0.0,
    "T": 0.0,
    "V": 0.0,
    "W": 0.0,
    "Y": 0.0
  },
  "-7": {
    "A": 0.0,
    "C": 0.0,
    "D": 0.0,
    "E": 0.0,
    "F": 0.0,
    "G": 0.0,
    "H": 0.0,
    "I": 0.0,
    "K": 0.0,
    "L": 0.020202020202020204,
    "M": 0.0,
    "N": 0.0,
    "P": 0.0,
    "Q": 0.010101010101010102,
    "R": 0.0,
    "S": 0.0,
    "T": 0.010101010101010102,
    "V": 0.010101010101010102,
    "W": 0.0,
    "Y": 0.010101010101010102
  },
  "-6": {
    "A": 0.0,
    "C": 0.0,
    "D": 0.0,
    "E": 0.0,
    "F": 0.020202020202020204,
    "G": 0.0,
    "H": 0.0,
    "I": 0.0,
    "K": 0.0,
    "L": 0.010101010101010102,
    "M": 0.0,
    "N": 0.0,
    "P": 0.010101010101010102,
    "Q": 0.0,
    "R": 0.0,
    "S": 0.010101010101010102,
    "T": 0.010101010101010102,
    "V": 0.0,
    "W": 0.0,
    "Y": 0.0
  },
  "-5": {
    "A": 0.020202020202020204,
    "C": 0.0,
    "D": 0.0,
    "E": 0.0,
    "F": 0.0,
    "G": 0.0,
    "H": 0.0,
    "I": 0.0,
    "K": 0.0,
    "L": 0.010101010101010102,
    "M": 0.0,
    "N": 0.0,
    "P": 0.010101010101010102,
    "Q": 0.0,
    "R": 0.0,
    "S": 0.020202020202020204,
    "T": 0.0,
    "V": 0.0,
    "W": 0.0,
    "Y": 0.0
  },
  "-4": {
    "A": 0.010101010101010102,
    "C": 0.0,
    "D": 0.0,
    "E": 0.0,
    "F": 0.0,
    "G": 0.010101010101010102,
    "H": 0.0,
    "I": 0.0,
    "K": 0.0,
    "L": 0.0,
    "M": 0.0,
    "N": 0.0,
    "P": 0.0,
    "Q": 0.0,
    "R": 0.030303030303030304,
    "S": 0.010101010101010102,
    "T": 0.0,
    "V": 0.0,
    "W": 0.0,
    "Y": 0.0
  },
  "-3": {
    "A": 0.020202020202020204,
    "C": 0.0,
    "D": 0.0,
    "E": 0.0,
    "F": 0.0,
    "G": 0.0,
    "H": 0.0,
    "I": 0.010101010101010102,
    "K": 0.0,
    "L": 0.0,
    "M": 0.0,
    "N": 0.0,
    "P": 0.0,
    "Q": 0.0,
    "R": 0.0,
    "S": 0.010101010101010102,
    "T": 0.010101010101010102,
    "V": 0.0,
    "W": 0.0,
    "Y": 0.010101010101010102
  },
  "-2": {
    "A": 0.020202020202020204,
    "C": 0.0,
    "D": 0.0,
    "E": 0.0,
    "F": 0.010101010101010102,
    "G": 0.0,
    "H": 0.0,
    "I": 0.0,
    "K": 0.0,
    "L": 0.0,
    "M": 0.0,
    "N": 0.010101010101010102,
    "P": 0.0,
    "Q": 0.0,
    "R": 0.010101010101010102,
    "S": 0.0,
    "T": 0.0,
    "V": 0.010101010101010102,
    "W": 0.0,
    "Y": 0.0
  },
  "-1": {
    "A": 0.010101010101010102,
    "C": 0.010101010101010102,
    "D": 0.0,
    "E": 0.0,
    "F": 0.0,
    "G": 0.0,
    "H": 0.0,
    "I": 0.0,
    "K": 0.0,
    "L": 0.0,
    "M": 0.8888888888888888,
    "N": 0.0,
    "P": 0.010101010101010102,
    "Q": 0.010101010101010102,
    "R": 0.0,
    "S": 0.010101010101010102,
    "T": 0.0,
    "V": 0.0,
    "W": 0.0,
    "Y": 0.0
  },
  "0": {
    "A": 0.0,
    "C": 0.0,
    "D": 0.0,
    "E": 0.0,
    "F": 0.0,
    "G": 1.0,
    "H": 0.0,
    "I": 0.0,
    "K": 0.0,
    "L": 0.0,
    "M": 0.0,
    "N": 0.0,
    "P": 0.0,
    "Q": 0.0,
    "R": 0.0,
    "S": 0.0,
    "T": 0.0,
    "V": 0.0,
    "W": 0.0,
    "Y": 0.0
  },
  "+1": {
    "A": 0.050505050505050504,
    "C": 0.0,
    "D": 0.47474747474747475,
    "E": 0.0707070707070707,
    "F": 0.020202020202020204,
    "G": 0.020202020202020204,
    "H": 0.020202020202020204,
    "I": 0.0,
    "K": 0.010101010101010102,
    "L": 0.020202020202020204,
    "M": 0.0,
    "N": 0.020202020202020204,
    "P": 0.0,
    "Q": 0.020202020202020204,
    "R": 0.0,
    "S": 0.21212121212121213,
    "T": 0.050505050505050504,
    "V": 0.010101010101010102,
    "W": 0.0,
    "Y": 0.0
  },
  "+2": {
    "A": 0.12121212121212122,
    "C": 0.0,
    "D": 0.010101010101010102,
    "E": 0.06060606060606061,
    "F": 0.030303030303030304,
    "G": 0.020202020202020204,
    "H": 0.010101010101010102,
    "I": 0.0707070707070707,
    "K": 0.020202020202020204,
    "L": 0.04040404040404041,
    "M": 0.010101010101010102,
    "N": 0.020202020202020204,
    "P": 0.030303030303030304,
    "Q": 0.04040404040404041,
    "R": 0.0,
    "S": 0.10101010101010101,
    "T": 0.1111111111111111,
    "V": 0.29292929292929293,
    "W": 0.010101010101010102,
    "Y": 0.0
  },
  "+3": {
    "A": 0.06060606060606061,
    "C": 0.0,
    "D": 0.04040404040404041,
    "E": 0.37373737373737376,
    "F": 0.020202020202020204,
    "G": 0.0707070707070707,
    "H": 0.010101010101010102,
    "I": 0.020202020202020204,
    "K": 0.020202020202020204,
    "L": 0.0707070707070707,
    "M": 0.020202020202020204,
    "N": 0.020202020202020204,
    "P": 0.06060606060606061,
    "Q": 0.050505050505050504,
    "R": 0.010101010101010102,
    "S": 0.06060606060606061,
    "T": 0.08080808080808081,
    "V": 0.010101010101010102,
    "W": 0.0,
    "Y": 0.0
  },
  "+4": {
    "A": 0.13131313131313133,
    "C": 0.0,
    "D": 0.0707070707070707,
    "E": 0.09090909090909091,
    "F": 0.0,
    "G": 0.04040404040404041,
    "H": 0.0,
    "I": 0.020202020202020204,
    "K": 0.30303030303030304,
    "L": 0.010101010101010102,
    "M": 0.020202020202020204,
    "N": 0.08080808080808081,
    "P": 0.030303030303030304,
    "Q": 0.010101010101010102,
    "R": 0.020202020202020204,
    "S": 0.04040404040404041,
    "T": 0.030303030303030304,
    "V": 0.09090909090909091,
    "W": 0.0,
    "Y": 0.010101010101010102
  },
  "+5": {
    "A": 0.050505050505050504,
    "C": 0.0,
    "D": 0.09090909090909091,
    "E": 0.09090909090909091,
    "F": 0.050505050505050504,
    "G": 0.3434343434343434,
    "H": 0.0,
    "I": 0.020202020202020204,
    "K": 0.0,
    "L": 0.0707070707070707,
    "M": 0.020202020202020204,
    "N": 0.030303030303030304,
    "P": 0.06060606060606061,
    "Q": 0.030303030303030304,
    "R": 0.010101010101010102,
    "S": 0.050505050505050504,
    "T": 0.010101010101010102,
    "V": 0.06060606060606061,
    "W": 0.0,
    "Y": 0.010101010101010102
  },
  "+6": {
    "A": 0.050505050505050504,
    "C": 0.0,
    "D": 0.050505050505050504,
    "E": 0.050505050505050504,
    "F": 0.030303030303030304,
    "G": 0.030303030303030304,
    "H": 0.0,
    "I": 0.030303030303030304,
    "K": 0.3333333333333333,
    "L": 0.1111111111111111,
    "M": 0.030303030303030304,
    "N": 0.020202020202020204,
    "P": 0.030303030303030304,
    "Q": 0.06060606060606061,
    "R": 0.0,
    "S": 0.08080808080808081,
    "T": 0.020202020202020204,
    "V": 0.050505050505050504,
    "W": 0.010101010101010102,
    "Y": 0.010101010101010102
  },
  "+7": {
    "A": 0.050505050505050504,
    "C": 0.0,
    "D": 0.020202020202020204,
    "E": 0.06060606060606061,
    "F": 0.020202020202020204,
    "G": 0.08080808080808081,
    "H": 0.0,
    "I": 0.020202020202020204,
    "K": 0.3434343434343434,
    "L": 0.04040404040404041,
    "M": 0.010101010101010102,
    "N": 0.04040404040404041,
    "P": 0.010101010101010102,
    "Q": 0.020202020202020204,
    "R": 0.050505050505050504,
    "S": 0.10101010101010101,
    "T": 0.030303030303030304,
    "V": 0.08080808080808081,
    "W": 0.010101010101010102,
    "Y": 0.010101010101010102
  },