{
  "-10": {
    "A": 0.07418022359579149,
    "C": 0.011224688327820764,
    "D": 0.05244174386757861,
    "E": 0.07711360881212866,
    "F": 0.03207267611535986,
    "G": 0.06066569884909529,
    "H": 0.020780639657572174,
    "I": 0.05159615068021611,
    "K": 0.0902988760345421,
    "L": 0.08455931873624975,
    "M": 0.02125207656734065,
    "N": 0.04126943741862101,
    "P": 0.04686681533142763,
    "Q": 0.04174087432838948,
    "R": 0.06014188006046366,
    "S": 0.0638909259619558,
    "T": 0.05268120388523879,
    "V": 0.061189517637726926,
    "W": 0.007872248080578296,
    "Y": 0.025090919975455348
  },
  "-9": {
    "A": 0.07376865169043806,
    "C": 0.012137629645150185,
    "D": 0.0540580989867848,
    "E": 0.07243665534220334,
    "F": 0.03319514494814194,
    "G": 0.06066569884909529,
    "H": 0.020960234670817306,
    "I": 0.050600894981816004,
    "K": 0.09359893440292141,
    "L": 0.08417019620755196,
    "M": 0.02273373542661299,
    "N": 0.04215992935929479,
    "P": 0.04466677641917476,
    "Q": 0.04041636110570663,
    "R": 0.060276576320397506,
    "S": 0.06541748357453941,
    "T": 0.0500246943143212,
    "V": 0.06445216037834683,
    "W": 0.008268853734827964,
    "Y": 0.025876648158402803
  },
  "-8": {
    "A": 0.0752503105497104,
    "C": 0.011299519583339569,
    "D": 0.051341724411452176,
    "E": 0.0757890955894458,
    "F": 0.030029782839696484,
    "G": 0.059850038163940314,
    "H": 0.022135085382462547,
    "I": 0.04980020054776479,
    "K": 0.09930855919900625,
    "L": 0.08368379304667974,
    "M": 0.02232216352125956,
    "N": 0.041501414310729304,
    "P": 0.04694164658694643,
    "Q": 0.041815705583908284,
    "R": 0.06023167756708622,
    "S": 0.06683927742939672,
    "T": 0.05155125192690483,
    "V": 0.06105482137779308,
    "W": 0.007707619318436925,
    "Y": 0.02426777616474849
  },
  "-7": {
    "A": 0.07424008860020653,
    "C": 0.010992711435712468,
    "D": 0.05452953589655327,
    "E": 0.08282323360821348,
    "F": 0.031249532304653008,
    "G": 0.061354146399868296,
    "H": 0.0205785952676714,
    "I": 0.04836344044180373,
    "K": 0.10161336186898544,
    "L": 0.07830342577487764,
    "M": 0.02102009967523235,
    "N": 0.04331981381983627,
    "P": 0.04463684391696724,
    "Q": 0.04377628447850098,
    "R": 0.06390589221305955,
    "S": 0.06279838963138124,
    "T": 0.050728108116197976,
    "V": 0.05934866875196432,
    "W": 0.007116452399838364,
    "Y": 0.025001122468832782
  },
  "-6": {
    "A": 0.0784381220348115,
    "C": 0.011396800215514017,
    "D": 0.05362407770477573,
    "E": 0.07208494844126495,
    "F": 0.03463938817965488,
    "G": 0.05964051064848766,
    "H": 0.0199649789724172,
    "I": 0.0525614738764087,
    "K": 0.09264857745783259,
    "L": 0.09171318676384753,
    "M": 0.023107891704207014,
    "N": 0.041681009323974436,
    "P": 0.0440756095005762,
    "Q": 0.03859047847104779,
    "R": 0.059266354370893636,
    "S": 0.06588892048430789,
    "T": 0.05158866755466423,
    "V": 0.06257389586482481,
    "W": 0.007977011838304623,
    "Y": 0.027126330125566846
  },
  "-5": {
    "A": 0.0765224418935301,
    "C": 0.012818594070371312,
    "D": 0.05212745259439963,
    "E": 0.07123187212835057,
    "F": 0.03414550189323076,
    "G": 0.05886226559109209,
    "H": 0.02129697532065193,
    "I": 0.05357169582591257,
    "K": 0.09351662002185072,
    "L": 0.09219210679916788,
    "M": 0.022831016058787436,
    "N": 0.04149393118517743,
    "P": 0.0434994088330814,
    "Q": 0.04156876244069623,
    "R": 0.05722346109523026,
    "S": 0.06718350120478321,
    "T": 0.05173084694014996,
    "V": 0.06505081042249727,
    "W": 0.007804899950611371,
    "Y": 0.027522935779816515
  },
  "-4": {
    "A": 0.07343191104060344,
    "C": 0.013147851594654055,
    "D": 0.05827858179804541,
    "E": 0.09086011045093315,
    "F": 0.03238696738853884,
    "G": 0.06037385695257195,
    "H": 0.02450723618240867,
    "I": 0.050151907448703174,
    "K": 0.08541987817471601,
    "L": 0.08613825822769654,
    "M": 0.021768412230420402,
    "N": 0.04157624556624811,
    "P": 0.04800425041531347,
    "Q": 0.04210006435487974,
    "R": 0.048977056737057933,
    "S": 0.06842570004639538,
    "T": 0.05163356630797551,
    "V": 0.061286798269901376,
    "W": 0.008388583743658052,
    "Y": 0.028084170196207552
  },
  "-3": {
    "A": 0.07792926949728363,
    "C": 0.012010416510768217,
    "D": 0.06728826496250954,
    "E": 0.09635272460601343,
    "F": 0.038844904739811725,
    "G": 0.057545235493961115,
    "H": 0.023377284224074712,
    "I": 0.050713141865094215,
    "K": 0.07427750422796593,
    "L": 0.08849544277653891,
    "M": 0.02101261654968047,
    "N": 0.043574240088600204,
    "P": 0.047001511591361476,
    "Q": 0.04328239819207687,
    "R": 0.04197285122049778,
    "S": 0.06209497582950447,
    "T": 0.05096756813385815,
    "V": 0.06084529386234042,
    "W": 0.008538246254695661,
    "Y": 0.030800544771540178
  },
  "-2": {
    "A": 0.08360147866560905,
    "C": 0.01189816962749001,
    "D": 0.059401050630827484,
    "E": 0.07282577787090112,
    "F": 0.05033898558750019,
    "G": 0.06462427226604008,
    "H": 0.02141670532948202,
    "I": 0.06330724216890911,
    "K": 0.05669964230659862,
    "L": 0.11023392250475178,
    "M": 0.024544651810168072,
    "N": 0.04175584057949324,
    "P": 0.04289327566337908,
    "Q": 0.03840340033225077,
    "R": 0.03083796039929958,
    "S": 0.0643848122483799,
    "T": 0.04852058607839322,
    "V": 0.06966041576245566,
    "W": 0.011307002708891449,
    "Y": 0.03235703488633132
  },
  "-1": {
    "A": 0.07823607764491072,
    "C": 0.008867503778978403,
    "D": 0.06636035739407636,
    "E": 0.10887947677986141,
    "F": 0.04216741248484667,
    "G": 0.08594369696334765,
    "H": 0.01835610697876289,
    "I": 0.04980768367331667,
    "K": 0.04730831973898858,
    "L": 0.10421748956103985,
    "M": 0.023429666102937875,
    "N": 0.0425041531346813,
    "P": 0.03545504886480985,
    "Q": 0.044599428289207835,
    "R": 0.02466438181899816,
    "S": 0.06924884385710224,
    "T": 0.04713620785129533,
    "V": 0.060276576320397506,
    "W": 0.009533501953095769,
    "Y": 0.03300058368379305
  },
  "0": {
    "A": 0.0,
    "C": 0.0,
    "D": 0.0,
    "E": 0.0,
    "F": 0.0,
    "G": 0.0,
    "H": 0.0,
    "I": 0.0,
    "K": 1.0,
    "L": 0.0,
    "M": 0.0,
    "N": 0.0,
    "P": 0.0,
    "Q": 0.0,
    "R": 0.0,
    "S": 0.0,
    "T": 0.0,
    "V": 0.0,
    "W": 0.0,
    "Y": 0.0
  },
  "+1": {
    "A": 0.06422018348623854,
    "C": 0.007692653067333164,
    "D": 0.06528278731460556,
    "E": 0.08574165257344687,
    "F": 0.048393372944011255,
    "G": 0.05215738509660715,
    "H": 0.030478770372809313,
    "I": 0.047233488483469775,
    "K": 0.07673196940898275,
    "L": 0.09986979361539727,
    "M": 0.0187751620096682,
    "N": 0.03846326533666582,
    "P": 0.0581289192870078,
    "Q": 0.036076148285615936,
    "R": 0.049740335543349744,
    "S": 0.051364173788107814,
    "T": 0.04673211907149378,
    "V": 0.05539757846057141,
    "W": 0.011546462726551627,
    "Y": 0.05475402966310969
  },
  "+2": {
    "A": 0.06933115823817292,
    "C": 0.011209722076717003,
    "D": 0.0481838454285586,
    "E": 0.0801293084095365,
    "F": 0.048408339195115016,
    "G": 0.06161605579418412,
    "H": 0.020309202747803703,
    "I": 0.0686876094407112,
    "K": 0.07539997306074801,
    "L": 0.11384078902075818,
    "M": 0.023137824206414536,
    "N": 0.03819387281679812,
    "P": 0.042511636260233174,
    "Q": 0.03861292784770343,
    "R": 0.04782465540206834,
    "S": 0.053249921427181705,
    "T": 0.042676265022374545,
    "V": 0.06840325066973973,
    "W": 0.01085801517577862,
    "Y": 0.03421285002319769
  },
  "+3": {
    "A": 0.07162847778260023,
    "C": 0.012107697142942664,
    "D": 0.06340452280108355,
    "E": 0.08644506637532365,
    "F": 0.034474759417513504,
    "G": 0.0626562102458955,
    "H": 0.021311941571755692,
    "I": 0.04819881167966236,
    "K": 0.09654728587036233,