{
  "-10": {
    "A": 0.0,
    "C": 0.0,
    "D": 0.0,
    "E": 0.0,
    "F": 0.0,
    "G": 0.0,
    "H": 0.0,
    "I": 0.0,
    "K": 0.0,
    "L": 0.0016299918500407497,
    "M": 0.0,
    "N": 0.0,
    "P": 0.0008149959250203749,
    "Q": 0.0,
    "R": 0.0008149959250203749,
    "S": 0.0008149959250203749,
    "T": 0.0016299918500407497,
    "V": 0.0,
    "W": 0.0,
    "Y": 0.0
  },
  "-9": {
    "A": 0.0008149959250203749,
    "C": 0.0,
    "D": 0.0,
    "E": 0.0,
    "F": 0.0,
    "G": 0.0,
    "H": 0.0,
    "I": 0.0,
    "K": 0.0,
    "L": 0.0024449877750611247,
    "M": 0.0,
    "N": 0.0,
    "P": 0.0,
    "Q": 0.0,
    "R": 0.0016299918500407497,
    "S": 0.0,
    "T": 0.0008149959250203749,
    "V": 0.0,
    "W": 0.0,
    "Y": 0.0
  },
  "-8": {
    "A": 0.0,
    "C": 0.0008149959250203749,
    "D": 0.0,
    "E": 0.0,
    "F": 0.0,
    "G": 0.0,
    "H": 0.0,
    "I": 0.0,
    "K": 0.0,
    "L": 0.0,
    "M": 0.0,
    "N": 0.0008149959250203749,
    "P": 0.0008149959250203749,
    "Q": 0.0,
    "R": 0.0,
    "S": 0.0016299918500407497,
    "T": 0.0008149959250203749,
    "V": 0.0,
    "W": 0.0008149959250203749,
    "Y": 0.0
  },
  "-7": {
    "A": 0.0,
    "C": 0.0,
    "D": 0.0,
    "E": 0.0,
    "F": 0.0,
    "G": 0.0024449877750611247,
    "H": 0.0,
    "I": 0.0008149959250203749,
    "K": 0.0,
    "L": 0.0,
    "M": 0.0,
    "N": 0.0,
    "P": 0.0008149959250203749,
    "Q": 0.0,
    "R": 0.0,
    "S": 0.0,
    "T": 0.0016299918500407497,
    "V": 0.0,
    "W": 0.0,
    "Y": 0.0
  },
  "-6": {
    "A": 0.0,
    "C": 0.0,
    "D": 0.0,
    "E": 0.0,
    "F": 0.0,
    "G": 0.0,
    "H": 0.0,
    "I": 0.0,
    "K": 0.0008149959250203749,
    "L": 0.0,
    "M": 0.0,
    "N": 0.0008149959250203749,
    "P": 0.0,
    "Q": 0.0,
    "R": 0.0,
    "S": 0.0008149959250203749,
    "T": 0.0008149959250203749,
    "V": 0.0024449877750611247,
    "W": 0.0,
    "Y": 0.0
  },
  "-5": {
    "A": 0.0,
    "C": 0.0,
    "D": 0.0,
    "E": 0.0,
    "F": 0.0,
    "G": 0.0,
    "H": 0.0,
    "I": 0.0,
    "K": 0.0,
    "L": 0.0008149959250203749,
    "M": 0.0,
    "N": 0.0,
    "P": 0.0008149959250203749,
    "Q": 0.0,
    "R": 0.0,
    "S": 0.0016299918500407497,
    "T": 0.0,
    "V": 0.0024449877750611247,
    "W": 0.0,
    "Y": 0.0
  },
  "-4": {
    "A": 0.0008149959250203749,
    "C": 0.0,
    "D": 0.0,
    "E": 0.0,
    "F": 0.0,
    "G": 0.0,
    "H": 0.0,
    "I": 0.0024449877750611247,
    "K": 0.0,
    "L": 0.0008149959250203749,
    "M": 0.0,
    "N": 0.0,
    "P": 0.0,
    "Q": 0.0008149959250203749,
    "R": 0.0,
    "S": 0.0,
    "T": 0.0,
    "V": 0.0,
    "W": 0.0,
    "Y": 0.0008149959250203749
  },
  "-3": {
    "A": 0.0,
    "C": 0.0008149959250203749,
    "D": 0.0,
    "E": 0.0008149959250203749,
    "F": 0.0008149959250203749,
    "G": 0.0,
    "H": 0.0,
    "I": 0.0008149959250203749,
    "K": 0.0008149959250203749,
    "L": 0.0,
    "M": 0.0,
    "N": 0.0,
    "P": 0.0,
    "Q": 0.0016299918500407497,
    "R": 0.0,
    "S": 0.0,
    "T": 0.0,
    "V": 0.0,
    "W": 0.0,
    "Y": 0.0
  },
  "-2": {
    "A": 0.0,
    "C": 0.0,
    "D": 0.0,
    "E": 0.0,
    "F": 0.0,
    "G": 0.0,
    "H": 0.0,
    "I": 0.0,
    "K": 0.0008149959250203749,
    "L": 0.0,
    "M": 0.0,
    "N": 0.0,
    "P": 0.0024449877750611247,
    "Q": 0.0,
    "R": 0.0016299918500407497,
    "S": 0.0008149959250203749,
    "T": 0.0,
    "V": 0.0,
    "W": 0.0,
    "Y": 0.0
  },
  "-1": {
    "A": 0.0,
    "C": 0.0,
    "D": 0.0,
    "E": 0.0,
    "F": 0.0,
    "G": 0.0,
    "H": 0.0,
    "I": 0.0,
    "K": 0.0,
    "L": 0.0,
    "M": 0.006519967400162999,
    "N": 0.0008149959250203749,
    "P": 0.0008149959250203749,
    "Q": 0.0024449877750611247,
    "R": 0.0,
    "S": 0.0016299918500407497,
    "T": 0.0,
    "V": 0.0,
    "W": 0.0,
    "Y": 0.0
  },
  "0": {
    "A": 0.0,
    "C": 0.0,
    "D": 0.0,
    "E": 0.0,
    "F": 0.0,
    "G": 0.0,
    "H": 0.0,
    "I": 0.0,
    "K": 0.0,
    "L": 0.0,
    "M": 1.0,
    "N": 0.0,
    "P": 0.0,
    "Q": 0.0,
    "R": 0.0,
    "S": 0.0,
    "T": 0.0,
    "V": 0.0,
    "W": 0.0,
    "Y": 0.0
  },
  "+1": {
    "A": 0.016299918500407497,
    "C": 0.0,
    "D": 0.27709861450692747,
    "E": 0.378158109209454,
    "F": 0.035859820700896494,
    "G": 0.004074979625101874,
    "H": 0.0057049714751426246,
    "I": 0.013854930725346373,
    "K": 0.007334963325183374,
    "L": 0.03830480847595762,
    "M": 0.027709861450692746,
    "N": 0.09535452322738386,
    "P": 0.0016299918500407497,
    "Q": 0.03015484922575387,
    "R": 0.0024449877750611247,
    "S": 0.008964955175224124,
    "T": 0.026079869600651995,
    "V": 0.019559902200488997,
    "W": 0.0016299918500407497,
    "Y": 0.009779951100244499
  },
  "+2": {
    "A": 0.10268948655256724,
    "C": 0.008964955175224124,
    "D": 0.06601466992665037,
    "E": 0.08231458842705787,
    "F": 0.022819885900570498,
    "G": 0.09127954360228199,
    "H": 0.008149959250203748,
    "I": 0.026079869600651995,
    "K": 0.059494702526487364,
    "L": 0.06519967400162999,
    "M": 0.008964955175224124,
    "N": 0.04971475142624287,
    "P": 0.11083944580277098,
    "Q": 0.045639771801140996,
    "R": 0.017114914425427872,
    "S": 0.10757946210268948,
    "T": 0.05786471067644662,
    "V": 0.05052974735126324,
    "W": 0.0024449877750611247,
    "Y": 0.016299918500407497
  },
  "+3": {
    "A": 0.09861450692746536,
    "C": 0.008149959250203748,
    "D": 0.06275468622656886,
    "E": 0.07660961695191525,
    "F": 0.03667481662591687,
    "G": 0.06682966585167074,
    "H": 0.006519967400162999,
    "I": 0.04971475142624287,
    "K": 0.034229828850855744,
    "L": 0.10513447432762836,
    "M": 0.013854930725346373,
    "N": 0.06030969845150774,
    "P": 0.06682966585167074,
    "Q": 0.05134474327628362,
    "R": 0.008149959250203748,
    "S": 0.1100244498777506,
    "T": 0.06356968215158924,
    "V": 0.05378973105134474,
    "W": 0.004889975550122249,
    "Y": 0.022004889975550123
  },
  "+4": {
    "A": 0.09942950285248574,
    "C": 0.021189894050529748,
    "D": 0.05134474327628362,
    "E": 0.09535452322738386,
    "F": 0.03015484922575387,
    "G": 0.09861450692746536,
    "H": 0.009779951100244499,
    "I": 0.05134474327628362,
    "K": 0.06193969030154849,
    "L": 0.07008964955175224,
    "M": 0.019559902200488997,
    "N": 0.03504482477587612,
    "P": 0.06356968215158924,
    "Q": 0.04971475142624287,
    "R": 0.010594947025264874,
    "S": 0.10024449877750612,
    "T": 0.05623471882640587,
    "V": 0.05460472697636512,
    "W": 0.0016299918500407497,
    "Y": 0.019559902200488997
  },
  "+5": {
    "A": 0.08638956805215973,
    "C": 0.011409942950285249,
    "D": 0.05867970660146699,
    "E": 0.09209453952730236,
    "F": 0.017929910350448247,
    "G": 0.08394458027709861,
    "H": 0.008149959250203748,
    "I": 0.03667481662591687,
    "K": 0.06682966585167074,
    "L": 0.08475957620211899,
    "M": 0.011409942950285249,
    "N": 0.040749796251018745,
    "P": 0.06764466177669112,
    "Q": 0.06601466992665037,
    "R": 0.008149959250203748,
    "S": 0.12469437652811736,
    "T": 0.05786471067644662,
    "V": 0.059494702526487364,
    "W": 0.0024449877750611247,
    "Y": 0.014669926650366748
  },
  "+6": {
    "A": 0.097799511002445,
    "C": 0.022004889975550123,
    "D": 0.05134474327628362,
    "E": 0.09046454767726161,
    "F": 0.021189894050529748,
    "G": 0.07253463732681337,
    "H": 0.022819885900570498,
    "I": 0.03504482477587612,
    "K": 0.05867970660146699,
    "L": 0.09209453952730236,
    "M": 0.013854930725346373,
    "N": 0.04319478402607987,
    "P": 0.06927465362673187,
    "Q": 0.04482477587612062,
    "R": 0.03667481662591687,
    "S": 0.08964955175224124,
    "T": 0.05297473512632437,
    "V": 0.059494702526487364,
    "W": 0.0024449877750611247,
    "Y": 0.022819885900570498
  },
  "+7": {
    "A": 0.10920945395273024,
    "C": 0.014669926650366748,
    "D": 0.04319478402607987,
    "E": 0.07579462102689487,
    "F": 0.026079869600651995,