{
  "-10": {
    "A": 0.0037936267071320183,
    "C": 0.0015174506828528073,
    "D": 0.005311077389984826,
    "E": 0.0015174506828528073,
    "F": 0.005311077389984826,
    "G": 0.004552352048558422,
    "H": 0.0015174506828528073,
    "I": 0.002276176024279211,
    "K": 0.002276176024279211,
    "L": 0.004552352048558422,
    "M": 0.0007587253414264037,
    "N": 0.0030349013657056147,
    "P": 0.0030349013657056147,
    "Q": 0.0030349013657056147,
    "R": 0.009104704097116844,
    "S": 0.006069802731411229,
    "T": 0.0030349013657056147,
    "V": 0.002276176024279211,
    "W": 0.0,
    "Y": 0.0007587253414264037
  },
  "-9": {
    "A": 0.002276176024279211,
    "C": 0.0007587253414264037,
    "D": 0.002276176024279211,
    "E": 0.0007587253414264037,
    "F": 0.0030349013657056147,
    "G": 0.005311077389984826,
    "H": 0.0,
    "I": 0.0007587253414264037,
    "K": 0.0037936267071320183,
    "L": 0.005311077389984826,
    "M": 0.0015174506828528073,
    "N": 0.002276176024279211,
    "P": 0.00834597875569044,
    "Q": 0.004552352048558422,
    "R": 0.005311077389984826,
    "S": 0.009104704097116844,
    "T": 0.0007587253414264037,
    "V": 0.007587253414264037,
    "W": 0.0007587253414264037,
    "Y": 0.0
  },
  "-8": {
    "A": 0.005311077389984826,
    "C": 0.0015174506828528073,
    "D": 0.0007587253414264037,
    "E": 0.0030349013657056147,
    "F": 0.004552352048558422,
    "G": 0.009104704097116844,
    "H": 0.0007587253414264037,
    "I": 0.0,
    "K": 0.006069802731411229,
    "L": 0.0030349013657056147,
    "M": 0.0007587253414264037,
    "N": 0.002276176024279211,
    "P": 0.0030349013657056147,
    "Q": 0.0037936267071320183,
    "R": 0.005311077389984826,
    "S": 0.006828528072837633,
    "T": 0.0030349013657056147,
    "V": 0.0007587253414264037,
    "W": 0.002276176024279211,
    "Y": 0.002276176024279211
  },
  "-7": {
    "A": 0.004552352048558422,
    "C": 0.0,
    "D": 0.0015174506828528073,
    "E": 0.0015174506828528073,
    "F": 0.0,
    "G": 0.002276176024279211,
    "H": 0.0,
    "I": 0.002276176024279211,
    "K": 0.006069802731411229,
    "L": 0.006069802731411229,
    "M": 0.0015174506828528073,
    "N": 0.002276176024279211,
    "P": 0.004552352048558422,
    "Q": 0.0007587253414264037,
    "R": 0.009104704097116844,
    "S": 0.013657056145675266,
    "T": 0.0015174506828528073,
    "V": 0.006069802731411229,
    "W": 0.0007587253414264037,
    "Y": 0.0
  },
  "-6": {
    "A": 0.004552352048558422,
    "C": 0.0015174506828528073,
    "D": 0.0007587253414264037,
    "E": 0.0030349013657056147,
    "F": 0.0030349013657056147,
    "G": 0.0030349013657056147,
    "H": 0.0007587253414264037,
    "I": 0.002276176024279211,
    "K": 0.0030349013657056147,
    "L": 0.005311077389984826,
    "M": 0.0015174506828528073,
    "N": 0.0037936267071320183,
    "P": 0.002276176024279211,
    "Q": 0.0007587253414264037,
    "R": 0.006069802731411229,
    "S": 0.010622154779969651,
    "T": 0.0037936267071320183,
    "V": 0.005311077389984826,
    "W": 0.0015174506828528073,
    "Y": 0.002276176024279211
  },
  "-5": {
    "A": 0.007587253414264037,
    "C": 0.0015174506828528073,
    "D": 0.005311077389984826,
    "E": 0.0015174506828528073,
    "F": 0.002276176024279211,
    "G": 0.0037936267071320183,
    "H": 0.0,
    "I": 0.002276176024279211,
    "K": 0.004552352048558422,
    "L": 0.004552352048558422,
    "M": 0.0015174506828528073,
    "N": 0.002276176024279211,
    "P": 0.006828528072837633,
    "Q": 0.0030349013657056147,
    "R": 0.0037936267071320183,
    "S": 0.009104704097116844,
    "T": 0.002276176024279211,
    "V": 0.0007587253414264037,
    "W": 0.0007587253414264037,
    "Y": 0.0015174506828528073
  },
  "-4": {
    "A": 0.009104704097116844,
    "C": 0.0015174506828528073,
    "D": 0.0015174506828528073,
    "E": 0.0030349013657056147,
    "F": 0.002276176024279211,
    "G": 0.005311077389984826,
    "H": 0.0007587253414264037,
    "I": 0.004552352048558422,
    "K": 0.0015174506828528073,
    "L": 0.0015174506828528073,
    "M": 0.002276176024279211,
    "N": 0.002276176024279211,
    "P": 0.0007587253414264037,
    "Q": 0.0015174506828528073,
    "R": 0.005311077389984826,
    "S": 0.00834597875569044,
    "T": 0.0037936267071320183,
    "V": 0.0037936267071320183,
    "W": 0.0007587253414264037,
    "Y": 0.006069802731411229
  },
  "-3": {
    "A": 0.006069802731411229,
    "C": 0.0015174506828528073,
    "D": 0.0015174506828528073,
    "E": 0.002276176024279211,
    "F": 0.0007587253414264037,
    "G": 0.002276176024279211,
    "H": 0.0007587253414264037,
    "I": 0.005311077389984826,
    "K": 0.0030349013657056147,
    "L": 0.007587253414264037,
    "M": 0.0030349013657056147,
    "N": 0.0007587253414264037,
    "P": 0.00834597875569044,
    "Q": 0.0015174506828528073,
    "R": 0.004552352048558422,
    "S": 0.005311077389984826,
    "T": 0.0015174506828528073,
    "V": 0.009863429438543247,
    "W": 0.0,
    "Y": 0.0
  },
  "-2": {
    "A": 0.0037936267071320183,
    "C": 0.0015174506828528073,
    "D": 0.0007587253414264037,
    "E": 0.0030349013657056147,
    "F": 0.002276176024279211,
    "G": 0.002276176024279211,
    "H": 0.0,
    "I": 0.002276176024279211,
    "K": 0.002276176024279211,
    "L": 0.0030349013657056147,
    "M": 0.004552352048558422,
    "N": 0.005311077389984826,
    "P": 0.002276176024279211,
    "Q": 0.002276176024279211,
    "R": 0.009863429438543247,
    "S": 0.011380880121396054,
    "T": 0.004552352048558422,
    "V": 0.004552352048558422,
    "W": 0.0015174506828528073,
    "Y": 0.0
  },
  "-1": {
    "A": 0.0037936267071320183,
    "C": 0.006069802731411229,
    "D": 0.0037936267071320183,
    "E": 0.0037936267071320183,
    "F": 0.0,
    "G": 0.0030349013657056147,
    "H": 0.0007587253414264037,
    "I": 0.0007587253414264037,
    "K": 0.012898330804248861,
    "L": 0.0030349013657056147,
    "M": 0.8839150227617603,
    "N": 0.0015174506828528073,
    "P": 0.002276176024279211,
    "Q": 0.0037936267071320183,
    "R": 0.006828528072837633,
    "S": 0.005311077389984826,
    "T": 0.0007587253414264037,
    "V": 0.0,
    "W": 0.0,
    "Y": 0.0
  },
  "0": {
    "A": 0.0,
    "C": 0.0,
    "D": 0.0,
    "E": 0.0,
    "F": 0.0,
    "G": 0.0,
    "H": 0.0,
    "I": 0.0,
    "K": 0.0,
    "L": 0.0,
    "M": 0.0,
    "N": 0.0,
    "P": 0.0,
    "Q": 0.0,
    "R": 0.0,
    "S": 1.0,
    "T": 0.0,
    "V": 0.0,
    "W": 0.0,
    "Y": 0.0
  },
  "+1": {
    "A": 0.09559939301972686,
    "C": 0.006828528072837633,
    "D": 0.0834597875569044,
    "E": 0.09408194233687406,
    "F": 0.03338391502276176,
    "G": 0.12139605462822459,
    "H": 0.00834597875569044,
    "I": 0.024279210925644917,
    "K": 0.036418816388467376,
    "L": 0.09332321699544764,
    "M": 0.01669195751138088,
    "N": 0.036418816388467376,
    "P": 0.0007587253414264037,
    "Q": 0.04552352048558422,
    "R": 0.015933232169954476,
    "S": 0.12974203338391502,
    "T": 0.0834597875569044,
    "V": 0.04552352048558422,
    "W": 0.006069802731411229,
    "Y": 0.021244309559939303
  },
  "+2": {
    "A": 0.07738998482549317,
    "C": 0.006828528072837633,
    "D": 0.04552352048558422,
    "E": 0.07890743550834597,
    "F": 0.030349013657056147,
    "G": 0.07056145675265554,
    "H": 0.010622154779969651,
    "I": 0.04931714719271624,
    "K": 0.05690440060698027,
    "L": 0.07207890743550835,
    "M": 0.009104704097116844,
    "N": 0.048558421851289835,
    "P": 0.05235204855842185,
    "Q": 0.038694992412746584,
    "R": 0.05083459787556904,
    "S": 0.13505311077389984,
    "T": 0.08801213960546282,
    "V": 0.05993930197268589,
    "W": 0.004552352048558422,
    "Y": 0.012898330804248861
  },
  "+3": {
    "A": 0.09559939301972686,
    "C": 0.009863429438543247,
    "D": 0.06828528072837632,
    "E": 0.0834597875569044,
    "F": 0.032625189681335355,
    "G": 0.1244309559939302,
    "H": 0.014415781487101669,
    "I": 0.04704097116843703,
    "K": 0.03945371775417299,
    "L": 0.06980273141122914,