{
  "-10": {
    "A": 0.01818181818181818,
    "C": 0.0036363636363636364,
    "D": 0.0,
    "E": 0.01090909090909091,
    "F": 0.007272727272727273,
    "G": 0.0036363636363636364,
    "H": 0.007272727272727273,
    "I": 0.0036363636363636364,
    "K": 0.0,
    "L": 0.025454545454545455,
    "M": 0.0,
    "N": 0.007272727272727273,
    "P": 0.0,
    "Q": 0.0036363636363636364,
    "R": 0.02181818181818182,
    "S": 0.01818181818181818,
    "T": 0.0036363636363636364,
    "V": 0.007272727272727273,
    "W": 0.0,
    "Y": 0.01090909090909091
  },
  "-9": {
    "A": 0.007272727272727273,
    "C": 0.0036363636363636364,
    "D": 0.014545454545454545,
    "E": 0.0,
    "F": 0.0036363636363636364,
    "G": 0.007272727272727273,
    "H": 0.0036363636363636364,
    "I": 0.0,
    "K": 0.01818181818181818,
    "L": 0.01090909090909091,
    "M": 0.0,
    "N": 0.0036363636363636364,
    "P": 0.01090909090909091,
    "Q": 0.007272727272727273,
    "R": 0.007272727272727273,
    "S": 0.04363636363636364,
    "T": 0.007272727272727273,
    "V": 0.0036363636363636364,
    "W": 0.0,
    "Y": 0.0
  },
  "-8": {
    "A": 0.0036363636363636364,
    "C": 0.0,
    "D": 0.007272727272727273,
    "E": 0.01090909090909091,
    "F": 0.0036363636363636364,
    "G": 0.0036363636363636364,
    "H": 0.0,
    "I": 0.01818181818181818,
    "K": 0.0036363636363636364,
    "L": 0.02181818181818182,
    "M": 0.0,
    "N": 0.0036363636363636364,
    "P": 0.01818181818181818,
    "Q": 0.0036363636363636364,
    "R": 0.02909090909090909,
    "S": 0.01090909090909091,
    "T": 0.0036363636363636364,
    "V": 0.0036363636363636364,
    "W": 0.0,
    "Y": 0.007272727272727273
  },
  "-7": {
    "A": 0.007272727272727273,
    "C": 0.0036363636363636364,
    "D": 0.007272727272727273,
    "E": 0.0,
    "F": 0.0,
    "G": 0.007272727272727273,
    "H": 0.0,
    "I": 0.0,
    "K": 0.01090909090909091,
    "L": 0.02181818181818182,
    "M": 0.0,
    "N": 0.014545454545454545,
    "P": 0.01818181818181818,
    "Q": 0.0036363636363636364,
    "R": 0.01818181818181818,
    "S": 0.025454545454545455,
    "T": 0.0036363636363636364,
    "V": 0.01090909090909091,
    "W": 0.0,
    "Y": 0.0
  },
  "-6": {
    "A": 0.0036363636363636364,
    "C": 0.007272727272727273,
    "D": 0.01818181818181818,
    "E": 0.0036363636363636364,
    "F": 0.0036363636363636364,
    "G": 0.014545454545454545,
    "H": 0.01090909090909091,
    "I": 0.0036363636363636364,
    "K": 0.0,
    "L": 0.014545454545454545,
    "M": 0.0036363636363636364,
    "N": 0.0036363636363636364,
    "P": 0.007272727272727273,
    "Q": 0.0,
    "R": 0.01818181818181818,
    "S": 0.01090909090909091,
    "T": 0.007272727272727273,
    "V": 0.01090909090909091,
    "W": 0.0,
    "Y": 0.01090909090909091
  },
  "-5": {
    "A": 0.01818181818181818,
    "C": 0.0,
    "D": 0.007272727272727273,
    "E": 0.01090909090909091,
    "F": 0.01818181818181818,
    "G": 0.0,
    "H": 0.007272727272727273,
    "I": 0.007272727272727273,
    "K": 0.01090909090909091,
    "L": 0.01818181818181818,
    "M": 0.0,
    "N": 0.0,
    "P": 0.0,
    "Q": 0.01818181818181818,
    "R": 0.007272727272727273,
    "S": 0.014545454545454545,
    "T": 0.0036363636363636364,
    "V": 0.01090909090909091,
    "W": 0.0,
    "Y": 0.0
  },
  "-4": {
    "A": 0.0036363636363636364,
    "C": 0.0036363636363636364,
    "D": 0.014545454545454545,
    "E": 0.0,
    "F": 0.0,
    "G": 0.01090909090909091,
    "H": 0.007272727272727273,
    "I": 0.0036363636363636364,
    "K": 0.0036363636363636364,
    "L": 0.01090909090909091,
    "M": 0.0036363636363636364,
    "N": 0.0036363636363636364,
    "P": 0.014545454545454545,
    "Q": 0.007272727272727273,
    "R": 0.0036363636363636364,
    "S": 0.025454545454545455,
    "T": 0.01090909090909091,
    "V": 0.014545454545454545,
    "W": 0.0,
    "Y": 0.01090909090909091
  },
  "-3": {
    "A": 0.007272727272727273,
    "C": 0.007272727272727273,
    "D": 0.007272727272727273,
    "E": 0.01090909090909091,
    "F": 0.0,
    "G": 0.0036363636363636364,
    "H": 0.01090909090909091,
    "I": 0.02181818181818182,
    "K": 0.0,
    "L": 0.01818181818181818,
    "M": 0.007272727272727273,
    "N": 0.0,
    "P": 0.007272727272727273,
    "Q": 0.0036363636363636364,
    "R": 0.0036363636363636364,
    "S": 0.01090909090909091,
    "T": 0.0036363636363636364,
    "V": 0.02909090909090909,
    "W": 0.0036363636363636364,
    "Y": 0.0
  },
  "-2": {
    "A": 0.01818181818181818,
    "C": 0.0,
    "D": 0.01090909090909091,
    "E": 0.0036363636363636364,
    "F": 0.0,
    "G": 0.0036363636363636364,
    "H": 0.0036363636363636364,
    "I": 0.01090909090909091,
    "K": 0.01818181818181818,
    "L": 0.01818181818181818,
    "M": 0.0,
    "N": 0.0036363636363636364,
    "P": 0.0036363636363636364,
    "Q": 0.0036363636363636364,
    "R": 0.007272727272727273,
    "S": 0.02181818181818182,
    "T": 0.01818181818181818,
    "V": 0.01090909090909091,
    "W": 0.0,
    "Y": 0.0
  },
  "-1": {
    "A": 0.025454545454545455,
    "C": 0.014545454545454545,
    "D": 0.0,
    "E": 0.01090909090909091,
    "F": 0.0,
    "G": 0.01090909090909091,
    "H": 0.0,
    "I": 0.0,
    "K": 0.02181818181818182,
    "L": 0.01090909090909091,
    "M": 0.8327272727272728,
    "N": 0.0,
    "P": 0.0036363636363636364,
    "Q": 0.007272727272727273,
    "R": 0.0036363636363636364,
    "S": 0.01090909090909091,
    "T": 0.007272727272727273,
    "V": 0.0036363636363636364,
    "W": 0.0,
    "Y": 0.0036363636363636364
  },
  "0": {
    "A": 0.0,
    "C": 0.0,
    "D": 0.0,
    "E": 0.0,
    "F": 0.0,
    "G": 0.0,
    "H": 0.0,
    "I": 0.0,
    "K": 0.0,
    "L": 0.0,
    "M": 0.0,
    "N": 0.0,
    "P": 0.0,
    "Q": 0.0,
    "R": 0.0,
    "S": 0.0,
    "T": 1.0,
    "V": 0.0,
    "W": 0.0,
    "Y": 0.0
  },
  "+1": {
    "A": 0.11272727272727273,
    "C": 0.0,
    "D": 0.10909090909090909,
    "E": 0.11636363636363636,
    "F": 0.0036363636363636364,
    "G": 0.04727272727272727,
    "H": 0.014545454545454545,
    "I": 0.05454545454545454,
    "K": 0.014545454545454545,
    "L": 0.02909090909090909,
    "M": 0.01090909090909091,
    "N": 0.03272727272727273,
    "P": 0.0036363636363636364,
    "Q": 0.03636363636363636,
    "R": 0.007272727272727273,
    "S": 0.16,
    "T": 0.17454545454545456,
    "V": 0.06181818181818182,
    "W": 0.0,
    "Y": 0.01090909090909091
  },
  "+2": {
    "A": 0.13454545454545455,
    "C": 0.0036363636363636364,
    "D": 0.02181818181818182,
    "E": 0.07636363636363637,
    "F": 0.05454545454545454,
    "G": 0.02181818181818182,
    "H": 0.014545454545454545,
    "I": 0.04363636363636364,
    "K": 0.025454545454545455,
    "L": 0.04,
    "M": 0.02909090909090909,
    "N": 0.05454545454545454,
    "P": 0.13090909090909092,
    "Q": 0.08,
    "R": 0.03272727272727273,
    "S": 0.09454545454545454,
    "T": 0.06909090909090909,
    "V": 0.02181818181818182,
    "W": 0.01818181818181818,
    "Y": 0.03272727272727273
  },
  "+3": {
    "A": 0.13454545454545455,
    "C": 0.01090909090909091,
    "D": 0.02909090909090909,
    "E": 0.05818181818181818,
    "F": 0.02909090909090909,
    "G": 0.09818181818181818,
    "H": 0.025454545454545455,
    "I": 0.02909090909090909,
    "K": 0.025454545454545455,
    "L": 0.08363636363636363,
    "M": 0.014545454545454545,
    "N": 0.05818181818181818,
    "P": 0.04727272727272727,
    "Q": 0.04,
    "R": 0.0036363636363636364,
    "S": 0.08363636363636363,
    "T": 0.10181818181818182,
    "V": 0.10545454545454545,
    "W": 0.0036363636363636364,
    "Y": 0.01818181818181818
  },
  "+4": {
    "A": 0.09090909090909091,
    "C": 0.01090909090909091,
    "D": 0.06909090909090909,
    "E": 0.08,
    "F": 0.01090909090909091,
    "G": 0.12363636363636364,
    "H": 0.03636363636363636,
    "I": 0.04727272727272727,
    "K": 0.03272727272727273,
    "L": 0.04363636363636364,
    "M": 0.01090909090909091,
    "N": 0.05090909090909091,
    "P": 0.08363636363636363,
    "Q": 0.025454545454545455,