{
  "-10": {
    "A": 0.0,
    "C": 0.0,
    "D": 0.0,
    "E": 0.0,
    "F": 0.0,
    "G": 0.038461538461538464,
    "H": 0.0,
    "I": 0.0,
    "K": 0.09615384615384616,
    "L": 0.019230769230769232,
    "M": 0.0,
    "N": 0.019230769230769232,
    "P": 0.0,
    "Q": 0.0,
    "R": 0.07692307692307693,
    "S": 0.057692307692307696,
    "T": 0.019230769230769232,
    "V": 0.019230769230769232,
    "W": 0.019230769230769232,
    "Y": 0.019230769230769232
  },
  "-9": {
    "A": 0.038461538461538464,
    "C": 0.0,
    "D": 0.019230769230769232,
    "E": 0.0,
    "F": 0.019230769230769232,
    "G": 0.0,
    "H": 0.0,
    "I": 0.019230769230769232,
    "K": 0.09615384615384616,
    "L": 0.019230769230769232,
    "M": 0.0,
    "N": 0.019230769230769232,
    "P": 0.0,
    "Q": 0.019230769230769232,
    "R": 0.038461538461538464,
    "S": 0.09615384615384616,
    "T": 0.0,
    "V": 0.0,
    "W": 0.0,
    "Y": 0.0
  },
  "-8": {
    "A": 0.0,
    "C": 0.019230769230769232,
    "D": 0.0,
    "E": 0.0,
    "F": 0.019230769230769232,
    "G": 0.019230769230769232,
    "H": 0.0,
    "I": 0.0,
    "K": 0.0,
    "L": 0.019230769230769232,
    "M": 0.0,
    "N": 0.038461538461538464,
    "P": 0.09615384615384616,
    "Q": 0.038461538461538464,
    "R": 0.057692307692307696,
    "S": 0.019230769230769232,
    "T": 0.038461538461538464,
    "V": 0.019230769230769232,
    "W": 0.0,
    "Y": 0.0
  },
  "-7": {
    "A": 0.038461538461538464,
    "C": 0.0,
    "D": 0.0,
    "E": 0.0,
    "F": 0.019230769230769232,
    "G": 0.0,
    "H": 0.0,
    "I": 0.0,
    "K": 0.019230769230769232,
    "L": 0.057692307692307696,
    "M": 0.0,
    "N": 0.0,
    "P": 0.0,
    "Q": 0.019230769230769232,
    "R": 0.15384615384615385,
    "S": 0.057692307692307696,
    "T": 0.019230769230769232,
    "V": 0.0,
    "W": 0.0,
    "Y": 0.0
  },
  "-6": {
    "A": 0.0,
    "C": 0.0,
    "D": 0.0,
    "E": 0.019230769230769232,
    "F": 0.019230769230769232,
    "G": 0.0,
    "H": 0.0,
    "I": 0.038461538461538464,
    "K": 0.019230769230769232,
    "L": 0.0,
    "M": 0.019230769230769232,
    "N": 0.057692307692307696,
    "P": 0.019230769230769232,
    "Q": 0.0,
    "R": 0.07692307692307693,
    "S": 0.11538461538461539,
    "T": 0.0,
    "V": 0.0,
    "W": 0.0,
    "Y": 0.0
  },
  "-5": {
    "A": 0.0,
    "C": 0.0,
    "D": 0.0,
    "E": 0.0,
    "F": 0.038461538461538464,
    "G": 0.038461538461538464,
    "H": 0.0,
    "I": 0.019230769230769232,
    "K": 0.019230769230769232,
    "L": 0.09615384615384616,
    "M": 0.0,
    "N": 0.0,
    "P": 0.0,
    "Q": 0.0,
    "R": 0.07692307692307693,
    "S": 0.057692307692307696,
    "T": 0.0,
    "V": 0.038461538461538464,
    "W": 0.0,
    "Y": 0.0
  },
  "-4": {
    "A": 0.019230769230769232,
    "C": 0.019230769230769232,
    "D": 0.0,
    "E": 0.0,
    "F": 0.019230769230769232,
    "G": 0.019230769230769232,
    "H": 0.0,
    "I": 0.019230769230769232,
    "K": 0.0,
    "L": 0.0,
    "M": 0.0,
    "N": 0.0,
    "P": 0.0,
    "Q": 0.019230769230769232,
    "R": 0.057692307692307696,
    "S": 0.07692307692307693,
    "T": 0.038461538461538464,
    "V": 0.057692307692307696,
    "W": 0.0,
    "Y": 0.038461538461538464
  },
  "-3": {
    "A": 0.019230769230769232,
    "C": 0.0,
    "D": 0.0,
    "E": 0.0,
    "F": 0.0,
    "G": 0.0,
    "H": 0.038461538461538464,
    "I": 0.07692307692307693,
    "K": 0.019230769230769232,
    "L": 0.0,
    "M": 0.0,
    "N": 0.019230769230769232,
    "P": 0.019230769230769232,
    "Q": 0.019230769230769232,
    "R": 0.019230769230769232,
    "S": 0.019230769230769232,
    "T": 0.038461538461538464,
    "V": 0.09615384615384616,
    "W": 0.0,
    "Y": 0.0
  },
  "-2": {
    "A": 0.038461538461538464,
    "C": 0.0,
    "D": 0.019230769230769232,
    "E": 0.0,
    "F": 0.019230769230769232,
    "G": 0.0,
    "H": 0.0,
    "I": 0.0,
    "K": 0.07692307692307693,
    "L": 0.019230769230769232,
    "M": 0.0,
    "N": 0.0,
    "P": 0.0,
    "Q": 0.0,
    "R": 0.09615384615384616,
    "S": 0.07692307692307693,
    "T": 0.0,
    "V": 0.038461538461538464,
    "W": 0.0,
    "Y": 0.0
  },
  "-1": {
    "A": 0.09615384615384616,
    "C": 0.07692307692307693,
    "D": 0.0,
    "E": 0.0,
    "F": 0.0,
    "G": 0.0,
    "H": 0.0,
    "I": 0.0,
    "K": 0.0,
    "L": 0.0,
    "M": 0.5576923076923077,
    "N": 0.019230769230769232,
    "P": 0.0,
    "Q": 0.0,
    "R": 0.0,
    "S": 0.19230769230769232,
    "T": 0.0,
    "V": 0.0,
    "W": 0.0,
    "Y": 0.0
  },
  "0": {
    "A": 0.0,
    "C": 0.0,
    "D": 0.0,
    "E": 0.0,
    "F": 0.0,
    "G": 0.0,
    "H": 0.0,
    "I": 0.0,
    "K": 0.0,
    "L": 0.0,
    "M": 0.0,
    "N": 0.0,
    "P": 0.0,
    "Q": 0.0,
    "R": 0.0,
    "S": 0.0,
    "T": 0.0,
    "V": 1.0,
    "W": 0.0,
    "Y": 0.0
  },
  "+1": {
    "A": 0.15384615384615385,
    "C": 0.0,
    "D": 0.19230769230769232,
    "E": 0.1346153846153846,
    "F": 0.038461538461538464,
    "G": 0.019230769230769232,
    "H": 0.038461538461538464,
    "I": 0.019230769230769232,
    "K": 0.0,
    "L": 0.057692307692307696,
    "M": 0.057692307692307696,
    "N": 0.038461538461538464,
    "P": 0.0,
    "Q": 0.07692307692307693,
    "R": 0.0,
    "S": 0.11538461538461539,
    "T": 0.019230769230769232,
    "V": 0.038461538461538464,
    "W": 0.0,
    "Y": 0.0
  },
  "+2": {
    "A": 0.21153846153846154,
    "C": 0.0,
    "D": 0.019230769230769232,
    "E": 0.057692307692307696,
    "F": 0.0,
    "G": 0.0,
    "H": 0.038461538461538464,
    "I": 0.038461538461538464,
    "K": 0.038461538461538464,
    "L": 0.038461538461538464,
    "M": 0.057692307692307696,
    "N": 0.038461538461538464,
    "P": 0.07692307692307693,
    "Q": 0.038461538461538464,
    "R": 0.019230769230769232,
    "S": 0.1346153846153846,
    "T": 0.09615384615384616,
    "V": 0.057692307692307696,
    "W": 0.019230769230769232,
    "Y": 0.019230769230769232
  },
  "+3": {
    "A": 0.07692307692307693,
    "C": 0.0,
    "D": 0.038461538461538464,
    "E": 0.11538461538461539,
    "F": 0.09615384615384616,
    "G": 0.057692307692307696,
    "H": 0.0,
    "I": 0.038461538461538464,
    "K": 0.0,
    "L": 0.038461538461538464,
    "M": 0.038461538461538464,
    "N": 0.019230769230769232,
    "P": 0.019230769230769232,
    "Q": 0.07692307692307693,
    "R": 0.019230769230769232,
    "S": 0.11538461538461539,
    "T": 0.17307692307692307,
    "V": 0.07692307692307693,
    "W": 0.0,
    "Y": 0.0
  },
  "+4": {
    "A": 0.09615384615384616,
    "C": 0.019230769230769232,
    "D": 0.1346153846153846,
    "E": 0.057692307692307696,
    "F": 0.0,
    "G": 0.019230769230769232,
    "H": 0.0,
    "I": 0.019230769230769232,
    "K": 0.019230769230769232,
    "L": 0.038461538461538464,
    "M": 0.0,
    "N": 0.038461538461538464,
    "P": 0.11538461538461539,
    "Q": 0.057692307692307696,
    "R": 0.0,
    "S": 0.07692307692307693,
    "T": 0.07692307692307693,
    "V": 0.21153846153846154,
    "W": 0.0,
    "Y": 0.019230769230769232
  },
  "+5": {
    "A": 0.1346153846153846,
    "C": 0.0,
    "D": 0.0,
    "E": 0.09615384615384616,
    "F": 0.038461538461538464,
    "G": 0.11538461538461539,
    "H": 0.0,
    "I": 0.038461538461538464,
    "K": 0.0,
    "L": 0.057692307692307696,
    "M": 0.0,
    "N": 0.0,
    "P": 0.07692307692307693,
    "Q": 0.07692307692307693,
    "R": 0.019230769230769232,
    "S": 0.09615384615384616,
    "T": 0.11538461538461539,
    "V": 0.09615384615384616,
    "W": 0.038461538461538464,
    "Y": 0.0
  },
  "+6": {
    "A": 0.15384615384615385,
    "C": 0.0,
    "D": 0.09615384615384616,
    "E": 0.1346153846153846,
    "F": 0.038461538461538464,
    "G": 0.07692307692307693,
    "H": 0.019230769230769232,
    "I": 0.0,
    "K": 0.019230769230769232,
    "L": 0.0,
    "M": 0.0,
    "N": 0.019230769230769232,
    "P": 0.07692307692307693,
    "Q": 0.019230769230769232,
    "R": 0.038461538461538464,
    "S": 0.09615384615384616,
    "T": 0.1346153846153846,
    "V": 0.07692307692307693,
    "W": 0.0,
    "Y": 0.0
  },