{
  "-10": {
    "A": 0.0625,
    "C": 0.022388059701492536,
    "D": 0.044620646766169156,
    "E": 0.06669776119402986,
    "F": 0.04057835820895522,
    "G": 0.07182835820895522,
    "H": 0.016791044776119403,
    "I": 0.04757462686567164,
    "K": 0.06312189054726368,
    "L": 0.09965796019900497,
    "M": 0.020522388059701493,
    "N": 0.03171641791044776,
    "P": 0.044931592039800995,
    "Q": 0.03482587064676617,
    "R": 0.05503731343283582,
    "S": 0.053482587064676616,
    "T": 0.060478855721393034,
    "V": 0.07027363184079602,
    "W": 0.012126865671641791,
    "Y": 0.025342039800995024
  },
  "-9": {
    "A": 0.06498756218905473,
    "C": 0.0228544776119403,
    "D": 0.04446517412935323,
    "E": 0.05799129353233831,
    "F": 0.046330845771144276,
    "G": 0.07058457711442787,
    "H": 0.020522388059701493,
    "I": 0.05006218905472637,
    "K": 0.07493781094527363,
    "L": 0.09064054726368159,
    "M": 0.02347636815920398,
    "N": 0.039645522388059705,
    "P": 0.048196517412935326,
    "Q": 0.03622512437810945,
    "R": 0.05752487562189055,
    "S": 0.06234452736318408,
    "T": 0.044931592039800995,
    "V": 0.06296641791044776,
    "W": 0.009639303482587064,
    "Y": 0.021610696517412934
  },
  "-8": {
    "A": 0.06918532338308457,
    "C": 0.026274875621890546,
    "D": 0.045242537313432835,
    "E": 0.055659203980099506,
    "F": 0.03544776119402985,
    "G": 0.06918532338308457,
    "H": 0.02332089552238806,
    "I": 0.04897388059701493,
    "K": 0.06343283582089553,
    "L": 0.0929726368159204,
    "M": 0.023009950248756218,
    "N": 0.03451492537313433,
    "P": 0.048818407960199005,
    "Q": 0.03544776119402985,
    "R": 0.06141169154228856,
    "S": 0.06856343283582089,
    "T": 0.05363805970149254,
    "V": 0.0625,
    "W": 0.012904228855721393,
    "Y": 0.02643034825870647
  },
  "-7": {
    "A": 0.07711442786069651,
    "C": 0.028762437810945275,
    "D": 0.04291044776119403,
    "E": 0.05612562189054726,
    "F": 0.03700248756218905,
    "G": 0.07633706467661691,
    "H": 0.014614427860696517,
    "I": 0.040267412935323384,
    "K": 0.06996268656716417,
    "L": 0.10012437810945274,
    "M": 0.018656716417910446,
    "N": 0.03233830845771144,
    "P": 0.046019900497512436,
    "Q": 0.03544776119402985,
    "R": 0.06980721393034826,
    "S": 0.054104477611940295,
    "T": 0.05892412935323383,
    "V": 0.06467661691542288,
    "W": 0.011504975124378109,
    "Y": 0.02658582089552239
  },
  "-6": {
    "A": 0.06265547263681592,
    "C": 0.028296019900497512,
    "D": 0.046330845771144276,
    "E": 0.06343283582089553,
    "F": 0.03700248756218905,
    "G": 0.07058457711442787,
    "H": 0.016791044776119403,
    "I": 0.05099502487562189,
    "K": 0.06312189054726368,
    "L": 0.08955223880597014,
    "M": 0.020677860696517412,
    "N": 0.03933457711442786,
    "P": 0.05146144278606965,
    "Q": 0.04197761194029851,
    "R": 0.06778606965174129,
    "S": 0.06918532338308457,
    "T": 0.046019900497512436,
    "V": 0.0617226368159204,
    "W": 0.014303482587064677,
    "Y": 0.025497512437810944
  },
  "-5": {
    "A": 0.07151741293532338,
    "C": 0.03125,
    "D": 0.043843283582089554,
    "E": 0.061567164179104475,
    "F": 0.04057835820895522,
    "G": 0.07571517412935323,
    "H": 0.014614427860696517,
    "I": 0.05550373134328358,
    "K": 0.06110074626865672,
    "L": 0.09841417910447761,
    "M": 0.020211442786069653,
    "N": 0.03902363184079602,
    "P": 0.04120024875621891,
    "Q": 0.03125,
    "R": 0.05721393034825871,
    "S": 0.06265547263681592,
    "T": 0.04866293532338308,
    "V": 0.07742537313432836,
    "W": 0.016791044776119403,
    "Y": 0.025031094527363185
  },
  "-4": {
    "A": 0.06234452736318408,
    "C": 0.038090796019900494,
    "D": 0.036069651741293535,
    "E": 0.04695273631840796,
    "F": 0.05674751243781095,
    "G": 0.07074004975124377,
    "H": 0.020833333333333332,
    "I": 0.055659203980099506,
    "K": 0.05519278606965174,
    "L": 0.11271766169154229,
    "M": 0.02643034825870647,
    "N": 0.03622512437810945,
    "P": 0.03871268656716418,
    "Q": 0.03311567164179104,
    "R": 0.05705845771144279,
    "S": 0.06871890547263682,
    "T": 0.055970149253731345,
    "V": 0.07416044776119403,
    "W": 0.010572139303482588,
    "Y": 0.02394278606965174
  },
  "-3": {
    "A": 0.07493781094527363,
    "C": 0.03840174129353234,
    "D": 0.040733830845771146,
    "E": 0.05286069651741294,
    "F": 0.044931592039800995,
    "G": 0.07042910447761194,
    "H": 0.017257462686567165,
    "I": 0.057680348258706465,
    "K": 0.052705223880597014,
    "L": 0.10245646766169154,
    "M": 0.0236318407960199,
    "N": 0.03871268656716418,
    "P": 0.04710820895522388,
    "Q": 0.03264925373134328,
    "R": 0.054881840796019904,
    "S": 0.06234452736318408,
    "T": 0.05892412935323383,
    "V": 0.07416044776119403,
    "W": 0.014303482587064677,
    "Y": 0.027829601990049753
  },
  "-2": {
    "A": 0.08100124378109452,
    "C": 0.03529228855721393,
    "D": 0.03591417910447761,
    "E": 0.047419154228855724,
    "F": 0.0457089552238806,
    "G": 0.07835820895522388,
    "H": 0.017879353233830844,
    "I": 0.049129353233830844,
    "K": 0.05799129353233831,
    "L": 0.11194029850746269,
    "M": 0.024098258706467663,
    "N": 0.03591417910447761,
    "P": 0.05674751243781095,
    "Q": 0.03731343283582089,
    "R": 0.06374378109452736,
    "S": 0.06654228855721393,
    "T": 0.04975124378109453,
    "V": 0.06032338308457712,
    "W": 0.013681592039800995,
    "Y": 0.029384328358208957
  },
  "-1": {
    "A": 0.0708955223880597,
    "C": 0.06825248756218906,
    "D": 0.03793532338308458,
    "E": 0.03980099502487562,
    "F": 0.05472636815920398,
    "G": 0.08333333333333333,
    "H": 0.022232587064676616,
    "I": 0.05472636815920398,
    "K": 0.03140547263681592,
    "L": 0.1226679104477612,
    "M": 0.019434079601990048,
    "N": 0.03824626865671642,
    "P": 0.05939054726368159,
    "Q": 0.032804726368159204,
    "R": 0.02720771144278607,
    "S": 0.08131218905472637,
    "T": 0.0480410447761194,
    "V": 0.06794154228855721,
    "W": 0.013681592039800995,
    "Y": 0.025963930348258706
  },
  "0": {
    "A": 0.0,
    "C": 1.0,
    "D": 0.0,
    "E": 0.0,
    "F": 0.0,
    "G": 0.0,
    "H": 0.0,
    "I": 0.0,
    "K": 0.0,
    "L": 0.0,
    "M": 0.0,
    "N": 0.0,
    "P": 0.0,
    "Q": 0.0,
    "R": 0.0,
    "S": 0.0,
    "T": 0.0,
    "V": 0.0,
    "W": 0.0,
    "Y": 0.0
  },
  "+1": {
    "A": 0.05534825870646766,
    "C": 0.06763059701492537,
    "D": 0.03824626865671642,
    "E": 0.04057835820895522,
    "F": 0.049906716417910446,
    "G": 0.0861318407960199,
    "H": 0.020522388059701493,
    "I": 0.054104477611940295,
    "K": 0.04959577114427861,
    "L": 0.11023009950248756,
    "M": 0.012282338308457711,
    "N": 0.03529228855721393,
    "P": 0.060167910447761194,
    "Q": 0.048196517412935326,
    "R": 0.051305970149253734,
    "S": 0.07742537313432836,
    "T": 0.052083333333333336,
    "V": 0.05394900497512438,
    "W": 0.010416666666666666,
    "Y": 0.0236318407960199
  },
  "+2": {
    "A": 0.0625,
    "C": 0.03731343283582089,
    "D": 0.040267412935323384,
    "E": 0.047730099502487564,
    "F": 0.03467039800995025,
    "G": 0.08100124378109452,
    "H": 0.018656716417910446,
    "I": 0.048196517412935326,
    "K": 0.060945273631840796,
    "L": 0.10385572139303482,
    "M": 0.013837064676616915,
    "N": 0.029850746268656716,
    "P": 0.05099502487562189,
    "Q": 0.04275497512437811,
    "R": 0.08240049751243782,
    "S": 0.08364427860696518,
    "T": 0.0457089552238806,
    "V": 0.07058457711442787,
    "W": 0.01508084577114428,
    "Y": 0.024564676616915422
  },
  "+3": {
    "A": 0.06607587064676616,
    "C": 0.044309701492537316,
    "D": 0.043532338308457715,
    "E": 0.05037313432835821,
    "F": 0.039956467661691544,
    "G": 0.07447139303482588,
    "H": 0.01570273631840796,
    "I": 0.05115049751243781,
    "K": 0.06063432835820896,
    "L": 0.10401119402985075,