{
  "-10": {
    "A": -2.6940498037438236,
    "C": -4.017062714916194,
    "D": -2.966769003518892,
    "E": -2.4559433797529016,
    "F": -3.6053279937944342,
    "G": -2.869360816051561,
    "H": -3.8284715451086444,
    "I": -3.2040382570967507,
    "K": -2.4152005962905516,
    "L": -2.5536326249140764,
    "M": -3.8764807642950045,
    "N": -3.1670730628632793,
    "P": -2.7092399692377986,
    "Q": -3.115981401705568,
    "R": -2.953654061441064,
    "S": -2.3982350621322546,
    "T": -2.950402026054687,
    "V": -2.947160532130516,
    "W": -5.313205979041787,
    "Y": -4.126624917427721
  },
  "-9": {
    "A": -2.799968822627561,
    "C": -4.336696387174578,
    "D": -2.9834083225228567,
    "E": -2.4699017320036085,
    "F": -3.6370766921090145,
    "G": -2.845691071965656,
    "H": -3.7106885094522606,
    "I": -3.3722341116270567,
    "K": -2.368766999875347,
    "L": -2.605155777939577,
    "M": -3.9443033606337656,
    "N": -3.3098637809005984,
    "P": -2.7724188708593305,
    "Q": -3.0350549113850236,
    "R": -2.8140337520949648,
    "S": -2.361533695281827,
    "T": -2.8369573919969016,
    "V": -2.905950263483853,
    "W": -5.042915649301875,
    "Y": -3.901378315916732
  },
  "-8": {
    "A": -2.654635835202947,
    "C": -4.1479023158750055,
    "D": -3.0673737026401913,
    "E": -2.453965139740796,
    "F": -3.4178116201233757,
    "G": -2.8783834336511984,
    "H": -3.4931160031875064,
    "I": -3.2337644373619514,
    "K": -2.352565025299066,
    "L": -2.523522823442706,
    "M": -3.926911617921897,
    "N": -3.2914300792117603,
    "P": -2.7562460116137295,
    "Q": -3.0857904294264222,
    "R": -3.0140751209158294,
    "S": -2.4305265667687785,
    "T": -2.950402026054687,
    "V": -3.0106208860477417,
    "W": -5.069583896384037,
    "Y": -3.9891539267991174
  },
  "-7": {
    "A": -2.8140337520949648,
    "C": -4.2261545127747535,
    "D": -3.000329200011194,
    "E": -2.383392489094326,
    "F": -3.630645801778724,
    "G": -2.845691071965656,
    "H": -3.586751608221499,
    "I": -3.300604455487802,
    "K": -2.3579365691009775,
    "L": -2.5514515989677164,
    "M": -4.065381292187002,
    "N": -3.2733300375681424,
    "P": -2.664344649329908,
    "Q": -2.9090606858982455,
    "R": -2.980058235637575,
    "S": -2.4209203449633385,
    "T": -2.9834083225228567,
    "V": -2.966769003518892,
    "W": -5.183994247561781,
    "Y": -3.901378315916732
  },
  "-6": {
    "A": -2.7482566215802504,
    "C": -4.31105395656124,
    "D": -2.9733915442793855,
    "E": -2.484057681233741,
    "F": -3.550603094105188,
    "G": -2.766998803389991,
    "H": -3.926911617921897,
    "I": -3.1751702730958984,
    "K": -2.51298531813992,
    "L": -2.473925882303334,
    "M": -3.7976998864418903,
    "N": -3.1792435984835343,
    "P": -2.7092399692377986,
    "Q": -3.028012628759611,
    "R": -2.8844440582628894,
    "S": -2.383392489094326,
    "T": -2.9569167070758806,
    "V": -2.9569167070758806,
    "W": -5.1541412844121,
    "Y": -3.8764807642950045
  },
  "-5": {
    "A": -2.7456076134086738,
    "C": -4.286052654355823,
    "D": -2.9374986212187792,
    "E": -2.4171035464366377,
    "F": -3.504352076454432,
    "G": -2.8369573919969016,
    "H": -3.8284715451086444,
    "I": -3.1121573052671647,
    "K": -2.4382785435730963,
    "L": -2.5449369179465227,
    "M": -3.83631472256967,
    "N": -3.333394278310793,
    "P": -2.63786897534588,
    "Q": -3.0932531506280116,
    "R": -2.9935264526884415,
    "S": -2.4421771839887536,
    "T": -2.848619331744745,
    "V": -2.934298618488108,
    "W": -4.873839319257941,
    "Y": -3.83631472256967
  },
  "-4": {
    "A": -2.777868475626895,
    "C": -4.919301693334699,
    "D": -3.1236737473287235,
    "E": -2.3366213749019304,
    "F": -3.5272102145304824,
    "G": -2.7642997464208263,
    "H": -3.6370766921090145,
    "I": -3.0528806953376244,
    "K": -2.5088012116173464,
    "L": -2.4038583196866172,
    "M": -3.8442199020767833,
    "N": -3.1957048755376065,
    "P": -2.612076220784151,
    "Q": -3.0857904294264222,
    "R": -3.2040382570967507,
    "S": -2.4382785435730963,
    "T": -2.899758293235932,
    "V": -2.8604188786758997,
    "W": -4.966929742323954,
    "Y": -3.980021443235845
  },
  "-3": {
    "A": -2.7298592564405344,
    "C": -4.6374505411937115,
    "D": -3.0140751209158294,
    "E": -2.407624802482094,
    "F": -3.3821844424802245,
    "G": -2.947160532130516,
    "H": -4.126624917427721,
    "I": -3.135324364548699,
    "K": -2.4984169023116296,
    "L": -2.496352918090778,
    "M": -3.683289535264146,
    "N": -3.1957048755376065,
    "P": -2.605155777939577,
    "Q": -3.0175413288923156,
    "R": -3.151072721516838,
    "S": -2.440225963857492,
    "T": -2.7350812004216865,
    "V": -2.7246644395634303,
    "W": -5.069583896384037,
    "Y": -4.065381292187002
  },
  "-2": {
    "A": -2.9121808132344893,
    "C": -4.349768468741931,
    "D": -2.4500203614497793,
    "E": -2.1124238976162855,
    "F": -3.412643649964933,
    "G": -2.863390649065057,
    "H": -3.8602202434232247,
    "I": -3.0601009433111113,
    "K": -2.573478921286007,
    "L": -2.6005686139326714,
    "M": -4.05552899574399,
    "N": -3.2082311353567867,
    "P": -2.848619331744745,
    "Q": -3.1198201780127337,
    "R": -3.3192096433188363,
    "S": -2.5108910765368053,
    "T": -2.9733915442793855,
    "V": -2.719496469404988,
    "W": -5.422405271006779,
    "Y": -4.045772820798626
  },
  "-1": {
    "A": -2.890541638131008,
    "C": -4.446395304431002,
    "D": -3.6698665149320058,
    "E": -2.7616079547551147,
    "F": -3.300604455487802,
    "G": -3.000329200011194,
    "H": -4.336696387174578,
    "I": -2.252396536343665,
    "K": -2.953654061441064,
    "L": -2.230031386884085,
    "M": -3.663221972213337,
    "N": -3.5330073322148086,
    "P": -2.8723593190478174,
    "Q": -3.1007719830420393,
    "R": -3.246779805474022,
    "S": -2.6190448901002443,
    "T": -2.8282993292537872,
    "V": -2.036712075880589,
    "W": -5.635979371304838,
    "Y": -4.007672974566355
  },
  "0": {
    "A": "-inf",
    "C": "-inf",
    "D": "-inf",
    "E": "-inf",
    "F": "-inf",
    "G": "-inf",
    "H": "-inf",
    "I": "-inf",
    "K": 0.0,
    "L": "-inf",
    "M": "-inf",
    "N": "-inf",
    "P": "-inf",
    "Q": "-inf",
    "R": "-inf",
    "S": "-inf",
    "T": "-inf",
    "V": "-inf",
    "W": "-inf",
    "Y": "-inf"
  },
  "+1": {
    "A": -2.6426308891061234,
    "C": -4.748676176303936,
    "D": -3.264401406823841,
    "E": -2.2703269270620945,
    "F": -3.663221972213337,
    "G": -3.0673737026401913,
    "H": -3.7246747514270004,
    "I": -3.0528806953376244,
    "K": -2.8254298868258343,
    "L": -2.51298531813992,
    "M": -3.643549206614632,
    "N": -3.402387149797744,
    "P": -2.448053792477739,
    "Q": -2.7041508997303274,
    "R": -3.097005500246562,
    "S": -2.523522823442706,
    "T": -2.777868475626895,
    "V": -2.727258474740477,
    "W": -5.422405271006779,
    "Y": -3.703768066607687
  },
  "+2": {
    "A": -3.007178541856769,
    "C": -4.710209895476139,
    "D": -2.7562460116137295,
    "E": -1.1489494276209722,
    "F": -3.402387149797744,
    "G": -3.1471123203007414,
    "H": -3.9098171845625966,
    "I": -3.444059846198312,
    "K": -3.0564843028409228,
    "L": -2.742965603945835,
    "M": -4.286052654355823,
    "N": -3.4987182587361763,
    "P": -3.0601009433111113,
    "Q": -3.1198201780127337,
    "R": -3.738859386418957,
    "S": -2.7833479413915208,
    "T": -3.323915534356249,
    "V": -3.1792435984835343,
    "W": -5.3482972988530575,
    "Y": -4.026541458870738
  },
  "+3": {
    "A": -2.7041508997303274,
    "C": -4.620058798481842,
    "D": -3.097005500246562,
    "E": -2.411405525322,
    "F": -3.521446509813732,
    "G": -2.924759595441349,
    "H": -3.9355696806650116,
    "I": -3.0106208860477417,
    "K": -2.502557694977661,
    "L": -2.484057681233741,
    "M": -4.105790830524879,
    "N": -3.187440365687713,
    "P": -2.4266729974527883,