{
  "-10": {
    "A": -3.712368684788898,
    "C": -6.057380392789302,
    "D": -4.276867082950339,
    "E": -3.698693747891822,
    "F": -4.872025350777384,
    "G": -3.8021233375472274,
    "H": -5.325076175992959,
    "I": -4.283656248612978,
    "K": -3.5979487741520044,
    "L": -3.6021857670384754,
    "M": -5.367720513401452,
    "N": -4.707795954999074,
    "P": -4.419119665908097,
    "Q": -4.654024698558094,
    "R": -4.243392378399251,
    "S": -4.069062197836937,
    "T": -4.110709895195429,
    "V": -3.826701360267893,
    "W": -6.619259280397417,
    "Y": -5.27010971677503
  },
  "-9": {
    "A": -3.707795954999074,
    "C": -6.153595708048605,
    "D": -4.092713465901583,
    "E": -3.8119043583398127,
    "F": -4.568633207327449,
    "G": -3.8366510206754985,
    "H": -5.297331185510054,
    "I": -4.304217571095294,
    "K": -3.614971921994319,
    "L": -3.484099697115781,
    "M": -5.519723606846502,
    "N": -4.831667613161243,
    "P": -4.27010971677503,
    "Q": -4.41166386098905,
    "R": -4.153595708048605,
    "S": -4.098687366946216,
    "T": -4.41166386098905,
    "V": -3.908288894764155,
    "W": -7.0115767031761775,
    "Y": -5.4880147471191645
  },
  "-8": {
    "A": -3.6496329294409353,
    "C": -6.256689201012708,
    "D": -4.166086652231802,
    "E": -3.7354522979019396,
    "F": -5.04579241851409,
    "G": -3.8669184603442948,
    "H": -5.585311948474079,
    "I": -4.178686689011435,
    "K": -3.777957026416475,
    "L": -3.4724178920681457,
    "M": -5.82175214429616,
    "N": -4.480195242659865,
    "P": -4.374952082632528,
    "Q": -4.744790162481276,
    "R": -3.9347611061253462,
    "S": -3.9135446202156503,
    "T": -4.367720513401452,
    "V": -3.8978345371269887,
    "W": -6.726174484313929,
    "Y": -5.116758939868234
  },
  "-7": {
    "A": -3.619259280397417,
    "C": -5.9241138619258376,
    "D": -4.19779551195914,
    "E": -4.028583128481867,
    "F": -5.0115767031761775,
    "G": -3.7215578562435585,
    "H": -5.619259280397417,
    "I": -4.3391513612046815,
    "K": -3.7541888604835254,
    "L": -3.5562494828716167,
    "M": -5.763649189732591,
    "N": -4.585311948474079,
    "P": -4.243392378399251,
    "Q": -4.560365591343849,
    "R": -3.5399014887841327,
    "S": -4.172372915079233,
    "T": -4.3391513612046815,
    "V": -3.8416517017338645,
    "W": -7.619259280397417,
    "Y": -5.27010971677503
  },
  "-6": {
    "A": -3.5077509651804264,
    "C": -6.882293686231211,
    "D": -4.223674143784746,
    "E": -3.8874553913469896,
    "F": -5.283656248612978,
    "G": -3.6761863484822523,
    "H": -5.311136985035085,
    "I": -4.396866859060969,
    "K": -3.6021857670384754,
    "L": -3.511730816092972,
    "M": -5.44172109484523,
    "N": -4.671726700291552,
    "P": -4.116758939868234,
    "Q": -4.519723606846502,
    "R": -4.080839365613291,
    "S": -3.9135446202156503,
    "T": -4.367720513401452,
    "V": -3.9617281537256157,
    "W": -7.619259280397417,
    "Y": -5.230216989651518
  },
  "-5": {
    "A": -3.68065982506156,
    "C": -6.256689201012708,
    "D": -4.0115767031761775,
    "E": -3.6540246985580933,
    "F": -5.153595708048605,
    "G": -3.7447901624812756,
    "H": -5.671726700291552,
    "I": -4.141211983592773,
    "K": -3.9454875127184046,
    "L": -3.4763013265553737,
    "M": -5.707795954999074,
    "N": -4.560365591343849,
    "P": -4.511730816092972,
    "Q": -4.6628485489450995,
    "R": -4.022892016404011,
    "S": -3.9836707066062926,
    "T": -4.116758939868234,
    "V": -3.8822936862312107,
    "W": -7.4880147471191645,
    "Y": -4.9781537016387265
  },
  "-4": {
    "A": -3.6235594178310424,
    "C": -6.519723606846502,
    "D": -4.092713465901583,
    "E": -4.153595708048605,
    "F": -4.480195242659865,
    "G": -3.8926356304526695,
    "H": -5.654024698558094,
    "I": -4.141211983592773,
    "K": -4.217160836826071,
    "L": -3.1412119835927723,
    "M": -5.41166386098905,
    "N": -4.6628485489450995,
    "P": -4.449334278955105,
    "Q": -4.527760925911921,
    "R": -4.353365220424382,
    "S": -4.017223266317319,
    "T": -3.9947684154896232,
    "V": -3.773171963851098,
    "W": -7.256689201012708,
    "Y": -5.0115767031761775
  },
  "-3": {
    "A": -3.55214508453888,
    "C": -6.0115767031761775,
    "D": -4.074938764173607,
    "E": -3.54397115309318,
    "F": -5.27010971677503,
    "G": -3.698693747891822,
    "H": -5.654024698558094,
    "I": -4.1598276617601195,
    "K": -4.0632094715915,
    "L": -3.453155989907513,
    "M": -5.367720513401452,
    "N": -4.654024698558094,
    "P": -4.41166386098905,
    "Q": -4.619259280397417,
    "R": -4.346240785991001,
    "S": -3.8669184603442948,
    "T": -4.236789643575004,
    "V": -3.908288894764155,
    "W": -7.0115767031761775,
    "Y": -5.217160836826071
  },
  "-2": {
    "A": -3.4116638609890497,
    "C": -6.9241138619258376,
    "D": -3.903052246398008,
    "E": -3.6717267002915523,
    "F": -4.872025350777384,
    "G": -3.773171963851098,
    "H": -5.689648608288815,
    "I": -4.346240785991001,
    "K": -3.9454875127184046,
    "L": -3.5686332073274487,
    "M": -5.782758012680296,
    "N": -4.654024698558094,
    "P": -4.128933653814336,
    "Q": -4.519723606846502,
    "R": -4.576948475539452,
    "S": -3.9188195622563247,
    "T": -4.204221781118573,
    "V": -3.8070055589269733,
    "W": -6.967182583817723,
    "Y": -5.204221781118573
  },
  "-1": {
    "A": -3.4763013265553737,
    "C": -6.585311948474079,
    "D": -3.8669184603442948,
    "E": -3.8021233375472274,
    "F": -4.782758012680296,
    "G": -3.6941640894113075,
    "H": -5.802123337547227,
    "I": -4.098687366946216,
    "K": -4.434147875140429,
    "L": -3.43037612125122,
    "M": -5.707795954999074,
    "N": -4.396866859060969,
    "P": -4.332096603670731,
    "Q": -4.55214508453888,
    "R": -4.9030522463980075,
    "S": -3.640889296368959,
    "T": -4.153595708048605,
    "V": -3.929427661822306,
    "W": -6.9241138619258376,
    "Y": -5.153595708048605
  },
  "0": {
    "A": "-inf",
    "C": 0.0,
    "D": "-inf",
    "E": "-inf",
    "F": "-inf",
    "G": "-inf",
    "H": "-inf",
    "I": "-inf",
    "K": "-inf",
    "L": "-inf",
    "M": "-inf",
    "N": "-inf",
    "P": "-inf",
    "Q": "-inf",
    "R": "-inf",
    "S": "-inf",
    "T": "-inf",
    "V": "-inf",
    "W": "-inf",
    "Y": "-inf"
  },
  "+1": {
    "A": -3.8822936862312107,
    "C": -6.726174484313929,
    "D": -4.0115767031761775,
    "E": -3.8021233375472274,
    "F": -4.744790162481276,
    "G": -3.636537271829252,
    "H": -5.671726700291552,
    "I": -4.27010971677503,
    "K": -4.297331185510054,
    "L": -3.560365591343848,
    "M": -5.782758012680296,
    "N": -4.627872410702125,
    "P": -3.707795954999074,
    "Q": -4.744790162481276,
    "R": -4.346240785991001,
    "S": -3.8874553913469896,
    "T": -4.0115767031761775,
    "V": -3.7308059330455747,
    "W": -6.726174484313929,
    "Y": -5.230216989651518
  },
  "+2": {
    "A": -3.707795954999074,
    "C": -7.426614202455021,
    "D": -4.104686107567659,
    "E": -3.5317964391470773,
    "F": -4.945487512718405,
    "G": -3.9454875127184046,
    "H": -5.353365220424382,
    "I": -4.153595708048605,
    "K": -4.230216989651518,
    "L": -3.4116638609890497,
    "M": -6.0115767031761775,
    "N": -4.956294267674988,
    "P": -3.978153701638727,
    "Q": -4.495876864892135,
    "R": -4.074938764173607,
    "S": -3.908288894764155,
    "T": -4.283656248612978,
    "V": -3.632198336104915,
    "W": -7.367720513401452,
    "Y": -5.367720513401452
  },
  "+3": {
    "A": -3.5317964391470773,
    "C": -6.230216989651518,
    "D": -4.040033149225405,
    "E": -3.7541888604835254,
    "F": -5.04579241851409,
    "G": -4.028583128481867,
    "H": -5.382220083096567,
    "I": -4.230216989651518,
    "K": -4.057380392789302,
    "L": -3.4116638609890497,
    "M": -5.619259280397417,
    "N": -4.576948475539452,
    "P": -3.9188195622563247,
    "Q": -4.882293686231211,
    "R": -4.297331185510054,