{
  "-10": {
    "A": 0.06818181818181818,
    "C": 0.0,
    "D": 0.045454545454545456,
    "E": 0.29545454545454547,
    "F": 0.0,
    "G": 0.09090909090909091,
    "H": 0.045454545454545456,
    "I": 0.0,
    "K": 0.09090909090909091,
    "L": 0.06818181818181818,
    "M": 0.0,
    "N": 0.0,
    "P": 0.0,
    "Q": 0.045454545454545456,
    "R": 0.022727272727272728,
    "S": 0.11363636363636363,
    "T": 0.0,
    "V": 0.11363636363636363,
    "W": 0.0,
    "Y": 0.0
  },
  "-9": {
    "A": 0.06818181818181818,
    "C": 0.13636363636363635,
    "D": 0.09090909090909091,
    "E": 0.045454545454545456,
    "F": 0.022727272727272728,
    "G": 0.09090909090909091,
    "H": 0.045454545454545456,
    "I": 0.045454545454545456,
    "K": 0.06818181818181818,
    "L": 0.09090909090909091,
    "M": 0.022727272727272728,
    "N": 0.0,
    "P": 0.022727272727272728,
    "Q": 0.11363636363636363,
    "R": 0.045454545454545456,
    "S": 0.0,
    "T": 0.045454545454545456,
    "V": 0.022727272727272728,
    "W": 0.0,
    "Y": 0.022727272727272728
  },
  "-8": {
    "A": 0.06818181818181818,
    "C": 0.022727272727272728,
    "D": 0.06818181818181818,
    "E": 0.045454545454545456,
    "F": 0.022727272727272728,
    "G": 0.0,
    "H": 0.022727272727272728,
    "I": 0.11363636363636363,
    "K": 0.022727272727272728,
    "L": 0.22727272727272727,
    "M": 0.022727272727272728,
    "N": 0.06818181818181818,
    "P": 0.045454545454545456,
    "Q": 0.022727272727272728,
    "R": 0.06818181818181818,
    "S": 0.022727272727272728,
    "T": 0.09090909090909091,
    "V": 0.045454545454545456,
    "W": 0.0,
    "Y": 0.0
  },
  "-7": {
    "A": 0.045454545454545456,
    "C": 0.0,
    "D": 0.13636363636363635,
    "E": 0.11363636363636363,
    "F": 0.022727272727272728,
    "G": 0.09090909090909091,
    "H": 0.0,
    "I": 0.045454545454545456,
    "K": 0.06818181818181818,
    "L": 0.06818181818181818,
    "M": 0.045454545454545456,
    "N": 0.0,
    "P": 0.022727272727272728,
    "Q": 0.0,
    "R": 0.18181818181818182,
    "S": 0.045454545454545456,
    "T": 0.022727272727272728,
    "V": 0.0,
    "W": 0.022727272727272728,
    "Y": 0.06818181818181818
  },
  "-6": {
    "A": 0.20454545454545456,
    "C": 0.0,
    "D": 0.045454545454545456,
    "E": 0.09090909090909091,
    "F": 0.0,
    "G": 0.25,
    "H": 0.0,
    "I": 0.045454545454545456,
    "K": 0.022727272727272728,
    "L": 0.06818181818181818,
    "M": 0.0,
    "N": 0.045454545454545456,
    "P": 0.09090909090909091,
    "Q": 0.0,
    "R": 0.022727272727272728,
    "S": 0.045454545454545456,
    "T": 0.045454545454545456,
    "V": 0.0,
    "W": 0.0,
    "Y": 0.022727272727272728
  },
  "-5": {
    "A": 0.022727272727272728,
    "C": 0.0,
    "D": 0.022727272727272728,
    "E": 0.0,
    "F": 0.022727272727272728,
    "G": 0.4772727272727273,
    "H": 0.06818181818181818,
    "I": 0.022727272727272728,
    "K": 0.045454545454545456,
    "L": 0.06818181818181818,
    "M": 0.0,
    "N": 0.0,
    "P": 0.09090909090909091,
    "Q": 0.0,
    "R": 0.06818181818181818,
    "S": 0.045454545454545456,
    "T": 0.0,
    "V": 0.045454545454545456,
    "W": 0.0,
    "Y": 0.0
  },
  "-4": {
    "A": 0.29545454545454547,
    "C": 0.0,
    "D": 0.022727272727272728,
    "E": 0.0,
    "F": 0.022727272727272728,
    "G": 0.022727272727272728,
    "H": 0.022727272727272728,
    "I": 0.13636363636363635,
    "K": 0.0,
    "L": 0.1590909090909091,
    "M": 0.0,
    "N": 0.045454545454545456,
    "P": 0.0,
    "Q": 0.0,
    "R": 0.022727272727272728,
    "S": 0.022727272727272728,
    "T": 0.045454545454545456,
    "V": 0.1590909090909091,
    "W": 0.0,
    "Y": 0.022727272727272728
  },
  "-3": {
    "A": 0.09090909090909091,
    "C": 0.0,
    "D": 0.22727272727272727,
    "E": 0.022727272727272728,
    "F": 0.022727272727272728,
    "G": 0.11363636363636363,
    "H": 0.0,
    "I": 0.09090909090909091,
    "K": 0.0,
    "L": 0.022727272727272728,
    "M": 0.022727272727272728,
    "N": 0.045454545454545456,
    "P": 0.0,
    "Q": 0.0,
    "R": 0.022727272727272728,
    "S": 0.11363636363636363,
    "T": 0.06818181818181818,
    "V": 0.13636363636363635,
    "W": 0.0,
    "Y": 0.0
  },
  "-2": {
    "A": 0.06818181818181818,
    "C": 0.022727272727272728,
    "D": 0.0,
    "E": 0.0,
    "F": 0.20454545454545456,
    "G": 0.22727272727272727,
    "H": 0.045454545454545456,
    "I": 0.06818181818181818,
    "K": 0.022727272727272728,
    "L": 0.022727272727272728,
    "M": 0.0,
    "N": 0.022727272727272728,
    "P": 0.0,
    "Q": 0.0,
    "R": 0.022727272727272728,
    "S": 0.11363636363636363,
    "T": 0.09090909090909091,
    "V": 0.0,
    "W": 0.045454545454545456,
    "Y": 0.022727272727272728
  },
  "-1": {
    "A": 0.045454545454545456,
    "C": 0.0,
    "D": 0.0,
    "E": 0.022727272727272728,
    "F": 0.20454545454545456,
    "G": 0.0,
    "H": 0.022727272727272728,
    "I": 0.13636363636363635,
    "K": 0.0,
    "L": 0.22727272727272727,
    "M": 0.06818181818181818,
    "N": 0.0,
    "P": 0.0,
    "Q": 0.0,
    "R": 0.0,
    "S": 0.0,
    "T": 0.13636363636363635,
    "V": 0.11363636363636363,
    "W": 0.0,
    "Y": 0.022727272727272728
  },
  "0": {
    "A": 0.0,
    "C": 0.0,
    "D": 0.0,
    "E": 0.0,
    "F": 0.0,
    "G": 0.0,
    "H": 0.0,
    "I": 0.0,
    "K": 1.0,
    "L": 0.0,
    "M": 0.0,
    "N": 0.0,
    "P": 0.0,
    "Q": 0.0,
    "R": 0.0,
    "S": 0.0,
    "T": 0.0,
    "V": 0.0,
    "W": 0.0,
    "Y": 0.0
  },
  "+1": {
    "A": 0.11363636363636363,
    "C": 0.045454545454545456,
    "D": 0.25,
    "E": 0.0,
    "F": 0.0,
    "G": 0.0,
    "H": 0.0,
    "I": 0.22727272727272727,
    "K": 0.0,
    "L": 0.09090909090909091,
    "M": 0.09090909090909091,
    "N": 0.022727272727272728,
    "P": 0.0,
    "Q": 0.0,
    "R": 0.0,
    "S": 0.022727272727272728,
    "T": 0.0,
    "V": 0.11363636363636363,
    "W": 0.022727272727272728,
    "Y": 0.0
  },
  "+2": {
    "A": 0.11363636363636363,
    "C": 0.0,
    "D": 0.3181818181818182,
    "E": 0.0,
    "F": 0.11363636363636363,
    "G": 0.06818181818181818,
    "H": 0.11363636363636363,
    "I": 0.0,
    "K": 0.0,
    "L": 0.022727272727272728,
    "M": 0.06818181818181818,
    "N": 0.0,
    "P": 0.045454545454545456,
    "Q": 0.0,
    "R": 0.045454545454545456,
    "S": 0.0,
    "T": 0.022727272727272728,
    "V": 0.0,
    "W": 0.0,
    "Y": 0.06818181818181818
  },
  "+3": {
    "A": 0.09090909090909091,
    "C": 0.0,
    "D": 0.022727272727272728,
    "E": 0.3409090909090909,
    "F": 0.0,
    "G": 0.0,
    "H": 0.022727272727272728,
    "I": 0.06818181818181818,
    "K": 0.0,
    "L": 0.09090909090909091,
    "M": 0.1590909090909091,
    "N": 0.022727272727272728,
    "P": 0.022727272727272728,
    "Q": 0.0,
    "R": 0.0,
    "S": 0.045454545454545456,
    "T": 0.11363636363636363,
    "V": 0.0,
    "W": 0.0,
    "Y": 0.0
  },
  "+4": {
    "A": 0.22727272727272727,
    "C": 0.0,
    "D": 0.13636363636363635,
    "E": 0.0,
    "F": 0.022727272727272728,
    "G": 0.13636363636363635,
    "H": 0.0,
    "I": 0.045454545454545456,
    "K": 0.0,
    "L": 0.0,
    "M": 0.0,
    "N": 0.20454545454545456,
    "P": 0.022727272727272728,
    "Q": 0.0,
    "R": 0.0,
    "S": 0.09090909090909091,
    "T": 0.09090909090909091,
    "V": 0.0,
    "W": 0.0,
    "Y": 0.022727272727272728
  },
  "+5": {
    "A": 0.022727272727272728,
    "C": 0.0,
    "D": 0.022727272727272728,
    "E": 0.045454545454545456,
    "F": 0.0,
    "G": 0.045454545454545456,
    "H": 0.022727272727272728,
    "I": 0.06818181818181818,
    "K": 0.022727272727272728,
    "L": 0.13636363636363635,
    "M": 0.11363636363636363,
    "N": 0.022727272727272728,
    "P": 0.0,
    "Q": 0.022727272727272728,
    "R": 0.045454545454545456,
    "S": 0.022727272727272728,
    "T": 0.0,
    "V": 0.13636363636363635,
    "W": 0.11363636363636363,
    "Y": 0.13636363636363635
  },
  "+6": {
    "A": 0.022727272727272728,
    "C": 0.0,
    "D": 0.0,
    "E": 0.022727272727272728,
    "F": 0.06818181818181818,