{
  "-10": {
    "A": 0.041666666666666664,
    "C": 0.041666666666666664,
    "D": 0.020833333333333332,
    "E": 0.08333333333333333,
    "F": 0.0625,
    "G": 0.125,
    "H": 0.041666666666666664,
    "I": 0.0,
    "K": 0.0625,
    "L": 0.10416666666666667,
    "M": 0.0,
    "N": 0.020833333333333332,
    "P": 0.14583333333333334,
    "Q": 0.0625,
    "R": 0.0625,
    "S": 0.08333333333333333,
    "T": 0.020833333333333332,
    "V": 0.020833333333333332,
    "W": 0.0,
    "Y": 0.0
  },
  "-9": {
    "A": 0.125,
    "C": 0.0,
    "D": 0.041666666666666664,
    "E": 0.14583333333333334,
    "F": 0.020833333333333332,
    "G": 0.10416666666666667,
    "H": 0.020833333333333332,
    "I": 0.020833333333333332,
    "K": 0.041666666666666664,
    "L": 0.041666666666666664,
    "M": 0.041666666666666664,
    "N": 0.0,
    "P": 0.16666666666666666,
    "Q": 0.041666666666666664,
    "R": 0.020833333333333332,
    "S": 0.0625,
    "T": 0.0625,
    "V": 0.020833333333333332,
    "W": 0.0,
    "Y": 0.020833333333333332
  },
  "-8": {
    "A": 0.020833333333333332,
    "C": 0.020833333333333332,
    "D": 0.0625,
    "E": 0.020833333333333332,
    "F": 0.041666666666666664,
    "G": 0.10416666666666667,
    "H": 0.041666666666666664,
    "I": 0.041666666666666664,
    "K": 0.041666666666666664,
    "L": 0.08333333333333333,
    "M": 0.020833333333333332,
    "N": 0.08333333333333333,
    "P": 0.08333333333333333,
    "Q": 0.041666666666666664,
    "R": 0.08333333333333333,
    "S": 0.125,
    "T": 0.020833333333333332,
    "V": 0.041666666666666664,
    "W": 0.0,
    "Y": 0.020833333333333332
  },
  "-7": {
    "A": 0.08333333333333333,
    "C": 0.0,
    "D": 0.08333333333333333,
    "E": 0.0625,
    "F": 0.0,
    "G": 0.041666666666666664,
    "H": 0.0,
    "I": 0.0,
    "K": 0.020833333333333332,
    "L": 0.041666666666666664,
    "M": 0.020833333333333332,
    "N": 0.0625,
    "P": 0.16666666666666666,
    "Q": 0.041666666666666664,
    "R": 0.10416666666666667,
    "S": 0.125,
    "T": 0.10416666666666667,
    "V": 0.041666666666666664,
    "W": 0.0,
    "Y": 0.0
  },
  "-6": {
    "A": 0.10416666666666667,
    "C": 0.0,
    "D": 0.041666666666666664,
    "E": 0.10416666666666667,
    "F": 0.041666666666666664,
    "G": 0.041666666666666664,
    "H": 0.020833333333333332,
    "I": 0.020833333333333332,
    "K": 0.041666666666666664,
    "L": 0.041666666666666664,
    "M": 0.020833333333333332,
    "N": 0.08333333333333333,
    "P": 0.10416666666666667,
    "Q": 0.08333333333333333,
    "R": 0.041666666666666664,
    "S": 0.14583333333333334,
    "T": 0.0,
    "V": 0.020833333333333332,
    "W": 0.0,
    "Y": 0.041666666666666664
  },
  "-5": {
    "A": 0.0625,
    "C": 0.020833333333333332,
    "D": 0.041666666666666664,
    "E": 0.041666666666666664,
    "F": 0.0,
    "G": 0.125,
    "H": 0.041666666666666664,
    "I": 0.020833333333333332,
    "K": 0.10416666666666667,
    "L": 0.0625,
    "M": 0.0,
    "N": 0.0,
    "P": 0.0625,
    "Q": 0.0,
    "R": 0.1875,
    "S": 0.10416666666666667,
    "T": 0.041666666666666664,
    "V": 0.020833333333333332,
    "W": 0.0,
    "Y": 0.0625
  },
  "-4": {
    "A": 0.020833333333333332,
    "C": 0.0,
    "D": 0.041666666666666664,
    "E": 0.08333333333333333,
    "F": 0.041666666666666664,
    "G": 0.10416666666666667,
    "H": 0.0,
    "I": 0.0625,
    "K": 0.08333333333333333,
    "L": 0.08333333333333333,
    "M": 0.020833333333333332,
    "N": 0.020833333333333332,
    "P": 0.0625,
    "Q": 0.08333333333333333,
    "R": 0.0625,
    "S": 0.16666666666666666,
    "T": 0.041666666666666664,
    "V": 0.0,
    "W": 0.0,
    "Y": 0.020833333333333332
  },
  "-3": {
    "A": 0.125,
    "C": 0.0,
    "D": 0.08333333333333333,
    "E": 0.020833333333333332,
    "F": 0.020833333333333332,
    "G": 0.020833333333333332,
    "H": 0.041666666666666664,
    "I": 0.020833333333333332,
    "K": 0.0625,
    "L": 0.020833333333333332,
    "M": 0.041666666666666664,
    "N": 0.020833333333333332,
    "P": 0.14583333333333334,
    "Q": 0.020833333333333332,
    "R": 0.25,
    "S": 0.0,
    "T": 0.041666666666666664,
    "V": 0.020833333333333332,
    "W": 0.041666666666666664,
    "Y": 0.0
  },
  "-2": {
    "A": 0.0625,
    "C": 0.020833333333333332,
    "D": 0.0,
    "E": 0.0625,
    "F": 0.020833333333333332,
    "G": 0.14583333333333334,
    "H": 0.041666666666666664,
    "I": 0.020833333333333332,
    "K": 0.020833333333333332,
    "L": 0.020833333333333332,
    "M": 0.0,
    "N": 0.020833333333333332,
    "P": 0.020833333333333332,
    "Q": 0.10416666666666667,
    "R": 0.22916666666666666,
    "S": 0.08333333333333333,
    "T": 0.08333333333333333,
    "V": 0.041666666666666664,
    "W": 0.0,
    "Y": 0.0
  },
  "-1": {
    "A": 0.08333333333333333,
    "C": 0.020833333333333332,
    "D": 0.0625,
    "E": 0.020833333333333332,
    "F": 0.0625,
    "G": 0.041666666666666664,
    "H": 0.041666666666666664,
    "I": 0.020833333333333332,
    "K": 0.0625,
    "L": 0.08333333333333333,
    "M": 0.020833333333333332,
    "N": 0.041666666666666664,
    "P": 0.041666666666666664,
    "Q": 0.020833333333333332,
    "R": 0.041666666666666664,
    "S": 0.0625,
    "T": 0.125,
    "V": 0.0625,
    "W": 0.0,
    "Y": 0.08333333333333333
  },
  "0": {
    "A": 0.0,
    "C": 0.0,
    "D": 0.0,
    "E": 0.0,
    "F": 0.0,
    "G": 0.0,
    "H": 0.0,
    "I": 0.0,
    "K": 0.0,
    "L": 0.0,
    "M": 0.0,
    "N": 0.0,
    "P": 0.0,
    "Q": 0.0,
    "R": 0.0,
    "S": 1.0,
    "T": 0.0,
    "V": 0.0,
    "W": 0.0,
    "Y": 0.0
  },
  "+1": {
    "A": 0.08333333333333333,
    "C": 0.0,
    "D": 0.0625,
    "E": 0.020833333333333332,
    "F": 0.10416666666666667,
    "G": 0.0,
    "H": 0.0,
    "I": 0.020833333333333332,
    "K": 0.0625,
    "L": 0.0625,
    "M": 0.020833333333333332,
    "N": 0.0,
    "P": 0.25,
    "Q": 0.0625,
    "R": 0.020833333333333332,
    "S": 0.08333333333333333,
    "T": 0.0,
    "V": 0.0625,
    "W": 0.0,
    "Y": 0.08333333333333333
  },
  "+2": {
    "A": 0.0625,
    "C": 0.020833333333333332,
    "D": 0.041666666666666664,
    "E": 0.125,
    "F": 0.020833333333333332,
    "G": 0.041666666666666664,
    "H": 0.020833333333333332,
    "I": 0.020833333333333332,
    "K": 0.0,
    "L": 0.041666666666666664,
    "M": 0.0,
    "N": 0.020833333333333332,
    "P": 0.10416666666666667,
    "Q": 0.0625,
    "R": 0.0625,
    "S": 0.14583333333333334,
    "T": 0.041666666666666664,
    "V": 0.16666666666666666,
    "W": 0.0,
    "Y": 0.0
  },
  "+3": {
    "A": 0.10416666666666667,
    "C": 0.0,
    "D": 0.10416666666666667,
    "E": 0.08333333333333333,
    "F": 0.0,
    "G": 0.08333333333333333,
    "H": 0.020833333333333332,
    "I": 0.0,
    "K": 0.0625,
    "L": 0.020833333333333332,
    "M": 0.0625,
    "N": 0.020833333333333332,
    "P": 0.125,
    "Q": 0.0,
    "R": 0.041666666666666664,
    "S": 0.041666666666666664,
    "T": 0.10416666666666667,
    "V": 0.08333333333333333,
    "W": 0.0,
    "Y": 0.041666666666666664
  },
  "+4": {
    "A": 0.0625,
    "C": 0.0,
    "D": 0.020833333333333332,
    "E": 0.020833333333333332,
    "F": 0.0,
    "G": 0.041666666666666664,
    "H": 0.0,
    "I": 0.0,
    "K": 0.020833333333333332,
    "L": 0.08333333333333333,
    "M": 0.0,
    "N": 0.041666666666666664,
    "P": 0.14583333333333334,
    "Q": 0.041666666666666664,
    "R": 0.0625,
    "S": 0.3125,
    "T": 0.08333333333333333,
    "V": 0.020833333333333332,
    "W": 0.0,
    "Y": 0.020833333333333332
  },
  "+5": {
    "A": 0.0625,
    "C": 0.0,
    "D": 0.020833333333333332,
    "E": 0.0625,
    "F": 0.08333333333333333,
    "G": 0.10416666666666667,
    "H": 0.0625,
    "I": 0.041666666666666664,
    "K": 0.0625,
    "L": 0.08333333333333333,
    "M": 0.0,
    "N": 0.020833333333333332,
    "P": 0.1875,
    "Q": 0.0,
    "R": 0.020833333333333332,
    "S": 0.0625,
    "T": 0.08333333333333333,
    "V": 0.020833333333333332,
    "W": 0.0,
    "Y": 0.0
  },
  "+6": {
    "A": 0.125,
    "C": 0.0,