{
  "-10": {
    "A": 0.057971014492753624,
    "C": 0.0,
    "D": 0.10144927536231885,
    "E": 0.057971014492753624,
    "F": 0.014492753623188406,
    "G": 0.13043478260869565,
    "H": 0.014492753623188406,
    "I": 0.057971014492753624,
    "K": 0.014492753623188406,
    "L": 0.08695652173913043,
    "M": 0.043478260869565216,
    "N": 0.028985507246376812,
    "P": 0.057971014492753624,
    "Q": 0.043478260869565216,
    "R": 0.028985507246376812,
    "S": 0.11594202898550725,
    "T": 0.057971014492753624,
    "V": 0.07246376811594203,
    "W": 0.0,
    "Y": 0.014492753623188406
  },
  "-9": {
    "A": 0.07246376811594203,
    "C": 0.014492753623188406,
    "D": 0.08695652173913043,
    "E": 0.07246376811594203,
    "F": 0.0,
    "G": 0.043478260869565216,
    "H": 0.028985507246376812,
    "I": 0.028985507246376812,
    "K": 0.17391304347826086,
    "L": 0.11594202898550725,
    "M": 0.043478260869565216,
    "N": 0.014492753623188406,
    "P": 0.057971014492753624,
    "Q": 0.014492753623188406,
    "R": 0.014492753623188406,
    "S": 0.11594202898550725,
    "T": 0.057971014492753624,
    "V": 0.014492753623188406,
    "W": 0.0,
    "Y": 0.028985507246376812
  },
  "-8": {
    "A": 0.057971014492753624,
    "C": 0.0,
    "D": 0.07246376811594203,
    "E": 0.07246376811594203,
    "F": 0.057971014492753624,
    "G": 0.07246376811594203,
    "H": 0.014492753623188406,
    "I": 0.028985507246376812,
    "K": 0.043478260869565216,
    "L": 0.057971014492753624,
    "M": 0.028985507246376812,
    "N": 0.014492753623188406,
    "P": 0.10144927536231885,
    "Q": 0.043478260869565216,
    "R": 0.057971014492753624,
    "S": 0.11594202898550725,
    "T": 0.043478260869565216,
    "V": 0.07246376811594203,
    "W": 0.0,
    "Y": 0.043478260869565216
  },
  "-7": {
    "A": 0.043478260869565216,
    "C": 0.043478260869565216,
    "D": 0.07246376811594203,
    "E": 0.057971014492753624,
    "F": 0.043478260869565216,
    "G": 0.028985507246376812,
    "H": 0.028985507246376812,
    "I": 0.028985507246376812,
    "K": 0.057971014492753624,
    "L": 0.057971014492753624,
    "M": 0.014492753623188406,
    "N": 0.043478260869565216,
    "P": 0.08695652173913043,
    "Q": 0.0,
    "R": 0.13043478260869565,
    "S": 0.10144927536231885,
    "T": 0.028985507246376812,
    "V": 0.043478260869565216,
    "W": 0.0,
    "Y": 0.08695652173913043
  },
  "-6": {
    "A": 0.028985507246376812,
    "C": 0.0,
    "D": 0.057971014492753624,
    "E": 0.08695652173913043,
    "F": 0.0,
    "G": 0.057971014492753624,
    "H": 0.028985507246376812,
    "I": 0.07246376811594203,
    "K": 0.10144927536231885,
    "L": 0.10144927536231885,
    "M": 0.043478260869565216,
    "N": 0.043478260869565216,
    "P": 0.028985507246376812,
    "Q": 0.028985507246376812,
    "R": 0.028985507246376812,
    "S": 0.07246376811594203,
    "T": 0.11594202898550725,
    "V": 0.057971014492753624,
    "W": 0.028985507246376812,
    "Y": 0.014492753623188406
  },
  "-5": {
    "A": 0.08695652173913043,
    "C": 0.0,
    "D": 0.13043478260869565,
    "E": 0.13043478260869565,
    "F": 0.028985507246376812,
    "G": 0.043478260869565216,
    "H": 0.028985507246376812,
    "I": 0.13043478260869565,
    "K": 0.014492753623188406,
    "L": 0.028985507246376812,
    "M": 0.057971014492753624,
    "N": 0.043478260869565216,
    "P": 0.028985507246376812,
    "Q": 0.07246376811594203,
    "R": 0.014492753623188406,
    "S": 0.07246376811594203,
    "T": 0.028985507246376812,
    "V": 0.028985507246376812,
    "W": 0.0,
    "Y": 0.028985507246376812
  },
  "-4": {
    "A": 0.028985507246376812,
    "C": 0.0,
    "D": 0.08695652173913043,
    "E": 0.2608695652173913,
    "F": 0.028985507246376812,
    "G": 0.07246376811594203,
    "H": 0.014492753623188406,
    "I": 0.028985507246376812,
    "K": 0.057971014492753624,
    "L": 0.014492753623188406,
    "M": 0.0,
    "N": 0.043478260869565216,
    "P": 0.014492753623188406,
    "Q": 0.043478260869565216,
    "R": 0.043478260869565216,
    "S": 0.11594202898550725,
    "T": 0.10144927536231885,
    "V": 0.028985507246376812,
    "W": 0.0,
    "Y": 0.014492753623188406
  },
  "-3": {
    "A": 0.014492753623188406,
    "C": 0.0,
    "D": 0.2028985507246377,
    "E": 0.17391304347826086,
    "F": 0.028985507246376812,
    "G": 0.10144927536231885,
    "H": 0.0,
    "I": 0.0,
    "K": 0.10144927536231885,
    "L": 0.014492753623188406,
    "M": 0.014492753623188406,
    "N": 0.08695652173913043,
    "P": 0.028985507246376812,
    "Q": 0.028985507246376812,
    "R": 0.043478260869565216,
    "S": 0.08695652173913043,
    "T": 0.057971014492753624,
    "V": 0.014492753623188406,
    "W": 0.0,
    "Y": 0.0
  },
  "-2": {
    "A": 0.028985507246376812,
    "C": 0.014492753623188406,
    "D": 0.10144927536231885,
    "E": 0.11594202898550725,
    "F": 0.0,
    "G": 0.10144927536231885,
    "H": 0.014492753623188406,
    "I": 0.028985507246376812,
    "K": 0.028985507246376812,
    "L": 0.057971014492753624,
    "M": 0.0,
    "N": 0.10144927536231885,
    "P": 0.08695652173913043,
    "Q": 0.0,
    "R": 0.014492753623188406,
    "S": 0.08695652173913043,
    "T": 0.07246376811594203,
    "V": 0.13043478260869565,
    "W": 0.0,
    "Y": 0.014492753623188406
  },
  "-1": {
    "A": 0.0,
    "C": 0.0,
    "D": 0.14492753623188406,
    "E": 0.21739130434782608,
    "F": 0.014492753623188406,
    "G": 0.043478260869565216,
    "H": 0.07246376811594203,
    "I": 0.07246376811594203,
    "K": 0.0,
    "L": 0.028985507246376812,
    "M": 0.014492753623188406,
    "N": 0.07246376811594203,
    "P": 0.014492753623188406,
    "Q": 0.07246376811594203,
    "R": 0.014492753623188406,
    "S": 0.043478260869565216,
    "T": 0.057971014492753624,
    "V": 0.057971014492753624,
    "W": 0.0,
    "Y": 0.057971014492753624
  },
  "0": {
    "A": 0.0,
    "C": 0.0,
    "D": 0.0,
    "E": 0.0,
    "F": 0.0,
    "G": 0.0,
    "H": 0.0,
    "I": 0.0,
    "K": 0.0,
    "L": 0.0,
    "M": 0.0,
    "N": 0.0,
    "P": 0.0,
    "Q": 0.0,
    "R": 0.0,
    "S": 0.0,
    "T": 0.0,
    "V": 0.0,
    "W": 0.0,
    "Y": 1.0
  },
  "+1": {
    "A": 0.08695652173913043,
    "C": 0.0,
    "D": 0.014492753623188406,
    "E": 0.043478260869565216,
    "F": 0.0,
    "G": 0.043478260869565216,
    "H": 0.0,
    "I": 0.08695652173913043,
    "K": 0.028985507246376812,
    "L": 0.13043478260869565,
    "M": 0.043478260869565216,
    "N": 0.0,
    "P": 0.0,
    "Q": 0.057971014492753624,
    "R": 0.014492753623188406,
    "S": 0.07246376811594203,
    "T": 0.15942028985507245,
    "V": 0.14492753623188406,
    "W": 0.0,
    "Y": 0.07246376811594203
  },
  "+2": {
    "A": 0.14492753623188406,
    "C": 0.014492753623188406,
    "D": 0.07246376811594203,
    "E": 0.08695652173913043,
    "F": 0.0,
    "G": 0.028985507246376812,
    "H": 0.028985507246376812,
    "I": 0.043478260869565216,
    "K": 0.07246376811594203,
    "L": 0.014492753623188406,
    "M": 0.0,
    "N": 0.043478260869565216,
    "P": 0.057971014492753624,
    "Q": 0.08695652173913043,
    "R": 0.028985507246376812,
    "S": 0.057971014492753624,
    "T": 0.07246376811594203,
    "V": 0.11594202898550725,
    "W": 0.014492753623188406,
    "Y": 0.014492753623188406
  },
  "+3": {
    "A": 0.028985507246376812,
    "C": 0.014492753623188406,
    "D": 0.014492753623188406,
    "E": 0.014492753623188406,
    "F": 0.014492753623188406,
    "G": 0.028985507246376812,
    "H": 0.028985507246376812,
    "I": 0.057971014492753624,
    "K": 0.057971014492753624,
    "L": 0.13043478260869565,
    "M": 0.057971014492753624,
    "N": 0.014492753623188406,
    "P": 0.10144927536231885,
    "Q": 0.043478260869565216,
    "R": 0.07246376811594203,
    "S": 0.043478260869565216,
    "T": 0.028985507246376812,
    "V": 0.2463768115942029,
    "W": 0.0,
    "Y": 0.0
  },
  "+4": {
    "A": 0.043478260869565216,
    "C": 0.014492753623188406,
    "D": 0.14492753623188406,
    "E": 0.11594202898550725,
    "F": 0.0,
    "G": 0.043478260869565216,