{
  "-10": {
    "A": -4.146841388329271,
    "C": -6.954196310386875,
    "D": -4.369233809665719,
    "E": -3.5391588111080314,
    "F": -5.079727192470734,
    "G": -4.539158811108031,
    "H": -7.539158811108031,
    "I": -3.8953026213333066,
    "K": -4.217230716220669,
    "L": -4.291231297664446,
    "M": -5.731803889050427,
    "N": -5.369233809665719,
    "P": -4.217230716220669,
    "Q": -4.838719092966939,
    "R": -3.146841388329271,
    "S": -3.079727192470734,
    "T": -4.632268215499513,
    "V": -5.079727192470734,
    "W": -8.539158811108031,
    "Y": -6.954196310386875
  },
  "-9": {
    "A": -4.632268215499513,
    "C": -6.539158811108031,
    "D": -4.539158811108031,
    "E": -4.079727192470734,
    "F": -6.217230716220669,
    "G": -3.8387190929669393,
    "H": -5.731803889050427,
    "I": -5.217230716220669,
    "K": -3.6322682154995127,
    "L": -3.8387190929669393,
    "M": -6.954196310386875,
    "N": -4.954196310386875,
    "P": -3.3692338096657193,
    "Q": -5.217230716220669,
    "R": -4.146841388329271,
    "S": -3.253756592245783,
    "T": -4.731803889050427,
    "V": -3.5391588111080314,
    "W": -6.954196310386875,
    "Y": -6.954196310386875
  },
  "-8": {
    "A": -3.8953026213333066,
    "C": -6.539158811108031,
    "D": -5.369233809665719,
    "E": -4.015596855051019,
    "F": -6.217230716220669,
    "G": -3.3297054454790818,
    "H": -6.217230716220669,
    "I": -5.079727192470734,
    "K": -4.632268215499513,
    "L": -3.8953026213333066,
    "M": -5.731803889050427,
    "N": -4.731803889050427,
    "P": -4.079727192470734,
    "Q": -4.451695969857692,
    "R": -3.6322682154995127,
    "S": -3.0473057147783567,
    "T": -4.451695969857692,
    "V": -4.291231297664446,
    "W": -7.539158811108031,
    "Y": -6.217230716220669
  },
  "-7": {
    "A": -4.369233809665719,
    "C": -6.217230716220669,
    "D": -4.451695969857692,
    "E": -3.8387190929669393,
    "F": -5.954196310386875,
    "G": -3.681177815980459,
    "H": -4.539158811108031,
    "I": -4.731803889050427,
    "K": -4.954196310386875,
    "L": -3.7318038890504273,
    "M": -6.217230716220669,
    "N": -5.539158811108031,
    "P": -3.7318038890504273,
    "Q": -4.954196310386875,
    "R": -3.3297054454790818,
    "S": -3.2912312976644458,
    "T": -4.146841388329271,
    "V": -4.632268215499513,
    "W": -6.217230716220669,
    "Y": -6.954196310386875
  },
  "-6": {
    "A": -4.217230716220669,
    "C": -5.539158811108031,
    "D": -4.146841388329271,
    "E": -4.369233809665719,
    "F": -5.079727192470734,
    "G": -4.217230716220669,
    "H": -5.079727192470734,
    "I": -4.954196310386875,
    "K": -4.146841388329271,
    "L": -4.015596855051019,
    "M": -6.539158811108031,
    "N": -5.079727192470734,
    "P": -3.7318038890504273,
    "Q": -3.9541963103868754,
    "R": -4.632268215499513,
    "S": -3.0155968550510184,
    "T": -4.146841388329271,
    "V": -4.291231297664446,
    "W": -8.539158811108031,
    "Y": -5.369233809665719
  },
  "-5": {
    "A": -4.838719092966939,
    "C": -7.539158811108031,
    "D": -4.539158811108031,
    "E": -3.681177815980459,
    "F": -5.731803889050427,
    "G": -3.3692338096657193,
    "H": -7.539158811108031,
    "I": -5.079727192470734,
    "K": -5.217230716220669,
    "L": -3.6322682154995127,
    "M": -7.539158811108031,
    "N": -4.731803889050427,
    "P": -3.6322682154995127,
    "Q": -4.954196310386875,
    "R": -3.5391588111080314,
    "S": -2.584962500721156,
    "T": -4.369233809665719,
    "V": -4.954196310386875,
    "W": "-inf",
    "Y": -6.217230716220669
  },
  "-4": {
    "A": -4.539158811108031,
    "C": -5.369233809665719,
    "D": -4.079727192470734,
    "E": -3.7842713089445628,
    "F": -5.731803889050427,
    "G": -4.369233809665719,
    "H": -4.291231297664446,
    "I": -5.369233809665719,
    "K": -4.731803889050427,
    "L": -3.8953026213333066,
    "M": -5.369233809665719,
    "N": -4.954196310386875,
    "P": -4.291231297664446,
    "Q": -4.369233809665719,
    "R": -4.451695969857692,
    "S": -2.984569959430394,
    "T": -4.217230716220669,
    "V": -3.6322682154995127,
    "W": -7.539158811108031,
    "Y": -6.217230716220669
  },
  "-3": {
    "A": -4.369233809665719,
    "C": -6.539158811108031,
    "D": -3.681177815980459,
    "E": -3.409875794163065,
    "F": -7.539158811108031,
    "G": -4.838719092966939,
    "H": -6.217230716220669,
    "I": -4.539158811108031,
    "K": -4.838719092966939,
    "L": -4.079727192470734,
    "M": -4.291231297664446,
    "N": -6.217230716220669,
    "P": -3.8953026213333066,
    "Q": -3.5391588111080314,
    "R": -4.451695969857692,
    "S": -3.0155968550510184,
    "T": -4.146841388329271,
    "V": -4.539158811108031,
    "W": -8.539158811108031,
    "Y": -5.539158811108031
  },
  "-2": {
    "A": -4.015596855051019,
    "C": -5.954196310386875,
    "D": -3.584962500721156,
    "E": -3.584962500721156,
    "F": -6.217230716220669,
    "G": -3.2912312976644458,
    "H": -6.539158811108031,
    "I": -5.217230716220669,
    "K": -4.369233809665719,
    "L": -4.291231297664446,
    "M": -5.954196310386875,
    "N": -4.838719092966939,
    "P": -4.079727192470734,
    "Q": -4.954196310386875,
    "R": -3.9541963103868754,
    "S": -3.253756592245783,
    "T": -5.369233809665719,
    "V": -3.7842713089445628,
    "W": "-inf",
    "Y": -4.954196310386875
  },
  "-1": {
    "A": -5.079727192470734,
    "C": -6.539158811108031,
    "D": -3.5391588111080314,
    "E": -3.2912312976644458,
    "F": -5.731803889050427,
    "G": -3.2912312976644458,
    "H": -7.539158811108031,
    "I": -5.539158811108031,
    "K": -4.838719092966939,
    "L": -4.146841388329271,
    "M": -5.954196310386875,
    "N": -4.731803889050427,
    "P": -4.369233809665719,
    "Q": -5.217230716220669,
    "R": -3.584962500721156,
    "S": -3.217230716220669,
    "T": -4.217230716220669,
    "V": -4.079727192470734,
    "W": -5.954196310386875,
    "Y": -5.369233809665719
  },
  "0": {
    "A": "-inf",
    "C": "-inf",
    "D": "-inf",
    "E": "-inf",
    "F": "-inf",
    "G": "-inf",
    "H": "-inf",
    "I": "-inf",
    "K": "-inf",
    "L": "-inf",
    "M": 0.0,
    "N": "-inf",
    "P": "-inf",
    "Q": "-inf",
    "R": "-inf",
    "S": "-inf",
    "T": "-inf",
    "V": "-inf",
    "W": "-inf",
    "Y": "-inf"
  },
  "+1": {
    "A": -3.409875794163065,
    "C": -5.079727192470734,
    "D": -4.015596855051019,
    "E": -3.253756592245783,
    "F": -6.217230716220669,
    "G": -3.3692338096657193,
    "H": -5.954196310386875,
    "I": -5.954196310386875,
    "K": -4.146841388329271,
    "L": -4.079727192470734,
    "M": -5.954196310386875,
    "N": -4.539158811108031,
    "P": -4.539158811108031,
    "Q": -4.731803889050427,
    "R": -5.217230716220669,
    "S": -2.681177815980459,
    "T": -4.731803889050427,
    "V": -3.681177815980459,
    "W": -8.539158811108031,
    "Y": -6.954196310386875
  },
  "+2": {
    "A": -3.9541963103868754,
    "C": -5.954196310386875,
    "D": -4.146841388329271,
    "E": -3.6322682154995127,
    "F": -4.838719092966939,
    "G": -3.2912312976644458,
    "H": -6.539158811108031,
    "I": -5.954196310386875,
    "K": -4.291231297664446,
    "L": -3.7842713089445628,
    "M": -5.217230716220669,
    "N": -4.369233809665719,
    "P": -3.7318038890504273,
    "Q": -3.8953026213333066,
    "R": -4.291231297664446,
    "S": -3.3692338096657193,
    "T": -4.731803889050427,
    "V": -4.217230716220669,
    "W": "-inf",
    "Y": -5.217230716220669
  },
  "+3": {
    "A": -4.291231297664446,
    "C": -5.731803889050427,
    "D": -3.8953026213333066,
    "E": -4.539158811108031,
    "F": -6.539158811108031,
    "G": -3.9541963103868754,
    "H": -5.217230716220669,
    "I": -4.731803889050427,
    "K": -3.494764691749578,
    "L": -3.6322682154995127,
    "M": -4.731803889050427,
    "N": -4.838719092966939,
    "P": -3.6322682154995127,
    "Q": -4.838719092966939,
    "R": -4.369233809665719,
    "S": -2.7842713089445628,
    "T": -4.731803889050427,