{
  "-10": {
    "A": -5.692384429703832,
    "C": "-inf",
    "D": -7.301822342137932,
    "E": -7.301822342137932,
    "F": -6.203210053469823,
    "G": -6.203210053469823,
    "H": -6.608675161577986,
    "I": -6.203210053469823,
    "K": -5.104597764801713,
    "L": -5.915527981018042,
    "M": -6.203210053469823,
    "N": -7.301822342137932,
    "P": -6.608675161577986,
    "Q": "-inf",
    "R": -5.510062872909877,
    "S": -4.903927069339562,
    "T": -6.608675161577986,
    "V": -6.203210053469823,
    "W": -6.608675161577986,
    "Y": "-inf"
  },
  "-9": {
    "A": -5.915527981018042,
    "C": -6.608675161577986,
    "D": "-inf",
    "E": -5.915527981018042,
    "F": -6.203210053469823,
    "G": -7.301822342137932,
    "H": -7.301822342137932,
    "I": -7.301822342137932,
    "K": -6.203210053469823,
    "L": -5.915527981018042,
    "M": -7.301822342137932,
    "N": -6.608675161577986,
    "P": -5.510062872909877,
    "Q": -5.915527981018042,
    "R": -5.355912193082618,
    "S": -5.104597764801713,
    "T": -5.692384429703832,
    "V": -6.608675161577986,
    "W": "-inf",
    "Y": -6.608675161577986
  },
  "-8": {
    "A": -6.608675161577986,
    "C": "-inf",
    "D": -6.608675161577986,
    "E": -7.301822342137932,
    "F": -6.608675161577986,
    "G": -6.608675161577986,
    "H": -6.608675161577986,
    "I": -6.608675161577986,
    "K": -5.915527981018042,
    "L": -5.692384429703832,
    "M": "-inf",
    "N": -7.301822342137932,
    "P": -5.915527981018042,
    "Q": "-inf",
    "R": -4.593772141035722,
    "S": -4.7368729846763955,
    "T": -5.692384429703832,
    "V": "-inf",
    "W": "-inf",
    "Y": -7.301822342137932
  },
  "-7": {
    "A": -6.203210053469823,
    "C": -7.301822342137932,
    "D": "-inf",
    "E": -6.203210053469823,
    "F": -5.915527981018042,
    "G": -6.203210053469823,
    "H": "-inf",
    "I": -6.608675161577986,
    "K": -5.915527981018042,
    "L": -5.510062872909877,
    "M": "-inf",
    "N": -7.301822342137932,
    "P": -7.301822342137932,
    "Q": -6.608675161577986,
    "R": -4.662765012522674,
    "S": -4.903927069339562,
    "T": -6.608675161577986,
    "V": -5.915527981018042,
    "W": "-inf",
    "Y": "-inf"
  },
  "-6": {
    "A": -6.203210053469823,
    "C": "-inf",
    "D": "-inf",
    "E": -6.608675161577986,
    "F": -6.203210053469823,
    "G": -6.203210053469823,
    "H": -7.301822342137932,
    "I": -6.203210053469823,
    "K": -5.915527981018042,
    "L": -6.608675161577986,
    "M": "-inf",
    "N": -6.203210053469823,
    "P": -5.915527981018042,
    "Q": "-inf",
    "R": -4.529233619898151,
    "S": -4.999237249143887,
    "T": -5.915527981018042,
    "V": -6.203210053469823,
    "W": "-inf",
    "Y": "-inf"
  },
  "-5": {
    "A": -6.608675161577986,
    "C": -6.608675161577986,
    "D": -7.301822342137932,
    "E": -6.203210053469823,
    "F": -6.203210053469823,
    "G": -6.203210053469823,
    "H": "-inf",
    "I": -6.203210053469823,
    "K": -6.203210053469823,
    "L": -4.903927069339562,
    "M": "-inf",
    "N": -5.510062872909877,
    "P": -6.203210053469823,
    "Q": -7.301822342137932,
    "R": -5.2223808004580965,
    "S": -5.915527981018042,
    "T": -5.915527981018042,
    "V": -6.608675161577986,
    "W": "-inf",
    "Y": -6.608675161577986
  },
  "-4": {
    "A": -6.608675161577986,
    "C": "-inf",
    "D": "-inf",
    "E": "-inf",
    "F": -5.510062872909877,
    "G": -7.301822342137932,
    "H": "-inf",
    "I": -7.301822342137932,
    "K": -5.915527981018042,
    "L": -4.999237249143887,
    "M": "-inf",
    "N": "-inf",
    "P": -6.203210053469823,
    "Q": -6.203210053469823,
    "R": -5.510062872909877,
    "S": -4.903927069339562,
    "T": -6.608675161577986,
    "V": -4.999237249143887,
    "W": -6.608675161577986,
    "Y": "-inf"
  },
  "-3": {
    "A": -5.510062872909877,
    "C": "-inf",
    "D": "-inf",
    "E": "-inf",
    "F": -7.301822342137932,
    "G": "-inf",
    "H": "-inf",
    "I": -5.355912193082618,
    "K": -6.608675161577986,
    "L": -5.692384429703832,
    "M": "-inf",
    "N": -7.301822342137932,
    "P": -5.692384429703832,
    "Q": "-inf",
    "R": -5.692384429703832,
    "S": -5.104597764801713,
    "T": -7.301822342137932,
    "V": -4.3573833629714915,
    "W": "-inf",
    "Y": "-inf"
  },
  "-2": {
    "A": -6.203210053469823,
    "C": -5.2223808004580965,
    "D": -7.301822342137932,
    "E": "-inf",
    "F": -6.203210053469823,
    "G": "-inf",
    "H": "-inf",
    "I": -6.203210053469823,
    "K": -5.692384429703832,
    "L": -6.203210053469823,
    "M": -6.608675161577986,
    "N": -7.301822342137932,
    "P": -7.301822342137932,
    "Q": "-inf",
    "R": -5.915527981018042,
    "S": -5.692384429703832,
    "T": -5.692384429703832,
    "V": -4.529233619898151,
    "W": "-inf",
    "Y": -6.608675161577986
  },
  "-1": {
    "A": -4.816915692349932,
    "C": -6.203210053469823,
    "D": "-inf",
    "E": "-inf",
    "F": "-inf",
    "G": -7.301822342137932,
    "H": -7.301822342137932,
    "I": "-inf",
    "K": -4.816915692349932,
    "L": -6.203210053469823,
    "M": -0.11114630780572456,
    "N": "-inf",
    "P": "-inf",
    "Q": -6.203210053469823,
    "R": -4.903927069339562,
    "S": -5.104597764801713,
    "T": "-inf",
    "V": "-inf",
    "W": "-inf",
    "Y": "-inf"
  },
  "0": {
    "A": 0.0,
    "C": "-inf",
    "D": "-inf",
    "E": "-inf",
    "F": "-inf",
    "G": "-inf",
    "H": "-inf",
    "I": "-inf",
    "K": "-inf",
    "L": "-inf",
    "M": "-inf",
    "N": "-inf",
    "P": "-inf",
    "Q": "-inf",
    "R": "-inf",
    "S": "-inf",
    "T": "-inf",
    "V": "-inf",
    "W": "-inf",
    "Y": "-inf"
  },
  "+1": {
    "A": -1.4997039667608691,
    "C": -4.816915692349932,
    "D": -2.3113897553591958,
    "E": -2.1601587856352724,
    "F": -3.190948477964621,
    "G": -2.824485527659726,
    "H": -4.903927069339562,
    "I": -5.692384429703832,
    "K": -3.934526512151458,
    "L": -3.4516747404278734,
    "M": -4.005985476133603,
    "N": -3.664236182411546,
    "P": -6.608675161577986,
    "Q": -3.2413793315915127,
    "R": -5.510062872909877,
    "S": -1.9358463271160806,
    "T": -2.214226006905548,
    "V": -3.2074777799158314,
    "W": -6.608675161577986,
    "Y": -4.999237249143887
  },
  "+2": {
    "A": -1.6960202758419347,
    "C": -4.662765012522674,
    "D": -3.127435072242295,
    "E": -2.4039825421870207,
    "F": -3.3505786235565047,
    "G": -2.8359142234833485,
    "H": -4.816915692349932,
    "I": -3.934526512151458,
    "K": -3.389799336709786,
    "L": -2.769222848984676,
    "M": -4.3573833629714915,
    "N": -3.2242848982322125,
    "P": -2.696652156149841,
    "Q": -2.907373187465493,
    "R": -3.7464742806485183,
    "S": -2.0707137252833454,
    "T": -2.813185972405792,
    "V": -2.895103094873679,
    "W": -5.510062872909877,
    "Y": -4.529233619898151
  },
  "+3": {
    "A": -1.8550849704716221,
    "C": -4.816915692349932,
    "D": -2.7585275598679284,
    "E": -2.592292140825598,
    "F": -4.210779888779617,
    "G": -2.0186186133999433,
    "H": -4.468608998081716,
    "I": -3.495159852367612,
    "K": -3.410002044027306,
    "L": -2.592292140825598,
    "M": -4.082946517269732,
    "N": -3.6909044294937075,
    "P": -3.258771074303382,
    "Q": -3.258771074303382,
    "R": -4.257299904414509,
    "S": -2.220417977153469,
    "T": -2.824485527659726,
    "V": -2.5482321510315673,
    "W": -5.2223808004580965,
    "Y": -4.306090068583941
  },
  "+4": {
    "A": -2.0288227835741854,
    "C": -6.608675161577986,
    "D": -2.790962835621082,
    "E": -2.381841416309807,
    "F": -4.1237685117899865,
    "G": -2.4039825421870207,
    "H": -4.999237249143887,
    "I": -3.0677158375406726,
    "K": -3.410002044027306,
    "L": -2.824485527659726,
    "M": -4.816915692349932,
    "N": -3.867835137652786,
    "P": -2.601341976345516,
    "Q": -3.127435072242295,
    "R": -3.7754618175217707,
    "S": -2.44200993777626,
    "T": -2.506031796541191,
    "V": -2.3673484090072403,