{
  "-10": {
    "A": -5.574432802628352,
    "C": -6.490723534502507,
    "D": -5.237960566007139,
    "E": -6.490723534502507,
    "F": -5.237960566007139,
    "G": -5.392111245834397,
    "H": -6.490723534502507,
    "I": -6.085258426394343,
    "K": -6.085258426394343,
    "L": -5.392111245834397,
    "M": -7.183870715062453,
    "N": -5.797576353942562,
    "P": -5.797576353942562,
    "Q": -5.797576353942562,
    "R": -4.698964065274452,
    "S": -5.104429173382616,
    "T": -5.797576353942562,
    "V": -6.085258426394343,
    "W": "-inf",
    "Y": -7.183870715062453
  },
  "-9": {
    "A": -6.085258426394343,
    "C": -7.183870715062453,
    "D": -6.085258426394343,
    "E": -7.183870715062453,
    "F": -5.797576353942562,
    "G": -5.237960566007139,
    "H": "-inf",
    "I": -7.183870715062453,
    "K": -5.574432802628352,
    "L": -5.237960566007139,
    "M": -6.490723534502507,
    "N": -6.085258426394343,
    "P": -4.785975442264082,
    "Q": -5.392111245834397,
    "R": -5.237960566007139,
    "S": -4.698964065274452,
    "T": -7.183870715062453,
    "V": -4.881285622068407,
    "W": -7.183870715062453,
    "Y": "-inf"
  },
  "-8": {
    "A": -5.237960566007139,
    "C": -6.490723534502507,
    "D": -7.183870715062453,
    "E": -5.797576353942562,
    "F": -5.392111245834397,
    "G": -4.698964065274452,
    "H": -7.183870715062453,
    "I": "-inf",
    "K": -5.104429173382616,
    "L": -5.797576353942562,
    "M": -7.183870715062453,
    "N": -6.085258426394343,
    "P": -5.797576353942562,
    "Q": -5.574432802628352,
    "R": -5.237960566007139,
    "S": -4.986646137726233,
    "T": -5.797576353942562,
    "V": -7.183870715062453,
    "W": -6.085258426394343,
    "Y": -6.085258426394343
  },
  "-7": {
    "A": -5.392111245834397,
    "C": "-inf",
    "D": -6.490723534502507,
    "E": -6.490723534502507,
    "F": "-inf",
    "G": -6.085258426394343,
    "H": "-inf",
    "I": -6.085258426394343,
    "K": -5.104429173382616,
    "L": -5.104429173382616,
    "M": -6.490723534502507,
    "N": -6.085258426394343,
    "P": -5.392111245834397,
    "Q": -7.183870715062453,
    "R": -4.698964065274452,
    "S": -4.293498957166288,
    "T": -6.490723534502507,
    "V": -5.104429173382616,
    "W": -7.183870715062453,
    "Y": "-inf"
  },
  "-6": {
    "A": -5.392111245834397,
    "C": -6.490723534502507,
    "D": -7.183870715062453,
    "E": -5.797576353942562,
    "F": -5.797576353942562,
    "G": -5.797576353942562,
    "H": -7.183870715062453,
    "I": -6.085258426394343,
    "K": -5.797576353942562,
    "L": -5.237960566007139,
    "M": -6.490723534502507,
    "N": -5.574432802628352,
    "P": -6.085258426394343,
    "Q": -7.183870715062453,
    "R": -5.104429173382616,
    "S": -4.544813385447194,
    "T": -5.574432802628352,
    "V": -5.237960566007139,
    "W": -6.490723534502507,
    "Y": -6.085258426394343
  },
  "-5": {
    "A": -4.881285622068407,
    "C": -6.490723534502507,
    "D": -5.237960566007139,
    "E": -6.490723534502507,
    "F": -6.085258426394343,
    "G": -5.574432802628352,
    "H": "-inf",
    "I": -6.085258426394343,
    "K": -5.392111245834397,
    "L": -5.392111245834397,
    "M": -6.490723534502507,
    "N": -6.085258426394343,
    "P": -4.986646137726233,
    "Q": -5.797576353942562,
    "R": -5.574432802628352,
    "S": -4.698964065274452,
    "T": -6.085258426394343,
    "V": -7.183870715062453,
    "W": -7.183870715062453,
    "Y": -6.490723534502507
  },
  "-4": {
    "A": -4.698964065274452,
    "C": -6.490723534502507,
    "D": -6.490723534502507,
    "E": -5.797576353942562,
    "F": -6.085258426394343,
    "G": -5.237960566007139,
    "H": -7.183870715062453,
    "I": -5.392111245834397,
    "K": -6.490723534502507,
    "L": -6.490723534502507,
    "M": -6.085258426394343,
    "N": -6.085258426394343,
    "P": -7.183870715062453,
    "Q": -6.490723534502507,
    "R": -5.237960566007139,
    "S": -4.785975442264082,
    "T": -5.574432802628352,
    "V": -5.574432802628352,
    "W": -7.183870715062453,
    "Y": -5.104429173382616
  },
  "-3": {
    "A": -5.104429173382616,
    "C": -6.490723534502507,
    "D": -6.490723534502507,
    "E": -6.085258426394343,
    "F": -7.183870715062453,
    "G": -6.085258426394343,
    "H": -7.183870715062453,
    "I": -5.237960566007139,
    "K": -5.797576353942562,
    "L": -4.881285622068407,
    "M": -5.797576353942562,
    "N": -7.183870715062453,
    "P": -4.785975442264082,
    "Q": -6.490723534502507,
    "R": -5.392111245834397,
    "S": -5.237960566007139,
    "T": -6.490723534502507,
    "V": -4.618921357600916,
    "W": "-inf",
    "Y": "-inf"
  },
  "-2": {
    "A": -5.574432802628352,
    "C": -6.490723534502507,
    "D": -7.183870715062453,
    "E": -5.797576353942562,
    "F": -6.085258426394343,
    "G": -6.085258426394343,
    "H": "-inf",
    "I": -6.085258426394343,
    "K": -6.085258426394343,
    "L": -5.797576353942562,
    "M": -5.392111245834397,
    "N": -5.237960566007139,
    "P": -6.085258426394343,
    "Q": -6.085258426394343,
    "R": -4.618921357600916,
    "S": -4.475820513960243,
    "T": -5.392111245834397,
    "V": -5.392111245834397,
    "W": -6.490723534502507,
    "Y": "-inf"
  },
  "-1": {
    "A": -5.574432802628352,
    "C": -5.104429173382616,
    "D": -5.574432802628352,
    "E": -5.574432802628352,
    "F": "-inf",
    "G": -5.797576353942562,
    "H": -7.183870715062453,
    "I": -7.183870715062453,
    "K": -4.350657371006236,
    "L": -5.797576353942562,
    "M": -0.12339434906265156,
    "N": -6.490723534502507,
    "P": -6.085258426394343,
    "Q": -5.574432802628352,
    "R": -4.986646137726233,
    "S": -5.237960566007139,
    "T": -7.183870715062453,
    "V": "-inf",
    "W": "-inf",
    "Y": "-inf"
  },
  "0": {
    "A": "-inf",
    "C": "-inf",
    "D": "-inf",
    "E": "-inf",
    "F": "-inf",
    "G": "-inf",
    "H": "-inf",
    "I": "-inf",
    "K": "-inf",
    "L": "-inf",
    "M": "-inf",
    "N": "-inf",
    "P": "-inf",
    "Q": "-inf",
    "R": "-inf",
    "S": 0.0,
    "T": "-inf",
    "V": "-inf",
    "W": "-inf",
    "Y": "-inf"
  },
  "+1": {
    "A": -2.3475888081109746,
    "C": -4.986646137726233,
    "D": -2.4833903492700364,
    "E": -2.3635891494574155,
    "F": -3.3996810811441915,
    "G": -2.1086968998286255,
    "H": -4.785975442264082,
    "I": -3.718134812262726,
    "K": -3.3126697041545614,
    "L": -2.371686359690035,
    "M": -4.0928282617041365,
    "N": -3.3126697041545614,
    "P": -7.183870715062453,
    "Q": -3.0895261528403517,
    "R": -4.13934827733903,
    "S": -2.0422071585597927,
    "T": -2.4833903492700364,
    "V": -3.0895261528403517,
    "W": -5.104429173382616,
    "Y": -3.8516662048872488
  },
  "+2": {
    "A": -2.5588979017781814,
    "C": -4.986646137726233,
    "D": -3.0895261528403517,
    "E": -2.53947981592108,
    "F": -3.4949912609485163,
    "G": -2.6512712219091967,
    "H": -4.544813385447194,
    "I": -3.0094834451668153,
    "K": -2.866382601526142,
    "L": -2.629993823461912,
    "M": -4.698964065274452,
    "N": -3.0249876317027806,
    "P": -2.9497642104651933,
    "Q": -3.252045082338127,
    "R": -2.9791780956714864,
    "S": -2.0020871647703675,
    "T": -2.430280523956088,
    "V": -2.814422862595431,
    "W": -5.392111245834397,
    "Y": -4.350657371006236
  },
  "+3": {
    "A": -2.3475888081109746,
    "C": -4.618921357600916,
    "D": -2.6840610447321875,
    "E": -2.4833903492700364,
    "F": -3.42267059936889,
    "G": -2.0840042872382543,
    "H": -4.239431735896012,
    "I": -3.056736330017361,
    "K": -3.232626996481025,
    "L": -2.662082138013412,
    "M": -4.411281992822671,
    "N": -3.2718477096343066,
    "P": -2.789421560390014,
    "Q": -3.072996850889141,
    "R": -3.782673333400297,
    "S": -2.32405831070078,
    "T": -2.840065293208769,
    "V": -2.893411273914061,
    "W": -5.237960566007139,
    "Y": -4.13934827733903
  },
  "+4": {
    "A": -2.5491417268328167,
    "C": -6.085258426394343,
    "D": -2.7530539162191388,