{
  "-10": {
    "A": -4.007333185232471,
    "C": -5.616771097666572,
    "D": "-inf",
    "E": -4.518158808998462,
    "F": -4.923623917106626,
    "G": -5.616771097666572,
    "H": -4.923623917106626,
    "I": -5.616771097666572,
    "K": "-inf",
    "L": -3.670860948611258,
    "M": "-inf",
    "N": -4.923623917106626,
    "P": "-inf",
    "Q": -5.616771097666572,
    "R": -3.8250116284385163,
    "S": -4.007333185232471,
    "T": -5.616771097666572,
    "V": -4.923623917106626,
    "W": "-inf",
    "Y": -4.518158808998462
  },
  "-9": {
    "A": -4.923623917106626,
    "C": -5.616771097666572,
    "D": -4.230476736546681,
    "E": "-inf",
    "F": -5.616771097666572,
    "G": -4.923623917106626,
    "H": -5.616771097666572,
    "I": "-inf",
    "K": -4.007333185232471,
    "L": -4.518158808998462,
    "M": "-inf",
    "N": -5.616771097666572,
    "P": -4.518158808998462,
    "Q": -4.923623917106626,
    "R": -4.923623917106626,
    "S": -3.131864447878571,
    "T": -4.923623917106626,
    "V": -5.616771097666572,
    "W": "-inf",
    "Y": "-inf"
  },
  "-8": {
    "A": -5.616771097666572,
    "C": "-inf",
    "D": -4.923623917106626,
    "E": -4.518158808998462,
    "F": -5.616771097666572,
    "G": -5.616771097666572,
    "H": "-inf",
    "I": -4.007333185232471,
    "K": -5.616771097666572,
    "L": -3.8250116284385163,
    "M": "-inf",
    "N": -5.616771097666572,
    "P": -4.007333185232471,
    "Q": -5.616771097666572,
    "R": -3.5373295559867355,
    "S": -4.518158808998462,
    "T": -5.616771097666572,
    "V": -5.616771097666572,
    "W": "-inf",
    "Y": -4.923623917106626
  },
  "-7": {
    "A": -4.923623917106626,
    "C": -5.616771097666572,
    "D": -4.923623917106626,
    "E": "-inf",
    "F": "-inf",
    "G": -4.923623917106626,
    "H": "-inf",
    "I": "-inf",
    "K": -4.518158808998462,
    "L": -3.8250116284385163,
    "M": "-inf",
    "N": -4.230476736546681,
    "P": -4.007333185232471,
    "Q": -5.616771097666572,
    "R": -4.007333185232471,
    "S": -3.670860948611258,
    "T": -5.616771097666572,
    "V": -4.518158808998462,
    "W": "-inf",
    "Y": "-inf"
  },
  "-6": {
    "A": -5.616771097666572,
    "C": -4.923623917106626,
    "D": -4.007333185232471,
    "E": -5.616771097666572,
    "F": -5.616771097666572,
    "G": -4.230476736546681,
    "H": -4.518158808998462,
    "I": -5.616771097666572,
    "K": "-inf",
    "L": -4.230476736546681,
    "M": -5.616771097666572,
    "N": -5.616771097666572,
    "P": -4.923623917106626,
    "Q": "-inf",
    "R": -4.007333185232471,
    "S": -4.518158808998462,
    "T": -4.923623917106626,
    "V": -4.518158808998462,
    "W": "-inf",
    "Y": -4.518158808998462
  },
  "-5": {
    "A": -4.007333185232471,
    "C": "-inf",
    "D": -4.923623917106626,
    "E": -4.518158808998462,
    "F": -4.007333185232471,
    "G": "-inf",
    "H": -4.923623917106626,
    "I": -4.923623917106626,
    "K": -4.518158808998462,
    "L": -4.007333185232471,
    "M": "-inf",
    "N": "-inf",
    "P": "-inf",
    "Q": -4.007333185232471,
    "R": -4.923623917106626,
    "S": -4.230476736546681,
    "T": -5.616771097666572,
    "V": -4.518158808998462,
    "W": "-inf",
    "Y": "-inf"
  },
  "-4": {
    "A": -5.616771097666572,
    "C": -5.616771097666572,
    "D": -4.230476736546681,
    "E": "-inf",
    "F": "-inf",
    "G": -4.518158808998462,
    "H": -4.923623917106626,
    "I": -5.616771097666572,
    "K": -5.616771097666572,
    "L": -4.518158808998462,
    "M": -5.616771097666572,
    "N": -5.616771097666572,
    "P": -4.230476736546681,
    "Q": -4.923623917106626,
    "R": -5.616771097666572,
    "S": -3.670860948611258,
    "T": -4.518158808998462,
    "V": -4.230476736546681,
    "W": "-inf",
    "Y": -4.518158808998462
  },
  "-3": {
    "A": -4.923623917106626,
    "C": -4.923623917106626,
    "D": -4.923623917106626,
    "E": -4.518158808998462,
    "F": "-inf",
    "G": -5.616771097666572,
    "H": -4.518158808998462,
    "I": -3.8250116284385163,
    "K": "-inf",
    "L": -4.007333185232471,
    "M": -4.923623917106626,
    "N": "-inf",
    "P": -4.923623917106626,
    "Q": -5.616771097666572,
    "R": -5.616771097666572,
    "S": -4.518158808998462,
    "T": -5.616771097666572,
    "V": -3.5373295559867355,
    "W": -5.616771097666572,
    "Y": "-inf"
  },
  "-2": {
    "A": -4.007333185232471,
    "C": "-inf",
    "D": -4.518158808998462,
    "E": -5.616771097666572,
    "F": "-inf",
    "G": -5.616771097666572,
    "H": -5.616771097666572,
    "I": -4.518158808998462,
    "K": -4.007333185232471,
    "L": -4.007333185232471,
    "M": "-inf",
    "N": -5.616771097666572,
    "P": -5.616771097666572,
    "Q": -5.616771097666572,
    "R": -4.923623917106626,
    "S": -3.8250116284385163,
    "T": -4.007333185232471,
    "V": -4.518158808998462,
    "W": "-inf",
    "Y": "-inf"
  },
  "-1": {
    "A": -3.670860948611258,
    "C": -4.230476736546681,
    "D": "-inf",
    "E": -4.518158808998462,
    "F": "-inf",
    "G": -4.518158808998462,
    "H": "-inf",
    "I": "-inf",
    "K": -3.8250116284385163,
    "L": -4.518158808998462,
    "M": -0.1830490941123316,
    "N": "-inf",
    "P": -5.616771097666572,
    "Q": -4.923623917106626,
    "R": -5.616771097666572,
    "S": -4.518158808998462,
    "T": -4.923623917106626,
    "V": -5.616771097666572,
    "W": "-inf",
    "Y": -5.616771097666572
  },
  "0": {
    "A": "-inf",
    "C": "-inf",
    "D": "-inf",
    "E": "-inf",
    "F": "-inf",
    "G": "-inf",
    "H": "-inf",
    "I": "-inf",
    "K": "-inf",
    "L": "-inf",
    "M": "-inf",
    "N": "-inf",
    "P": "-inf",
    "Q": "-inf",
    "R": "-inf",
    "S": "-inf",
    "T": 0.0,
    "V": "-inf",
    "W": "-inf",
    "Y": "-inf"
  },
  "+1": {
    "A": -2.182783893181425,
    "C": "-inf",
    "D": -2.2155737160044158,
    "E": -2.1510351948668447,
    "F": -5.616771097666572,
    "G": -3.0518217402050345,
    "H": -4.230476736546681,
    "I": -2.908720896564361,
    "K": -4.230476736546681,
    "L": -3.5373295559867355,
    "M": -4.518158808998462,
    "N": -3.4195465203303517,
    "P": -5.616771097666572,
    "Q": -3.3141860046725258,
    "R": -4.923623917106626,
    "S": -1.8325814637483102,
    "T": -1.7455700867586803,
    "V": -2.783557753610355,
    "W": "-inf",
    "Y": -4.518158808998462
  },
  "+2": {
    "A": -2.005853185022347,
    "C": -5.616771097666572,
    "D": -3.8250116284385163,
    "E": -2.572248659943148,
    "F": -2.908720896564361,
    "G": -3.8250116284385163,
    "H": -4.230476736546681,
    "I": -3.131864447878571,
    "K": -3.670860948611258,
    "L": -3.2188758248682006,
    "M": -3.5373295559867355,
    "N": -2.908720896564361,
    "P": -2.0332521592104613,
    "Q": -2.5257286443082556,
    "R": -3.4195465203303517,
    "S": -2.358674559645089,
    "T": -2.672332118500131,
    "V": -3.8250116284385163,
    "W": -4.007333185232471,
    "Y": -3.4195465203303517
  },
  "+3": {
    "A": -2.005853185022347,
    "C": -4.518158808998462,
    "D": -3.5373295559867355,
    "E": -2.84418237542679,
    "F": -3.5373295559867355,
    "G": -2.320934231662242,
    "H": -3.670860948611258,
    "I": -3.5373295559867355,
    "K": -3.670860948611258,
    "L": -2.4812768817374216,
    "M": -4.230476736546681,
    "N": -2.84418237542679,
    "P": -3.0518217402050345,
    "Q": -3.2188758248682006,
    "R": -5.616771097666572,
    "S": -2.4812768817374216,
    "T": -2.2845665874913674,
    "V": -2.249475267680097,
    "W": -5.616771097666572,
    "Y": -4.007333185232471
  },
  "+4": {
    "A": -2.3978952727983707,
    "C": -4.518158808998462,
    "D": -2.672332118500131,
    "E": -2.5257286443082556,
    "F": -4.518158808998462,
    "G": -2.0904105730504097,
    "H": -3.3141860046725258,
    "I": -3.0518217402050345,
    "K": -3.4195465203303517,
    "L": -3.131864447878571,
    "M": -4.518158808998462,
    "N": -2.977713768051313,
    "P": -2.4812768817374216,
    "Q": -3.670860948611258,
    "R": -3.8250116284385163,
    "S": -2.5257286443082556,